<?xml version="1.0" encoding="utf-8"?>
<COLLADA xmlns="http://www.collada.org/2005/11/COLLADASchema" version="1.4.1" xmlns:xsi="http://www.w3.org/2001/XMLSchema-instance">
  <asset>
    <contributor>
      <author>Blender User</author>
      <authoring_tool>Blender 3.6.0 commit date:2023-06-27, commit time:08:08, hash:c7fc78b81ecb</authoring_tool>
    </contributor>
    <created>2025-10-23T15:38:29</created>
    <modified>2025-10-23T15:38:29</modified>
    <unit name="meter" meter="1"/>
    <up_axis>Z_UP</up_axis>
  </asset>
  <library_effects>
    <effect id="Материал_002-effect">
      <profile_COMMON>
        <technique sid="common">
          <lambert>
            <emission>
              <color sid="emission">0 0 0 1</color>
            </emission>
            <diffuse>
              <color sid="diffuse">0.9834439 0.9386058 1 1</color>
            </diffuse>
            <index_of_refraction>
              <float sid="ior">1.45</float>
            </index_of_refraction>
          </lambert>
        </technique>
      </profile_COMMON>
    </effect>
    <effect id="Материал_001-effect">
      <profile_COMMON>
        <newparam sid="negro_png-surface">
          <surface type="2D">
            <init_from>negro_png</init_from>
          </surface>
        </newparam>
        <newparam sid="negro_png-sampler">
          <sampler2D>
            <source>negro_png-surface</source>
          </sampler2D>
        </newparam>
        <technique sid="common">
          <lambert>
            <emission>
              <color sid="emission">0 0 0 1</color>
            </emission>
            <diffuse>
              <texture texture="negro_png-sampler" texcoord="UVКарта"/>
            </diffuse>
            <index_of_refraction>
              <float sid="ior">1.45</float>
            </index_of_refraction>
          </lambert>
        </technique>
      </profile_COMMON>
    </effect>
    <effect id="Материал_003-effect">
      <profile_COMMON>
        <technique sid="common">
          <lambert>
            <emission>
              <color sid="emission">0 0 0 1</color>
            </emission>
            <diffuse>
              <color sid="diffuse">0.8000001 0 0.001793919 1</color>
            </diffuse>
            <index_of_refraction>
              <float sid="ior">1.45</float>
            </index_of_refraction>
          </lambert>
        </technique>
      </profile_COMMON>
    </effect>
    <effect id="Материал_004-effect">
      <profile_COMMON>
        <newparam sid="Pr04-11700209_png-surface">
          <surface type="2D">
            <init_from>Pr04-11700209_png</init_from>
          </surface>
        </newparam>
        <newparam sid="Pr04-11700209_png-sampler">
          <sampler2D>
            <source>Pr04-11700209_png-surface</source>
          </sampler2D>
        </newparam>
        <technique sid="common">
          <lambert>
            <emission>
              <color sid="emission">0 0 0 1</color>
            </emission>
            <diffuse>
              <texture texture="Pr04-11700209_png-sampler" texcoord="UVКарта"/>
            </diffuse>
            <index_of_refraction>
              <float sid="ior">1.45</float>
            </index_of_refraction>
          </lambert>
        </technique>
      </profile_COMMON>
    </effect>
    <effect id="Стекло-effect">
      <profile_COMMON>
        <newparam sid="Pr04-11700209_png-surface">
          <surface type="2D">
            <init_from>Pr04-11700209_png</init_from>
          </surface>
        </newparam>
        <newparam sid="Pr04-11700209_png-sampler">
          <sampler2D>
            <source>Pr04-11700209_png-surface</source>
          </sampler2D>
        </newparam>
        <technique sid="common">
          <lambert>
            <emission>
              <color sid="emission">0 0 0 1</color>
            </emission>
            <diffuse>
              <texture texture="Pr04-11700209_png-sampler" texcoord="UVКарта"/>
            </diffuse>
            <index_of_refraction>
              <float sid="ior">1.45</float>
            </index_of_refraction>
          </lambert>
        </technique>
      </profile_COMMON>
    </effect>
    <effect id="Материал-effect">
      <profile_COMMON>
        <newparam sid="Pr04-11700209_png-surface">
          <surface type="2D">
            <init_from>Pr04-11700209_png</init_from>
          </surface>
        </newparam>
        <newparam sid="Pr04-11700209_png-sampler">
          <sampler2D>
            <source>Pr04-11700209_png-surface</source>
          </sampler2D>
        </newparam>
        <technique sid="common">
          <lambert>
            <emission>
              <color sid="emission">0 0 0 1</color>
            </emission>
            <diffuse>
              <texture texture="Pr04-11700209_png-sampler" texcoord="UVКарта"/>
            </diffuse>
            <reflectivity>
              <float sid="specular">1</float>
            </reflectivity>
            <index_of_refraction>
              <float sid="ior">1.45</float>
            </index_of_refraction>
          </lambert>
        </technique>
      </profile_COMMON>
    </effect>
    <effect id="Материал_006-effect">
      <profile_COMMON>
        <technique sid="common">
          <lambert>
            <emission>
              <color sid="emission">0 0 0 1</color>
            </emission>
            <diffuse>
              <color sid="diffuse">0.8 0.8 0.8 1</color>
            </diffuse>
            <index_of_refraction>
              <float sid="ior">1.45</float>
            </index_of_refraction>
          </lambert>
        </technique>
      </profile_COMMON>
    </effect>
  </library_effects>
  <library_images>
    <image id="Pr04-11700209_png" name="Pr04-11700209_png">
      <init_from>Pr04-11700209.png</init_from>
    </image>
    <image id="negro_png" name="negro_png">
      <init_from>negro.png</init_from>
    </image>
  </library_images>
  <library_materials>
    <material id="Материал_002-material" name="Материал.002">
      <instance_effect url="#Материал_002-effect"/>
    </material>
    <material id="Материал_001-material" name="Материал.001">
      <instance_effect url="#Материал_001-effect"/>
    </material>
    <material id="Материал_003-material" name="Материал.003">
      <instance_effect url="#Материал_003-effect"/>
    </material>
    <material id="Материал_004-material" name="Материал.004">
      <instance_effect url="#Материал_004-effect"/>
    </material>
    <material id="Стекло-material" name="Стекло">
      <instance_effect url="#Стекло-effect"/>
    </material>
    <material id="Материал-material" name="Материал">
      <instance_effect url="#Материал-effect"/>
    </material>
    <material id="Материал_006-material" name="Материал.006">
      <instance_effect url="#Материал_006-effect"/>
    </material>
  </library_materials>
  <library_geometries>
    <geometry id="Куб_007-mesh" name="Куб.007">
      <mesh>
        <source id="Куб_007-mesh-positions">
          <float_array id="Куб_007-mesh-positions-array" count="6492">-2.729907 0.3581454 -0.5034843 -2.472138 0.8736657 -0.4899289 -2.787956 0.09882932 -0.4783886 -2.754715 0.3869283 0.8313364 -2.758781 0.09882932 0.8312139 -2.657246 0.3282782 -2.14738 -2.421307 0.8280048 -2.157418 -2.797138 0.09882932 -2.172088 -2.756981 -0.352435 -0.4564663 -2.746245 -0.352435 0.8366206 -2.770918 -0.352435 -2.168942 -2.7562 -0.5657709 -0.4528124 -2.745462 -0.5657709 0.8372498 -2.769953 -0.5657709 -2.161411 -2.773375 -0.07227361 -0.4831488 -2.763006 -0.07227361 0.8354142 -2.78723 -0.07227355 -2.200086 -2.769017 0.4140028 1.453214 -2.740476 -0.5657709 1.447814 -2.512339 0.9680612 1.454409 -2.740893 0.09882932 1.43684 -2.758026 -0.07227361 1.448128 -2.741259 -0.352435 1.448962 -2.745269 0.341408 0.8334255 -2.747395 0.2786003 -0.4923595 -2.737867 0.2534327 -2.161835 -2.732497 0.3544226 1.454616 -2.751683 0.09882932 0.8277376 -2.773422 0.09882932 -0.4848255 -2.759957 0.1533489 -2.190866 -2.732497 0.2582821 1.452319 -2.780293 -0.07227361 -1.336692 -2.763857 -0.352435 -1.316792 -2.771997 0.09882932 -1.338274 -2.763079 -0.5657709 -1.313819 -2.446722 0.8508353 -1.323673 -2.703835 0.3441051 -1.36759 -2.752149 0.2784453 -1.351042 -2.767007 0.1354855 -1.325718 -2.510978 0.9128432 0.8302271 -2.509755 0.9106069 0.7778838 -2.527611 0.8759126 0.8191352 -2.259398 1.154959 -0.5016716 -2.324375 1.086344 -0.498983 -2.286068 1.117531 0.7184023 -2.221142 1.187956 0.7505772 -2.464084 0.8664313 -0.7541221 -2.461235 0.8638722 -0.8475762 -1.862802 0.8821669 5.750669 -0.524792 0.9188933 5.755559 -2.114013 0.4897218 5.801448 -0.5231089 0.4584467 5.812103 -1.772125 0.8960556 5.747388 -1.749449 0.8977461 5.747091 -1.7497 0.4681206 5.801168 -1.772376 0.4688642 5.801038 -1.772203 0.765527 5.763735 -1.772216 0.7430072 5.76657 -1.749539 0.7432858 5.766533 -1.749526 0.765789 5.7637 -1.772299 0.6004309 5.784489 -1.749622 0.6000742 5.784559 -1.749609 0.6225836 5.781725 -1.772286 0.622931 5.781656 -1.971553 0.7425352 5.768926 -1.956715 0.764131 5.766245 -2.05703 0.6043625 5.786019 -2.044514 0.6265879 5.783159 -0.5242721 0.7766655 5.773025 -0.5241898 0.7541568 5.775789 -0.5237111 0.6231833 5.791873 -0.5236288 0.6006746 5.794637 -0.6650482 0.9170212 5.754712 -0.6423717 0.9172165 5.754877 -0.8528525 0.9162346 5.753308 -0.8301768 0.9166039 5.75348 -1.049755 0.9098433 5.751879 -1.02708 0.9103569 5.752025 -1.273948 0.9061229 5.750464 -1.251272 0.9066821 5.750593 -1.558788 0.896969 5.748979 -1.536112 0.8973042 5.749148 -0.6408562 0.4592516 5.811223 -0.6635349 0.4596558 5.81101 -0.8289834 0.4637228 5.809419 -0.851661 0.4639806 5.809197 -1.026209 0.4627739 5.807539 -1.048886 0.4627903 5.807352 -1.250724 0.4643077 5.805692 -1.273401 0.4642189 5.805525 -1.535886 0.4601903 5.803825 -1.558563 0.4604701 5.803607 -0.6413242 0.6006525 5.793826 -0.6413986 0.6231606 5.791056 -0.6640766 0.6233679 5.790859 -0.6640021 0.6008543 5.793629 -0.8293515 0.6034271 5.792164 -0.8294109 0.625939 5.789382 -0.8520878 0.6259859 5.789177 -0.8520286 0.6034782 5.791958 -1.026477 0.6007149 5.79043 -1.026521 0.6232214 5.787638 -1.049198 0.6230607 5.787465 -1.049154 0.6005555 5.790256 -1.250893 0.600514 5.788727 -1.250921 0.6230177 5.785924 -1.273597 0.6227744 5.785769 -1.273569 0.6002665 5.788573 -1.558632 0.5947139 5.786806 -1.535955 0.5946416 5.787007 -1.535967 0.6171483 5.784192 -1.558644 0.6172262 5.783989 -0.6419038 0.7758154 5.772274 -0.6645809 0.7758209 5.772093 -0.6645064 0.7533115 5.774863 -0.6418293 0.7533075 5.775043 -0.8298085 0.7768974 5.770736 -0.8524851 0.7767384 5.770547 -0.8524258 0.7542282 5.773328 -0.8297493 0.7543895 5.773517 -1.026811 0.772417 5.769134 -1.049487 0.7720784 5.768974 -1.049444 0.749573 5.771766 -1.026767 0.749908 5.771926 -1.251103 0.770476 5.767558 -1.27378 0.7700772 5.767416 -1.273752 0.7475662 5.77022 -1.251075 0.7479719 5.770361 -1.558719 0.7627224 5.76578 -1.558707 0.7402167 5.768596 -1.536031 0.7403446 5.768782 -1.536042 0.7628545 5.765966 -1.889147 0.4718475 5.801178 -1.911826 0.473071 5.801205 -1.912304 0.7386031 5.768456 -1.889629 0.7383165 5.768182 -1.890963 0.7608056 5.765559 -1.913848 0.7612755 5.765816 -1.920053 0.8133242 5.760071 -1.900204 0.8382731 5.756779 -1.912099 0.6235788 5.782466 -1.912058 0.601066 5.785248 -1.88938 0.600778 5.785129 -1.889421 0.6232847 5.782348 -0.8057917 0.6255717 5.789593 -0.8057302 0.6030596 5.792373 -0.8062046 0.7767436 5.77093 -0.8061432 0.7542355 5.773709 -0.806587 0.9166635 5.753656 -0.8053479 0.4631417 5.809647 0 0.515637 -6.735895 -1.82615 -0.02169823 -6.723966 -1.836877 -0.237769 -6.723966 0 0.148486 -6.886772 -1.102793 0.499673 -6.735895 -1.107646 0.1130217 -6.886772 0 0.4577974 -6.757449 -1.262369 -0.02259206 -6.723966 -1.25343 -0.2350873 -6.723966 0 0.4376846 -6.779003 0 0.342118 -6.800557 0 0.3220052 -6.822111 0 0.2264385 -6.843665 -1.88872 -0.1297335 -6.723966 0 0.2063258 -6.865218 -1.103486 0.4444372 -6.757449 -1.10418 0.3892012 -6.779003 -1.244492 -0.1288397 -6.723966 -1.104873 0.3339653 -6.800557 -1.105566 0.2787294 -6.822111 -1.10626 0.2234935 -6.843665 -1.106953 0.1682575 -6.865218 0 0.4883478 -6.730351 0 0.4305081 -6.751905 0 0.3726684 -6.773459 0 0.3148287 -6.795013 0 0.256989 -6.816566 0 0.1991493 -6.83812 -1.123334 0.4372606 -6.730351 -1.124027 0.3820247 -6.751905 -1.12472 0.3267888 -6.773459 -1.125414 0.2715529 -6.795013 -1.126107 0.2163169 -6.816566 -1.1268 0.161081 -6.83812 -1.062822 0.1407551 -6.781902 -1.107646 0.1629074 -6.865672 0 0.1632486 -6.865672 0 0.1560721 -6.838573 -1.106953 0.2181433 -6.844118 -1.06211 0.1962316 -6.760313 0 0.2210884 -6.844118 0 0.2516388 -6.81702 -1.106259 0.2733792 -6.822565 -1.061399 0.2517087 -6.738724 0 0.2789281 -6.822565 0 0.3094785 -6.795466 -1.105566 0.3286151 -6.801011 -1.060688 0.3071864 -6.717135 0 0.3367677 -6.801011 0 0.3673182 -6.773912 -1.104873 0.383851 -6.779457 -1.059978 0.3626645 -6.695546 0 0.3946074 -6.779457 0 0.4251579 -6.752358 -1.104179 0.4390869 -6.757903 -1.059269 0.4181432 -6.673956 0 0.4524471 -6.757903 0 0.4452706 -6.730804 -0.9599604 0.1779479 -6.922343 -1.127493 0.1557309 -6.838573 -0.9591974 0.2334388 -6.900824 -1.1268 0.2109668 -6.81702 -0.9584352 0.2889301 -6.879305 -1.126107 0.2662027 -6.795466 -0.9576738 0.3444218 -6.857786 -1.125413 0.3214386 -6.773912 -0.9569132 0.399914 -6.836267 -1.12472 0.3766745 -6.752358 -0.9561533 0.4554067 -6.814748 -1.124027 0.4319104 -6.730804 0 1.91518 -0.4832631 -2.639032 0.332572 -2.6833 -2.772495 -1.137079 -2.719781 -2.311854 -1.127843 -6.316463 -2.234031 0.2138334 -6.504096 -2.448312 -0.6387131 5.743977 -2.361238 0.5450379 5.637976 0 -0.3245579 5.723577 0 1.021342 5.769841 0 -1.089016 -6.598164 0 0.5156372 -6.735894 -2.754156 -1.109457 -0.4566372 -2.796793 0.4403389 2.379254 0 1.927594 2.316193 -2.72353 -1.297203 1.92207 -2.303004 0.9484447 -2.706288 -1.770695 1.009118 5.747843 -1.470063 -1.097814 -6.598164 -1.794062 -0.3910301 5.721952 -1.147164 0.4110738 -6.684373 -1.558528 1.91518 -0.4832631 -1.505574 1.927594 2.397382 -2.408444 0.8103054 -2.734081 -2.102833 0.8148849 5.789075 -2.163054 -1.128814 -6.53778 -2.555912 0.956409 2.338634 -2.200842 -0.5374179 5.653654 -2.148574 0.3830793 -6.624994 -2.548381 -0.9385741 4.690601 -2.546375 0.5255872 4.634817 -1.668769 1.412108 4.408684 -2.264373 0.927357 4.644355 -2.414869 0.3465886 5.61909 -2.354174 0.03771996 -6.602008 -2.804444 0.04416626 -2.674968 0 0.1382694 -6.87396 0 0.3826896 5.836618 -2.723117 0.2079358 2.237539 -1.151359 0.1365502 -6.724565 -1.7611 0.3627635 5.814348 -2.150252 0.1205438 -6.668605 -2.335916 0.3303777 5.811688 -2.548381 0.349706 4.662558 -2.587133 0.2104237 -4.944813 -2.451441 -1.228171 -5.357452 -2.364503 0.6796962 -5.064949 -2.58435 -0.05099505 -5.1515 -2.767007 -1.243591 -3.222303 -2.678794 0.1346128 -3.63531 -2.365226 0.7795853 -3.444245 -2.776029 -0.1719607 -3.419145 -2.635956 0.7541083 3.133344 -1.610713 1.740062 3.22796 -2.385664 0.8888016 3.23792 -2.650715 0.6002325 3.129561 0 1.937841 0.7563692 -2.743409 -1.163761 0.8389016 -1.53645 1.937841 0.743024 -2.657246 0.3282783 -2.147379 -2.767921 -1.13019 -2.155393 -2.123954 1.192543 -2.284858 -2.421307 0.828005 -2.157417 -2.797138 0.09882944 -2.172087 -2.755424 -0.7641665 -0.4625715 -2.448312 -0.4090567 5.714352 -2.324383 -0.8742161 -6.324971 -2.773748 -0.7892423 -2.722771 0 -0.8633057 -6.58329 0 -0.07667177 6.01505 -2.72353 -0.9282941 1.925951 -1.473281 -0.8776286 -6.58329 -1.794062 -0.0910024 6.013217 -2.168015 -0.8861361 -6.522905 -2.313223 -0.1392281 5.96092 -2.548381 -0.5932803 4.681129 -2.530119 -0.9528393 -5.382458 -2.767007 -0.9038832 -3.224423 -2.74468 -0.8066634 0.8378799 -2.769179 -0.7829889 -2.159117 -2.441685 -0.08779001 5.592483 -2.310692 -0.3778679 -6.679694 -2.786062 -0.3524349 -2.72023 0 -0.3010935 -6.937359 0 0.1894315 6.006073 -2.72353 -0.4740063 1.930729 -1.371757 -0.3178587 -6.937418 -1.794062 0.1751008 6.00424 -2.117607 -0.3308054 -6.876975 -2.313223 0.1268752 5.951943 -2.548381 -0.1680729 4.669464 -2.580124 -0.498848 -5.370287 -2.767007 -0.485554 -3.274192 -2.770918 -0.3524349 -2.168941 -2.7562 -0.5657708 -0.4528114 -2.441685 -0.1830911 5.600928 -2.304804 -0.559493 -6.055875 -2.774521 -0.5750729 -2.724611 0 -0.4229778 -6.298119 0 0.09821236 6.01378 -2.72353 -0.7011502 1.92834 -1.42262 -0.4712032 -6.313867 -1.794062 0.08388173 6.011947 -2.128169 -0.5403355 -6.260594 -2.313223 0.03565603 5.95965 -2.548381 -0.3806766 4.675296 -2.575874 -0.661961 -5.367575 -2.767007 -0.6947187 -3.225728 -2.745462 -0.5657708 0.8372507 -2.769953 -0.5657708 -2.16141 -2.441685 0.2267104 5.620684 -2.322633 -0.05001956 -6.649966 -2.787006 -0.09472376 -2.69871 0 0.03676402 -6.952273 0 0.2628697 6.029308 -2.7267 0.02720069 2.104682 -1.112331 0.01106518 -6.960766 -1.794062 0.2485391 6.027475 -2.153145 0.002624273 -6.900381 -2.313223 0.2003134 5.975178 -2.548381 0.1782401 4.669872 -2.587387 -0.1101571 -5.177631 -2.782092 -0.2959786 -3.346738 -2.78723 -0.07227343 -2.200085 -2.755815 -0.6578655 -0.4643985 -2.43285 -0.3062424 5.629671 -2.314594 -0.8322873 -6.067396 -2.774135 -0.6821576 -2.723691 0 -0.81498 -6.309803 0 0.01077026 6.014415 -2.72353 -0.8147221 1.927145 -1.461359 -0.8327539 -6.325551 -1.794062 -0.003560364 6.012582 -2.155256 -0.8446617 -6.265167 -2.313223 -0.051786 5.960285 -2.548381 -0.4869785 4.678213 -2.567676 -0.8516548 -5.389745 -2.767007 -0.7993009 -3.225076 -2.745071 -0.6967276 0.8375653 -2.769566 -0.6760996 -2.160264 -2.334794 -1.115567 -5.971947 -2.36668 -0.8673451 -5.976945 -2.374319 -0.4533073 -6.160141 -2.421049 -0.6575284 -5.746829 -2.409865 -0.7988168 -5.790617 -2.195009 0.4687905 -6.615126 -1.102793 0.4996731 -6.735894 -1.105314 0.1184865 -6.875165 -2.192408 0.08778399 -6.826387 -1.675069 0.3956934 -6.65382 -1.681701 0.1280937 -6.695104 -2.173568 0.4239366 -6.615969 -2.178581 0.08054381 -6.674441 -1.628667 0.3993387 -6.657509 -1.637874 0.129391 -6.69947 -1.644047 0.4380103 -6.648035 -1.124298 0.4518243 -6.679509 -1.128688 0.09752577 -6.734155 -1.655144 0.08901035 -6.704212 -1.644898 0.4402146 -6.660234 -1.125149 0.4540286 -6.691709 -1.129539 0.09973001 -6.746355 -1.655995 0.09121465 -6.716412 -1.629518 0.401543 -6.669709 -1.148014 0.4132781 -6.696573 -1.15221 0.1387545 -6.736765 -1.638724 0.1315953 -6.711669 -1.306667 -0.2353321 -6.943276 -1.25343 -0.2350873 -6.942932 -1.247097 -0.1598032 -6.948637 -1.262369 -0.02259206 -6.949585 -1.259605 -0.03901922 -6.94849 -1.82615 -0.02169823 -6.917294 -1.837881 -0.2356771 -6.90029 -1.88872 -0.1297335 -6.905457 -1.244492 -0.1288397 -6.94907 -1.836877 -0.237769 -6.900356 -2.332306 0.212618 -6.26073 -2.323565 0.305464 -6.257969 0 0.563134 -6.392075 -1.354053 0.5508232 -6.349619 -2.187599 0.5702346 -6.267292 -2.196917 0.5165056 -6.329058 -2.432948 0.03337568 -6.196023 -2.411505 0.04680091 -6.392499 -2.398454 -0.04973483 -6.140321 -2.39641 -0.01469272 -6.35113 -2.435694 -0.1150788 -6.166454 -1.911908 0.9738863 5.778875 -1.703753 1.741717 -0.5246619 -1.949223 1.286508 4.637155 -1.820065 1.580785 3.218871 -2.032832 -0.1143987 6.020337 -2.032832 -0.02695661 6.019701 -1.287717 0.4944444 -6.715447 -2.275475 1.086211 -2.241145 -2.032832 0.1517045 6.011359 -1.748398 1.712979 2.301915 -2.14883 -0.482456 5.726067 -2.032535 0.3422878 5.813967 -2.032832 0.06048542 6.019066 -2.409177 0.9183997 -2.762823 -1.699385 1.768298 0.7661116 -2.032832 0.2251428 6.034595 -1.53539 0.5450129 -6.344298 -2.769017 0.414003 1.453215 -2.740476 -0.5657708 1.447815 -2.740085 -0.702315 1.447241 0 1.927504 1.477558 -2.738422 -1.17842 1.444802 -2.512339 0.9680613 1.45441 -2.739693 -0.8143863 1.446667 -1.554841 1.927504 1.464213 -2.740893 0.09882944 1.436841 -2.758026 -0.07227349 1.448129 -2.741259 -0.3524349 1.448963 -1.7125 1.762265 1.487186 -0.4935088 0.2676917 6.028438 -0.7697998 1.927594 2.316193 -0.7295873 1.937841 0.7500322 -0.4935088 -0.07184976 6.01418 -0.4935088 0.1942535 6.005203 -0.4935088 0.01559221 6.013545 -0.523664 0.5080566 -6.735894 -0.4935088 -0.3444954 5.722805 -0.7400709 1.91518 -0.4832631 -0.6596411 1.033007 5.777474 -0.4934078 0.3865824 5.826043 -0.4935088 0.1030343 6.012909 -0.5346269 0.5572882 -6.381386 -0.7383202 1.927504 1.471221 -2.752219 0.2388535 -2.699253 -2.72353 0.3506892 2.32627 -1.760787 0.8977924 5.746979 -2.149004 0.3158446 -6.636163 -2.194343 0.3712157 -6.669229 -1.125423 0.3610893 -6.693503 -1.676767 0.3271619 -6.664393 -1.631025 0.3302058 -6.668255 -2.193844 0.6413847 5.807187 -2.374973 0.4942156 5.633139 -2.767007 0.03492951 -3.528385 -1.10499 0.389207 -6.774533 -1.126273 0.3632936 -6.705703 -1.149089 0.3429732 -6.706866 -2.550415 0.4809738 4.642555 -2.550122 0.08610051 -5.069975 -2.635956 0.7225062 3.132852 -2.174851 0.3359945 -6.630943 -1.646889 0.3486323 -6.662422 -1.631876 0.33241 -6.680455 -1.64774 0.3508365 -6.674621 -2.328382 -0.05611658 -6.57487 -1.148238 0.3407689 -6.694666 -2.737867 0.2534328 -2.161834 0 0.9196808 5.763319 -2.394595 -0.01854968 -6.238841 -2.375267 0.1617295 -6.202216 -1.862802 0.882167 5.75067 -2.732497 0.3544228 1.454617 -0.524792 0.9188935 5.75556 -2.774483 0.08676111 -2.695878 -2.72353 0.2825968 2.290025 -1.761038 0.4685745 5.801025 -2.150005 0.1591679 -6.662189 -2.207266 0.1089838 -6.802366 -1.128043 0.1496499 -6.726116 -1.680725 0.1674628 -6.689031 -1.636519 0.1691056 -6.693296 -2.323235 0.3938274 5.805537 -2.406979 0.3757843 5.621869 -2.767007 -0.05696094 -3.471322 -1.110109 0.131788 -6.864574 -1.128893 0.1518542 -6.738316 -1.151593 0.1791422 -6.730852 -2.548381 0.3756175 4.65853 -2.580399 0.01205736 -5.129321 -2.635956 0.6488637 3.131706 -2.177844 0.1310635 -6.665838 -1.653512 0.140355 -6.695948 -1.63737 0.1713098 -6.705496 -1.654362 0.1425593 -6.708147 -2.311286 0.06980133 -6.631801 -1.150742 0.1769379 -6.718652 -2.759957 0.153349 -2.190865 0 0.4586229 5.822122 -2.399543 0.06897598 -6.291405 -2.114013 0.4775927 5.801449 -2.732497 0.2582822 1.45232 -0.5231089 0.4584468 5.812104 -2.395489 0.05862659 -6.200599 -1.852107 1.553861 -1.394926 -2.762302 -0.7735777 -1.310845 -2.762691 -0.6669825 -1.312331 -2.761038 -1.119824 -1.306015 -2.763079 -0.5657708 -1.313818 -1.995046 1.413964 -1.399201 -1.195467 1.927594 2.316193 -1.133019 1.937841 0.7465281 -0.8132285 0.5038649 -6.735894 -1.149299 1.91518 -0.4832631 -1.230444 1.009995 5.764436 -0.8302534 0.5540557 -6.35895 -1.146581 1.927504 1.467717 -1.14279 0.908343 5.751269 -1.772385 0.6034075 5.808595 -1.772462 0.4718407 5.825144 -1.749785 0.4710972 5.825274 -1.749708 0.6030508 5.808665 -1.772211 0.8990322 5.771494 -1.772288 0.7685036 5.787841 -1.749612 0.7687656 5.787806 -1.749534 0.9007227 5.771197 -1.772302 0.7459838 5.790676 -1.772372 0.6259075 5.805762 -1.749695 0.6255602 5.805831 -1.749625 0.7462624 5.790639 -1.55873 0.6202028 5.808095 -1.558718 0.5976905 5.810912 -1.558805 0.765699 5.789886 -1.558793 0.7431933 5.792702 -1.912184 0.6265554 5.806572 -2.0446 0.6295645 5.807265 -2.057116 0.6073391 5.810125 -1.912144 0.6040426 5.809354 -1.913934 0.7642521 5.789922 -1.956801 0.7671076 5.790351 -1.971639 0.7455118 5.793032 -1.91239 0.7415797 5.792562 -0.5237969 0.6261599 5.815979 -0.6414844 0.6261371 5.815162 -0.64141 0.6036291 5.817932 -0.5237147 0.6036512 5.818743 -0.805816 0.6060362 5.816479 -0.6640879 0.6038309 5.817735 -0.8521736 0.6289625 5.813283 -1.026607 0.626198 5.811744 -1.026563 0.6036915 5.814536 -0.8521144 0.6064548 5.816064 -1.049283 0.6260373 5.811571 -1.251006 0.6259943 5.81003 -1.250979 0.6034906 5.812833 -1.04924 0.6035321 5.814363 -1.273683 0.625751 5.809875 -1.536053 0.6201249 5.808298 -1.536041 0.5976182 5.811113 -1.273655 0.6032431 5.812679 -0.5243579 0.7796421 5.797131 -0.6419896 0.778792 5.79638 -0.6419151 0.7562841 5.799149 -0.5242757 0.7571334 5.799895 -0.806229 0.7572121 5.797815 -0.6645923 0.7562881 5.798969 -0.852571 0.779715 5.794653 -1.026897 0.7753936 5.79324 -1.026853 0.7528846 5.796032 -0.8525116 0.7572048 5.797434 -1.049573 0.775055 5.79308 -1.251189 0.7734526 5.791664 -1.251161 0.7509485 5.794467 -1.04953 0.7525496 5.795872 -1.273866 0.7730538 5.791522 -1.536128 0.7658311 5.790072 -1.536117 0.7433212 5.792888 -1.273838 0.7505428 5.794326 -0.6641624 0.6263445 5.814965 -0.6636207 0.4626324 5.835116 -0.640942 0.4622282 5.835329 -0.8517469 0.4669572 5.833303 -1.048972 0.4657669 5.831458 -1.026295 0.4657505 5.831645 -1.273487 0.4671955 5.829631 -1.25081 0.4672843 5.829798 -1.558649 0.4634467 5.827713 -1.535972 0.4631669 5.827931 -0.665134 0.9199978 5.778818 -0.6646667 0.7787975 5.796199 -0.6424576 0.9201931 5.778983 -0.8529384 0.9192112 5.777414 -1.049841 0.9128199 5.775985 -1.027165 0.9133335 5.776131 -1.274034 0.9090995 5.77457 -1.251358 0.9096587 5.774699 -1.558874 0.8999456 5.773085 -1.536198 0.9002808 5.773254 -1.891048 0.7637822 5.789665 -1.889715 0.7412931 5.792288 -1.889507 0.6262613 5.806454 -1.889466 0.6037546 5.809235 -1.90029 0.8412497 5.780885 -1.920138 0.8163008 5.784177 -1.889233 0.4748241 5.825284 -1.911912 0.4760476 5.825311 -1.862888 0.8851435 5.774775 -2.114099 0.4926984 5.825554 -0.5248779 0.9218699 5.779665 -0.5231947 0.4614233 5.836209 -0.8054337 0.4661183 5.833753 -0.8058775 0.6285483 5.813699 -0.8062904 0.7797202 5.795036 -0.8066728 0.9196401 5.777762 -2.474639 -0.7176028 5.466847 -1.749755 1.154126 5.434595 -2.474639 -0.4575237 5.442524 -2.470223 0.214226 5.364175 -2.412745 0.5404721 5.368114 -2.470223 -0.3354434 5.341301 -2.470223 -0.108644 5.343286 0 1.181248 5.529335 -2.240999 0.8052513 5.423465 -2.450462 0.3476762 5.361076 -2.470223 -0.2348058 5.351044 -1.944849 1.122623 5.44166 -0.7382043 1.177636 5.520177 -2.41923 0.4907111 5.365741 -2.444648 0.3760079 5.362064 -1.24398 1.165881 5.515113 -2.260653 0.1598098 -6.622549 -2.339314 0.09108948 -6.469871 -2.271841 0.1056549 -6.532457 -2.278846 0.1018084 -6.609742 -2.645676 0.1084983 4.232632 -2.568695 -0.5287658 4.327029 -2.568695 0.5368642 3.930499 -2.568695 -0.4216207 4.324589 -2.572119 0.3658997 3.95065 -2.568695 -0.9839435 4.337392 -2.292508 0.9184136 4.318116 -2.568695 -0.2073306 4.31971 -1.655302 1.488181 4.134801 -2.679743 0.5506354 2.719963 -2.557682 0.3134362 -4.521368 -2.57831 0.3086571 -4.094846 -2.653517 0.1824518 -3.707358 -2.366673 0.7177116 -4.606682 -2.368842 0.755727 -4.148415 -2.369047 0.7886577 -3.790235 -2.679743 0.6215029 2.738658 -1.784232 1.646882 2.760393 -2.425936 0.9029492 2.789562 -1.558143 1.833828 2.812671 -2.686916 0.4889893 2.692647 -2.679743 0.6647246 2.767226 -2.28774 0.1364777 -6.457811 -2.568695 -0.6359108 4.329468 -1.919263 1.354769 4.308167 -2.568695 0.494891 3.93577 -2.568695 0.3970813 3.948054 -1.633081 1.613709 3.682864 -2.338934 0.9036561 3.779784 -2.611289 0.5612807 3.567648 -2.602216 0.7237288 3.559425 -1.869827 1.467407 3.765301 -2.602216 0.6869242 3.561824 -2.602216 0.6011586 3.567415 -2.51151 -0.8280884 5.078724 -1.709262 1.309316 4.92688 -2.51151 -0.525402 5.061827 -2.509302 0.196233 5.017024 -2.47956 0.5330296 5.001465 -2.509302 -0.411211 5.009757 -2.509302 -0.1383584 5.006374 0 1.322877 5.022568 -2.252686 0.8663042 5.03391 -2.499422 0.3486911 5.011817 -2.509302 -0.3077412 5.01317 -1.947036 1.204565 5.039407 -0.7762883 1.321071 5.001039 -2.484823 0.4858425 5.004148 -2.496514 0.3758127 5.010297 -1.238248 1.315194 4.989614 0 0.9804024 -6.301569 0 2.010729 -6.301569 0 0.9804024 -5.271242 0 2.010729 -5.271242 -2.595083 0.1592009 -4.878688 -2.572914 -1.159041 -5.268008 -2.578689 -0.0808115 -5.066835 -2.780469 -1.174359 -3.300679 -2.722194 0.09027075 -3.681941 -2.747836 -0.191876 -3.476942 -2.567757 -0.9075695 -5.282797 -2.775858 -0.8627911 -3.302138 -2.563542 -0.4918139 -5.266353 -2.765671 -0.4791795 -3.34672 -2.565875 -0.6413576 -5.264522 -2.773018 -0.670953 -3.303036 -2.57699 -0.1351484 -5.090334 -2.75643 -0.3056012 -3.410838 -2.566133 -0.8152633 -5.28568 -2.774438 -0.7668719 -3.302587 -2.734615 -0.002154409 -3.576633 -2.584352 0.04548436 -4.995954 -2.741263 -0.08635574 -3.524986 -2.57995 -0.02289998 -5.047004 -2.633925 0.2546424 -4.497179 -2.674974 0.2505748 -4.108237 -2.714426 0.1343769 -3.74966 -2.597857 0.139945 -4.854984 -2.57654 -1.127622 -5.229339 -2.582093 -0.09084105 -5.0359 -2.776116 -1.142351 -3.337636 -2.720082 0.07366466 -3.704242 -2.744738 -0.1976361 -3.507123 -2.571581 -0.8858174 -5.243559 -2.771682 -0.8427604 -3.339039 -2.567528 -0.486044 -5.227747 -2.761887 -0.4738952 -3.381907 -2.569771 -0.6298391 -5.225986 -2.768952 -0.6582968 -3.339902 -2.580459 -0.1430891 -5.058495 -2.753001 -0.3069896 -3.443561 -2.570019 -0.7970597 -5.246331 -2.770317 -0.7505285 -3.339471 -2.732025 -0.01520758 -3.602982 -2.587538 0.03059989 -4.967742 -2.738417 -0.09617209 -3.553321 -2.583305 -0.03515565 -5.01683 -2.635206 0.2317176 -4.488142 -2.674676 0.2278064 -4.114151 -2.712612 0.1160753 -3.769357 -2.597857 0.139945 -4.854984 -2.57654 -1.127622 -5.229339 -2.582093 -0.09084105 -5.0359 -2.776116 -1.142351 -3.337636 -2.720082 0.07366466 -3.704242 -2.744738 -0.1976361 -3.507123 -2.571581 -0.8858174 -5.243559 -2.771682 -0.8427604 -3.339039 -2.567528 -0.486044 -5.227747 -2.761887 -0.4738952 -3.381907 -2.569771 -0.6298391 -5.225986 -2.768952 -0.6582968 -3.339902 -2.580459 -0.1430891 -5.058495 -2.753001 -0.3069896 -3.443561 -2.570019 -0.7970597 -5.246331 -2.770317 -0.7505285 -3.339471 -2.732025 -0.01520758 -3.602982 -2.587538 0.03059989 -4.967742 -2.738417 -0.09617209 -3.553321 -2.583305 -0.03515565 -5.01683 -2.635206 0.2317176 -4.488142 -2.674676 0.2278064 -4.114151 -2.712612 0.1160753 -3.769357 -1.602159 0.139945 -4.854984 -1.580842 -1.127622 -5.229339 -1.586395 -0.09084105 -5.0359 -1.780419 -1.142351 -3.337636 -1.724384 0.07366466 -3.704242 -1.74904 -0.1976361 -3.507123 -1.575884 -0.8858174 -5.243559 -1.775984 -0.8427604 -3.339039 -1.57183 -0.486044 -5.227747 -1.766189 -0.4738952 -3.381907 -1.574073 -0.6298391 -5.225986 -1.773254 -0.6582968 -3.339902 -1.584761 -0.1430891 -5.058495 -1.757303 -0.3069896 -3.443561 -1.574321 -0.7970597 -5.246331 -1.774619 -0.7505285 -3.339471 -1.736327 -0.01520758 -3.602982 -1.59184 0.03059989 -4.967742 -1.742719 -0.09617209 -3.553321 -1.587608 -0.03515565 -5.01683 -1.639508 0.2317176 -4.488142 -1.678978 0.2278064 -4.114151 -1.716915 0.1160753 -3.769357 -2.72353 -0.4740063 1.930729 -2.72353 -0.7011502 1.92834 -2.686916 0.4889893 2.692647 -2.650715 0.6002325 3.129561 -2.723117 0.2079358 2.237539 -2.7267 0.02720069 2.104682 -2.72353 -0.8147221 1.927145 -2.611289 0.5612807 3.567648 -2.72353 -1.297203 1.92207 -2.72353 -0.9282941 1.925951 -2.568695 -0.6359108 4.329468 -2.568695 -0.9839435 4.337392 -2.568695 -0.2073306 4.31971 -2.568695 -0.4216207 4.324589 -2.568695 -0.5287658 4.327029 -2.645676 0.1084983 4.232632 -2.572119 0.3658997 3.95065 -1.580842 -1.127622 -5.229339 -1.575884 -0.8858174 -5.243559 -1.780419 -1.142351 -3.337636 -1.775984 -0.8427604 -3.339039 -1.574321 -0.7970597 -5.246331 -1.742719 -0.09617209 -3.553321 -1.74904 -0.1976361 -3.507123 -1.57183 -0.486044 -5.227747 -1.574073 -0.6298391 -5.225986 -1.584761 -0.1430891 -5.058495 -1.757303 -0.3069896 -3.443561 -1.774619 -0.7505285 -3.339471 -1.587608 -0.03515565 -5.01683 -1.586395 -0.09084105 -5.0359 -1.716915 0.1160753 -3.769357 -1.724384 0.07366466 -3.704242 -1.766189 -0.4738952 -3.381907 -1.773254 -0.6582968 -3.339902 -1.736327 -0.01520758 -3.602982 -1.602159 0.139945 -4.854984 -1.59184 0.03059989 -4.967742 -1.639508 0.2317176 -4.488142 -1.678978 0.2278064 -4.114151 -2.72353 -0.4740063 1.930729 -2.72353 -0.7011502 1.92834 -2.686916 0.4889893 2.692647 -2.650715 0.6002325 3.129561 -2.723117 0.2079358 2.237539 -2.7267 0.02720069 2.104682 -2.72353 -0.8147221 1.927145 -2.611289 0.5612807 3.567648 -2.72353 -1.297203 1.92207 -2.72353 -0.9282941 1.925951 -2.568695 -0.6359108 4.329468 -2.568695 -0.9839435 4.337392 -2.568695 -0.2073306 4.31971 -2.568695 -0.4216207 4.324589 -2.568695 -0.5287658 4.327029 -2.645676 0.1084983 4.232632 -2.572119 0.3658997 3.95065 -1.580842 -1.127622 -5.229339 -1.575884 -0.8858174 -5.243559 -1.780419 -1.142351 -3.337636 -1.775984 -0.8427604 -3.339039 -1.574321 -0.7970597 -5.246331 -1.742719 -0.09617209 -3.553321 -1.74904 -0.1976361 -3.507123 -1.57183 -0.486044 -5.227747 -1.574073 -0.6298391 -5.225986 -1.584761 -0.1430891 -5.058495 -1.757303 -0.3069896 -3.443561 -1.774619 -0.7505285 -3.339471 -1.587608 -0.03515565 -5.01683 -1.586395 -0.09084105 -5.0359 -1.716915 0.1160753 -3.769357 -1.724384 0.07366466 -3.704242 -1.766189 -0.4738952 -3.381907 -1.773254 -0.6582968 -3.339902 -1.736327 -0.01520758 -3.602982 -1.602159 0.139945 -4.854984 -1.59184 0.03059989 -4.967742 -1.639508 0.2317176 -4.488142 -1.678978 0.2278064 -4.114151 -2.72353 -0.4740063 1.930729 -2.72353 -0.7011502 1.92834 -2.686916 0.4889893 2.692647 -2.650715 0.6002325 3.129561 -2.723117 0.2079358 2.237539 -2.7267 0.02720069 2.104682 -2.72353 -0.8147221 1.927145 -2.611289 0.5612807 3.567648 -2.72353 -1.297203 1.92207 -2.72353 -0.9282941 1.925951 -2.568695 -0.6359108 4.329468 -2.568695 -0.9839435 4.337392 -2.568695 -0.2073306 4.31971 -2.568695 -0.4216207 4.324589 -2.568695 -0.5287658 4.327029 -2.645676 0.1084983 4.232632 -2.572119 0.3658997 3.95065 -1.580842 -1.127622 -5.229339 -1.575884 -0.8858174 -5.243559 -1.780419 -1.142351 -3.337636 -1.775984 -0.8427604 -3.339039 -1.574321 -0.7970597 -5.246331 -1.742719 -0.09617209 -3.553321 -1.74904 -0.1976361 -3.507123 -1.57183 -0.486044 -5.227747 -1.574073 -0.6298391 -5.225986 -1.584761 -0.1430891 -5.058495 -1.757303 -0.3069896 -3.443561 -1.774619 -0.7505285 -3.339471 -1.587608 -0.03515565 -5.01683 -1.586395 -0.09084105 -5.0359 -1.716915 0.1160753 -3.769357 -1.724384 0.07366466 -3.704242 -1.766189 -0.4738952 -3.381907 -1.773254 -0.6582968 -3.339902 -1.736327 -0.01520758 -3.602982 -1.602159 0.139945 -4.854984 -1.59184 0.03059989 -4.967742 -1.639508 0.2317176 -4.488142 -1.678978 0.2278064 -4.114151 -2.72353 -0.4740063 1.930729 -2.72353 -0.7011502 1.92834 -2.686916 0.4889893 2.692647 -2.650715 0.6002325 3.129561 -2.723117 0.2079358 2.237539 -2.7267 0.02720069 2.104682 -2.72353 -0.8147221 1.927145 -2.611289 0.5612807 3.567648 -2.72353 -1.297203 1.92207 -2.72353 -0.9282941 1.925951 -2.568695 -0.6359108 4.329468 -2.568695 -0.9839435 4.337392 -2.568695 -0.2073306 4.31971 -2.568695 -0.4216207 4.324589 -2.568695 -0.5287658 4.327029 -2.645676 0.1084983 4.232632 -2.572119 0.3658997 3.95065 -1.580842 -1.127622 -5.229339 -1.575884 -0.8858174 -5.243559 -1.780419 -1.142351 -3.337636 -1.775984 -0.8427604 -3.339039 -1.574321 -0.7970597 -5.246331 -1.742719 -0.09617209 -3.553321 -1.74904 -0.1976361 -3.507123 -1.57183 -0.486044 -5.227747 -1.574073 -0.6298391 -5.225986 -1.584761 -0.1430891 -5.058495 -1.757303 -0.3069896 -3.443561 -1.774619 -0.7505285 -3.339471 -1.587608 -0.03515565 -5.01683 -1.586395 -0.09084105 -5.0359 -1.716915 0.1160753 -3.769357 -1.724384 0.07366466 -3.704242 -1.766189 -0.4738952 -3.381907 -1.773254 -0.6582968 -3.339902 -1.736327 -0.01520758 -3.602982 -1.602159 0.139945 -4.854984 -1.59184 0.03059989 -4.967742 -1.639508 0.2317176 -4.488142 -1.678978 0.2278064 -4.114151 -2.727131 -0.4740287 1.93096 -2.72588 -0.7011648 1.928491 -2.684306 0.4890055 2.69248 -2.656961 0.6001937 3.129961 -2.711764 0.2080063 2.236812 -2.71914 0.0272476 2.104197 -2.725255 -0.8147328 1.927256 -2.6286 0.5611733 3.568758 -2.722597 -1.297197 1.922011 -2.724629 -0.9283009 1.926021 -2.572407 -0.6359338 4.329706 -2.569751 -0.98395 4.33746 -2.575679 -0.2073739 4.320158 -2.574043 -0.4216539 4.324932 -2.573225 -0.5287939 4.327319 -2.583505 0.108884 4.228648 -2.602788 0.3657094 3.952616 -1.838038 -0.4602325 2.176882 -1.836787 -0.6873686 2.174412 -1.795213 0.5028017 2.938402 -1.767868 0.6139899 3.375883 -1.822671 0.2218024 2.482733 -1.830047 0.04104375 2.350119 -1.836162 -0.8009366 2.173177 -1.739507 0.5749695 3.814679 -1.833504 -1.283401 2.167932 -1.835536 -0.9145047 2.171943 -1.683314 -0.6221377 4.575628 -1.680658 -0.9701539 4.583381 -1.686586 -0.1935778 4.566079 -1.68495 -0.4078578 4.570854 -1.684132 -0.5149978 4.573241 -1.694412 0.1226802 4.47457 -1.713695 0.3795055 4.198537 -1.414568 -0.08541381 6.013498 -1.515581 -0.3810659 5.722135 -1.82615 -0.02169835 -6.553506 -1.836877 -0.2377691 -6.553506 -1.82615 -0.02169835 -6.783879 -1.836877 -0.2377691 -6.783879 -1.262369 -0.02259218 -6.553506 -1.25343 -0.2350875 -6.553506 -1.262369 -0.02259218 -6.783879 -1.25343 -0.2350875 -6.783879 -1.88872 -0.1297336 -6.553506 -1.88872 -0.1297336 -6.783879 -1.244492 -0.1288398 -6.783879 -1.244492 -0.1288398 -6.553506 -0.01330554 1.995764 2.356857 -0.01330554 1.941019 2.350929 -0.01330554 1.962791 2.66138 -0.01330554 1.908046 2.655452 -1.476257 1.995764 2.356857 -1.476257 1.941019 2.350929 -1.476257 1.962791 2.66138 -1.476257 1.908046 2.655452 -0.01330554 1.876769 2.835554 -0.01330554 1.83132 2.841513 -0.01330554 1.909917 3.088365 -0.01330554 1.864469 3.094325 -1.51 1.876769 2.835554 -1.51 1.83132 2.841513 -1.51 1.909917 3.088365 -1.51 1.864469 3.094325 -0.01330554 1.756663 3.263124 -0.01330554 1.701764 3.270323 -0.01330554 1.796704 3.568503 -0.01330554 1.741805 3.575702 -1.651658 1.756663 3.263124 -1.628082 1.701764 3.270323 -1.651658 1.796704 3.568503 -1.628082 1.741805 3.575702 -0.01330554 1.622866 3.69745 -0.01330554 1.567967 3.704648 -0.01330554 1.662907 4.002829 -0.01330554 1.608009 4.010028 -1.625582 1.622866 3.69745 -1.625582 1.567967 3.704648 -1.625582 1.662907 4.002829 -1.625582 1.608009 4.010028 -0.01330554 1.464074 4.161495 -0.01330554 1.409175 4.168693 -0.01330554 1.504115 4.466874 -0.01330554 1.449216 4.474072 -1.654054 1.464074 4.161495 -1.654054 1.409175 4.168693 -1.654054 1.504115 4.466874 -1.654054 1.449216 4.474072 -0.01330554 1.439751 4.842873 -0.01330554 1.378438 4.850913 -0.01330554 1.484471 5.183932 -0.01330554 1.423158 5.191972 -1.693357 1.439751 4.842873 -1.693357 1.378438 4.850913 -1.693357 1.484471 5.183932 -1.693357 1.423158 5.191972 0 1.919629 -0.4832631 0 0.9528942 -3.04967 0 1.932044 2.316193 -2.303004 0.9528942 -2.706288 -1.558528 1.919629 -0.4832631 -1.505574 1.932044 2.397382 -2.472138 0.8781153 -0.4899279 -2.555912 0.9608585 2.338634 0 1.416558 4.505321 -1.668769 1.416558 4.408684 -2.264373 0.9318066 4.644355 0 1.744511 3.239028 -1.610713 1.744511 3.22796 -2.385664 0.8932512 3.23792 0 1.196992 -2.406642 -2.123954 1.196992 -2.284858 -2.421307 0.8324545 -2.157417 -1.703753 1.746167 -0.5246619 -1.949223 1.290957 4.637155 -1.820065 1.585234 3.218871 -2.275475 1.09066 -2.241145 -1.748398 1.717429 2.301915 -1.699385 1.772747 0.7661116 -2.512339 0.9725108 1.45441 -1.7125 1.766715 1.487186 -0.7697998 1.932044 2.316193 -0.7400709 1.919629 -0.4832631 -0.7918684 1.196992 -2.36945 -0.7943397 0.9528942 -3.000122 -0.8143723 1.416558 4.471421 -0.7648512 1.744511 3.233772 -1.852107 1.558311 -1.394926 0 1.558311 -1.444952 -2.446722 0.8552849 -1.323672 -1.995046 1.418413 -1.399201 -0.7659696 1.558311 -1.426357 -1.195467 1.932044 2.316193 -1.149299 1.919629 -0.4832631 -1.631757 1.196992 -2.316289 -1.733383 0.9528942 -2.940128 -1.232516 1.416558 4.453634 -1.187782 1.744511 3.230866 -1.472019 1.558311 -1.399776 -2.510978 0.9172928 0.830228 -2.509755 0.9150565 0.7778847 -2.259398 1.159409 -0.5016706 -2.324375 1.090794 -0.498982 -2.286068 1.12198 0.7184032 -2.221142 1.192406 0.7505782 -2.464084 0.8708809 -0.7541211 -2.461235 0.8683219 -0.8475753 0 1.49263 4.211589 -2.292508 0.9228631 4.318116 -1.655302 1.49263 4.134801 -1.191625 1.838278 2.77353 -0.7673255 1.838278 2.774983 -1.784232 1.651332 2.760393 -2.425936 0.9073987 2.789562 -1.558143 1.838278 2.812671 0 1.838278 2.77761 -1.919263 1.359218 4.308167 -0.8028852 1.49263 4.184334 -1.22214 1.49263 4.169998 -1.633081 1.618159 3.682864 -2.338934 0.9081056 3.779784 0 1.618159 3.726899 -1.869827 1.471857 3.765301 -0.7839304 1.618159 3.710608 -1.205017 1.618159 3.701968 -1.709262 1.313766 4.92688 0 1.327327 5.022568 -0.7762883 1.325521 5.001039 -1.238248 1.319643 4.989614 2.729907 0.3581454 -0.5034843 2.472138 0.8736657 -0.4899289 2.787956 0.09882932 -0.4783886 2.754715 0.3869283 0.8313364 2.758781 0.09882932 0.8312139 2.657246 0.3282782 -2.14738 2.421307 0.8280048 -2.157418 2.797138 0.09882932 -2.172088 2.756981 -0.352435 -0.4564663 2.746245 -0.352435 0.8366206 2.770918 -0.352435 -2.168942 2.7562 -0.5657709 -0.4528124 2.745462 -0.5657709 0.8372498 2.769953 -0.5657709 -2.161411 2.773375 -0.07227361 -0.4831488 2.763006 -0.07227361 0.8354142 2.78723 -0.07227355 -2.200086 2.769017 0.4140028 1.453214 2.740476 -0.5657709 1.447814 2.512339 0.9680612 1.454409 2.740893 0.09882932 1.43684 2.758026 -0.07227361 1.448128 2.741259 -0.352435 1.448962 2.745269 0.341408 0.8334255 2.747395 0.2786003 -0.4923595 2.737867 0.2534327 -2.161835 2.732497 0.3544226 1.454616 2.751683 0.09882932 0.8277376 2.773422 0.09882932 -0.4848255 2.759957 0.1533489 -2.190866 2.732497 0.2582821 1.452319 2.780293 -0.07227361 -1.336692 2.763857 -0.352435 -1.316792 2.771997 0.09882932 -1.338274 2.763079 -0.5657709 -1.313819 2.446722 0.8508353 -1.323673 2.703835 0.3441051 -1.36759 2.752149 0.2784453 -1.351042 2.767007 0.1354855 -1.325718 2.510978 0.9128432 0.8302271 2.509755 0.9106069 0.7778838 2.527611 0.8759126 0.8191352 2.259398 1.154959 -0.5016716 2.324375 1.086344 -0.498983 2.286068 1.117531 0.7184023 2.221142 1.187956 0.7505772 2.464084 0.8664313 -0.7541221 2.461235 0.8638722 -0.8475762 1.862802 0.8821669 5.750669 0.524792 0.9188933 5.755559 2.114013 0.4897218 5.801448 0.5231089 0.4584467 5.812103 1.772125 0.8960556 5.747388 1.749449 0.8977461 5.747091 1.7497 0.4681206 5.801168 1.772376 0.4688642 5.801038 1.772203 0.765527 5.763735 1.772216 0.7430072 5.76657 1.749539 0.7432858 5.766533 1.749526 0.765789 5.7637 1.772299 0.6004309 5.784489 1.749622 0.6000742 5.784559 1.749609 0.6225836 5.781725 1.772286 0.622931 5.781656 1.971553 0.7425352 5.768926 1.956715 0.764131 5.766245 2.05703 0.6043625 5.786019 2.044514 0.6265879 5.783159 0.5242721 0.7766655 5.773025 0.5241898 0.7541568 5.775789 0.5237111 0.6231833 5.791873 0.5236288 0.6006746 5.794637 0.6650482 0.9170212 5.754712 0.6423717 0.9172165 5.754877 0.8528525 0.9162346 5.753308 0.8301768 0.9166039 5.75348 1.049755 0.9098433 5.751879 1.02708 0.9103569 5.752025 1.273948 0.9061229 5.750464 1.251272 0.9066821 5.750593 1.558788 0.896969 5.748979 1.536112 0.8973042 5.749148 0.6408562 0.4592516 5.811223 0.6635349 0.4596558 5.81101 0.8289834 0.4637228 5.809419 0.851661 0.4639806 5.809197 1.026209 0.4627739 5.807539 1.048886 0.4627903 5.807352 1.250724 0.4643077 5.805692 1.273401 0.4642189 5.805525 1.535886 0.4601903 5.803825 1.558563 0.4604701 5.803607 0.6413242 0.6006525 5.793826 0.6413986 0.6231606 5.791056 0.6640766 0.6233679 5.790859 0.6640021 0.6008543 5.793629 0.8293515 0.6034271 5.792164 0.8294109 0.625939 5.789382 0.8520878 0.6259859 5.789177 0.8520286 0.6034782 5.791958 1.026477 0.6007149 5.79043 1.026521 0.6232214 5.787638 1.049198 0.6230607 5.787465 1.049154 0.6005555 5.790256 1.250893 0.600514 5.788727 1.250921 0.6230177 5.785924 1.273597 0.6227744 5.785769 1.273569 0.6002665 5.788573 1.558632 0.5947139 5.786806 1.535955 0.5946416 5.787007 1.535967 0.6171483 5.784192 1.558644 0.6172262 5.783989 0.6419038 0.7758154 5.772274 0.6645809 0.7758209 5.772093 0.6645064 0.7533115 5.774863 0.6418293 0.7533075 5.775043 0.8298085 0.7768974 5.770736 0.8524851 0.7767384 5.770547 0.8524258 0.7542282 5.773328 0.8297493 0.7543895 5.773517 1.026811 0.772417 5.769134 1.049487 0.7720784 5.768974 1.049444 0.749573 5.771766 1.026767 0.749908 5.771926 1.251103 0.770476 5.767558 1.27378 0.7700772 5.767416 1.273752 0.7475662 5.77022 1.251075 0.7479719 5.770361 1.558719 0.7627224 5.76578 1.558707 0.7402167 5.768596 1.536031 0.7403446 5.768782 1.536042 0.7628545 5.765966 1.889147 0.4718475 5.801178 1.911826 0.473071 5.801205 1.912304 0.7386031 5.768456 1.889629 0.7383165 5.768182 1.890963 0.7608056 5.765559 1.913848 0.7612755 5.765816 1.920053 0.8133242 5.760071 1.900204 0.8382731 5.756779 1.912099 0.6235788 5.782466 1.912058 0.601066 5.785248 1.88938 0.600778 5.785129 1.889421 0.6232847 5.782348 0.8057917 0.6255717 5.789593 0.8057302 0.6030596 5.792373 0.8062046 0.7767436 5.77093 0.8061432 0.7542355 5.773709 0.806587 0.9166635 5.753656 0.8053479 0.4631417 5.809647 1.82615 -0.02169823 -6.723966 1.836877 -0.237769 -6.723966 1.102793 0.499673 -6.735895 1.107646 0.1130217 -6.886772 1.262369 -0.02259206 -6.723966 1.25343 -0.2350873 -6.723966 1.88872 -0.1297335 -6.723966 1.103486 0.4444372 -6.757449 1.10418 0.3892012 -6.779003 1.244492 -0.1288397 -6.723966 1.104873 0.3339653 -6.800557 1.105566 0.2787294 -6.822111 1.10626 0.2234935 -6.843665 1.106953 0.1682575 -6.865218 1.123334 0.4372606 -6.730351 1.124027 0.3820247 -6.751905 1.12472 0.3267888 -6.773459 1.125414 0.2715529 -6.795013 1.126107 0.2163169 -6.816566 1.1268 0.161081 -6.83812 1.062822 0.1407551 -6.781902 1.107646 0.1629074 -6.865672 1.106953 0.2181433 -6.844118 1.06211 0.1962316 -6.760313 1.106259 0.2733792 -6.822565 1.061399 0.2517087 -6.738724 1.105566 0.3286151 -6.801011 1.060688 0.3071864 -6.717135 1.104873 0.383851 -6.779457 1.059978 0.3626645 -6.695546 1.104179 0.4390869 -6.757903 1.059269 0.4181432 -6.673956 0.9599604 0.1779479 -6.922343 1.127493 0.1557309 -6.838573 0.9591974 0.2334388 -6.900824 1.1268 0.2109668 -6.81702 0.9584352 0.2889301 -6.879305 1.126107 0.2662027 -6.795466 0.9576738 0.3444218 -6.857786 1.125413 0.3214386 -6.773912 0.9569132 0.399914 -6.836267 1.12472 0.3766745 -6.752358 0.9561533 0.4554067 -6.814748 1.124027 0.4319104 -6.730804 2.639032 0.332572 -2.6833 2.772495 -1.137079 -2.719781 2.311854 -1.127843 -6.316463 2.234031 0.2138334 -6.504096 2.448312 -0.6387131 5.743977 2.361238 0.5450379 5.637976 2.754156 -1.109457 -0.4566372 2.796793 0.4403389 2.379254 2.72353 -1.297203 1.92207 2.303004 0.9484447 -2.706288 1.770695 1.009118 5.747843 1.470063 -1.097814 -6.598164 1.794062 -0.3910301 5.721952 1.147164 0.4110738 -6.684373 1.558528 1.91518 -0.4832631 1.505574 1.927594 2.397382 2.408444 0.8103054 -2.734081 2.102833 0.8148849 5.789075 2.163054 -1.128814 -6.53778 2.555912 0.956409 2.338634 2.200842 -0.5374179 5.653654 2.148574 0.3830793 -6.624994 2.548381 -0.9385741 4.690601 2.546375 0.5255872 4.634817 1.668769 1.412108 4.408684 2.264373 0.927357 4.644355 2.414869 0.3465886 5.61909 2.354174 0.03771996 -6.602008 2.804444 0.04416626 -2.674968 2.723117 0.2079358 2.237539 1.151359 0.1365502 -6.724565 1.7611 0.3627635 5.814348 2.150252 0.1205438 -6.668605 2.335916 0.3303777 5.811688 2.548381 0.349706 4.662558 2.587133 0.2104237 -4.944813 2.451441 -1.228171 -5.357452 2.364503 0.6796962 -5.064949 2.58435 -0.05099505 -5.1515 2.767007 -1.243591 -3.222303 2.678794 0.1346128 -3.63531 2.365226 0.7795853 -3.444245 2.776029 -0.1719607 -3.419145 2.635956 0.7541083 3.133344 1.610713 1.740062 3.22796 2.385664 0.8888016 3.23792 2.650715 0.6002325 3.129561 2.743409 -1.163761 0.8389016 1.53645 1.937841 0.743024 2.657246 0.3282783 -2.147379 2.767921 -1.13019 -2.155393 2.123954 1.192543 -2.284858 2.421307 0.828005 -2.157417 2.797138 0.09882944 -2.172087 2.755424 -0.7641665 -0.4625715 2.448312 -0.4090567 5.714352 2.324383 -0.8742161 -6.324971 2.773748 -0.7892423 -2.722771 2.72353 -0.9282941 1.925951 1.473281 -0.8776286 -6.58329 1.794062 -0.0910024 6.013217 2.168015 -0.8861361 -6.522905 2.313223 -0.1392281 5.96092 2.548381 -0.5932803 4.681129 2.530119 -0.9528393 -5.382458 2.767007 -0.9038832 -3.224423 2.74468 -0.8066634 0.8378799 2.769179 -0.7829889 -2.159117 2.441685 -0.08779001 5.592483 2.310692 -0.3778679 -6.679694 2.786062 -0.3524349 -2.72023 2.72353 -0.4740063 1.930729 1.371757 -0.3178587 -6.937418 1.794062 0.1751008 6.00424 2.117607 -0.3308054 -6.876975 2.313223 0.1268752 5.951943 2.548381 -0.1680729 4.669464 2.580124 -0.498848 -5.370287 2.767007 -0.485554 -3.274192 2.770918 -0.3524349 -2.168941 2.7562 -0.5657708 -0.4528114 2.441685 -0.1830911 5.600928 2.304804 -0.559493 -6.055875 2.774521 -0.5750729 -2.724611 2.72353 -0.7011502 1.92834 1.42262 -0.4712032 -6.313867 1.794062 0.08388173 6.011947 2.128169 -0.5403355 -6.260594 2.313223 0.03565603 5.95965 2.548381 -0.3806766 4.675296 2.575874 -0.661961 -5.367575 2.767007 -0.6947187 -3.225728 2.745462 -0.5657708 0.8372507 2.769953 -0.5657708 -2.16141 2.441685 0.2267104 5.620684 2.322633 -0.05001956 -6.649966 2.787006 -0.09472376 -2.69871 2.7267 0.02720069 2.104682 1.112331 0.01106518 -6.960766 1.794062 0.2485391 6.027475 2.153145 0.002624273 -6.900381 2.313223 0.2003134 5.975178 2.548381 0.1782401 4.669872 2.587387 -0.1101571 -5.177631 2.782092 -0.2959786 -3.346738 2.78723 -0.07227343 -2.200085 2.755815 -0.6578655 -0.4643985 2.43285 -0.3062424 5.629671 2.314594 -0.8322873 -6.067396 2.774135 -0.6821576 -2.723691 2.72353 -0.8147221 1.927145 1.461359 -0.8327539 -6.325551 1.794062 -0.003560364 6.012582 2.155256 -0.8446617 -6.265167 2.313223 -0.051786 5.960285 2.548381 -0.4869785 4.678213 2.567676 -0.8516548 -5.389745 2.767007 -0.7993009 -3.225076 2.745071 -0.6967276 0.8375653 2.769566 -0.6760996 -2.160264 2.334794 -1.115567 -5.971947 2.36668 -0.8673451 -5.976945 2.374319 -0.4533073 -6.160141 2.421049 -0.6575284 -5.746829 2.409865 -0.7988168 -5.790617 2.195009 0.4687905 -6.615126 1.102793 0.4996731 -6.735894 1.105314 0.1184865 -6.875165 2.192408 0.08778399 -6.826387 1.675069 0.3956934 -6.65382 1.681701 0.1280937 -6.695104 2.173568 0.4239366 -6.615969 2.178581 0.08054381 -6.674441 1.628667 0.3993387 -6.657509 1.637874 0.129391 -6.69947 1.644047 0.4380103 -6.648035 1.124298 0.4518243 -6.679509 1.128688 0.09752577 -6.734155 1.655144 0.08901035 -6.704212 1.644898 0.4402146 -6.660234 1.125149 0.4540286 -6.691709 1.129539 0.09973001 -6.746355 1.655995 0.09121465 -6.716412 1.629518 0.401543 -6.669709 1.148014 0.4132781 -6.696573 1.15221 0.1387545 -6.736765 1.638724 0.1315953 -6.711669 1.306667 -0.2353321 -6.943276 1.25343 -0.2350873 -6.942932 1.247097 -0.1598032 -6.948637 1.262369 -0.02259206 -6.949585 1.259605 -0.03901922 -6.94849 1.82615 -0.02169823 -6.917294 1.837881 -0.2356771 -6.90029 1.88872 -0.1297335 -6.905457 1.244492 -0.1288397 -6.94907 1.836877 -0.237769 -6.900356 2.332306 0.212618 -6.26073 2.323565 0.305464 -6.257969 1.354053 0.5508232 -6.349619 2.187599 0.5702346 -6.267292 2.196917 0.5165056 -6.329058 2.432948 0.03337568 -6.196023 2.411505 0.04680091 -6.392499 2.398454 -0.04973483 -6.140321 2.39641 -0.01469272 -6.35113 2.435694 -0.1150788 -6.166454 1.911908 0.9738863 5.778875 1.703753 1.741717 -0.5246619 1.949223 1.286508 4.637155 1.820065 1.580785 3.218871 2.032832 -0.1143987 6.020337 2.032832 -0.02695661 6.019701 1.287717 0.4944444 -6.715447 2.275475 1.086211 -2.241145 2.032832 0.1517045 6.011359 1.748398 1.712979 2.301915 2.14883 -0.482456 5.726067 2.032535 0.3422878 5.813967 2.032832 0.06048542 6.019066 2.409177 0.9183997 -2.762823 1.699385 1.768298 0.7661116 2.032832 0.2251428 6.034595 1.53539 0.5450129 -6.344298 2.769017 0.414003 1.453215 2.740476 -0.5657708 1.447815 2.740085 -0.702315 1.447241 2.738422 -1.17842 1.444802 2.512339 0.9680613 1.45441 2.739693 -0.8143863 1.446667 1.554841 1.927504 1.464213 2.740893 0.09882944 1.436841 2.758026 -0.07227349 1.448129 2.741259 -0.3524349 1.448963 1.7125 1.762265 1.487186 0.4935088 0.2676917 6.028438 0.7697998 1.927594 2.316193 0.7295873 1.937841 0.7500322 0.4935088 -0.07184976 6.01418 0.4935088 0.1942535 6.005203 0.4935088 0.01559221 6.013545 0.523664 0.5080566 -6.735894 0.4935088 -0.3444954 5.722805 0.7400709 1.91518 -0.4832631 0.6596411 1.033007 5.777474 0.4934078 0.3865824 5.826043 0.4935088 0.1030343 6.012909 0.5346269 0.5572882 -6.381386 0.7383202 1.927504 1.471221 2.752219 0.2388535 -2.699253 2.72353 0.3506892 2.32627 1.760787 0.8977924 5.746979 2.149004 0.3158446 -6.636163 2.194343 0.3712157 -6.669229 1.125423 0.3610893 -6.693503 1.676767 0.3271619 -6.664393 1.631025 0.3302058 -6.668255 2.193844 0.6413847 5.807187 2.374973 0.4942156 5.633139 2.767007 0.03492951 -3.528385 1.10499 0.389207 -6.774533 1.126273 0.3632936 -6.705703 1.149089 0.3429732 -6.706866 2.550415 0.4809738 4.642555 2.550122 0.08610051 -5.069975 2.635956 0.7225062 3.132852 2.174851 0.3359945 -6.630943 1.646889 0.3486323 -6.662422 1.631876 0.33241 -6.680455 1.64774 0.3508365 -6.674621 2.328382 -0.05611658 -6.57487 1.148238 0.3407689 -6.694666 2.737867 0.2534328 -2.161834 2.394595 -0.01854968 -6.238841 2.375267 0.1617295 -6.202216 1.862802 0.882167 5.75067 2.732497 0.3544228 1.454617 0.524792 0.9188935 5.75556 2.774483 0.08676111 -2.695878 2.72353 0.2825968 2.290025 1.761038 0.4685745 5.801025 2.150005 0.1591679 -6.662189 2.207266 0.1089838 -6.802366 1.128043 0.1496499 -6.726116 1.680725 0.1674628 -6.689031 1.636519 0.1691056 -6.693296 2.323235 0.3938274 5.805537 2.406979 0.3757843 5.621869 2.767007 -0.05696094 -3.471322 1.110109 0.131788 -6.864574 1.128893 0.1518542 -6.738316 1.151593 0.1791422 -6.730852 2.548381 0.3756175 4.65853 2.580399 0.01205736 -5.129321 2.635956 0.6488637 3.131706 2.177844 0.1310635 -6.665838 1.653512 0.140355 -6.695948 1.63737 0.1713098 -6.705496 1.654362 0.1425593 -6.708147 2.311286 0.06980133 -6.631801 1.150742 0.1769379 -6.718652 2.759957 0.153349 -2.190865 2.399543 0.06897598 -6.291405 2.114013 0.4775927 5.801449 2.732497 0.2582822 1.45232 0.5231089 0.4584468 5.812104 2.395489 0.05862659 -6.200599 1.852107 1.553861 -1.394926 2.762302 -0.7735777 -1.310845 2.762691 -0.6669825 -1.312331 2.761038 -1.119824 -1.306015 2.763079 -0.5657708 -1.313818 1.995046 1.413964 -1.399201 1.195467 1.927594 2.316193 1.133019 1.937841 0.7465281 0.8132285 0.5038649 -6.735894 1.149299 1.91518 -0.4832631 1.230444 1.009995 5.764436 0.8302534 0.5540557 -6.35895 1.146581 1.927504 1.467717 1.14279 0.908343 5.751269 1.772385 0.6034075 5.808595 1.772462 0.4718407 5.825144 1.749785 0.4710972 5.825274 1.749708 0.6030508 5.808665 1.772211 0.8990322 5.771494 1.772288 0.7685036 5.787841 1.749612 0.7687656 5.787806 1.749534 0.9007227 5.771197 1.772302 0.7459838 5.790676 1.772372 0.6259075 5.805762 1.749695 0.6255602 5.805831 1.749625 0.7462624 5.790639 1.55873 0.6202028 5.808095 1.558718 0.5976905 5.810912 1.558805 0.765699 5.789886 1.558793 0.7431933 5.792702 1.912184 0.6265554 5.806572 2.0446 0.6295645 5.807265 2.057116 0.6073391 5.810125 1.912144 0.6040426 5.809354 1.913934 0.7642521 5.789922 1.956801 0.7671076 5.790351 1.971639 0.7455118 5.793032 1.91239 0.7415797 5.792562 0.5237969 0.6261599 5.815979 0.6414844 0.6261371 5.815162 0.64141 0.6036291 5.817932 0.5237147 0.6036512 5.818743 0.805816 0.6060362 5.816479 0.6640879 0.6038309 5.817735 0.8521736 0.6289625 5.813283 1.026607 0.626198 5.811744 1.026563 0.6036915 5.814536 0.8521144 0.6064548 5.816064 1.049283 0.6260373 5.811571 1.251006 0.6259943 5.81003 1.250979 0.6034906 5.812833 1.04924 0.6035321 5.814363 1.273683 0.625751 5.809875 1.536053 0.6201249 5.808298 1.536041 0.5976182 5.811113 1.273655 0.6032431 5.812679 0.5243579 0.7796421 5.797131 0.6419896 0.778792 5.79638 0.6419151 0.7562841 5.799149 0.5242757 0.7571334 5.799895 0.806229 0.7572121 5.797815 0.6645923 0.7562881 5.798969 0.852571 0.779715 5.794653 1.026897 0.7753936 5.79324 1.026853 0.7528846 5.796032 0.8525116 0.7572048 5.797434 1.049573 0.775055 5.79308 1.251189 0.7734526 5.791664 1.251161 0.7509485 5.794467 1.04953 0.7525496 5.795872 1.273866 0.7730538 5.791522 1.536128 0.7658311 5.790072 1.536117 0.7433212 5.792888 1.273838 0.7505428 5.794326 0.6641624 0.6263445 5.814965 0.6636207 0.4626324 5.835116 0.640942 0.4622282 5.835329 0.8517469 0.4669572 5.833303 1.048972 0.4657669 5.831458 1.026295 0.4657505 5.831645 1.273487 0.4671955 5.829631 1.25081 0.4672843 5.829798 1.558649 0.4634467 5.827713 1.535972 0.4631669 5.827931 0.665134 0.9199978 5.778818 0.6646667 0.7787975 5.796199 0.6424576 0.9201931 5.778983 0.8529384 0.9192112 5.777414 1.049841 0.9128199 5.775985 1.027165 0.9133335 5.776131 1.274034 0.9090995 5.77457 1.251358 0.9096587 5.774699 1.558874 0.8999456 5.773085 1.536198 0.9002808 5.773254 1.891048 0.7637822 5.789665 1.889715 0.7412931 5.792288 1.889507 0.6262613 5.806454 1.889466 0.6037546 5.809235 1.90029 0.8412497 5.780885 1.920138 0.8163008 5.784177 1.889233 0.4748241 5.825284 1.911912 0.4760476 5.825311 1.862888 0.8851435 5.774775 2.114099 0.4926984 5.825554 0.5248779 0.9218699 5.779665 0.5231947 0.4614233 5.836209 0.8054337 0.4661183 5.833753 0.8058775 0.6285483 5.813699 0.8062904 0.7797202 5.795036 0.8066728 0.9196401 5.777762 2.474639 -0.7176028 5.466847 1.749755 1.154126 5.434595 2.474639 -0.4575237 5.442524 2.470223 0.214226 5.364175 2.412745 0.5404721 5.368114 2.470223 -0.3354434 5.341301 2.470223 -0.108644 5.343286 2.240999 0.8052513 5.423465 2.450462 0.3476762 5.361076 2.470223 -0.2348058 5.351044 1.944849 1.122623 5.44166 0.7382043 1.177636 5.520177 2.41923 0.4907111 5.365741 2.444648 0.3760079 5.362064 1.24398 1.165881 5.515113 2.260653 0.1598098 -6.622549 2.339314 0.09108948 -6.469871 2.271841 0.1056549 -6.532457 2.278846 0.1018084 -6.609742 2.645676 0.1084983 4.232632 2.568695 -0.5287658 4.327029 2.568695 0.5368642 3.930499 2.568695 -0.4216207 4.324589 2.572119 0.3658997 3.95065 2.568695 -0.9839435 4.337392 2.292508 0.9184136 4.318116 2.568695 -0.2073306 4.31971 1.655302 1.488181 4.134801 2.679743 0.5506354 2.719963 2.557682 0.3134362 -4.521368 2.57831 0.3086571 -4.094846 2.653517 0.1824518 -3.707358 2.366673 0.7177116 -4.606682 2.368842 0.755727 -4.148415 2.369047 0.7886577 -3.790235 2.679743 0.6215029 2.738658 1.784232 1.646882 2.760393 2.425936 0.9029492 2.789562 1.558143 1.833828 2.812671 2.686916 0.4889893 2.692647 2.679743 0.6647246 2.767226 2.28774 0.1364777 -6.457811 2.568695 -0.6359108 4.329468 1.919263 1.354769 4.308167 2.568695 0.494891 3.93577 2.568695 0.3970813 3.948054 1.633081 1.613709 3.682864 2.338934 0.9036561 3.779784 2.611289 0.5612807 3.567648 2.602216 0.7237288 3.559425 1.869827 1.467407 3.765301 2.602216 0.6869242 3.561824 2.602216 0.6011586 3.567415 2.51151 -0.8280884 5.078724 1.709262 1.309316 4.92688 2.51151 -0.525402 5.061827 2.509302 0.196233 5.017024 2.47956 0.5330296 5.001465 2.509302 -0.411211 5.009757 2.509302 -0.1383584 5.006374 2.252686 0.8663042 5.03391 2.499422 0.3486911 5.011817 2.509302 -0.3077412 5.01317 1.947036 1.204565 5.039407 0.7762883 1.321071 5.001039 2.484823 0.4858425 5.004148 2.496514 0.3758127 5.010297 1.238248 1.315194 4.989614 2.595083 0.1592009 -4.878688 2.572914 -1.159041 -5.268008 2.578689 -0.0808115 -5.066835 2.780469 -1.174359 -3.300679 2.722194 0.09027075 -3.681941 2.747836 -0.191876 -3.476942 2.567757 -0.9075695 -5.282797 2.775858 -0.8627911 -3.302138 2.563542 -0.4918139 -5.266353 2.765671 -0.4791795 -3.34672 2.565875 -0.6413576 -5.264522 2.773018 -0.670953 -3.303036 2.57699 -0.1351484 -5.090334 2.75643 -0.3056012 -3.410838 2.566133 -0.8152633 -5.28568 2.774438 -0.7668719 -3.302587 2.734615 -0.002154409 -3.576633 2.584352 0.04548436 -4.995954 2.741263 -0.08635574 -3.524986 2.57995 -0.02289998 -5.047004 2.633925 0.2546424 -4.497179 2.674974 0.2505748 -4.108237 2.714426 0.1343769 -3.74966 2.597857 0.139945 -4.854984 2.57654 -1.127622 -5.229339 2.582093 -0.09084105 -5.0359 2.776116 -1.142351 -3.337636 2.720082 0.07366466 -3.704242 2.744738 -0.1976361 -3.507123 2.571581 -0.8858174 -5.243559 2.771682 -0.8427604 -3.339039 2.567528 -0.486044 -5.227747 2.761887 -0.4738952 -3.381907 2.569771 -0.6298391 -5.225986 2.768952 -0.6582968 -3.339902 2.580459 -0.1430891 -5.058495 2.753001 -0.3069896 -3.443561 2.570019 -0.7970597 -5.246331 2.770317 -0.7505285 -3.339471 2.732025 -0.01520758 -3.602982 2.587538 0.03059989 -4.967742 2.738417 -0.09617209 -3.553321 2.583305 -0.03515565 -5.01683 2.635206 0.2317176 -4.488142 2.674676 0.2278064 -4.114151 2.712612 0.1160753 -3.769357 2.597857 0.139945 -4.854984 2.57654 -1.127622 -5.229339 2.582093 -0.09084105 -5.0359 2.776116 -1.142351 -3.337636 2.720082 0.07366466 -3.704242 2.744738 -0.1976361 -3.507123 2.571581 -0.8858174 -5.243559 2.771682 -0.8427604 -3.339039 2.567528 -0.486044 -5.227747 2.761887 -0.4738952 -3.381907 2.569771 -0.6298391 -5.225986 2.768952 -0.6582968 -3.339902 2.580459 -0.1430891 -5.058495 2.753001 -0.3069896 -3.443561 2.570019 -0.7970597 -5.246331 2.770317 -0.7505285 -3.339471 2.732025 -0.01520758 -3.602982 2.587538 0.03059989 -4.967742 2.738417 -0.09617209 -3.553321 2.583305 -0.03515565 -5.01683 2.635206 0.2317176 -4.488142 2.674676 0.2278064 -4.114151 2.712612 0.1160753 -3.769357 1.602159 0.139945 -4.854984 1.580842 -1.127622 -5.229339 1.586395 -0.09084105 -5.0359 1.780419 -1.142351 -3.337636 1.724384 0.07366466 -3.704242 1.74904 -0.1976361 -3.507123 1.575884 -0.8858174 -5.243559 1.775984 -0.8427604 -3.339039 1.57183 -0.486044 -5.227747 1.766189 -0.4738952 -3.381907 1.574073 -0.6298391 -5.225986 1.773254 -0.6582968 -3.339902 1.584761 -0.1430891 -5.058495 1.757303 -0.3069896 -3.443561 1.574321 -0.7970597 -5.246331 1.774619 -0.7505285 -3.339471 1.736327 -0.01520758 -3.602982 1.59184 0.03059989 -4.967742 1.742719 -0.09617209 -3.553321 1.587608 -0.03515565 -5.01683 1.639508 0.2317176 -4.488142 1.678978 0.2278064 -4.114151 1.716915 0.1160753 -3.769357 2.72353 -0.4740063 1.930729 2.72353 -0.7011502 1.92834 2.686916 0.4889893 2.692647 2.650715 0.6002325 3.129561 2.723117 0.2079358 2.237539 2.7267 0.02720069 2.104682 2.72353 -0.8147221 1.927145 2.611289 0.5612807 3.567648 2.72353 -1.297203 1.92207 2.72353 -0.9282941 1.925951 2.568695 -0.6359108 4.329468 2.568695 -0.9839435 4.337392 2.568695 -0.2073306 4.31971 2.568695 -0.4216207 4.324589 2.568695 -0.5287658 4.327029 2.645676 0.1084983 4.232632 2.572119 0.3658997 3.95065 1.580842 -1.127622 -5.229339 1.575884 -0.8858174 -5.243559 1.780419 -1.142351 -3.337636 1.775984 -0.8427604 -3.339039 1.574321 -0.7970597 -5.246331 1.742719 -0.09617209 -3.553321 1.74904 -0.1976361 -3.507123 1.57183 -0.486044 -5.227747 1.574073 -0.6298391 -5.225986 1.584761 -0.1430891 -5.058495 1.757303 -0.3069896 -3.443561 1.774619 -0.7505285 -3.339471 1.587608 -0.03515565 -5.01683 1.586395 -0.09084105 -5.0359 1.716915 0.1160753 -3.769357 1.724384 0.07366466 -3.704242 1.766189 -0.4738952 -3.381907 1.773254 -0.6582968 -3.339902 1.736327 -0.01520758 -3.602982 1.602159 0.139945 -4.854984 1.59184 0.03059989 -4.967742 1.639508 0.2317176 -4.488142 1.678978 0.2278064 -4.114151 2.72353 -0.4740063 1.930729 2.72353 -0.7011502 1.92834 2.686916 0.4889893 2.692647 2.650715 0.6002325 3.129561 2.723117 0.2079358 2.237539 2.7267 0.02720069 2.104682 2.72353 -0.8147221 1.927145 2.611289 0.5612807 3.567648 2.72353 -1.297203 1.92207 2.72353 -0.9282941 1.925951 2.568695 -0.6359108 4.329468 2.568695 -0.9839435 4.337392 2.568695 -0.2073306 4.31971 2.568695 -0.4216207 4.324589 2.568695 -0.5287658 4.327029 2.645676 0.1084983 4.232632 2.572119 0.3658997 3.95065 1.580842 -1.127622 -5.229339 1.575884 -0.8858174 -5.243559 1.780419 -1.142351 -3.337636 1.775984 -0.8427604 -3.339039 1.574321 -0.7970597 -5.246331 1.742719 -0.09617209 -3.553321 1.74904 -0.1976361 -3.507123 1.57183 -0.486044 -5.227747 1.574073 -0.6298391 -5.225986 1.584761 -0.1430891 -5.058495 1.757303 -0.3069896 -3.443561 1.774619 -0.7505285 -3.339471 1.587608 -0.03515565 -5.01683 1.586395 -0.09084105 -5.0359 1.716915 0.1160753 -3.769357 1.724384 0.07366466 -3.704242 1.766189 -0.4738952 -3.381907 1.773254 -0.6582968 -3.339902 1.736327 -0.01520758 -3.602982 1.602159 0.139945 -4.854984 1.59184 0.03059989 -4.967742 1.639508 0.2317176 -4.488142 1.678978 0.2278064 -4.114151 2.72353 -0.4740063 1.930729 2.72353 -0.7011502 1.92834 2.686916 0.4889893 2.692647 2.650715 0.6002325 3.129561 2.723117 0.2079358 2.237539 2.7267 0.02720069 2.104682 2.72353 -0.8147221 1.927145 2.611289 0.5612807 3.567648 2.72353 -1.297203 1.92207 2.72353 -0.9282941 1.925951 2.568695 -0.6359108 4.329468 2.568695 -0.9839435 4.337392 2.568695 -0.2073306 4.31971 2.568695 -0.4216207 4.324589 2.568695 -0.5287658 4.327029 2.645676 0.1084983 4.232632 2.572119 0.3658997 3.95065 1.580842 -1.127622 -5.229339 1.575884 -0.8858174 -5.243559 1.780419 -1.142351 -3.337636 1.775984 -0.8427604 -3.339039 1.574321 -0.7970597 -5.246331 1.742719 -0.09617209 -3.553321 1.74904 -0.1976361 -3.507123 1.57183 -0.486044 -5.227747 1.574073 -0.6298391 -5.225986 1.584761 -0.1430891 -5.058495 1.757303 -0.3069896 -3.443561 1.774619 -0.7505285 -3.339471 1.587608 -0.03515565 -5.01683 1.586395 -0.09084105 -5.0359 1.716915 0.1160753 -3.769357 1.724384 0.07366466 -3.704242 1.766189 -0.4738952 -3.381907 1.773254 -0.6582968 -3.339902 1.736327 -0.01520758 -3.602982 1.602159 0.139945 -4.854984 1.59184 0.03059989 -4.967742 1.639508 0.2317176 -4.488142 1.678978 0.2278064 -4.114151 2.72353 -0.4740063 1.930729 2.72353 -0.7011502 1.92834 2.686916 0.4889893 2.692647 2.650715 0.6002325 3.129561 2.723117 0.2079358 2.237539 2.7267 0.02720069 2.104682 2.72353 -0.8147221 1.927145 2.611289 0.5612807 3.567648 2.72353 -1.297203 1.92207 2.72353 -0.9282941 1.925951 2.568695 -0.6359108 4.329468 2.568695 -0.9839435 4.337392 2.568695 -0.2073306 4.31971 2.568695 -0.4216207 4.324589 2.568695 -0.5287658 4.327029 2.645676 0.1084983 4.232632 2.572119 0.3658997 3.95065 1.580842 -1.127622 -5.229339 1.575884 -0.8858174 -5.243559 1.780419 -1.142351 -3.337636 1.775984 -0.8427604 -3.339039 1.574321 -0.7970597 -5.246331 1.742719 -0.09617209 -3.553321 1.74904 -0.1976361 -3.507123 1.57183 -0.486044 -5.227747 1.574073 -0.6298391 -5.225986 1.584761 -0.1430891 -5.058495 1.757303 -0.3069896 -3.443561 1.774619 -0.7505285 -3.339471 1.587608 -0.03515565 -5.01683 1.586395 -0.09084105 -5.0359 1.716915 0.1160753 -3.769357 1.724384 0.07366466 -3.704242 1.766189 -0.4738952 -3.381907 1.773254 -0.6582968 -3.339902 1.736327 -0.01520758 -3.602982 1.602159 0.139945 -4.854984 1.59184 0.03059989 -4.967742 1.639508 0.2317176 -4.488142 1.678978 0.2278064 -4.114151 2.727131 -0.4740287 1.93096 2.72588 -0.7011648 1.928491 2.684306 0.4890055 2.69248 2.656961 0.6001937 3.129961 2.711764 0.2080063 2.236812 2.71914 0.0272476 2.104197 2.725255 -0.8147328 1.927256 2.6286 0.5611733 3.568758 2.722597 -1.297197 1.922011 2.724629 -0.9283009 1.926021 2.572407 -0.6359338 4.329706 2.569751 -0.98395 4.33746 2.575679 -0.2073739 4.320158 2.574043 -0.4216539 4.324932 2.573225 -0.5287939 4.327319 2.583505 0.108884 4.228648 2.602788 0.3657094 3.952616 1.838038 -0.4602325 2.176882 1.836787 -0.6873686 2.174412 1.795213 0.5028017 2.938402 1.767868 0.6139899 3.375883 1.822671 0.2218024 2.482733 1.830047 0.04104375 2.350119 1.836162 -0.8009366 2.173177 1.739507 0.5749695 3.814679 1.833504 -1.283401 2.167932 1.835536 -0.9145047 2.171943 1.683314 -0.6221377 4.575628 1.680658 -0.9701539 4.583381 1.686586 -0.1935778 4.566079 1.68495 -0.4078578 4.570854 1.684132 -0.5149978 4.573241 1.694412 0.1226802 4.47457 1.713695 0.3795055 4.198537 1.414568 -0.08541381 6.013498 1.515581 -0.3810659 5.722135 1.82615 -0.02169835 -6.553506 1.836877 -0.2377691 -6.553506 1.82615 -0.02169835 -6.783879 1.836877 -0.2377691 -6.783879 1.262369 -0.02259218 -6.553506 1.25343 -0.2350875 -6.553506 1.262369 -0.02259218 -6.783879 1.25343 -0.2350875 -6.783879 1.88872 -0.1297336 -6.553506 1.88872 -0.1297336 -6.783879 1.244492 -0.1288398 -6.783879 1.244492 -0.1288398 -6.553506 0.01330554 1.995764 2.356857 0.01330554 1.941019 2.350929 0.01330554 1.962791 2.66138 0.01330554 1.908046 2.655452 1.476257 1.995764 2.356857 1.476257 1.941019 2.350929 1.476257 1.962791 2.66138 1.476257 1.908046 2.655452 0.01330554 1.876769 2.835554 0.01330554 1.83132 2.841513 0.01330554 1.909917 3.088365 0.01330554 1.864469 3.094325 1.51 1.876769 2.835554 1.51 1.83132 2.841513 1.51 1.909917 3.088365 1.51 1.864469 3.094325 0.01330554 1.756663 3.263124 0.01330554 1.701764 3.270323 0.01330554 1.796704 3.568503 0.01330554 1.741805 3.575702 1.651658 1.756663 3.263124 1.628082 1.701764 3.270323 1.651658 1.796704 3.568503 1.628082 1.741805 3.575702 0.01330554 1.622866 3.69745 0.01330554 1.567967 3.704648 0.01330554 1.662907 4.002829 0.01330554 1.608009 4.010028 1.625582 1.622866 3.69745 1.625582 1.567967 3.704648 1.625582 1.662907 4.002829 1.625582 1.608009 4.010028 0.01330554 1.464074 4.161495 0.01330554 1.409175 4.168693 0.01330554 1.504115 4.466874 0.01330554 1.449216 4.474072 1.654054 1.464074 4.161495 1.654054 1.409175 4.168693 1.654054 1.504115 4.466874 1.654054 1.449216 4.474072 0.01330554 1.439751 4.842873 0.01330554 1.378438 4.850913 0.01330554 1.484471 5.183932 0.01330554 1.423158 5.191972 1.693357 1.439751 4.842873 1.693357 1.378438 4.850913 1.693357 1.484471 5.183932 1.693357 1.423158 5.191972 2.303004 0.9528942 -2.706288 1.558528 1.919629 -0.4832631 1.505574 1.932044 2.397382 2.472138 0.8781153 -0.4899279 2.555912 0.9608585 2.338634 1.668769 1.416558 4.408684 2.264373 0.9318066 4.644355 1.610713 1.744511 3.22796 2.385664 0.8932512 3.23792 2.123954 1.196992 -2.284858 2.421307 0.8324545 -2.157417 1.703753 1.746167 -0.5246619 1.949223 1.290957 4.637155 1.820065 1.585234 3.218871 2.275475 1.09066 -2.241145 1.748398 1.717429 2.301915 1.699385 1.772747 0.7661116 2.512339 0.9725108 1.45441 1.7125 1.766715 1.487186 0.7697998 1.932044 2.316193 0.7400709 1.919629 -0.4832631 0.7918684 1.196992 -2.36945 0.7943397 0.9528942 -3.000122 0.8143723 1.416558 4.471421 0.7648512 1.744511 3.233772 1.852107 1.558311 -1.394926 2.446722 0.8552849 -1.323672 1.995046 1.418413 -1.399201 0.7659696 1.558311 -1.426357 1.195467 1.932044 2.316193 1.149299 1.919629 -0.4832631 1.631757 1.196992 -2.316289 1.733383 0.9528942 -2.940128 1.232516 1.416558 4.453634 1.187782 1.744511 3.230866 1.472019 1.558311 -1.399776 2.510978 0.9172928 0.830228 2.509755 0.9150565 0.7778847 2.259398 1.159409 -0.5016706 2.324375 1.090794 -0.498982 2.286068 1.12198 0.7184032 2.221142 1.192406 0.7505782 2.464084 0.8708809 -0.7541211 2.461235 0.8683219 -0.8475753 2.292508 0.9228631 4.318116 1.655302 1.49263 4.134801 1.191625 1.838278 2.77353 0.7673255 1.838278 2.774983 1.784232 1.651332 2.760393 2.425936 0.9073987 2.789562 1.558143 1.838278 2.812671 1.919263 1.359218 4.308167 0.8028852 1.49263 4.184334 1.22214 1.49263 4.169998 1.633081 1.618159 3.682864 2.338934 0.9081056 3.779784 1.869827 1.471857 3.765301 0.7839304 1.618159 3.710608 1.205017 1.618159 3.701968 1.709262 1.313766 4.92688 0.7762883 1.325521 5.001039 1.238248 1.319643 4.989614</float_array>
          <technique_common>
            <accessor source="#Куб_007-mesh-positions-array" count="2164" stride="3">
              <param name="X" type="float"/>
              <param name="Y" type="float"/>
              <param name="Z" type="float"/>
            </accessor>
          </technique_common>
        </source>
        <source id="Куб_007-mesh-normals">
          <float_array id="Куб_007-mesh-normals-array" count="14502">-0.9822502 -0.1873142 0.00989741 -0.9788738 0.2032735 -0.02204871 -0.979182 -0.2026768 0.01117163 -0.9996507 0.01596677 0.02106368 -0.9970508 -0.07621473 0.009009182 -0.9963393 -0.08512765 0.007834911 -0.9960938 0.08752113 0.01172488 -0.9989274 0.03846067 0.02578705 -0.9949386 0.1001594 0.00808674 -0.9042869 0.4256963 -0.03237211 -0.8933053 0.4477072 -0.03955 -0.8970265 0.4405235 -0.03581333 -0.8609889 -0.5079329 0.02650368 -0.9738689 -0.2268568 -0.01074379 -0.8525373 -0.5218908 0.0284624 -0.999024 0.03475481 0.02726215 -0.9988592 -0.04656016 0.01060539 -0.998219 -0.05911695 0.008020818 -0.8947806 0.4439074 -0.04810482 -0.8978361 0.4370824 -0.05337923 -0.9029906 0.4250789 -0.06257712 -0.7996581 0.5994824 -0.03417462 -0.6845558 0.7269827 -0.05366152 -0.8089025 0.5870517 -0.03235948 -0.9999611 -0.003588199 0.008065342 -0.9999575 -0.004123568 0.008258938 -0.9999614 -0.003532469 0.008050084 -0.99996 -0.003698587 0.008146584 -0.9999594 -0.003643512 0.008240938 -0.9999594 -0.003642261 0.008244335 -0.9999607 -0.003528952 0.00814867 -0.9982888 -0.05790644 0.008159875 -0.9983201 -0.05737656 0.008069515 -0.9982861 -0.05794948 0.008165895 -0.998183 -0.05970525 0.008123755 -0.9981834 -0.05968803 0.008202314 -0.9981826 -0.05971306 0.008127748 -0.9981921 -0.05954688 0.008171081 -0.9982967 -0.05779892 0.007940173 -0.9937278 0.1101846 -0.01908946 -0.9785575 0.2059119 -0.0050565 -0.9762791 0.2164878 -0.003485143 -0.9993316 0.03651845 0.001727104 -0.9913526 0.1304173 0.01454013 -0.9894516 0.1439341 0.01638698 -3.1565e-6 1 0 -4.49804e-7 1 0 -3.17171e-6 1 0 -0.9878966 0.1524611 0.02856588 -0.8314566 0.5555623 0.005538642 -0.9917372 0.1247524 0.02990263 -0.01880097 0.9989089 0.04274958 -0.9885131 0.150066 -0.01794785 -0.9898351 0.1410287 -0.01837152 -0.990276 0.1391152 -5.8642e-4 -0.9940271 0.1090332 0.004668354 -0.9896891 0.143227 -0.001306414 -0.9983028 -0.0576955 0.007929861 -0.9999607 -0.00352329 0.008144497 -0.9714176 0.2373564 0.003173768 -0.8216018 0.5691654 -0.03195917 -0.9765017 0.2154434 0.005367815 -0.9975672 -0.06803023 -0.01521998 -0.9994871 0.03167766 0.00472784 -0.9987902 0.04850304 0.008095622 -0.8918582 0.4507684 -0.03737455 -0.8896865 0.4548535 -0.03957593 -0.8910161 0.4524941 -0.03659725 -0.9066343 0.4200978 -0.03914231 -0.9066335 0.4200997 -0.03914362 -0.906634 0.4200985 -0.03914183 -0.6999934 0.7041786 -0.1189197 -0.6870473 0.7244711 -0.05574685 -0.7008224 0.7025527 -0.1235623 -0.7358741 0.6771023 0.00468564 -0.7264909 0.6871564 0.005199313 -0.7259832 0.6876927 0.00522691 -0.7930747 0.6070082 -0.05073028 -0.7340865 0.6601167 -0.1592575 -0.7977391 0.6016215 -0.04079174 -0.9066337 0.4200991 -0.03914093 -0.9993345 0.02650928 0.02506256 -0.9986989 0.05019485 0.009010851 -0.8583583 0.05191886 -0.5104172 0.9999919 0.002350986 0.003269731 0.999992 0.002350986 0.003266155 0.999992 0.002350986 0.003270208 -0.8481454 0.5253952 -0.06789195 -0.8481621 0.5253673 -0.06789958 -0.8481644 0.5253633 -0.06790065 -0.9999902 -0.003125131 -0.003176331 -0.9999901 -0.003125011 -0.003174781 -0.9999902 -0.00312519 -0.003176569 -6.5974e-4 -0.9924626 0.1225459 -6.58361e-4 -0.9924624 0.1225479 -6.5812e-4 -0.9924623 0.1225483 -0.9999919 -0.002350509 -0.00326842 -0.9999919 -0.002350568 -0.003271698 -0.999992 -0.002350568 -0.003272235 -0.8040438 0.5897344 -0.07567596 -0.8040416 0.5897371 -0.07567995 -0.8040405 0.5897383 -0.07568174 -0.9999901 -0.003123641 -0.003175079 -0.9999902 -0.003123641 -0.003173589 -0.9999902 -0.003123641 -0.003175258 0.9999919 0.002350628 0.003272056 0.9999919 0.002350568 0.003270208 0.999992 0.002350628 0.003272354 -0.04125064 -0.9916362 0.1222954 -0.04125356 -0.991635 0.122304 -0.04125386 -0.9916349 0.1223049 -0.9999902 -0.003124356 -0.003176271 -0.9999902 -0.003124117 -0.003173828 -0.9999902 -0.003124415 -0.003176629 -0.00767529 0.1225572 0.9924318 -0.008262455 0.1225638 0.9924263 -0.007344067 0.1225132 0.9924398 0.06476384 0.990407 -0.1220645 0.0647633 0.9904073 -0.1220626 0.06476306 0.9904074 -0.1220617 0.9999904 0.003027558 0.003186166 0.9999904 0.003027498 0.003186285 0.9999904 0.003027558 0.003186166 -0.0252009 -0.9921583 0.1224206 -0.02520191 -0.9921583 0.1224209 -0.02520072 -0.9921584 0.1224205 -0.007289171 0.1225126 0.9924403 -0.007854521 0.1225734 0.9924284 -0.006941854 0.1225383 0.9924395 0.9999904 0.003028988 0.003185391 0.9999904 0.003029167 0.003183722 0.9999904 0.003028988 0.003185689 0.005258142 0.9924511 -0.1225282 0.005259633 0.9924515 -0.1225258 0.005258023 0.9924511 -0.1225284 -0.06475329 -0.9904078 0.1220635 -0.06475377 -0.9904075 0.122065 -0.06475281 -0.990408 0.1220622 -0.9999884 -0.003690838 -0.003102123 -0.9999884 -0.003690719 -0.003104269 -0.9999884 -0.003690898 -0.003101825 -0.006897091 0.1225306 0.9924408 -0.007441282 0.1225343 0.9924364 -0.006539225 0.1225103 0.9924458 -0.9999884 -0.003691494 -0.003108263 -0.9999884 -0.003691196 -0.003102898 -0.9999884 -0.003691554 -0.003108978 -0.7641927 0.6397903 -0.0817191 -0.7641865 0.6397983 -0.08171415 -0.7641834 0.6398023 -0.08171164 0.02191185 0.9922337 -0.1224423 0.02191084 0.9922338 -0.1224424 0.02191072 0.9922338 -0.1224424 0.003418862 0.1247062 0.9921879 -0.002952158 0.1248403 0.9921725 -0.00272721 0.1247364 0.9921862 0.001179754 0.1248713 0.9921723 -0.003477394 0.1249036 0.9921628 0.001243472 0.124793 0.992182 -0.007308661 0.1221082 0.9924899 -0.007306039 0.122128 0.9924875 -0.007297575 0.1221151 0.9924892 -0.009394466 0.122632 0.9924077 -0.007811188 0.1225996 0.9924255 -0.009181201 0.1230745 0.992355 -0.00815159 0.1231203 0.9923583 -0.008145689 0.1231027 0.9923606 -0.007915258 0.123555 0.9923062 -0.008258998 0.123596 0.9922983 -0.00824213 0.123605 0.9922974 -0.008337974 0.1241598 0.9922273 -0.008473575 0.1240983 0.9922338 -0.008359909 0.1241415 0.9922294 -0.007643818 0.1220924 0.9924893 -0.007677435 0.1221159 0.9924862 -0.007622599 0.122119 0.9924863 -0.009777605 0.122573 0.9924114 -0.008212924 0.1225742 0.9924254 -0.008536338 0.1231133 0.992356 -0.009555757 0.1230849 0.9923502 -0.00958234 0.1230946 0.9923487 -0.008555233 0.1236167 0.9922932 -0.008223712 0.1236022 0.9922978 -0.008236706 0.1236137 0.9922962 -0.008804023 0.1241527 0.9922242 -0.008828639 0.1241422 0.9922252 -0.008860468 0.1241499 0.9922239 0.01460003 0.1177167 0.9929399 0.01598763 0.1128113 0.9934879 0.01329714 0.1160999 0.9931486 0.007179677 0.1230266 0.9923774 0.006588459 0.1225256 0.9924436 0.007452189 0.1224583 0.9924458 -0.001569151 0.1248816 0.9921705 -0.003546714 0.1248658 0.9921673 0.003332734 0.1248133 0.9921748 0.00370872 0.124876 0.9921655 0.00348252 0.1244986 0.9922137 -0.008801698 0.1241144 0.9922289 0.008067011 0.1231034 0.9923611 0.01587527 0.1136627 0.9933927 -0.006872832 0.1218376 0.9925264 -0.006866812 0.1217948 0.9925315 -0.009198188 0.12307 0.9923554 -0.009405434 0.1225919 0.9924127 -0.007211923 0.1218621 0.9925209 -0.007217228 0.121827 0.9925252 -0.009804069 0.1225894 0.9924091 -0.008519768 0.1231009 0.9923576 -0.008544504 0.1236028 0.992295 -0.007313609 0.1221206 0.9924883 -0.007937729 0.1235663 0.9923046 -0.007169246 0.1220862 0.9924937 -0.008372247 0.1225594 0.992426 -0.00814712 0.1231257 0.9923576 -0.007816314 0.1236292 0.9922978 -0.008046209 0.1241233 0.9922342 -0.008451461 0.1241464 0.992228 -0.007696926 0.1221138 0.9924864 -0.008214235 0.1221319 0.9924799 -0.008251786 0.1221365 0.992479 -0.009507238 0.1225632 0.9924153 -0.008627951 0.1225612 0.9924235 -0.00913763 0.1230716 0.9923558 -0.009172737 0.1230659 0.9923562 -0.008652269 0.1235848 0.9922963 -0.008682191 0.12358 0.9922966 -0.009199678 0.1241138 0.9922254 -0.009241878 0.1241064 0.9922259 0.006619691 0.1231079 0.9923713 0.01910096 0.1143714 0.9932545 0.007739424 0.1235509 0.9923081 0.007853865 0.1235308 0.9923098 0.0117014 0.1180368 0.9929404 0.9999884 0.003690063 0.003106474 0.9999884 0.003690361 0.003105342 0.9999884 0.003690421 0.003105163 0.9999884 0.003691732 0.003104865 0.9999884 0.003691494 0.003105521 0.9999884 0.003691494 0.00310558 -0.1545701 0.9804686 -0.1216123 -0.1545845 0.9804648 -0.1216236 -0.1545881 0.9804641 -0.1216264 -0.001593232 0.9924605 -0.1225545 -0.001593828 0.9924607 -0.1225533 -0.001593172 0.9924605 -0.1225547 -0.004424691 0.363064 -0.9317537 0 0.3496795 -0.9368694 -0.004401743 0.3635666 -0.9315578 -0.01165503 0.3631267 -0.9316669 -0.01199567 0.3496611 -0.9367996 -0.01164239 0.3636241 -0.931473 -0.01234793 0.3703833 -0.928797 -0.002307236 0.7211324 -0.6927934 -0.01250499 0.3636129 -0.9314663 -0.001386404 0.3558862 -0.9345284 0 0.2249743 -0.9743648 -9.67777e-4 0.3635239 -0.9315844 -0.01410889 0.3704012 -0.9287647 -0.005708694 0.7211241 -0.6927825 -0.01423406 0.3636403 -0.9314308 -0.003065168 0.3559184 -0.934512 0 0.2249785 -0.9743638 -0.002682507 0.3635457 -0.9315725 -0.01587408 0.3704031 -0.9287355 -0.009118616 0.7211068 -0.692764 -0.01596736 0.3636538 -0.9313973 4.23651e-4 -0.08285307 0.9965617 0 -0.01075994 0.9999421 0 -0.01053243 0.9999446 2.24773e-4 -0.08442759 0.9964297 0 -0.08445113 0.9964277 0 -0.08445113 0.9964277 -0.003461062 0.08487719 -0.9963855 0 0.08433055 -0.9964379 -0.003461062 0.08487868 -0.9963853 6.23389e-4 -0.08442443 0.9964297 0 -0.08455574 0.9964188 0 -0.0845561 0.9964187 0.8161412 -0.1529208 0.5572513 0.8161498 -0.1528666 0.5572536 0.8161507 -0.1528607 0.5572538 -0.003261566 0.08495676 -0.9963794 0 0.08427941 -0.9964423 -0.003261625 0.08495861 -0.9963793 0.8161396 -0.1529207 0.5572536 0.8161493 -0.1528599 0.5572559 0.8161504 -0.1528534 0.5572562 0.8161363 -0.1529335 0.5572549 0.8161273 -0.1530126 0.5572465 0.8161262 -0.1530211 0.5572455 3.35632e-5 -0.08269786 0.9965748 0 -0.01076704 0.9999421 0 -0.01053923 0.9999445 0.8161365 -0.1529124 0.5572603 0.8161611 -0.1527826 0.55726 0.8161637 -0.1527687 0.55726 0.8161359 -0.1529129 0.5572611 0.816155 -0.1527881 0.5572674 0.816157 -0.1527746 0.557268 0.8161339 -0.1529408 0.5572564 0.8161182 -0.1530812 0.5572407 0.8161166 -0.1530963 0.5572391 -0.003660738 0.08511185 -0.9963647 0 0.08438277 -0.9964335 -0.003660798 0.08511388 -0.9963645 -0.05114758 -0.6626988 0.7471375 -0.4999796 -0.7976464 -0.337314 -0.9521191 -0.1750729 0.2506368 -0.05269765 -0.6626501 0.7470729 -0.5019257 -0.7965157 -0.3370959 -0.4078867 0.4172553 0.8121124 -9.93857e-4 0.08304286 -0.9965455 0 0.01072692 -0.9999425 -0.001005351 0.0846669 -0.9964089 -0.04959464 -0.6627457 0.7472004 -0.4980281 -0.7987734 -0.3375336 -0.9486745 -0.1418123 0.2826766 -0.04803782 -0.6628182 0.7472379 -0.4960694 -0.7998855 -0.3377845 -0.9516583 -0.2057411 0.2280729 -3.28436e-5 0.08281421 -0.9965651 0 0.0107544 -0.9999422 -2.55621e-5 0.08443939 -0.9964287 0.01222693 -0.9666032 -0.2559857 0.8865749 0.4286015 0.174028 -0.3300347 0.3961043 0.8568423 0.001023471 -0.08458054 0.9964162 0 -0.08450198 0.9964234 0 -0.0845018 0.9964234 -0.003062605 0.08472359 -0.9963998 0 0.08453959 -0.9964202 -0.003062605 0.08472406 -0.9963998 8.15232e-4 -0.08269673 0.9965745 0 -0.0107727 0.999942 0 -0.01054567 0.9999445 -0.7595062 0.09697395 -0.6432314 -2.81572e-4 0.9666761 0.2560025 -2.97564e-4 0.9667277 0.2558079 -0.003986716 0.9713595 0.2375813 -0.07267475 0.6956182 -0.7147263 -0.002573013 0.9671364 0.2542455 -0.006277024 0.9717302 0.2360109 -0.07428985 0.6954846 -0.7146903 -0.00485295 0.9675382 0.2526783 -0.008571922 0.9720929 0.2344394 -0.07590359 0.6953729 -0.7146295 -0.007137715 0.9679325 0.251109 -0.0108717 0.9724502 0.2328572 -0.0775206 0.6952363 -0.7145888 -0.00942707 0.9683203 0.2495337 -0.01182395 0.968985 0.2468369 -0.01105254 0.9667271 0.2555714 -0.01172447 0.9687017 0.2479507 -2.92611e-4 0.966727 0.2558103 -0.03539919 0.9807204 0.1921838 -0.6811786 0.4034956 -0.6108905 -0.03769773 0.9809576 0.1905287 -0.6820032 0.4006453 -0.6118457 -0.03999954 0.9811873 0.188869 -0.6828199 0.3977872 -0.6127989 -0.04230606 0.9814085 0.1872099 -0.6836289 0.3949242 -0.613748 -0.01151347 0.9686635 0.2481096 -0.3819353 -0.6382346 0.6684177 -0.009431183 0.9683204 0.2495331 0.009365677 -0.968339 -0.2494633 -0.004856467 0.9675369 0.2526831 0.004821479 -0.9675481 -0.2526409 -2.97277e-4 0.9667268 0.2558108 2.95369e-4 -0.9667287 -0.2558038 2.92876e-4 -0.9667282 -0.2558057 -0.01172798 0.9687014 0.2479517 0.01164442 -0.9687246 -0.2478649 0.6600484 0.2932747 0.6916114 0.01157116 -0.9685255 -0.2486453 -0.007143259 0.967932 0.2511108 0.00709182 -0.9679468 -0.251055 -0.002575874 0.9671372 0.254242 0.002556502 -0.9671419 -0.2542243 -0.8432064 -0.3168185 0.4343147 -0.5026119 -0.695077 0.5140519 -0.4895927 -0.7040876 0.5143536 -0.7525703 0.4268288 0.5014531 -0.749666 0.1880524 0.634537 -0.7423157 0.1382218 0.6556388 -0.9568438 0.2242328 -0.1848508 -0.9474604 0.2390779 -0.2125102 -0.8812188 0.3129457 -0.3542858 1.31639e-4 0.9998319 -0.01834082 0 0.9998319 -0.01833945 1.60878e-5 0.9998309 -0.01839256 -0.6722211 0.740197 -0.01507377 -0.6427168 0.7660838 -0.005553424 -0.6374258 0.770502 -0.003880143 -0.06290245 0.1630091 -0.9846174 -0.05203181 0.1543667 -0.9866427 -0.06959438 0.1595706 -0.9847304 -0.6581007 0.749263 0.07421833 -0.6637337 0.7449983 0.06659662 -0.673064 0.7376295 0.05373644 -0.9151515 -0.3350936 -0.2240757 -0.9459275 -0.2465761 -0.2107641 -0.9511439 -0.228325 -0.2078294 -0.5569619 0.8047431 -0.2053829 -0.197349 0.9430903 -0.2676457 -0.123331 0.9534718 -0.2751019 -0.7265229 0.6871414 -0.00112617 -0.7609415 0.6487508 -0.009519815 -0.7654603 0.6433948 -0.01065891 -0.006994724 -0.1213664 0.9925831 -0.0276426 -0.02482587 0.9993095 -0.00462085 -0.1323691 0.9911898 -0.9028241 0.42894 -0.03031718 -0.9027803 0.4290254 -0.03041583 -0.9041528 0.4263354 -0.02731293 -0.9776613 -0.06777554 -0.1989601 -0.9571738 0.2559682 -0.1352733 -0.9480283 0.2917782 -0.1269169 -0.8150016 0.5607286 0.146137 -0.8192628 0.5556911 0.1414775 -0.9049782 0.4245698 0.02747553 -0.9472628 0.3126506 0.07030552 -0.9472634 0.312649 0.07030439 -0.9472636 0.3126482 0.0703051 0.1950585 -0.1419288 0.9704681 0.1604691 -0.009100198 0.986999 0.1514611 0.0237078 0.988179 -0.8185285 0.5605386 0.1257287 -0.8199408 0.559031 0.123213 -0.8123584 0.5669515 0.1365277 -0.3072339 0.9342796 0.1809116 -0.2981748 0.9386916 0.1730608 -0.3186959 0.9284415 0.1908648 -0.9772327 0.1189849 0.1756672 -0.9772326 0.1189836 0.1756684 -0.9772326 0.1189851 0.1756673 -0.9918627 0.05009961 0.1170412 -0.991151 0.02213162 0.1308812 -0.991811 0.06796991 0.1081256 -0.119317 0.8388982 0.5310493 -0.09595966 0.8239184 0.558525 -0.1748208 0.8697171 0.4615517 -0.8178635 0.03780752 -0.5741689 -0.8302927 0.07816189 -0.5518198 -0.8334575 0.08951848 -0.5452845 -0.01997125 0.8645409 0.5021656 -0.01414853 0.8800901 0.4745962 -0.01333975 0.8821747 0.4707334 -0.05231571 0.6399773 -0.7666108 -0.05043935 0.6255999 -0.7785118 -0.05028611 0.6244223 -0.7794666 -0.9972566 -0.07165253 0.01858139 -0.9935227 -0.1133363 0.008224785 -0.9920864 -0.1254495 0.005202412 -0.008552193 0.622624 -0.7824744 -0.009942531 0.6118149 -0.7909384 -0.008436799 0.6235156 -0.7817655 -0.9788486 0.08963179 -0.1839066 -0.8751527 -0.4548054 -0.1651054 -0.9743635 0.1308543 -0.1830109 -0.8974329 0.2628512 0.3542931 -0.8988802 0.2307531 0.372515 -0.8963216 0.2779106 0.3455045 -0.9066337 0.4200991 -0.03914076 -0.9066337 0.4200991 -0.03914129 -0.9066336 0.4200994 -0.03914189 -0.6379199 0.7515345 -0.1680898 -0.7807312 0.616964 -0.09906727 -0.6124693 0.7700827 -0.1784766 -0.8965389 0.4381383 -0.06521385 -0.8946429 0.4424603 -0.06199252 -0.891252 0.4499947 -0.05634611 -0.9978214 -0.06583523 -0.004256308 -0.9997283 0.01600742 -0.01694911 -0.9998681 -0.00442636 -0.01562654 -0.555409 0.8299482 0.05202817 -0.5343331 0.8421598 0.07249373 -0.5038719 0.8578456 0.1010646 -0.5179239 0.8423599 0.1489453 -0.5658888 0.8065934 0.1708128 -0.486504 0.8632161 0.1348034 -0.9968759 0.004864037 0.07883453 -0.9969063 -0.001050889 0.07859289 -0.9969205 0.004759788 0.07827526 -0.7235347 0.6902461 -0.007605135 -0.7220285 0.6918138 -0.008274316 -0.7240013 0.689759 -0.007397472 -1.2364e-4 0.9998973 0.01433038 0 0.9998974 0.01433104 -1.24431e-4 0.9998973 0.01433026 -0.6866129 0.7225304 -0.08070123 -0.6041746 0.7893072 -0.1093953 -0.5924146 0.7976421 -0.1131908 -0.9999606 -0.003534615 0.008146226 -0.9999607 -0.003534734 0.008146047 -0.9999607 -0.003534972 0.008146166 -0.9999607 -0.003534555 0.008145928 -0.9999607 -0.003534436 0.008145987 -0.9999606 -0.003534317 0.008146286 -0.9999255 -0.002392053 -0.01197797 -0.9999138 -8.43784e-4 -0.01310557 -0.9999406 -6.80567e-5 -0.01090437 -0.9954298 0.01154941 0.09479552 -0.99569 0.006593883 0.09250932 -0.9955029 0.01180464 0.09399276 0.08686977 -0.2840523 0.9548655 0.03825187 -0.3659533 0.9298468 0.2957683 0.1222143 0.9474095 -0.9905072 -0.09810721 -0.09628397 -0.992913 -0.08241361 -0.08562606 -0.9965913 -0.05139654 -0.06452989 -0.9999606 -0.003534913 0.008146047 -0.9999607 -0.003534555 0.008146107 -4.2634e-4 0.06723886 -0.9977368 0 0.06591087 -0.9978256 -4.03355e-4 0.0673989 -0.997726 -0.9999606 -0.003535628 0.008145749 -0.9999606 -0.003534495 0.008144855 -0.08887195 0.06044834 -0.9942072 -0.0876435 0.06443887 -0.9940656 -0.08927917 0.05912417 -0.9942502 0.01412343 -0.7238126 0.6898521 0.02151924 -0.711523 0.7023332 0.02479654 -0.7059907 0.7077869 -0.8079674 -0.02208757 -0.5888131 -0.8092247 -0.01992887 -0.5871614 -0.829714 0.01723551 -0.5579227 -0.2712039 -0.6286317 0.7288832 -0.1367087 -0.6031684 0.7858108 -0.3140106 -0.6339771 0.7067322 -0.9955832 0.006058931 0.09368878 -0.9955171 0.003707528 0.09450924 -0.9955834 0.002574205 0.09384578 -0.9989558 -0.04092091 -0.02032285 -0.9987024 -0.04709416 -0.01938354 -0.9998937 -0.003291547 -0.01420581 -0.9785759 0.12506 0.1635519 -0.9558476 0.2153298 0.199971 -0.9793608 0.1210105 0.1618919 -0.9463728 0.02733623 0.3219183 -0.9464501 0.02836316 0.3216018 -0.9464601 0.02849632 0.3215607 -0.6876603 -0.6853814 -0.2395324 -0.5611639 -0.737099 -0.3765373 -0.5043755 -0.7501341 -0.4276731 0.02923369 -0.9743924 -0.2229457 0.01858001 -0.9794327 -0.2009145 0.03553158 -0.9711223 -0.2359216 -0.9996181 -0.01545155 0.02291673 -0.9995104 -0.02398407 0.02009981 -0.9986099 -0.05194443 0.008956551 0.03546321 -0.9585358 -0.2827571 0.02978014 -0.9606206 -0.276263 0.06842273 -0.9449291 -0.3200429 -0.001456677 0.08417856 0.9964497 -0.001977324 0.08419358 0.9964475 -0.001977324 0.08419466 0.9964474 -0.1178233 -0.942115 -0.3139063 -0.1939105 -0.9402039 -0.2800274 -0.2126253 -0.9387156 -0.2712997 -0.2135645 0.08223581 0.9734616 -0.2135643 0.0822525 0.9734603 -0.2135642 0.08225768 0.9734598 -0.9934045 0.004996657 0.1145533 -0.993437 -9.94955e-4 0.1143769 -0.9934036 0.004508435 0.1145822 -0.9930479 -0.006846606 0.1175123 -0.9932045 0.00319159 0.1163385 -0.2078992 0.007105052 0.9781245 -0.2078989 0.007105052 0.9781246 -0.2078993 0.007105052 0.9781244 -0.7662634 0.06713849 -0.6390094 -0.7673478 0.06572222 -0.6378542 -0.7758933 0.05438923 -0.6285154 -0.001269757 0.007265448 0.9999729 -8.47196e-4 0.007261991 0.9999734 -8.47163e-4 0.007266104 0.9999733 -0.08477914 0.02792489 -0.9960084 -0.08118778 0.03612196 -0.996044 -0.08705872 0.02271258 -0.9959443 -0.9999608 -0.003488719 0.008141934 -0.9999606 -0.003520965 0.008148491 -0.9999606 -0.003535449 0.008146047 0.01033747 0.03096449 -0.999467 0.01010704 0.03001171 -0.9994985 0.01039081 0.03118509 -0.9994597 -0.9999611 -0.003276348 0.008191645 -0.9999545 -0.00512135 0.008054375 -0.9999578 -0.004345953 0.008094966 -0.9404304 0.03842306 -0.3378081 -0.941509 0.04283666 -0.3342543 -0.9426795 0.04777741 -0.3302615 -0.9420387 0.003480613 0.3354862 -0.9426812 0.009365499 0.3335635 -0.9427647 0.01015567 0.3333044 -0.999899 -0.003486931 -0.01378291 -0.9998994 -5.11761e-4 -0.01418304 -0.9999055 -3.28332e-4 -0.01374554 -0.9999626 -0.002910196 0.008153676 -0.9999616 -0.003218889 0.008148729 -0.9999599 -0.003760218 0.0081411 -0.9999603 -0.003628253 0.00814712 -0.9994727 -0.02697557 -0.01807439 -0.9808821 0.1119985 0.1591436 -0.961165 0.2676258 0.06736767 -0.9763942 0.009205102 0.2157997 -0.9372654 -0.08071947 0.339143 -0.9356769 -0.04116648 0.3504486 -0.9350594 -0.0316599 0.3530746 0.002143025 -0.07077795 -0.9974898 0.002069056 -0.0690943 -0.997608 0 -0.04906308 -0.9987957 -0.9995797 -0.02175855 0.01915758 -0.9995746 -0.02118855 0.02004712 -0.05713814 -0.07596927 -0.9954717 -0.05713772 -0.07597649 -0.9954712 0.8820605 0.2957351 -0.3667561 -4.3879e-4 -0.3016572 0.9534165 0.003736495 -0.3016467 0.9534125 0.003736495 -0.3016464 0.9534126 -0.7735488 -0.0543617 -0.631401 -0.7659646 -0.04057753 -0.641601 -0.7185565 0.0368005 -0.6944942 -0.172688 -0.2971249 0.939093 -0.1726878 -0.2971247 0.9390931 -0.1726878 -0.2971247 0.9390932 -0.9934256 0.001084685 0.1144747 -0.9935185 -0.001832604 0.1136568 -0.9999607 -0.003534853 0.008146226 -0.9999189 -0.003474295 -0.01225626 -0.8230369 0.5663754 0.04277074 -0.8225165 0.5670363 0.04400783 -0.8261867 0.5622967 0.03518587 -0.9467304 0.04595953 0.3187309 -0.942089 0.2636045 0.2073187 -0.9362701 0.2962624 0.1887512 -0.8349155 0.4597306 -0.3025955 -0.7069086 0.6936695 -0.1382132 -0.6645125 0.7411637 -0.0953918 -0.9999607 -0.003534138 0.008146286 -0.009638369 0.9851498 -0.1714264 -0.01004242 0.9847526 -0.1736708 -0.00957787 0.9852089 -0.1710904 -0.02977597 0.9866268 -0.1602534 -0.02771204 0.9855095 -0.1673415 -0.02686083 0.985033 -0.1702604 -8.47109e-4 0.007270812 0.9999733 -8.47256e-4 0.00726664 0.9999733 -0.1171337 0.981163 -0.1536196 -0.1170942 0.9811511 -0.1537257 -0.1177062 0.9813335 -0.152085 -0.2078995 0.007105052 0.9781244 -0.2078996 0.007105112 0.9781244 -0.9946335 0.04969835 0.09074413 -0.993874 0.01592254 0.1093664 -0.9945891 0.05840796 0.08591353 -0.8832175 -0.289049 -0.3692933 -0.9626519 0.04342097 -0.2672376 -0.9639582 0.0813201 -0.2533211 -0.9726346 -0.1014341 -0.2090291 -0.9711367 -0.0137785 -0.2381256 -0.9815098 -0.07075572 -0.1778542 -0.9271946 0.0116381 -0.3743993 -0.9302607 0.0300135 -0.3656697 -0.9315218 0.03834497 -0.3616586 -0.9312504 -0.1071004 -0.3482848 -0.9223483 -0.2708635 -0.2755118 -0.9252723 -0.03039598 -0.3780837 -0.9375019 -0.2505657 -0.241469 -0.9485313 -0.1695048 -0.2675007 -0.9302433 -0.2866305 -0.2291082 -0.9717073 0.2264505 -0.06712156 -0.9803797 0.0426557 -0.1924479 -0.9246115 0.3808905 0.0040102 -0.9060235 0.3423947 -0.2487719 -0.9108973 0.3104265 -0.2718483 -0.855238 0.3887611 -0.3426848 -0.03797233 0.9865599 -0.1589263 -0.04735243 0.985273 -0.1643016 -0.04030555 0.9862801 -0.160085 -0.01405221 0.9904356 -0.1372582 -0.01409441 0.9903662 -0.1377543 -0.01600533 0.9905247 -0.1363993 -0.07652115 -0.5153926 -0.853531 -0.0310142 -0.6981246 -0.7153043 -0.04606145 -0.7412639 -0.6696314 -0.9636293 0.0865494 -0.2528398 -0.9662805 0.07557946 -0.2461498 -0.9723309 0.04732882 -0.2287635 0.9756612 0.09494024 -0.1976653 0.8452667 0.5294965 -0.0718171 0.9765722 0.02219009 -0.2140432 -0.01523035 0.9982606 0.05695509 -0.02165019 0.9952617 0.09479153 -0.01076722 0.9906262 0.1361767 -0.05746585 0.1543595 -0.9863421 -0.05788493 0.1459408 -0.9875984 -0.05596053 0.1541801 -0.9864568 -0.03545057 0.1662217 -0.985451 -0.03547841 0.1661519 -0.9854618 -0.03634166 0.163986 -0.9857931 -0.06425386 0.1811213 -0.9813596 -0.06448853 0.1777709 -0.9819567 -0.06424373 0.181266 -0.9813335 -0.05877488 0.1848683 -0.9810042 -0.05850559 0.1884038 -0.9803475 -0.05878615 0.1847198 -0.9810315 -0.03653216 0.1584579 -0.9866898 -0.04232734 0.1550476 -0.9869999 -0.04511404 0.1534048 -0.9871332 -0.005289494 0.9839901 0.1781448 -0.005289673 0.9839901 0.1781446 -0.005289494 0.9839901 0.1781448 0.9975563 -0.001587212 -0.0698511 0.9975568 -0.001588821 -0.06984311 0.9975562 -0.001587092 -0.06985169 0.005781352 -0.9839777 -0.1781981 0.005781292 -0.9839783 -0.1781951 0.005781292 -0.9839782 -0.1781951 -0.997504 0.004930317 0.07043761 -0.9975033 0.004931986 0.07044714 -0.9975033 0.004932105 0.07044762 -0.0636385 0.1558855 -0.9857231 -0.05991387 0.2109794 -0.9756527 -0.06379336 0.1535175 -0.9860845 -0.0653401 0.1517392 -0.9862585 -0.07639443 0.1469165 -0.9861945 -0.07942157 0.1455912 -0.9861519 -0.05866783 0.203268 -0.9773639 -0.05346041 0.1434235 -0.9882164 -0.05305242 0.138807 -0.9888975 -0.1091149 0.1595749 -0.981137 -0.1101099 0.1582067 -0.9812475 -0.1114382 0.1563785 -0.9813905 -0.9971222 0.01993471 0.07314443 -0.9971225 0.01993262 0.07314139 -0.9971225 0.01993262 0.07314074 0.01400518 -0.9837984 -0.1787307 0.014005 -0.9837996 -0.1787236 0.014005 -0.9837998 -0.1787235 0.9970334 -0.0225619 -0.0735898 0.997033 -0.02256488 -0.07359367 0.9970334 -0.02256172 -0.07358896 -0.01531755 0.983766 0.1788011 -0.01531916 0.9837623 0.1788219 -0.01531749 0.9837661 0.1788008 0.9015663 0.4326409 -8.08608e-7 0.9015656 0.4326426 0 -0.329266 -0.03466743 -0.9436007 -0.9964799 0.08383226 5.67621e-7 -0.9964798 0.08383375 0 -0.9964799 0.08383268 0 0 -1.58097e-6 -1 0 -3.12195e-6 -1 0 -1.77502e-6 -1 -0.001585423 -0.9999988 0 -0.001585364 -0.9999988 0 -0.001585423 -0.9999988 0 -0.004596054 0.9999895 0 -0.004595994 0.9999895 0 -0.004596054 0.9999895 0 0 -2.78927e-7 -1 -0.9861382 -0.1659262 1.46737e-7 -0.9861385 -0.1659244 0 0.147293 -0.1815562 -0.9722871 0.8653453 -0.5011762 0 0.8653451 -0.5011767 0 0.8653446 -0.5011774 0 -0.8784733 0.472629 0.07004696 -0.9334956 -0.3397815 -0.1146059 -0.9088753 -0.4077332 -0.08774679 -0.9410735 -0.3145694 -0.1242046 -0.6235935 0.1137076 -0.7734351 -0.8604651 0.4184564 -0.2906788 -0.5848757 0.07908058 -0.8072589 -0.7537254 0.656921 -0.01878356 -0.6140036 0.7854286 0.07811361 -0.544956 0.8299877 0.1189266 -0.9037777 0.3985475 -0.1560313 -0.8859551 0.4329621 -0.1662148 -0.907401 0.3911044 -0.1538209 -0.04620647 0.985252 -0.1647528 -0.04625153 0.9852675 -0.1646474 0.02909058 0.00727725 0.9995503 0.02909082 0.007261991 0.9995504 0.02909058 0.007259368 0.9995505 0.05788773 -0.3011528 0.9518172 0.05788779 -0.301153 0.9518173 0.05788785 -0.301153 0.9518172 0.02909088 0.007270097 0.9995504 0.02909111 0.007259368 0.9995505 0.02145618 0.08416539 0.9962208 0.02145618 0.08416545 0.9962208 0.02145618 0.08416545 0.9962208 0.1493828 -0.6626502 0.7338798 0.1256306 -0.6753889 0.7266821 0.1755713 -0.6479296 0.7411897 -0.06971454 0.8823963 0.4653135 -0.06983661 0.8823301 0.4654209 -0.0723769 0.8809453 0.4676505 -0.734503 0.6648055 0.1361578 -0.7398943 0.6597692 0.1313809 -0.73838 0.6619248 0.1290367 0.1447576 -0.0830686 0.9859741 0.1640276 -0.09714484 0.9816607 0.03684365 -0.004480779 0.9993111 -0.9010626 0.433689 3.18587e-4 -0.9700831 0.183471 0.1589888 -0.8749359 0.4830197 -0.03434038 -0.6962833 0.7177597 -0.003247976 -0.6926535 0.7212073 -0.009550273 -0.684098 0.7289918 -0.02410471 -0.9994233 -5.98642e-4 0.03395044 -0.9994623 -0.003411233 0.03261232 -0.9994435 -0.001100122 0.03334295 -0.9984929 -0.03370487 0.04331338 -0.9984519 -0.04219561 0.03624242 -0.9979835 -0.05966079 0.0216704 -0.9993976 -5.98414e-4 0.03470146 -0.999415 -0.003093898 0.03406214 -0.9993761 -0.001209199 0.03529828 -0.9993786 -0.002994537 0.03512221 -0.9994806 -0.002327799 0.03214365 -0.9995161 -3.27191e-4 0.03110486 0 1 -1.07309e-4 8.74577e-7 1 -1.0714e-4 2.02542e-7 1 -1.06772e-4 -0.7791994 -0.6267574 -0.004855394 -0.8469356 -0.5316664 0.005569517 -0.8526349 -0.5224665 0.006533622 -0.6775231 0.7348211 0.03163129 -0.7101424 0.7038725 0.01616901 -0.7227799 0.6910066 0.009954333 -0.9066337 0.4200991 -0.03914093 -0.9066339 0.420099 -0.03914099 -0.9066337 0.4200993 -0.03914082 -0.999633 0.01461887 0.02281296 -0.9957129 0.08731561 0.03052681 -0.9943016 0.1016756 0.03203701 8.25539e-7 1 -1.06621e-4 -1.0498e-5 1 -1.01874e-4 -0.01582002 0.9908249 -0.1342232 -0.01916337 0.9907882 -0.1340586 0 0.007260143 0.9999737 -0.001269102 0.00726974 0.9999728 0 0.007259488 0.9999737 0 -0.3016577 0.9534163 0 -0.3016577 0.9534163 0 0.007259488 0.9999737 0 0.08419334 0.9964495 0 0.08419454 0.9964494 0.007405936 -0.7483109 0.6633068 0.0128889 -0.7435895 0.6685122 0.0284202 -0.7298898 0.6829738 -1.24192e-4 0.9998974 0.01432973 -1.2327e-4 0.9998974 0.01432919 0 0.8529269 0.5220305 -9.2419e-4 0.8587253 0.5124356 0 0.8492071 0.5280599 0 -0.07957953 0.9968286 0.006412029 -0.1702146 0.9853861 0 -0.06402349 0.9979485 1.43447e-4 0.9998307 -0.01840418 1.62964e-5 0.99983 -0.01844513 -0.01710623 0.1243346 0.9920929 -0.01678484 0.1239752 0.9921434 -0.01903676 0.1264932 0.9917848 -0.9999337 -0.005176961 0.010288 -0.9999428 -5.22593e-4 0.01068776 -0.9999427 -2.55816e-4 0.01071065 -0.8467487 0.1184593 -0.5186368 -0.8591796 0.1706557 -0.4823766 -0.8400447 0.09496927 -0.5341404 0.997032 -0.02256482 -0.07360768 0.9970319 -0.02256077 -0.07361066 0.997032 -0.02256554 -0.07360792 -0.997123 0.01993513 0.07313275 -0.9971231 0.01993483 0.0731315 -0.1878075 0.1613585 -0.9688612 -0.1769136 0.1576917 -0.9715117 -0.1894742 0.1619184 -0.9684431 -0.1353648 0.1523135 -0.9790183 -0.08821028 0.1466773 -0.9852435 -0.1382612 0.1526495 -0.9785613 -0.9975033 0.004929423 0.07044869 -0.9975033 0.0049299 0.07044798 0.9975568 -0.001586616 -0.06984287 0.9975566 -0.001587986 -0.06984549 0.9975569 -0.001586496 -0.06984245 -0.06676584 0.1577457 -0.9852202 -0.05246448 0.1546968 -0.986568 -0.08939379 0.1610571 -0.9828884 -0.07778137 0.1675832 -0.9827848 -0.07280719 0.164921 -0.9836159 -0.07941871 0.1684586 -0.9825041 -0.05525147 0.1464785 -0.9876697 -0.05358695 0.1548905 -0.9864773 0.7653625 0.2825751 -0.5782487 0.8782364 0.1212604 -0.462598 0.7038909 0.3481212 -0.6191521 -0.9858972 0.06358665 -0.1548016 -0.9788348 0.05431485 -0.1973133 -0.9883098 0.06747442 -0.1367148 0.9803814 -0.0609098 0.1874634 0.9827436 -0.05335235 0.1771118 0.9771304 -0.02922874 0.2106226 -0.6492804 0.7432991 0.1610634 -0.5448888 0.821354 0.1687417 -0.6771565 0.7185973 0.1583573 -0.9969341 -4.75362e-4 0.07824492 -0.9969595 0.005069077 0.07775777 -0.9907913 0.1316877 -0.03147792 -0.9996936 0.02238047 0.01057273 -0.988921 0.1439577 -0.03621494 -0.8551983 0.3884901 -0.343091 -0.8551999 0.3885009 -0.3430749 -0.8552384 0.3887615 -0.3426834 -0.9840747 0.0935899 0.1511226 -0.9846343 0.02658665 0.1725934 -0.9830265 0.1125519 0.1448827 0.07480376 0.001530528 0.9971972 0.1031851 0.01545518 0.9945421 0.02806335 -0.02132481 0.9993787 -0.8461076 0.4459525 0.2919393 -0.893211 0.3634592 -0.2647103 -0.8802925 0.3187063 -0.351442 -0.8924852 0.4375596 -0.1095985 -0.9667674 0.2020394 -0.1566554 -0.9692652 0.1876106 -0.1591457 -0.05496203 0.1618162 -0.9852892 -0.9796063 0.200051 0.01873618 -0.988137 0.1532003 0.01072567 -0.9893825 0.1450359 0.009333372 -0.8260837 0.3426295 0.447427 -0.8489618 0.3043574 0.4320074 -0.8979088 0.2056218 0.3892038 -0.9911249 -0.03530234 0.1281605 -0.9857184 -0.07800018 0.1492489 -0.9854165 -0.07995212 0.1502069 -0.9948532 0.09147608 0.04358059 -0.9848574 -0.1006453 0.1411605 -0.9837604 -0.1068308 0.1442317 -0.896435 0.215628 0.3871807 -0.8986468 0.2080562 0.3861949 -0.899158 0.2062767 0.38596 -0.8325278 0.5519028 -0.04796874 -0.8285813 0.5576648 -0.04962986 -0.8328155 0.5514791 -0.04784679 -0.05909025 0.1541935 -0.9862722 -0.05833393 0.1639215 -0.9847472 -0.01234406 0.1827729 0.9830778 -0.008036971 0.1272532 0.9918377 -0.0125482 0.1854033 0.9825824 -0.9774285 0.135896 -0.161759 -0.5880997 0.8085056 -0.02138894 -0.5600962 0.8283047 -0.01427888 -0.72078 0.5749312 -0.3872084 -0.8537441 0.0848208 -0.5137377 -0.7083906 0.5962811 -0.3776661 -0.0120365 0.0874207 0.9960988 -0.01674175 0.09445887 0.9953881 -0.01084691 0.08564049 0.9962671 -0.9843173 0.1090984 0.1386256 -0.988996 0.02673596 0.1455063 -0.9839042 0.1132172 0.1382547 -0.2973756 0.931437 0.2097451 -0.2938982 0.9348657 0.1991232 -0.2841731 0.9435982 0.1699067 -0.865794 0.471746 -0.1669024 -0.9957999 0.08686119 -0.02894222 -0.8439186 0.5056948 -0.1790934 -0.9683476 0.2256111 0.1067829 -0.9539667 0.2809037 0.1050741 -0.9693562 0.2211788 0.106904 -0.9994872 0.03167557 0.004699409 -0.9976009 0.02214086 0.06559151 -0.9963278 0.0193271 0.08341187 -0.6157233 0.7772315 -0.1295993 -0.6543835 0.7314077 -0.1918987 -0.6667867 0.7140383 -0.2134129 -0.9904677 0.01659631 -0.1367422 -0.9704021 -0.1605336 -0.1804131 -0.9621543 -0.1965906 -0.1887099 -0.05387145 0.1459494 -0.9878242 -0.05316686 0.1551296 -0.9864624 -0.09811848 0.1579831 -0.982555 -0.09793949 0.1575648 -0.9826399 -0.0995022 0.1612172 -0.9818903 -0.9975036 0.004932701 0.07044321 -0.9975036 0.004933714 0.07044184 -0.1490851 0.1496568 -0.9774336 -0.1484802 0.1485458 -0.9776952 -0.1506454 0.1525239 -0.976751 -0.9971234 0.01993161 0.07312834 -0.9971235 0.01993089 0.07312637 -0.006635367 0.1160468 0.9932216 0.001036584 0.09974515 0.9950125 -0.01081645 0.1249169 0.9921082 -0.9999043 -0.007779896 0.01144611 -0.9987555 0.04757189 0.01498132 -0.9985779 0.051099 0.01520538 -0.01950585 0.1870524 0.9821563 -0.01894074 0.1832224 0.982889 -0.01956969 0.1874849 0.9820726 0.9755069 0.1066284 -0.1923975 -0.7181279 0.3022761 -0.6268346 -0.9124416 0.1731476 -0.37077 0.9970319 -0.02256041 -0.07361018 -0.1223582 0.1613495 -0.9792829 -0.1683974 0.1576115 -0.9730371 -0.1750003 0.1570448 -0.9719629 0.9975566 -0.001587986 -0.06984579 -0.06590992 0.1646394 -0.9841493 0.9685417 0.06314277 -0.2407072 0.9378772 0.05960816 -0.341809 0.9098511 0.05670493 -0.4110421 -0.7600901 0.64973 -0.010679 -0.7054625 0.7079985 -0.03256893 -0.6984885 0.7147543 -0.03521609 1.27968e-4 0.9998301 -0.01843607 0 0.9998294 -0.01847636 -1.23966e-4 0.9998974 0.01432919 -1.23043e-4 0.9998974 0.01432865 -0.01111435 0.9907958 -0.134908 -0.008548617 0.9905714 -0.1367307 -5.27844e-6 1 -1.03936e-4 -2.51924e-5 1 -9.55118e-5 -0.004720568 -0.1881512 0.9821287 -0.01543968 -0.1480162 0.9888644 -0.003524482 -0.1926071 0.9812697 -0.009014189 0.1244512 0.9921849 -0.009123146 0.1246061 0.9921644 -0.008822858 0.1241791 0.9922207 0.005134701 0.1241193 0.992254 0.005030393 0.1242135 0.9922428 0.00437951 0.1248017 0.9921721 0.007445573 0.12345 0.9923229 0.007460355 0.1234647 0.992321 0.006231546 0.1222385 0.9924812 0.01739031 0.111745 0.9935848 -0.007874429 0.124458 0.9921938 -0.007980883 0.1246126 0.9921734 -0.007691025 0.1241913 0.9922286 -0.008436858 0.1244318 0.9921924 -0.008556663 0.1246222 0.9921675 -0.008279681 0.124182 0.992225 -0.006743609 0.1219878 0.9925087 -0.006709218 0.1219601 0.9925124 -0.00658679 0.1218613 0.9925253 -0.0108931 0.1227949 0.9923723 -0.01083296 0.1228775 0.9923627 -0.01070666 0.1230511 0.9923427 -0.007788062 0.1232855 0.9923408 -0.00770688 0.1234148 0.9923253 -0.007605016 0.1235769 0.9923059 -0.008784234 0.1237609 0.9922732 -0.008689582 0.1239706 0.9922479 -0.008628308 0.1241062 0.9922315 -0.01048064 0.1228094 0.992375 -0.01043051 0.1228719 0.9923678 -0.01027673 0.1230639 0.9923456 -0.007354736 0.1232953 0.9923428 -0.007429122 0.123407 0.9923284 -0.007235288 0.1231158 0.992366 -0.008498668 0.1237772 0.9922736 -0.008403241 0.1239652 0.992251 -0.008328974 0.1241114 0.9922333 -0.007053554 0.1219788 0.9925077 -0.007035374 0.1219626 0.9925098 -0.006916344 0.1218569 0.9925236 -0.01129686 0.1228002 0.9923672 -0.01124799 0.1228648 0.9923597 -0.0110985 0.1230625 0.9923369 -0.008144199 0.1232978 0.9923363 -0.008071064 0.1234039 0.9923238 -0.007952392 0.123576 0.9923033 -0.009068012 0.1237716 0.9922693 -0.008974552 0.1239643 0.9922461 -0.008902192 0.1241136 0.9922281 0.01024287 0.1181336 0.992945 0.01192569 0.1189615 0.9928273 0.007857739 0.1169593 0.9931057 -0.007341265 0.1219923 0.9925039 -0.007375717 0.1219636 0.9925072 -0.007218599 0.1220944 0.9924923 0.009685754 0.1254605 0.9920514 0.01041418 0.1262527 0.9919435 0.01170617 0.1276576 0.9917493 0.01421362 0.1199178 0.9926822 0.0146631 0.1205738 0.9925961 0.01669383 0.1240909 0.9921304 -0.006712973 0.1223244 0.9924675 -0.006713271 0.1223247 0.9924675 -0.00653851 0.1221541 0.9924897 -0.007115781 0.1223134 0.992466 -0.007133126 0.1223328 0.9924635 -0.006963372 0.122143 0.9924881 -0.007532656 0.1223251 0.9924615 -0.007532596 0.1223251 0.9924616 -0.007354438 0.1221482 0.9924847 0.999993 0.001656174 0.003356099 0.999993 0.001656115 0.003355085 0.9999931 0.001656174 0.003356277 6.59472e-4 0.9924629 -0.1225439 6.58274e-4 0.9924628 -0.1225457 6.59681e-4 0.992463 -0.1225436 -0.08132076 -0.9892102 0.121862 -0.08131849 -0.9892107 0.1218588 -0.081321 -0.9892101 0.1218623 -0.999992 -0.002350866 -0.003266215 -0.9999919 -0.002350926 -0.003267049 -0.999992 -0.002350926 -0.003267168 -0.999993 -0.001657307 -0.003352642 -0.999993 -0.001657128 -0.003357052 -0.999993 -0.001657128 -0.003357708 -0.8970571 0.4381847 -0.05729538 -0.8970601 0.4381782 -0.05729854 -0.8970606 0.4381772 -0.05729901 0.9999936 9.46643e-4 0.003445088 0.9999936 9.4663e-4 0.003446996 0.9999937 9.46646e-4 0.00344479 0.01652657 0.992334 -0.1224762 0.01652532 0.9923341 -0.122474 0.01652675 0.9923339 -0.1224765 0.9999872 0.004031538 0.00306493 0.9999872 0.004031717 0.003062009 0.9999872 0.004031717 0.003061652 0.999993 0.001656234 0.003355681 0.999993 0.001656293 0.003353118 0.999993 0.001656234 0.003356099 -0.9999936 -9.48362e-4 -0.00344032 -0.9999936 -9.48407e-4 -0.003448009 -0.9999937 -9.48414e-4 -0.003449261 0.01464462 -0.9923504 0.1225816 0.01464498 -0.9923499 0.1225858 0.01464504 -0.9923499 0.1225863 -0.01344275 0.9923661 -0.1225924 -0.01344221 0.9923678 -0.1225788 -0.01344281 0.9923658 -0.1225948 -0.999993 -0.001656353 -0.00336045 -0.999993 -0.001656413 -0.003355741 -0.999993 -0.001656413 -0.003355085 0.9999884 0.003690719 0.003104925 0.9999884 0.003690779 0.003105878 0.9999884 0.003690779 0.003106057 -0.01464611 0.9923493 -0.1225908 -0.01464563 0.9923501 -0.1225841 -0.01464617 0.9923492 -0.1225916 0.9999872 0.0040313 0.003063738 0.9999872 0.00403136 0.003063797 0.9999873 0.00403136 0.003063797 -7.24293e-4 -0.992463 0.122543 -7.24218e-4 -0.992462 0.1225507 -7.24211e-4 -0.9924619 0.1225514 -0.007699787 -0.9924369 0.122514 -0.007700383 -0.9924362 0.1225197 -0.007700443 -0.9924361 0.1225207 0.9999938 9.46007e-4 0.003438293 0.9999936 9.46007e-4 0.003446161 0.9999937 9.46007e-4 0.003437101 -0.9999884 -0.003691315 -0.003104627 -0.9999884 -0.003691315 -0.003104269 -0.9999884 -0.003691315 -0.003104686 7.25239e-4 0.9924626 -0.1225456 7.25246e-4 0.992463 -0.1225434 7.25238e-4 0.9924627 -0.1225458 0.9999936 -1.36249e-4 0.003572702 0.9999937 -1.36263e-4 0.003579795 0.9999937 -1.36247e-4 0.003571629 0.9999872 0.004031658 0.003065049 0.9999872 0.004031658 0.003063142 0.9999872 0.004031658 0.003062844 -0.9999936 -9.46752e-4 -0.003440856 -0.9999936 -9.46807e-4 -0.003440022 -0.9999937 -9.46815e-4 -0.003439843 0.9999904 0.003028333 0.003186225 0.9999904 0.003028392 0.003187 0.9999904 0.003028333 0.003186166 0.02053934 -0.9922447 0.122592 0.02054071 -0.9922435 0.1226012 0.02054083 -0.9922434 0.1226018 0.04130595 -0.9915972 0.122592 0.04130524 -0.9915977 0.1225883 0.04130607 -0.9915972 0.1225927 -0.02053952 0.9922444 -0.1225942 -0.0205397 0.9922442 -0.1225955 -0.02053952 0.9922444 -0.1225941 -0.9999937 1.34262e-4 -0.003579378 -0.9999937 1.34276e-4 -0.003578305 -0.9999937 1.34278e-4 -0.003578126 -0.03255826 0.9919228 -0.1225933 -0.03256094 0.991922 -0.1225996 -0.03255796 0.9919229 -0.1225926 -0.04129916 0.9915975 -0.1225921 -0.04129844 0.9915977 -0.1225913 -0.04129832 0.9915977 -0.1225911 -0.01478433 0.9923474 -0.1225891 -0.01478409 0.992348 -0.1225846 -0.01478433 0.9923474 -0.1225895 -0.002274036 -0.9924606 0.1225441 -0.002273678 -0.9924615 0.1225368 -0.002274036 -0.9924604 0.1225454 0.9999919 0.002350986 0.003270804 0.9999919 0.002350866 0.003275275 0.999992 0.002350986 0.003270208 0.006389021 -0.9924403 0.1225627 0.006388783 -0.9924392 0.1225719 0.006388723 -0.9924389 0.1225734 0.9999936 -1.43697e-4 0.003581345 0.9999936 -1.43698e-4 0.003579556 0.9999936 -1.43697e-4 0.003581643 -0.0327509 0.9919158 -0.1225991 -0.03275036 0.9919163 -0.122595 -0.03275096 0.9919158 -0.1225993 0.002272009 0.9924619 -0.1225329 0.002272248 0.9924606 -0.122544 0.002272248 0.9924603 -0.1225459 -0.006390154 0.9924394 -0.1225693 -0.006387412 0.9924392 -0.1225709 -0.006390631 0.9924395 -0.1225691 -0.9999937 1.34254e-4 -0.00357902 -0.9999937 1.3424e-4 -0.003575921 -0.9999937 1.34238e-4 -0.003575444 -0.02556449 -0.9921497 0.1224151 -0.02556633 -0.9921488 0.1224224 -0.02556657 -0.9921486 0.1224234 -0.993045 -0.1172258 0.0109384 -0.9930456 -0.1172217 0.01093178 -0.9930449 -0.1172271 0.01094043 -0.9999919 -0.002350091 -0.003266513 -0.9999919 -0.002350091 -0.003269493 -0.9999919 -0.002350032 -0.00326991 0.9999936 -1.36295e-4 0.003569662 0.9999937 -1.3628e-4 0.003574848 0.9999937 -1.36297e-4 0.003568768 0.005697488 -0.9924435 0.1225709 0.005696415 -0.9924448 0.1225603 0.005696296 -0.9924449 0.1225591 0.999993 0.001656234 0.003356337 0.999993 0.001656234 0.003358304 0.999993 0.001656234 0.003356039 0.007471144 0.9924381 -0.122519 0.007471203 0.9924383 -0.1225172 0.007471144 0.9924381 -0.1225192 -0.9999937 1.32494e-4 -0.003579854 -0.9999937 1.32494e-4 -0.003576278 -0.9999936 1.32494e-4 -0.003575682 -0.008469283 -0.99243 0.1225198 -0.008468329 -0.9924314 0.1225085 -0.00846821 -0.9924315 0.1225075 0.9930527 0.1171618 -0.01093518 0.9930527 0.1171621 -0.0109319 0.9930527 0.1171623 -0.01092988 0.02360081 -0.9921758 0.1225988 0.02360081 -0.9921761 0.1225959 0.02360081 -0.9921761 0.1225956 -0.02928274 -0.9920498 0.1223927 -0.02928215 -0.9920501 0.1223899 -0.02928209 -0.9920501 0.1223896 0.01443648 -0.9923534 0.1225821 0.01443713 -0.9923527 0.1225879 0.01443713 -0.9923527 0.1225882 -0.999993 -0.001656353 -0.003352224 -0.999993 -0.001656413 -0.00335288 -0.999993 -0.001656413 -0.003352999 -0.02360188 0.9921753 -0.1226021 -0.0236001 0.9921764 -0.1225935 -0.02360206 0.9921752 -0.1226031 0.0292831 0.9920493 -0.1223958 0.02928197 0.9920496 -0.1223936 0.02928322 0.9920493 -0.1223959 -0.0165261 -0.9923342 0.1224735 -0.01652485 -0.9923344 0.1224715 -0.01652473 -0.9923345 0.1224713 -0.9999922 -0.002216756 -0.003286838 -0.9999921 -0.002216637 -0.003289759 -0.9999922 -0.002216637 -0.003290176 0.9999936 9.46059e-4 0.003445506 0.9999936 9.46031e-4 0.003440201 0.9999936 9.46063e-4 0.00344628 0.007026851 -0.9924347 0.122573 0.007027029 -0.9924351 0.1225693 0.007027029 -0.9924352 0.122569 -0.01728361 -0.992322 0.1224682 -0.01728242 -0.9923222 0.122466 -0.0172823 -0.9923223 0.1224658 0.9999921 0.002219259 0.00328952 0.9999922 0.002219319 0.003277897 0.9999922 0.002219259 0.003291308 -0.007026851 0.9924349 -0.1225709 -0.007026731 0.9924347 -0.1225726 -0.007026851 0.992435 -0.1225708 0.01728272 0.9923223 -0.1224656 0.0172829 0.9923219 -0.1224688 0.01728266 0.9923223 -0.1224653 -0.007471621 -0.9924384 0.1225171 -0.007472157 -0.9924377 0.1225222 -0.007472217 -0.9924376 0.1225228 -0.9999921 -0.002212107 -0.003291964 -0.9999921 -0.002212107 -0.003289759 -0.9999921 -0.002212107 -0.003292322 -0.9999936 -9.45046e-4 -0.003442108 -0.9999936 -9.45006e-4 -0.003449976 -0.9999936 -9.45e-4 -0.003451168 0.02664494 -0.9920984 0.1226003 0.02664363 -0.9920989 0.1225968 0.02664357 -0.992099 0.1225966 -0.02190691 -0.9922339 0.1224427 -0.02190685 -0.9922339 0.1224426 -0.02190691 -0.9922338 0.1224427 0.9999922 0.002191543 0.0032835 0.9999922 0.002191543 0.003289103 0.9999923 0.002191543 0.003290116 -0.02664405 0.9920986 -0.1225989 -0.02664482 0.9920986 -0.1225996 -0.02664399 0.9920986 -0.1225989 -0.06398177 0.8887744 0.4538573 -0.04225176 0.8703463 0.4906244 -0.0869233 0.9062509 0.4137073 -0.9601085 0.2426288 0.1390074 -0.9677601 0.2071865 0.1432277 -0.9715529 0.1946853 0.1348433 -0.9613095 0.2369893 0.1404285 -0.9649211 0.2191928 0.1445061 -0.03211826 0.8530919 0.5207712 -0.04003667 0.8596493 0.5093135 -0.02500265 0.8470325 0.5309528 -0.6576002 0.6868962 0.3094116 -0.6676568 0.6813718 0.2999448 -0.7145591 0.6522828 0.2528485 -0.9810564 0.1788165 0.07451826 -0.9840062 0.146564 0.1012476 -0.9786981 0.1964123 0.05976849 -0.9935625 -0.008486092 0.1129673 -0.993581 -0.006550848 0.1129339 -0.9935053 -0.00794661 0.1135081 -0.9916587 -0.03533637 0.1239539 -0.9915864 -0.01983928 0.127918 -0.9914649 -0.01256304 0.1297675 -0.9935885 0.009116291 0.1126897 -0.9935209 0.007328212 0.1134132 -0.99362 0.007821917 0.1125081 -0.995588 0.01047754 0.09324634 -0.9955366 0.009541988 0.0938934 -0.9956325 0.009553432 0.09287041 -0.9724129 0.1971211 0.1247263 -0.9794837 0.1679519 0.1113722 -0.983684 0.148035 0.1022327 -0.9575655 0.2280259 0.1762742 -0.9774962 0.1342248 0.1627416 -0.9796985 0.120025 0.1605768 -0.003269493 0.8622699 0.5064386 0 0.8432021 0.537597 -0.01036626 0.8703178 0.4923815 -0.1336144 0.902064 0.4103996 -0.131936 0.9026464 0.4096614 -0.1346802 0.9016923 0.4108678 -0.8068021 0.5502269 0.2152228 -0.8014846 0.5546516 0.223571 -0.8434121 0.5152406 0.1522604 -0.9656752 0.2593166 0.0150485 -0.9847834 0.1392557 -0.1039688 -0.9472641 0.3126477 0.07030117 -0.6749277 0.7074227 -0.2098231 -0.9472638 0.3126478 0.07030385 -0.9953877 0.09183251 0.02775049 -0.9994738 0.007370889 0.03158956 -0.9951019 0.09492158 0.02760571 -0.9983522 0.001441895 0.0573666 -0.9983485 0.001377403 0.05743223 -0.998359 0.001303553 0.0572499 -0.9983325 0.001534402 0.05770492 -0.998332 0.001405894 0.05771809 -0.9983369 0.001337647 0.05763459 -0.9983386 0.001554548 0.05759966 -0.9983416 0.001335799 0.0575537 -0.9857642 -0.08157998 0.1470168 -0.9810923 -0.09922212 0.1661719 -0.9983171 -6.8418e-5 0.05799108 -0.9983434 0.001552224 0.05751854 -0.9995174 -0.01356518 0.027947 -0.9996577 0.001661777 0.02611052 -0.9994914 -0.01503384 0.02812379 -0.9994108 0.007880747 0.03340572 -0.9934893 0.1093934 0.0318129 -0.9994271 0.005199015 0.03344309 -0.9927689 -0.006234765 0.1198801 -0.9877056 -0.08434623 0.1316184 -0.9873942 -0.08727604 0.1320441 -0.6206922 0.7804775 0.07480639 -0.6327874 0.7700378 0.08137547 -0.6059721 0.7926666 0.06691455 -0.5749881 0.8181565 0.002957165 -0.6078836 0.7935395 -0.02779692 -0.6765588 0.7299335 -0.0972895 -0.9033933 0.4284577 0.0174573 -0.8984017 0.4390118 -0.01196038 -0.8966872 0.4421666 -0.02099734 -0.9066336 0.4200992 -0.03914153 -0.9066336 0.4200993 -0.03914165 -0.9066334 0.4200998 -0.0391429 -0.9066339 0.4200991 -0.03914064 -0.9938104 -0.004248142 0.1110091 -0.99327 -0.02730447 0.1125568 -0.9931822 -0.0297358 0.1127165 -0.9606444 0.2756048 0.03470432 -0.9932864 0.09992128 0.05829232 -0.9942209 0.08925807 0.05964982 -0.9953802 0.01175969 0.09528857 -0.9957057 0.006167769 0.09237056 -0.3894404 0.9042228 0.1752643 -0.4268186 0.8823518 0.198195 -0.3608895 0.9191533 0.1578488 -0.7893076 0.5787179 0.205132 -0.7932099 0.576935 0.1948441 -0.7139659 0.5973354 0.3652988 -0.05863398 0.9583561 0.2794919 -0.05774194 0.9581342 0.280437 -0.05032658 0.9562256 0.2882705 -0.9712685 0.1903935 0.1427857 -0.9833578 0.1175448 0.1385303 -0.9839039 0.1132194 0.1382551 -0.9673417 0.1906177 0.1670778 -0.9797394 0.1321193 0.1505172 -0.983027 0.1125503 0.1448808 -0.02232289 0.962528 0.2702623 -0.009472548 0.9634521 0.2677136 -0.01899075 0.9618051 0.2730758 -0.7326944 0.6672986 0.1336848 -0.7288087 0.6727787 0.1273054 -0.9921216 0.09430199 0.08247309 -0.992596 0.07375442 0.09650677 -0.9918503 0.1006507 0.07811862 -0.9935796 -0.004536688 0.1130444 -0.9930318 -0.01014399 0.1174092 -0.9954791 0.004484713 0.09487515 -0.9832354 0.1276614 0.1301954 -0.9895278 0.08698087 0.115192 -0.9918109 0.06797063 0.1081264 -0.9772334 0.1189808 0.175666 -0.02327603 0.9628434 0.2690559 -0.008687973 0.9633024 0.2682777 -0.1932994 0.9564832 0.218576 -0.254226 0.9352617 0.2462822 -0.1492547 0.9687407 0.198153 -0.834678 0.5367089 0.123516 -0.8339151 0.5376072 0.1247572 -0.8248458 0.547956 0.1391893 -0.9071074 -0.1877323 -0.3767135 -0.8967034 -0.2142597 -0.387319 -0.9208831 -0.1484081 -0.3604851 -0.9955024 -0.01971393 0.09266334 -0.9966206 -0.03225219 0.0755462 -0.9974713 -0.05209672 0.04834407 -0.9942148 0.008651256 0.1070613 -0.994079 0.006962239 0.108437 -0.9935348 7.0819e-4 0.1135261 -0.9151423 -0.1139321 -0.3866966 -0.9111678 -0.1129704 -0.3962463 -0.9077862 -0.112161 -0.4041586 -0.9751932 -0.1958569 -0.1031422 -0.9831708 -0.1615883 -0.0852316 -0.9998036 0.01786416 0.008579194 -0.9908083 0.001319229 0.1352677 -0.9925808 -0.009273588 0.1212328 -0.9875438 0.01732021 0.1563891 -0.9812871 0.04173767 -0.187972 -0.9494089 0.07828921 -0.3041275 -0.9941397 0.01637101 -0.1068562 -0.9960731 0.008731544 0.08810365 -0.9959174 0.006670534 0.0900222 -0.9954129 5.97155e-4 0.09567141 -0.9909082 -0.08596843 0.1034908 -0.9829723 -0.09760463 0.1556881 -0.9920206 -0.08386403 0.09413784 -0.9521437 -0.08537256 -0.2934861 -0.9920395 -0.08892816 -0.0891605 -0.9956652 -0.08924692 -0.02619111 -0.9121034 0.4034627 0.07269936 -0.8938746 0.1907753 -0.4057006 -0.8014288 0.0723896 -0.5936933 -0.9128416 -0.1572911 -0.3768022 -0.9205125 -0.157229 -0.3576812 -0.9247445 -0.157163 -0.3466228 -0.9991498 0.01734918 0.03739959 -0.9990851 -0.002377212 0.04270076 -0.9982194 0.05275338 0.02784126 -0.9967877 -0.02223652 0.07694107 -0.9980238 -0.0358448 0.05161309 -0.9950658 -0.010526 0.09865868 -0.8784541 -0.07922881 -0.4712125 -0.7446957 -0.199028 -0.637037 -0.9357394 -0.001554667 -0.3526889 -0.6907469 0.6873942 -0.2244061 -0.9685373 0.2487957 -0.006011486 -0.6396689 0.7278158 -0.2472003 -0.9648831 0.2430463 -0.09964549 -0.9652174 0.2447761 -0.0918703 -0.9267266 0.1846456 -0.3272367 -0.7478659 0.6215078 0.2332909 -0.7491341 0.6214007 0.2294765 -0.7759701 0.6157919 0.1366416 -0.9916971 0.0132963 0.1279071 -0.9864253 0.002806484 0.1641867 -0.9854099 0.001062214 0.1701948 -0.5268597 0.8489556 -0.04114681 -0.5998871 0.7997112 -0.02444058 -0.5099533 0.8590328 -0.04483675 -0.9943906 0.01422721 -0.1048095 -0.9943904 0.01422804 -0.1048115 -0.9943905 0.01422792 -0.104811 -0.994392 0.01422774 -0.1047958 -0.9943914 0.01422673 -0.1048015 -0.994392 0.01422804 -0.1047959 -0.9943913 0.01422882 -0.1048021 -0.9943915 0.01422727 -0.1048009 -0.9943916 0.01422673 -0.1047997 -0.9943917 0.01422977 -0.1047985 -0.9943916 0.01422619 -0.1047998 -0.9943919 0.01422512 -0.1047978 -0.9943923 0.01422744 -0.1047928 -0.9943925 0.01422739 -0.1047917 -0.9943925 0.01422601 -0.104792 -0.9943916 0.01422774 -0.1047998 -0.9943923 0.01422482 -0.1047937 -0.9943924 0.01422697 -0.1047922 -0.9943917 0.01422876 -0.1047992 -0.9943922 0.0142281 -0.1047938 -0.9943921 0.0142275 -0.1047948 -0.9943911 0.01422542 -0.1048053 -0.994391 0.01422554 -0.1048058 -0.9943923 0.01422685 -0.1047928 -0.9943915 0.01422619 -0.1048012 -0.9943911 0.01422595 -0.1048045 -0.9943917 0.01422655 -0.1047989 -0.9943919 0.01422667 -0.1047968 -0.9943914 0.01422739 -0.104802 -0.9943906 0.01422643 -0.1048101 -0.9943906 0.01422655 -0.1048088 -0.9943915 0.01422774 -0.104801 -0.9943913 0.01422762 -0.104803 -0.9943916 0.01423025 -0.1047995 -0.9943916 0.01422989 -0.1047993 -0.9943917 0.01422816 -0.1047985 -0.9943924 0.01422733 -0.1047914 -0.9943931 0.01422905 -0.1047858 -0.9943926 0.01422935 -0.1047897 -0.994392 0.01422858 -0.104795 -0.994392 0.01422888 -0.1047951 -0.9943912 0.01423037 -0.1048029 -0.994392 0.0142281 -0.1047953 -0.9943922 0.01422613 -0.1047946 -0.9943906 0.01422655 -0.1048092 0 1 0 0 -0.5025295 -0.8645601 0 -0.5025337 -0.8645578 0 -0.502529 -0.8645604 0 -0.9512988 -0.3082704 0 -0.9512987 -0.3082707 0 -0.9512988 -0.3082703 0 -0.004683196 -0.999989 0 -0.004677593 -0.9999891 0 -0.00468564 -0.9999891 0 -0.004678368 -0.9999891 0 -0.004685103 -0.9999891 0 0.05871117 0.9982751 0 0.05870783 0.9982752 0 0.05870705 0.9982753 0 -0.7515833 -0.6596382 0 -0.7515819 -0.6596399 0 -0.7515835 -0.6596381 0 -0.3239831 0.9460629 0 -0.3239755 0.9460656 0 -0.3239834 0.9460628 0 -0.004680991 -0.999989 0 -0.004681944 -0.999989 0 -0.7178887 0.696158 0 -0.717889 0.6961576 0 -0.8379408 -0.5457612 0 -0.8379405 -0.5457615 0 0.03121399 0.9995128 0 0.03120976 0.9995129 0 0.03120946 0.9995129 0 -0.5228509 -0.8524242 0 -0.5228468 -0.8524268 0 -0.5228512 -0.852424 0 -0.2221016 -0.9750236 0 -0.2221004 -0.9750239 0 -0.2221018 -0.9750236 0 -0.4143815 -0.9101033 0 -0.4143809 -0.9101037 0 -0.4143816 -0.9101033 0 -0.5982214 0.801331 0 -0.5982109 0.8013388 0 -0.598222 0.8013305 0 -0.1207768 0.9926797 0 -0.1207699 0.9926806 0 -0.120769 0.9926807 0 0.01223671 0.9999252 0 0.01225209 0.999925 0 0.01225376 0.999925 0 -0.970104 0.2426896 0 -0.9701039 0.2426898 0 -0.970104 0.2426895 0 -0.3465075 -0.9380472 0 -0.3465053 -0.938048 0 -0.3465078 -0.9380472 0 -0.4425527 0.8967425 0 -0.4425536 0.8967421 0 -0.4425524 0.8967427 0 -0.9999454 -0.01045739 0 -0.9999454 -0.01045739 0 -0.9999454 -0.01045739 0 -0.3969346 0.9178469 0 -0.3969384 0.9178454 0 -0.3969345 0.9178469 0 0 0 0 -1 0 0 -1 0 -0.9943917 0.01422685 -0.1047989 -0.9943917 0.01422739 -0.1047988 -0.9943916 0.01422703 -0.1047997 0.063811 0.02270853 0.9977036 0.06382083 0.02272248 0.9977027 0.06381088 0.02270835 0.9977036 0.06401103 -0.01049357 0.9978941 -0.064076 0.01049935 -0.9978898 -0.0640757 0.01049935 -0.9978899 0.03879541 -0.8515886 0.5227732 0.03878676 -0.8515675 0.5228082 0.03879553 -0.8515889 0.5227727 -0.06401449 0.01049584 -0.9978939 -0.06401431 0.01049584 -0.9978939 0.03897428 0.7329208 0.6791968 -0.03897511 -0.7329194 -0.6791982 -0.03897505 -0.7329195 -0.6791982 0.06387621 0.02271819 0.9976993 0.06387662 0.02271819 0.9976993 -0.06400918 0.01049762 -0.9978941 -0.06402391 0.01049697 -0.9978932 -0.06402403 0.01049697 -0.9978932 0.02345752 0.891515 0.4523835 0.02345567 0.8915125 0.4523887 0.02345561 0.8915123 0.4523888 -0.06246024 0.3268682 -0.9430037 0.06246519 -0.3268969 0.9429935 0.06246519 -0.3268967 0.9429935 0.02169543 -0.9692734 0.2450276 -0.02171343 0.9692845 -0.2449817 -0.02171337 0.9692845 -0.2449819 0.0638253 0.02271389 0.9977025 0.0637632 0.02271628 0.9977065 0.0638259 0.02271419 0.9977025 0.05519926 -0.5920904 0.8039788 0.05520123 -0.5921016 0.8039705 0.05520129 -0.5921019 0.8039703 0.06382101 0.02272236 0.9977026 -0.06400913 0.01049762 -0.9978941 0.05965995 0.2788298 0.9584856 -0.05969113 -0.2788118 -0.9584889 0.05966365 0.2788277 0.958486 -4.96448e-4 0.9960665 0.08860701 -5.06748e-4 0.9960663 0.08861047 -5.06844e-4 0.9960662 0.08861052 -0.1324658 -0.8400811 0.5260386 -0.1324658 -0.8400812 0.5260386 -0.1324657 -0.8400812 0.5260385 -0.2663974 -0.01194649 0.9637893 -0.2663971 -0.01194542 0.9637895 -0.2663971 -0.01194512 0.9637894 0.1977581 -0.7107325 -0.6750933 0.1977579 -0.7107334 -0.6750925 0.1977578 -0.7107338 -0.6750922 0.2668181 -0.01943498 -0.9635511 0.2668182 -0.01943045 -0.963551 0.2668181 -0.01942914 -0.963551 -0.2663971 -0.01194643 0.9637894 -0.2663972 -0.01194524 0.9637893 -0.2663973 -0.01194602 0.9637894 0.1399703 -0.8785106 -0.4567576 0.1399701 -0.8785108 -0.4567571 0.13997 -0.8785109 -0.456757 -0.2486957 -0.31283 0.9166722 -0.2486958 -0.3128299 0.9166722 -0.2486959 -0.3128298 0.9166722 -0.05390435 -0.9669689 0.2491297 -0.05390429 -0.9669689 0.2491297 -0.05390429 -0.9669689 0.2491297 0.2668182 -0.01943558 -0.9635509 0.2668182 -0.01942789 -0.9635512 0.2668182 -0.01943957 -0.9635509 -0.21027 -0.5727139 0.7923291 -0.2102698 -0.5727146 0.7923286 -0.2102698 -0.5727148 0.7923285 0.2668181 -0.01942104 -0.9635512 0.266818 -0.01944214 -0.9635509 -0.2663972 -0.01194745 0.9637893 0.2610304 -0.2623452 -0.9289985 0.2610303 -0.2623444 -0.9289988 0.2610302 -0.2623441 -0.9289989 0.04064029 -0.9950113 -0.09110915 0.04064035 -0.9950113 -0.09110921 0.04064035 -0.9950113 -0.09110927 0.2668181 -0.01942604 -0.9635512 -0.2663974 -0.01194489 0.9637894 -0.266397 -0.01194548 0.9637894 -0.9979339 -0.006192564 0.06395071 -0.9979338 -0.006192386 0.06395107 -0.9979339 -0.006192624 0.06395089 -0.00434947 0.9934203 -0.1144431 -0.04756361 -0.9952423 -0.08503228 0.01780486 -0.6996648 0.7142494 0.01533842 -0.7008869 0.7131075 0.02444517 -0.6963433 0.7172925 -0.1420171 0.982876 -0.1174137 0.9015671 0.4326395 0 0 -6.87976e-7 1 0 -7.93402e-7 1 0 0 1 -0.99648 0.08383208 0 -0.9964799 0.0838322 0 -0.9964799 0.08383196 0 0 0 -1 0 3.12195e-6 -1 0 9.49673e-7 -1 -0.001585364 -0.9999988 0 -0.001585364 -0.9999988 0 -0.004596114 0.9999895 0 -0.004596114 0.9999895 0 -0.004596114 0.9999895 0 0 -1.56636e-6 -1 0 0 -1 -0.9861381 -0.1659265 0 -0.9861382 -0.1659267 0 -0.9861382 -0.1659263 0 0 5.57854e-7 1 0 6.46964e-6 1 0.8653448 -0.5011772 0 0 0.1076475 -0.9941892 0 0.1076475 -0.9941892 0 0.1076475 -0.9941892 1 0 0 0 -0.1076477 0.9941891 0 -0.1076533 0.9941885 0 -0.1076475 0.9941892 0 -0.9941891 -0.1076485 0 -0.9941891 -0.1076487 0 -0.994189 -0.1076487 0 0.994189 0.1076486 0 0.994189 0.1076485 0 0.9941891 0.1076485 0 -0.130003 -0.9915137 0 -0.1300161 -0.991512 0 -0.1300027 -0.9915137 0 0.1300157 0.991512 0 0.1300026 0.9915137 0 0.130016 0.991512 0 -0.9915131 0.1300071 0 0.9915131 -0.1300076 0 0.991513 -0.1300076 0 -0.1300147 -0.9915121 0 -0.1300085 -0.9915129 0 -0.1300083 -0.9915129 0.9200695 0.3884303 -0.0509305 0.9200698 0.3884298 -0.05093163 0.9200699 0.3884297 -0.05093181 0 0.1300047 0.9915134 0 0.1300042 0.9915135 0 -0.991513 0.1300075 0 -0.9915131 0.1300073 0 -0.9915131 0.1300072 0 -0.1300234 -0.991511 0 -0.1300033 -0.9915137 0 -0.1300238 -0.9915109 0 0.130003 0.9915137 0 0.1300131 0.9915123 0 0.1300028 0.9915137 0 0.9915131 -0.130007 0 0.9915131 -0.1300072 0 0.9915131 -0.1300073 0 -0.1300142 -0.9915121 0 -0.1300043 -0.9915134 0 -0.1300144 -0.9915122 1 0 -8.73811e-7 1 0 -8.7381e-7 1 0 -8.73811e-7 0 0.1299937 0.9915149 0 0.1300036 0.9915136 0 0.1299935 0.9915149 0 -0.9915131 0.130007 0 -0.9915131 0.1300069 0 -0.9915132 0.1300069 0 0.9915131 -0.1300069 0 0.9915131 -0.1300073 0 0.9915131 -0.1300073 0 -0.1300016 -0.9915138 0 0.130002 0.9915137 0 0.1300193 0.9915115 0 0.1300016 0.9915139 0 -0.9915131 0.130007 0 -0.9915131 0.1300073 0 -0.9915131 0.1300074 0 0.9915131 -0.1300074 0 0.9915131 -0.1300074 0 0.9915131 -0.1300074 -0.01820951 0.9348138 -0.3546712 -0.02105379 0.932927 -0.3594495 -0.01811182 0.9331107 -0.359133 -6.54763e-4 0.9797495 0.2002269 0 0.9798928 0.1995251 -1.61551e-4 0.979714 0.2004014 -0.7243146 0.6884952 -0.0366429 -0.7435154 0.6686719 -0.007928609 -0.711124 0.7011417 -0.05199062 -0.01425051 0.984947 0.172268 0 0.9854506 0.1699624 -0.00688529 0.9853539 0.1703827 -0.7564457 0.6512016 0.06104433 -0.7614062 0.6461817 0.05205661 -0.7516169 0.6576134 0.05115443 -0.008113026 0.9666278 0.2560567 -0.008918881 0.9654143 0.2605681 -0.01281911 0.9659017 0.2585914 0 0.9675758 0.252581 -0.002910971 0.9669259 0.2550413 -0.00489211 0.9665691 0.2563595 -0.008635401 0.9347779 -0.3551279 -0.01027238 0.9334879 -0.3584617 -0.01681035 0.9648322 0.2623285 -0.01191878 0.9636057 0.2670617 -0.8017958 0.5975869 0.00365293 -0.8364428 0.5478331 -0.01557791 -0.8755112 0.4815497 -0.03987461 -0.7026824 0.7106318 -0.03521394 -0.8023673 0.5968225 0.003105163 -0.6844078 0.7279165 -0.04151642 -0.765193 0.6410239 0.05973285 -0.7697054 0.6343521 0.07177042 -0.8213754 0.5689399 -0.0406205 -0.6953182 0.7103458 0.1092777 -0.7143813 0.6645735 0.2190927 -0.7207971 0.6328362 0.28279 -0.01633983 0.9323975 -0.3610652 -0.02143299 0.9327456 -0.3598974 -0.002581775 0.9661029 0.2581444 -0.01288199 0.9847267 0.1736297 -0.007565319 0.9840289 0.1778481 -5.24701e-4 0.9796549 0.2006892 0 0.9796224 0.2008487 -0.02306538 0.9322708 -0.3610254 2.74077e-4 0.9308026 -0.3655225 -0.7588469 0.6502817 -0.03585016 -0.7263122 0.6871876 -0.01561737 -0.7600622 0.6489746 -0.03372931 -0.001795768 0.9345238 -0.3558964 -9.52399e-4 0.9302845 -0.3668377 -0.004684746 0.9301546 -0.3671383 -0.09606939 0.9126701 -0.3972458 -0.1038171 0.9102011 -0.4009441 -0.1786605 0.8824256 -0.4352074 0.03537362 0.9762302 0.2138305 0.04058682 0.9769329 0.2096546 0.02381938 0.9745167 0.2230468 -0.02898281 0.9824616 0.1841989 -0.02729147 0.9821999 0.1858459 -0.01988977 0.9809895 0.1930394 -0.00642544 0.9648579 0.2626936 -0.009783506 0.9301314 -0.3670968 -0.02362 0.9287809 -0.369876 -0.7373611 0.6754735 -0.005843758 -0.7322746 0.6810082 -0.001376688 -0.7260097 0.6876726 0.004059016 -0.009980857 0.9668428 0.2551771 -0.009296417 0.9678702 0.2512788 0.008875846 0.9773842 0.2112849 0.01076614 0.97771 0.209684 -0.001512169 0.9754854 0.2200589 -0.7552638 0.6527059 0.05959492 -0.75037 0.659371 0.04663407 -0.009643375 0.9662157 0.2575546 -0.02351272 0.9644073 0.263374 -0.02479034 0.9649761 0.2611641 -0.02166068 0.963571 0.2665739 -0.001148521 0.9797851 0.2000496 0 0.9799313 0.1993355 -0.768688 0.6375242 0.05178546 -0.7660887 0.6385883 0.07289129 -0.00105369 0.9796869 0.2005304 0.9788738 0.2032735 -0.02204859 0.9822502 -0.1873142 0.00989741 0.979182 -0.2026767 0.01117163 0.9996507 0.01596677 0.02106368 0.9970508 -0.07621473 0.009009182 0.9994338 0.0252282 0.02226573 0.9989274 0.03846067 0.02578705 0.9960937 0.08752113 0.01172488 0.9949386 0.1001594 0.00808674 0.8970265 0.4405235 -0.03581333 0.8933052 0.4477072 -0.03955006 0.904287 0.4256961 -0.03237318 0.973869 -0.2268568 -0.01074379 0.8609888 -0.5079329 0.02650368 0.8525374 -0.5218909 0.0284624 0.999024 0.03475481 0.02726215 0.9988592 -0.04656016 0.01060539 0.9983605 0.04868561 0.03010183 0.8947806 0.4439074 -0.04810482 0.8978361 0.4370824 -0.05337923 0.8896864 0.454854 -0.03957611 0.6845558 0.7269827 -0.05366146 0.799658 0.5994824 -0.03417456 0.8089025 0.5870519 -0.03235948 0.9999575 -0.004123568 0.008258938 0.9999611 -0.003588199 0.008065342 0.9999614 -0.003532469 0.008050084 0.99996 -0.003698587 0.008146584 0.9999594 -0.003643512 0.008240938 0.9999601 -0.003713726 0.008141338 0.9999607 -0.003528952 0.00814867 0.9999594 -0.003642261 0.008244335 0.9983201 -0.05737656 0.008069396 0.9982888 -0.05790644 0.008159875 0.9982861 -0.05794948 0.008165895 0.9981834 -0.05968803 0.008202314 0.998183 -0.05970525 0.008123755 0.9981826 -0.05971306 0.008127748 0.9982967 -0.05779892 0.007940173 0.9981921 -0.05954688 0.008171081 0.9937278 0.1101846 -0.01908946 0.9785575 0.2059119 -0.0050565 0.9948002 0.0997402 -0.02060025 0.9993316 0.03651845 0.001727104 0.9913526 0.1304173 0.01454013 0.9996508 0.02642512 3.51568e-4 0 1 0 2.22385e-6 1 0 2.2363e-6 1 0 0.8314565 0.5555623 0.005538403 0.9878966 0.1524611 0.02856594 0.9917373 0.1247523 0.02990275 0.01880097 0.9989089 0.04274958 0.9885131 0.150066 -0.01794785 -0.01934891 0.9988578 0.04369062 0.9940271 0.1090332 0.004668176 0.990276 0.1391152 -5.86529e-4 0.989689 0.143227 -0.001306474 0.9983028 -0.0576955 0.007929861 0.9999607 -0.00352329 0.008144497 0.8216018 0.5691654 -0.03195941 0.9714176 0.2373565 0.003173828 0.9765016 0.2154434 0.005367815 0.9975672 -0.06803023 -0.01521998 0.9994871 0.03167766 0.00472784 0.9962614 -0.08438861 -0.01849108 0.8910161 0.4524941 -0.03659731 0.8896865 0.4548535 -0.03957611 0.8918582 0.4507683 -0.03737455 0.9066343 0.4200978 -0.03914231 0.906634 0.4200985 -0.03914189 0.9066335 0.4200997 -0.03914362 0.6999934 0.7041786 -0.1189197 0.6870473 0.7244711 -0.05574685 0.6850299 0.7269924 -0.04707545 0.7264912 0.6871561 0.005199313 0.7358742 0.6771021 0.004685759 0.7259835 0.6876924 0.00522685 0.7930747 0.6070082 -0.05073028 0.7340865 0.6601167 -0.1592575 0.7170131 0.6716937 -0.1863325 0.9066339 0.420099 -0.03914111 0.9993344 0.02650928 0.02506256 0.8583583 0.05191886 -0.5104172 0.9986989 0.05019485 0.009010851 -0.9999919 0.002350986 0.003269731 -0.999992 0.002350986 0.003266155 -0.9999919 0.002350986 0.003265678 0.8481638 0.5253644 -0.06790006 0.8481472 0.5253926 -0.06788897 0.8481662 0.5253604 -0.06790167 0.9999902 -0.003125131 -0.003176331 0.9999901 -0.003125011 -0.003174781 0.9999901 -0.003124952 -0.003174543 6.58503e-4 -0.9924626 0.122546 6.59839e-4 -0.9924625 0.1225471 6.5827e-4 -0.9924626 0.1225458 0.9999919 -0.002350568 -0.003268241 0.9999919 -0.002350509 -0.003270506 0.9999919 -0.002350568 -0.003267884 0.8040444 0.5897328 -0.07568269 0.8040447 0.5897327 -0.07567977 0.8040443 0.5897328 -0.07568407 0.9999901 -0.003123641 -0.003175079 0.9999902 -0.003123641 -0.003173589 0.9999901 -0.003123641 -0.003173351 -0.9999919 0.002350628 0.003272056 -0.9999919 0.002350568 0.003270208 -0.9999919 0.002350568 0.00326997 0.04125452 -0.9916347 0.1223067 0.0412501 -0.9916363 0.1222943 0.04125493 -0.9916344 0.1223078 0.9999902 -0.003124356 -0.003176271 0.9999902 -0.003124117 -0.003173828 0.9999901 -0.003124117 -0.00317347 0.008262336 0.1225644 0.9924262 0.00767517 0.1225559 0.9924319 0.007344067 0.1225146 0.9924396 -0.0647633 0.9904073 -0.1220624 -0.06476509 0.9904069 -0.1220652 -0.06476247 0.9904075 -0.1220611 -0.9999904 0.003027558 0.003186166 -0.9999904 0.003027498 0.003186285 -0.9999904 0.003027498 0.003186285 0.0252009 -0.9921583 0.1224206 0.02520191 -0.9921583 0.1224209 0.02520209 -0.9921583 0.1224209 0.007854461 0.1225697 0.9924289 0.007289171 0.1225119 0.9924403 0.006941795 0.1225397 0.9924395 -0.9999904 0.003028988 0.003185391 -0.9999904 0.003029167 0.003183722 -0.9999904 0.003029167 0.003183424 -0.005258142 0.9924511 -0.1225282 -0.005259633 0.9924515 -0.1225258 -0.005259752 0.9924515 -0.1225256 0.06475329 -0.9904078 0.1220635 0.06475377 -0.9904075 0.122065 0.06475424 -0.9904074 0.1220663 0.9999884 -0.003690838 -0.003102123 0.9999884 -0.003690719 -0.003104269 0.9999884 -0.003690719 -0.003104567 0.007441282 0.1225345 0.9924364 0.006897091 0.1225312 0.9924408 0.006539344 0.1225125 0.9924454 0.9999884 -0.003691494 -0.003108263 0.9999884 -0.003691196 -0.003102898 0.9999884 -0.003691196 -0.003102123 0.76419 0.6397941 -0.08171421 0.7641972 0.6397846 -0.08172249 0.7641865 0.639799 -0.08170998 -0.0219109 0.9922338 -0.1224429 -0.02191191 0.9922336 -0.1224432 -0.02191078 0.9922337 -0.1224429 -0.003418862 0.1247081 0.9921876 0.002952158 0.124841 0.9921724 -0.00348258 0.1245012 0.9922134 -0.001179695 0.1248701 0.9921724 0.003477275 0.1249039 0.9921628 0.003546774 0.1248648 0.9921675 0.00730592 0.1221265 0.9924877 0.007308602 0.1221063 0.9924902 0.007297456 0.1221154 0.9924891 0.009394407 0.1226254 0.9924086 0.007811129 0.1225947 0.9924262 0.009181201 0.1230816 0.9923542 0.00815159 0.1231203 0.9923583 0.009198188 0.1230764 0.9923546 0.007915258 0.123555 0.9923062 0.008258998 0.1235986 0.992298 0.007937729 0.1235663 0.9923046 0.008337855 0.1241587 0.9922274 0.008473575 0.1240994 0.9922336 0.008451402 0.1241453 0.9922282 0.007643818 0.1220939 0.9924892 0.007677555 0.1221157 0.9924862 0.007696926 0.1221149 0.9924861 0.008212864 0.1225759 0.9924252 0.009777605 0.122585 0.9924099 0.009555816 0.1230814 0.9923506 0.008536398 0.1231093 0.9923564 0.009582281 0.1230964 0.9923486 0.008223593 0.1236081 0.9922971 0.008555114 0.1236224 0.9922925 0.008236706 0.1236217 0.9922953 0.008804082 0.1241527 0.9922242 0.00882858 0.1241475 0.9922245 0.008801639 0.1241139 0.9922289 -0.01459997 0.1177135 0.9929404 -0.01598799 0.1128123 0.9934877 -0.01170134 0.1180372 0.9929403 -0.006588459 0.1225279 0.9924433 -0.007179677 0.1230266 0.9923774 -0.007452189 0.1224585 0.9924457 0.001569211 0.1248821 0.9921703 -0.003332734 0.1248133 0.9921748 0.00272721 0.1247364 0.9921862 -0.001243531 0.1247934 0.992182 0.008359909 0.1241425 0.9922292 -0.008067011 0.1231144 0.9923598 -0.01587522 0.1136516 0.9933939 -0.01329755 0.1160964 0.9931489 0.006872832 0.1218376 0.9925264 0.009405374 0.1225854 0.9924134 0.00824213 0.1236074 0.9922969 0.007211983 0.1218502 0.9925223 0.007217288 0.121813 0.9925268 0.009804189 0.1226039 0.9924073 0.008519887 0.1230928 0.9923586 0.008544385 0.1236062 0.9922946 0.008860409 0.1241553 0.9922232 0.007622718 0.1221199 0.9924862 0.007313549 0.1221169 0.9924889 0.007169127 0.1220902 0.9924932 0.008372068 0.1225581 0.992426 0.008145689 0.1231027 0.9923606 0.00814712 0.1231257 0.9923576 0.008111059 0.1231329 0.9923571 0.007816314 0.1236292 0.9922978 0.007787048 0.1236344 0.9922973 0.008046209 0.1241208 0.9922345 0.008214354 0.122135 0.9924796 0.008251845 0.1221396 0.9924787 0.009507238 0.1225632 0.9924153 0.00913763 0.1230716 0.9923558 0.008652269 0.1235848 0.9922963 0.009199678 0.1241138 0.9922254 -0.006619691 0.1231086 0.9923712 -0.01910096 0.1143714 0.9932545 -0.02020847 0.1149752 0.9931629 -0.007739603 0.1235514 0.992308 -0.007853984 0.1235312 0.9923096 -0.9999884 0.003690302 0.003106415 -0.9999884 0.003690123 0.003104865 -0.9999884 0.003690302 0.003106653 -0.9999884 0.003691554 0.003104865 -0.9999884 0.003691732 0.003105282 -0.9999884 0.003691494 0.003104805 0.1545816 0.9804655 -0.1216219 0.1545719 0.9804682 -0.1216139 0.1545839 0.9804649 -0.1216238 0.001593232 0.9924605 -0.1225545 0.001593828 0.9924607 -0.1225533 0.001593887 0.9924607 -0.1225531 0.004424691 0.3630682 -0.9317522 0.004401743 0.3635709 -0.9315561 0.01199567 0.3496608 -0.9367997 0.01165509 0.3631216 -0.9316689 0.01164239 0.3636189 -0.9314752 0.002307236 0.7211323 -0.6927936 0.01234793 0.3703788 -0.9287987 0.01250499 0.3636084 -0.931468 0.001386404 0.355886 -0.9345284 9.67777e-4 0.3635237 -0.9315845 0.005708694 0.7211242 -0.6927824 0.01410889 0.3704051 -0.9287632 0.01423406 0.3636444 -0.9314292 0.003065168 0.3559143 -0.9345136 0.002682507 0.3635414 -0.9315742 0.009118616 0.7211068 -0.692764 0.01587408 0.3704031 -0.9287355 0.01596736 0.3636538 -0.9313973 -4.23652e-4 -0.08281123 0.9965652 -2.24771e-4 -0.08449184 0.9964241 0.003461062 0.08487719 -0.9963855 0 0.08432894 -0.996438 -6.23389e-4 -0.08443409 0.9964289 -0.8161419 -0.1529238 0.5572493 -0.8161419 -0.152903 0.557255 -0.8161419 -0.152926 0.5572487 0.003261566 0.08495676 -0.9963794 0 0.08427739 -0.9964424 -0.8161408 -0.1529223 0.5572513 -0.8161414 -0.1529085 0.5572541 -0.8161407 -0.1529238 0.557251 -0.816122 -0.1530699 0.5572385 -0.816142 -0.1529122 0.5572525 -0.8161197 -0.1530869 0.557237 -3.35632e-5 -0.08270955 0.9965737 -0.8161579 -0.1527832 0.5572644 -0.8161275 -0.1529662 0.5572589 -0.8161612 -0.1527636 0.5572651 -0.816155 -0.152784 0.5572684 -0.8161301 -0.1529621 0.5572561 -0.8161577 -0.1527648 0.5572697 -0.8161165 -0.1530762 0.5572449 -0.8161286 -0.1529853 0.5572519 -0.816115 -0.153086 0.5572441 0.003660738 0.08511185 -0.9963647 0 0.08438056 -0.9964336 0.001416802 -0.9235455 -0.3834864 -0.04077792 -0.9728723 -0.2277207 0.08122944 0.057105 -0.9950582 0.6556912 -0.7328051 -0.1818403 -0.03849178 -0.9725833 -0.2293474 0.08108329 0.05861669 -0.9949823 9.93857e-4 0.08304286 -0.9965455 0 0.01050382 -0.9999449 0.6574394 -0.7323926 -0.1771292 -0.04306703 -0.9731552 -0.2260851 0.08140718 0.05573707 -0.9951213 0.6453626 -0.741656 -0.1829034 -0.0453611 -0.9734292 -0.2244506 0.08157765 0.05421096 -0.9951916 3.28436e-5 0.08281421 -0.9965651 0 0.01053041 -0.9999446 0.7808188 0.5664513 -0.2635432 -0.01153552 -0.9688953 -0.2472023 0.762829 0.1516165 -0.6285735 -0.001023471 -0.08453547 0.99642 0.003062605 0.08472359 -0.9963998 0 0.08453905 -0.9964202 -8.15228e-4 -0.08275747 0.9965694 2.97573e-4 0.9667275 0.2558083 2.81572e-4 0.9666761 0.2560025 2.80682e-4 0.9666733 0.2560133 0.07267475 0.6956182 -0.7147263 0.07428985 0.6954846 -0.7146903 0.07590359 0.6953729 -0.7146295 0.0775206 0.6952363 -0.7145888 0.01105254 0.9667271 0.2555714 0.3878393 -0.6411526 0.6621963 2.92612e-4 0.9667267 0.2558115 0.03539901 0.9807206 0.1921828 0.03769773 0.9809576 0.1905287 0.03999948 0.9811874 0.1888686 0.04230594 0.9814086 0.1872094 0.01151353 0.9686634 0.2481102 0.009431183 0.9683204 0.2495331 -0.009365677 -0.968339 -0.2494633 0.004856467 0.9675369 0.2526831 -0.004821479 -0.9675481 -0.2526409 2.97564e-4 0.9667277 0.2558079 2.97277e-4 0.9667268 0.2558108 -2.95369e-4 -0.9667287 -0.2558038 -2.94198e-4 -0.9667285 -0.2558047 -0.6629212 0.2825466 0.6933275 0.01172447 0.9687017 0.2479507 0.01172798 0.9687014 0.2479517 -0.01164442 -0.9687246 -0.2478649 0.007143259 0.967932 0.2511108 -0.00709182 -0.9679468 -0.251055 0.002575874 0.9671372 0.254242 -0.002556502 -0.9671419 -0.2542243 -2.92309e-4 -0.9667282 -0.2558061 0.8432064 -0.3168185 0.4343147 0.5026119 -0.695077 0.5140519 0.8629877 -0.2785778 0.4214817 0.7525703 0.4268288 0.5014531 0.749666 0.1880524 0.634537 0.7503617 0.4446632 0.4891135 0.9474605 0.2390773 -0.2125105 0.9568437 0.2242322 -0.1848511 0.8812192 0.3129445 -0.3542859 -1.31639e-4 0.9998319 -0.01834082 0 0.9998331 -0.01827752 0.6722211 0.740197 -0.01507377 0.6427168 0.7660838 -0.005553424 0.678612 0.734296 -0.01718056 0.05203169 0.1543628 -0.9866432 0.06290251 0.1630045 -0.9846181 0.06959366 0.1595675 -0.9847309 0.6581007 0.749263 0.07421833 0.6637337 0.7449983 0.06659662 0.6468631 0.7573807 0.08912169 0.9151515 -0.3350936 -0.2240757 0.9459275 -0.2465761 -0.2107641 0.8981984 -0.3749024 -0.2295383 0.5569619 0.8047431 -0.2053829 0.197349 0.9430903 -0.2676457 0.6004223 0.7757394 -0.19422 0.7265229 0.6871414 -0.00112617 0.7609415 0.6487508 -0.009519815 0.7210082 0.6929266 1.75669e-4 0.0276426 -0.02482861 0.9993095 0.006994724 -0.121365 0.9925833 0.00462085 -0.1323673 0.9911901 0.9027802 0.4290254 -0.03041553 0.9028241 0.42894 -0.03031688 0.9041527 0.4263354 -0.02731269 0.9776613 -0.06777554 -0.1989601 0.9571738 0.2559682 -0.1352733 0.9754994 -0.08695393 -0.2020891 0.8150016 0.5607286 0.146137 0.8192628 0.5556911 0.1414775 0.6707386 0.6888289 0.274999 0.9472628 0.3126506 0.07030552 0.9472633 0.312649 0.07030612 0.9472633 0.3126493 0.07030528 -0.1950585 -0.1419288 0.9704681 -0.1604691 -0.009100198 0.986999 -0.2056984 -0.1853443 0.9609036 0.8185285 0.5605386 0.1257287 0.8199408 0.559031 0.123213 0.826513 0.5518092 0.1112785 0.2981746 0.9386916 0.1730609 0.3072337 0.9342797 0.1809114 0.3186957 0.9284416 0.1908644 0.9772327 0.1189828 0.1756685 0.9772327 0.1189845 0.1756675 0.9772326 0.1189846 0.1756675 0.991151 0.02213156 0.1308812 0.9918627 0.05009949 0.117041 0.991811 0.06796979 0.1081253 0.09595966 0.823918 0.5585256 0.119317 0.838898 0.5310497 0.1748207 0.8697172 0.4615517 0.8178635 0.03780752 -0.5741689 0.8302927 0.07816189 -0.5518198 0.8135596 0.02507162 -0.5809409 0.01997125 0.8645409 0.5021656 0.01414853 0.8800901 0.4745962 0.02086883 0.8620591 0.5063779 0.05231571 0.6399773 -0.7666108 0.05043935 0.6255999 -0.7785118 0.0524618 0.6410931 -0.7656679 0.9972566 -0.07165253 0.01858139 0.9935227 -0.1133363 0.008224785 0.9978984 -0.06124776 0.02115601 0.009942531 0.6118149 -0.7909386 0.008552253 0.6226229 -0.7824753 0.008436799 0.6235143 -0.7817665 0.8751526 -0.4548056 -0.1651054 0.9788486 0.08963245 -0.1839066 0.9743635 0.1308551 -0.1830109 0.8988799 0.2307538 0.3725153 0.8974328 0.2628515 0.3542932 0.8963216 0.2779107 0.3455047 0.9066338 0.420099 -0.03914159 0.9066339 0.420099 -0.03914093 0.9066337 0.4200994 -0.03914201 0.7807312 0.6169641 -0.09906733 0.6379199 0.7515344 -0.1680902 0.6124691 0.7700827 -0.1784771 0.8965389 0.4381383 -0.06521385 0.8946429 0.4424603 -0.06199252 0.9011876 0.4271823 -0.07332289 0.9978214 -0.06583523 -0.00425589 0.9997283 0.01600742 -0.01694911 0.9922465 -0.1242732 -0.001795411 0.555409 0.8299482 0.05202817 0.5343331 0.8421598 0.07249373 0.5796952 0.8143635 0.02766841 0.5658891 0.8065934 0.1708126 0.5179239 0.8423599 0.1489452 0.4865038 0.8632162 0.1348032 0.9969063 -0.001050889 0.07859253 0.9968758 0.004864096 0.07883459 0.9969205 0.004759788 0.07827532 0.7220283 0.6918141 -0.008274435 0.7235349 0.6902459 -0.007605135 0.7240016 0.6897587 -0.007397472 1.23664e-4 0.9998973 0.01433038 0 0.9998973 0.01433175 0.6866129 0.7225304 -0.08070123 0.6041746 0.7893072 -0.1093953 0.6962001 0.7136957 -0.07709705 0.9999606 -0.003534734 0.008146047 0.9999607 -0.003534615 0.008146166 0.9999606 -0.003534972 0.008146166 0.9999607 -0.003534436 0.008146107 0.9999606 -0.003534555 0.008145809 0.9999607 -0.003534317 0.008146107 0.9999255 -0.002392053 -0.01197797 0.9999125 -8.44561e-4 -0.01320141 0.9999201 -0.003473579 -0.01216036 0.9956901 0.006593883 0.09250867 0.9954435 0.01153546 0.09465408 0.9955028 0.01180464 0.09399455 -0.08686977 -0.2840523 0.9548655 -0.03825187 -0.3659533 0.9298468 0.1388348 -0.6292649 0.7646899 0.9905072 -0.09810721 -0.09628397 0.992913 -0.08241361 -0.08562606 0.9847219 -0.1288522 -0.117132 0.9999607 -0.003534555 0.008146166 0.9999607 -0.003534913 0.008146226 4.2634e-4 0.06723666 -0.9977371 4.03355e-4 0.06739646 -0.9977263 0.9999606 -0.003535628 0.008145749 0.9999606 -0.003534793 0.008146286 0.0876435 0.06443935 -0.9940656 0.08887195 0.06044715 -0.9942072 0.08927917 0.05912244 -0.9942504 -0.01412343 -0.7238126 0.6898521 -0.02151924 -0.711523 0.7023332 -0.01024669 -0.7301468 0.6832136 0.8079674 -0.02208757 -0.5888131 0.8092247 -0.01992887 -0.5871614 0.7850328 -0.05946183 -0.6165938 0.2712039 -0.6286317 0.7288832 0.1367087 -0.6031684 0.7858108 0.1151441 -0.5979234 0.7932399 0.9955831 0.006058871 0.0936886 0.9955171 0.003707528 0.09450924 0.9954792 0.004484713 0.09487515 0.9989558 -0.04092091 -0.02032285 0.9987024 -0.04709416 -0.01938354 0.9994727 -0.02697557 -0.01807439 0.9558477 0.2153294 0.1999711 0.9785753 0.1250604 0.1635555 0.9793601 0.121011 0.1618956 0.9463728 0.02733623 0.3219183 0.9464501 0.02836316 0.3216018 0.9463623 0.02719825 0.3219608 0.5611638 -0.7370991 -0.3765372 0.6876602 -0.6853815 -0.239532 0.5043755 -0.7501341 -0.4276731 -0.01858001 -0.9794327 -0.2009145 -0.02923369 -0.9743924 -0.2229456 -0.03553158 -0.9711223 -0.2359215 0.9996181 -0.01545155 0.02291673 0.9995104 -0.02398407 0.02009981 0.9995797 -0.02175855 0.01915758 -0.02978014 -0.9606207 -0.2762628 -0.03546321 -0.9585358 -0.2827569 -0.06842267 -0.9449292 -0.3200427 0.001456677 0.08417856 0.9964497 0.001977324 0.08419358 0.9964475 0.001455128 0.08417743 0.9964497 0.1939108 -0.9402038 -0.2800277 0.1178232 -0.9421149 -0.3139065 0.2126256 -0.9387155 -0.2713 0.2135645 0.08223581 0.9734616 0.2135643 0.0822525 0.9734603 0.2135646 0.08223062 0.9734621 0.993049 0.004764318 0.1176056 0.9934369 -9.94913e-4 0.1143766 0.9934256 0.001084685 0.1144747 0.993048 -0.006846666 0.1175119 0.9934018 0.004463732 0.1145994 0.2078992 0.007105052 0.9781245 0.2078989 0.007105052 0.9781246 0.2078991 0.007105112 0.9781246 0.767348 0.06572288 -0.6378539 0.7662637 0.0671392 -0.639009 0.7758935 0.05438935 -0.6285151 0.001269757 0.007265388 0.9999728 8.47196e-4 0.007261991 0.9999734 0.001270413 0.007260739 0.9999729 0.08118778 0.03612172 -0.996044 0.08477914 0.02792543 -0.9960085 0.08705872 0.0227136 -0.9959443 0.9999608 -0.003488659 0.008142054 0.9999606 -0.003520965 0.008148491 0.999961 -0.003424704 0.008137643 -0.01010704 0.03001195 -0.9994985 -0.01033747 0.03096574 -0.9994671 -0.01039081 0.03118658 -0.9994596 0.9999611 -0.003276348 0.008191704 0.9999545 -0.00512135 0.008054375 0.9999616 -0.002967655 0.00824511 0.9404304 0.03842306 -0.3378081 0.941509 0.04283666 -0.3342543 0.9387997 0.03197741 -0.3429761 0.9420387 0.003480613 0.3354862 0.9426812 0.009365499 0.3335635 0.9419215 0.002441227 0.3358244 0.999899 -0.003486931 -0.01378291 0.9998994 -5.11761e-4 -0.01418304 0.9998937 -0.003725528 -0.01410263 0.9999626 -0.002910196 0.008153676 0.9999617 -0.003218889 0.00814861 0.9999598 -0.003760218 0.008141219 0.9999603 -0.003628194 0.00814718 0.9998681 -0.004426419 -0.01562613 0.961165 0.2676257 0.06736779 0.9808821 0.1119984 0.1591435 0.9763944 0.009205102 0.2157993 0.9372654 -0.08071947 0.339143 0.9356769 -0.04116648 0.3504486 0.9374535 -0.1050103 0.3318945 -0.002143025 -0.07078158 -0.9974896 -0.002069056 -0.06909447 -0.997608 0.9995746 -0.02118855 0.02004712 0.9983211 -0.05788379 0.002158463 0.05713748 -0.07597035 -0.9954717 0.05713772 -0.07598894 -0.9954703 0.05713814 -0.07597023 -0.9954717 4.38786e-4 -0.3016572 0.9534164 -0.003736495 -0.3016467 0.9534125 4.53378e-4 -0.3016573 0.9534164 0.7659645 -0.04057782 -0.6416011 0.7735488 -0.05436205 -0.631401 0.7185564 0.03680044 -0.6944945 0.172688 -0.2971249 0.939093 0.1726878 -0.2971247 0.9390931 0.172688 -0.2971249 0.939093 0.9935185 -0.001832604 0.1136568 0.9935796 -0.004536688 0.1130444 0.9999055 -3.28332e-4 -0.01374554 0.8230369 0.5663754 0.04277074 0.8225165 0.5670363 0.04400783 0.8178817 0.5727678 0.05483341 0.9467304 0.04595953 0.3187309 0.942089 0.2636045 0.2073187 0.9409378 0.002461612 0.3385704 0.8349155 0.4597306 -0.3025955 0.7069086 0.6936695 -0.1382132 0.85532 0.3895984 -0.3415273 0.9999607 -0.003534138 0.008146345 0.01004242 0.9847526 -0.1736707 0.009638369 0.9851499 -0.1714261 0.00957787 0.9852089 -0.17109 0.9999606 -0.003535449 0.008146047 0.02977597 0.9866268 -0.1602534 0.02771204 0.9855095 -0.1673415 0.03062909 0.9870727 -0.1573193 8.47256e-4 0.007262885 0.9999733 8.47163e-4 0.007265806 0.9999733 0.1171337 0.981163 -0.1536196 0.1170942 0.9811511 -0.1537257 0.1165221 0.9809778 -0.1552581 0.2078995 0.007105052 0.9781244 0.2078993 0.007105052 0.9781244 0.9938741 0.01592248 0.1093656 0.9946336 0.04969811 0.09074348 0.9945892 0.05840766 0.08591288 0.8832175 -0.289049 -0.3692933 0.9626519 0.04342097 -0.2672376 0.8567515 -0.3455742 -0.3828256 0.9815098 -0.07075566 -0.1778542 0.9711367 -0.0137785 -0.2381255 0.9726345 -0.101434 -0.2090293 0.9271946 0.0116381 -0.3743993 0.9302607 0.0300135 -0.3656697 0.9258337 0.004154801 -0.3779083 0.9223481 -0.2708641 -0.2755119 0.9312504 -0.1071003 -0.348285 0.9252724 -0.03039556 -0.3780838 0.9485312 -0.169505 -0.2675008 0.9375018 -0.2505657 -0.2414691 0.9302432 -0.2866305 -0.2291082 0.9246115 0.3808906 0.004009008 0.9803798 0.04265564 -0.1924479 0.9717072 0.2264504 -0.06712257 0.9060233 0.3423954 -0.2487719 0.855238 0.3887611 -0.3426848 0.9108972 0.3104268 -0.2718485 0.04738527 0.9852657 -0.1643359 0.03797233 0.9865599 -0.1589264 0.04033851 0.9862732 -0.1601193 0.01409441 0.9903662 -0.1377542 0.01405221 0.9904356 -0.1372582 0.01600533 0.9905247 -0.1363992 0.06248742 -0.05295646 -0.9966399 0.06017762 -0.0100125 -0.9981375 0.07652115 -0.5153927 -0.8535308 0.9662804 0.07558101 -0.2461498 0.9636291 0.08655089 -0.2528398 0.9723308 0.04733055 -0.2287635 -0.8452668 0.5294965 -0.07181715 -0.9756613 0.09493964 -0.1976653 -0.9765722 0.02218943 -0.2140433 0.01076722 0.9906262 0.1361764 0.02165019 0.9952617 0.09479153 0.01523035 0.9982606 0.05695515 0.05788493 0.1459421 -0.9875983 0.05746585 0.1543611 -0.9863419 0.05596053 0.154181 -0.9864567 0.03547829 0.1661495 -0.9854622 0.03545045 0.1662193 -0.9854515 0.03634142 0.1639845 -0.9857934 0.06425386 0.1811213 -0.9813596 0.06448853 0.1777709 -0.9819567 0.06450992 0.1774644 -0.9820107 0.05877488 0.1848683 -0.9810042 0.05850559 0.1884038 -0.9803475 0.05848062 0.1887318 -0.980286 0.04232722 0.155052 -0.9869992 0.03653216 0.1584582 -0.9866896 0.04511392 0.153411 -0.9871322 0.005289494 0.9839901 0.1781448 0.005289673 0.9839901 0.1781446 0.005289673 0.9839901 0.1781446 -0.9975563 -0.001587212 -0.0698511 -0.9975568 -0.001588821 -0.06984311 -0.9975569 -0.001589059 -0.06984168 -0.005781412 -0.9839777 -0.1781982 -0.005781531 -0.9839769 -0.1782032 -0.005781412 -0.9839777 -0.1781982 0.9975037 0.004932403 0.07044273 0.9975036 0.004930317 0.0704438 0.9975037 0.004932582 0.07044267 0.0636385 0.1558855 -0.9857231 0.05991387 0.2109794 -0.9756527 0.05962687 0.2150851 -0.9747734 0.07639443 0.1469113 -0.9861952 0.06533998 0.151739 -0.9862586 0.07942163 0.1455848 -0.9861528 0.05346035 0.1434301 -0.9882155 0.05866789 0.2032644 -0.9773647 0.05305236 0.1388144 -0.9888964 0.1101099 0.1582008 -0.9812484 0.109115 0.1595687 -0.981138 0.1114383 0.1563729 -0.9813914 0.9971224 0.01993221 0.07314246 0.9971225 0.01993459 0.07314008 0.9971224 0.01993215 0.07314246 -0.0140044 -0.9838007 -0.1787182 -0.01400488 -0.9837989 -0.1787275 -0.0140044 -0.9838007 -0.178718 -0.9970334 -0.0225619 -0.0735898 -0.997033 -0.02256488 -0.07359367 -0.9970328 -0.02256524 -0.07359665 0.01531755 0.983766 0.1788011 0.01531916 0.9837623 0.1788219 0.01531916 0.9837622 0.1788222 0.3359869 -0.0158075 -0.9417341 -0.901566 0.4326415 -1.39867e-6 -0.9015665 0.4326406 -8.82632e-7 0.9964799 0.08383268 1.86532e-7 0.99648 0.08383214 1.13524e-6 0.99648 0.0838319 9.87168e-7 0 0 -1 0 -1.96432e-6 -1 0.001585364 -0.9999988 0 0.001585423 -0.9999988 0 0.001585423 -0.9999988 0 0.004596054 0.9999895 0 0.004596054 0.9999895 0 0.004596173 0.9999895 0 0 -3.23482e-6 -1 0.4598793 0.7309585 -0.5041931 0.9143298 -0.2548437 -0.314731 0.9861382 -0.1659264 0 -0.8653451 -0.5011767 0 -0.8653453 -0.5011762 0 -0.8653447 -0.5011774 0 0.8784733 0.472629 0.07004696 0.9088751 -0.4077336 -0.08774703 0.9334955 -0.3397816 -0.1146068 0.9410733 -0.3145694 -0.1242058 0.6235935 0.1137076 -0.7734351 0.8604651 0.4184564 -0.2906788 0.8652176 0.4355596 -0.2483677 0.7537254 0.656921 -0.01878356 0.6140036 0.7854286 0.07811361 0.7836907 0.6196481 -0.04318964 0.8859551 0.4329621 -0.1662148 0.9037777 0.3985477 -0.1560314 0.907401 0.3911044 -0.153821 0.04620641 0.985252 -0.1647526 0.04625141 0.9852676 -0.1646472 -0.02909058 0.00727725 0.9995503 -0.02909082 0.007261991 0.9995504 -0.02909088 0.007270097 0.9995504 -0.05788773 -0.3011528 0.9518172 -0.05788779 -0.301153 0.9518173 -0.05788773 -0.3011528 0.9518173 -0.02909111 0.007259368 0.9995505 -0.02909111 0.007259368 0.9995505 -0.02145618 0.08416539 0.9962208 -0.02145618 0.08416545 0.9962208 -0.02145612 0.08416533 0.9962208 -0.1493828 -0.6626502 0.7338798 -0.1256306 -0.6753889 0.7266821 -0.08928763 -0.6937705 0.71464 0.06971454 0.8823963 0.4653135 0.06983661 0.8823301 0.4654209 0.06731134 0.8836945 0.463199 0.7398943 0.6597693 0.1313807 0.734503 0.6648055 0.1361575 0.7383801 0.6619246 0.1290373 -0.1640277 -0.09714359 0.9816609 -0.1447578 -0.08306705 0.9859742 -0.03684365 -0.00447756 0.9993111 0.9700831 0.183471 0.1589888 0.9010626 0.433689 3.18518e-4 0.8749359 0.4830197 -0.0343405 0.6926535 0.7212073 -0.009550273 0.6962833 0.7177597 -0.003247976 0.684098 0.7289917 -0.02410477 0.9994685 -0.003409743 0.03242069 0.9994233 -5.98641e-4 0.03395044 0.9994387 -0.001101255 0.03348684 0.9984929 -0.03370487 0.04331338 0.9984519 -0.04219561 0.03624242 0.9983927 -0.02411413 0.05128979 0.999415 -0.003093898 0.03406214 0.9993976 -5.98412e-4 0.03470122 0.9993786 -0.002994537 0.03512239 0.9993761 -0.001209199 0.03529798 0.9994806 -0.002327799 0.03214377 0.9995161 -3.27191e-4 0.03110522 -8.85217e-7 1 -1.0714e-4 -2.00196e-7 1 -1.06772e-4 0.7791994 -0.6267574 -0.004855394 0.8469356 -0.5316664 0.005569517 0.7758554 -0.6308882 -0.005329191 0.6775231 0.7348211 0.03163129 0.7101424 0.7038725 0.01616901 0.6695815 0.7419003 0.03527909 0.9066338 0.4200991 -0.03914111 0.9066337 0.4200991 -0.03914111 0.9066337 0.4200993 -0.03914099 0.999633 0.01461887 0.02281296 0.9957129 0.08731561 0.03052681 0.9997577 0.003890275 0.02166491 -8.36564e-7 1 -1.06621e-4 1.0536e-5 1 -1.01874e-4 0.01582002 0.9908249 -0.1342232 0.01921117 0.9907872 -0.134059 0.001269102 0.00726974 0.9999728 -0.007405936 -0.7483109 0.6633068 -0.0128889 -0.7435895 0.6685122 0.008585155 -0.7617386 0.6478277 1.24286e-4 0.9998974 0.01432973 1.23283e-4 0.9998974 0.01432919 9.24187e-4 0.8587249 0.512436 -0.006412029 -0.170216 0.985386 -1.43447e-4 0.9998307 -0.01840418 -1.60878e-5 0.9998309 -0.01839256 0.01678484 0.1239753 0.9921434 0.01710623 0.1243346 0.9920929 0.01903676 0.1264932 0.9917848 0.9999337 -0.005176961 0.010288 0.9999428 -5.22593e-4 0.01068776 0.9999324 -0.005463063 0.01026338 0.8467487 0.1184593 -0.5186368 0.8591796 0.1706557 -0.4823766 0.8625277 0.1879237 -0.4698197 -0.997032 -0.02256482 -0.07360768 -0.9970319 -0.02256077 -0.07361066 -0.9970319 -0.02256041 -0.07361018 0.9971228 0.01993423 0.07313644 0.9971228 0.01993411 0.07313549 0.1878075 0.1613585 -0.9688612 0.1769136 0.1576917 -0.9715117 0.1750009 0.1570464 -0.9719625 0.1353648 0.1523135 -0.9790183 0.08821028 0.1466773 -0.9852435 0.07942199 0.1455924 -0.9861516 0.9975033 0.004929482 0.07044821 0.9975033 0.0049299 0.07044851 -0.9975568 -0.001586616 -0.06984287 -0.9975566 -0.001587986 -0.06984549 -0.9975566 -0.001587986 -0.06984579 0.06676566 0.1577413 -0.9852209 0.05246448 0.1546968 -0.986568 0.07778137 0.1675832 -0.9827848 0.07280719 0.164921 -0.9836159 0.07093167 0.1639161 -0.9839208 0.05525153 0.146475 -0.9876702 0.05358695 0.1548892 -0.9864776 -0.7653625 0.2825751 -0.5782487 -0.8782364 0.1212604 -0.462598 -0.9098561 0.05670493 -0.4110311 0.9858972 0.06358665 -0.1548016 0.9788348 0.05431485 -0.1973133 0.9723309 0.0473327 -0.2287625 -0.9771304 -0.02922844 0.2106227 -0.9803814 -0.06090927 0.1874634 -0.9543672 0.1066101 0.2789583 0.6492804 0.7432991 0.1610634 0.5448888 0.821354 0.1687417 0.5247421 0.8341469 0.1698376 0.9969341 -4.75362e-4 0.07824528 0.9969595 0.005069077 0.07775771 0.9996936 0.02238047 0.01057273 0.9907913 0.1316877 -0.03147792 0.988921 0.1439578 -0.03621494 0.8551996 0.3885015 -0.3430749 0.855198 0.3884907 -0.343091 0.8552379 0.388763 -0.3426831 0.9846343 0.02658617 0.1725931 0.9840747 0.09359014 0.151122 0.9830266 0.1125524 0.144882 -0.07480376 0.001530528 0.9971972 -0.1031851 0.01545518 0.9945421 -0.1432648 0.03518009 0.989059 0.7401947 0.3578866 0.5692355 0.7401964 0.3578636 0.5692479 0.8461076 0.4459525 0.2919392 0.8924852 0.4375596 -0.1095985 0.9667674 0.2020394 -0.1566554 0.8872813 0.4486316 -0.107059 0.0549615 0.1618171 -0.9852891 0.9796063 0.200051 0.01873618 0.988137 0.1532003 0.01072567 0.9775247 0.2098307 0.02041292 0.8260837 0.3426295 0.447427 0.8489618 0.3043574 0.4320074 0.7828847 0.4060536 0.471394 0.9911249 -0.03530234 0.1281605 0.9857184 -0.07800018 0.1492489 0.9912945 -0.03358638 0.1273077 0.9948532 0.09147608 0.04358059 0.9848574 -0.1006453 0.1411605 0.9943846 0.09786987 0.04026025 0.896435 0.215628 0.3871807 0.8986468 0.2080562 0.3861949 0.8961324 0.2166482 0.3873118 0.8285812 0.5576649 -0.04962986 0.8325279 0.5519027 -0.04796874 0.8328156 0.5514789 -0.04784679 0.05909025 0.1541872 -0.9862732 0.05833381 0.1639294 -0.9847458 0.008036971 0.1272501 0.9918381 0.012344 0.1827728 0.9830777 0.0125482 0.1854033 0.9825824 0.9774285 0.135896 -0.161759 0.5880997 0.8085056 -0.02138894 0.9792798 0.1190039 -0.1638574 0.8537438 0.08482396 -0.5137377 0.7207772 0.5749358 -0.3872068 0.7083876 0.5962857 -0.3776644 0.01674169 0.09445703 0.9953882 0.0120365 0.08741807 0.996099 0.01084691 0.08563762 0.9962673 0.988996 0.02673602 0.1455069 0.9843173 0.1090989 0.1386258 0.9839042 0.1132178 0.1382549 0.2938987 0.9348655 0.1991233 0.2973762 0.9314367 0.2097452 0.2841734 0.943598 0.1699069 0.9957999 0.08686119 -0.02894228 0.865794 0.471746 -0.1669037 0.8439183 0.5056946 -0.1790947 0.9539666 0.2809044 0.1050742 0.9683478 0.2256105 0.1067828 0.9693565 0.2211781 0.1069039 0.997601 0.02214086 0.06559067 0.9994873 0.03167545 0.004698991 0.9963278 0.0193271 0.08341091 0.6157233 0.7772315 -0.1295993 0.6543835 0.7314077 -0.1918987 0.5983423 0.7945301 -0.1034812 0.9904677 0.01659631 -0.1367422 0.9704021 -0.1605336 -0.1804131 0.9906387 0.03271651 -0.1325321 0.05387151 0.1459438 -0.987825 0.05316686 0.155126 -0.986463 0.09811848 0.1579831 -0.982555 0.09793949 0.1575648 -0.9826399 0.09644746 0.1540787 -0.98334 0.9975035 0.004932701 0.07044571 0.9975035 0.004933714 0.07044643 0.1490851 0.1496568 -0.9774336 0.1484802 0.1485458 -0.9776952 0.1468092 0.1454774 -0.9784086 0.9971225 0.01993262 0.07313907 0.9971228 0.01993232 0.0731371 -0.001036584 0.09974342 0.9950128 0.006635367 0.1160472 0.9932215 0.01081645 0.1249185 0.9921081 0.9999043 -0.007779896 0.01144611 0.9987555 0.04757189 0.01498132 0.9998497 -0.01332598 0.01108986 0.01894074 0.1832224 0.982889 0.01950585 0.1870524 0.9821563 0.01956969 0.1874849 0.9820726 -0.9755069 0.1066284 -0.1923975 0.7181279 0.3022761 -0.6268346 -0.998653 0.03185772 -0.04095512 -0.9970334 -0.02256172 -0.07358896 0.1683985 0.1576144 -0.9730363 0.122358 0.1613469 -0.9792833 0.1750015 0.1570485 -0.9719622 -0.9975562 -0.001587092 -0.06985169 0.06590962 0.164638 -0.9841495 -0.9378765 0.05960887 -0.3418103 -0.9685413 0.06314289 -0.2407089 -0.9098505 0.05670601 -0.4110433 0.9999578 -0.004345953 0.008095026 0.7600901 0.64973 -0.010679 0.7054625 0.7079985 -0.03256893 0.7657573 0.6430764 -0.0082767 -1.27968e-4 0.9998301 -0.01843607 -1.62964e-5 0.99983 -0.01844513 1.24026e-4 0.9998974 0.01432919 1.23002e-4 0.9998974 0.01432865 0.01111441 0.9907958 -0.1349081 0.008548676 0.9905714 -0.1367309 5.27484e-6 1 -1.03936e-4 2.52939e-5 1 -9.55118e-5 0.01543968 -0.1480146 0.9888647 0.004720568 -0.1881524 0.9821286 0.003524482 -0.1926086 0.9812694 0.009123146 0.124607 0.9921643 0.009014248 0.1244509 0.9921848 0.008822858 0.1241767 0.992221 -0.005030393 0.1242119 0.9922429 -0.005134701 0.1241174 0.9922543 -0.00437951 0.1248019 0.992172 -0.007445573 0.12345 0.9923229 -0.007460355 0.1234647 0.992321 -0.008639693 0.1246412 0.9921643 -0.01739031 0.111745 0.9935848 0.007980883 0.1246096 0.9921737 0.007874429 0.1244553 0.992194 0.007690966 0.1241895 0.9922288 0.008556663 0.1246225 0.9921674 0.008436858 0.1244328 0.9921922 0.008279681 0.1241838 0.9922247 0.006709218 0.1219602 0.9925124 0.006743609 0.1219881 0.9925087 0.00658679 0.1218608 0.9925254 0.0108931 0.1227949 0.9923723 0.01083296 0.1228775 0.9923627 0.01101839 0.1226227 0.9923923 0.007788062 0.1232855 0.9923408 0.00770688 0.1234148 0.9923253 0.007889032 0.1231247 0.9923599 0.008784234 0.1237609 0.9922732 0.008689582 0.1239706 0.9922479 0.008844912 0.1236265 0.9922895 0.01048064 0.1228094 0.992375 0.01043051 0.1228719 0.9923678 0.01063334 0.1226187 0.992397 0.007429122 0.1234065 0.9923285 0.007354736 0.1232953 0.9923428 0.007235229 0.1231167 0.9923658 0.008498668 0.1237772 0.9922736 0.008403241 0.1239652 0.992251 0.00857234 0.1236321 0.9922911 0.007035374 0.1219623 0.9925099 0.007053554 0.1219788 0.9925077 0.006916344 0.1218543 0.9925239 0.01129686 0.1228002 0.9923672 0.01124799 0.1228648 0.9923597 0.01144528 0.1226038 0.9923897 0.008144199 0.1232978 0.9923363 0.008071064 0.1234039 0.9923238 0.008261978 0.1231269 0.9923566 0.009068012 0.1237716 0.9922693 0.008974552 0.1239643 0.9922461 0.009139776 0.1236236 0.9922871 -0.01024287 0.1181336 0.992945 -0.01192569 0.1189615 0.9928273 -0.01589316 0.120912 0.992536 0.007341265 0.1219923 0.9925039 0.007375717 0.1219636 0.9925072 0.007497847 0.121862 0.9925189 -0.009685754 0.1254605 0.9920514 -0.01041418 0.1262527 0.9919435 -0.008087575 0.1237217 0.9922841 -0.01669383 0.1240909 0.9921304 -0.0146631 0.120575 0.992596 -0.01421362 0.1199191 0.992682 0.00671333 0.1223252 0.9924675 0.006713032 0.1223249 0.9924674 0.006538569 0.1221568 0.9924894 0.007133066 0.1223348 0.9924632 0.007115721 0.1223153 0.9924658 0.006963372 0.1221441 0.992488 0.007532656 0.1223262 0.9924614 0.007532715 0.1223263 0.9924615 0.007354497 0.1221477 0.9924847 -0.999993 0.001656174 0.003356099 -0.999993 0.001656115 0.003355085 -0.999993 0.001656115 0.003354907 -6.59472e-4 0.9924629 -0.1225439 -6.58274e-4 0.9924628 -0.1225457 -6.58065e-4 0.9924627 -0.122546 0.08132076 -0.9892102 0.121862 0.08131849 -0.9892107 0.1218588 0.08131825 -0.9892108 0.1218585 0.999992 -0.002350926 -0.003266334 0.9999919 -0.002350866 -0.003268301 0.999992 -0.002350926 -0.003266096 0.999993 -0.001657128 -0.003361105 0.999993 -0.001657307 -0.003357291 0.999993 -0.001657128 -0.003361701 0.8970631 0.4381724 -0.05729573 0.8970566 0.4381855 -0.0572983 0.8970642 0.4381704 -0.05729538 -0.9999936 9.46643e-4 0.003445088 -0.9999936 9.4663e-4 0.003446996 -0.9999936 9.46627e-4 0.003447294 -0.01652657 0.992334 -0.1224762 -0.01652532 0.9923341 -0.122474 -0.01652514 0.9923343 -0.1224737 -0.9999872 0.004031658 0.003061592 -0.9999872 0.004031598 0.003065407 -0.9999873 0.004031658 0.003061056 -0.999993 0.001656234 0.003355681 -0.999993 0.001656293 0.003353118 -0.9999931 0.001656293 0.003352761 0.9999936 -9.48404e-4 -0.003448009 0.9999936 -9.48346e-4 -0.003442227 0.9999937 -9.48414e-4 -0.003448963 -0.01464509 -0.9923498 0.1225873 -0.0146445 -0.9923503 0.1225825 -0.01464515 -0.9923497 0.1225878 0.01344275 0.9923661 -0.1225924 0.01344221 0.9923678 -0.1225788 0.01344209 0.9923681 -0.1225764 0.999993 -0.001656413 -0.003353118 0.999993 -0.001656353 -0.003359973 0.999993 -0.001656413 -0.003352165 -0.9999884 0.003690779 0.003104865 -0.9999884 0.003690779 0.003105044 -0.9999884 0.003690779 0.003104805 0.01464611 0.9923493 -0.1225908 0.01464563 0.9923501 -0.1225841 0.01464557 0.9923502 -0.1225834 -0.9999872 0.0040313 0.003063559 -0.9999872 0.0040313 0.003062665 -0.9999873 0.0040313 0.003063738 7.24091e-4 -0.9924617 0.1225534 7.24163e-4 -0.9924627 0.1225451 7.24085e-4 -0.9924617 0.1225541 0.007700443 -0.992436 0.122522 0.007700085 -0.9924368 0.1225153 0.007700502 -0.9924359 0.1225232 -0.9999938 9.46007e-4 0.003438293 -0.9999936 9.46007e-4 0.003446161 -0.9999937 9.46007e-4 0.003447294 0.9999884 -0.003691315 -0.003104627 0.9999884 -0.003691315 -0.003104269 0.9999884 -0.003691315 -0.003104209 -7.25239e-4 0.9924626 -0.1225456 -7.25246e-4 0.992463 -0.1225434 -7.25247e-4 0.9924629 -0.1225432 -0.9999936 -1.36249e-4 0.003572702 -0.9999937 -1.36263e-4 0.003579795 -0.9999936 -1.36265e-4 0.003580868 -0.9999872 0.004031658 0.003061413 -0.9999872 0.004031658 0.003064334 -0.9999872 0.004031658 0.003061056 0.9999936 -9.46791e-4 -0.003441274 0.9999936 -9.4675e-4 -0.003443241 0.9999936 -9.46797e-4 -0.003440976 -0.9999904 0.003028333 0.003186225 -0.9999904 0.003028392 0.003187 -0.9999904 0.003028392 0.003187119 -0.02054065 -0.9922437 0.1225996 -0.02053916 -0.9922449 0.12259 -0.02054077 -0.9922436 0.1226003 -0.04130595 -0.9915972 0.122592 -0.04130524 -0.9915977 0.1225883 -0.04130512 -0.9915978 0.1225876 0.02053952 0.9922444 -0.1225942 0.0205397 0.9922442 -0.1225955 0.0205397 0.9922442 -0.1225956 0.9999937 1.34258e-4 -0.00357908 0.9999937 1.34244e-4 -0.00357598 0.9999937 1.3426e-4 -0.003579556 0.03255826 0.9919228 -0.1225933 0.03256094 0.991922 -0.1225996 0.03256124 0.9919219 -0.1226001 0.04129874 0.9915975 -0.1225919 0.04129803 0.9915978 -0.1225902 0.04129886 0.9915975 -0.1225922 0.01478433 0.9923474 -0.1225891 0.01478409 0.992348 -0.1225846 0.01478409 0.9923481 -0.1225842 0.002274036 -0.9924606 0.1225441 0.002273678 -0.9924615 0.1225368 0.002273678 -0.9924616 0.1225355 -0.9999919 0.002350986 0.003270804 -0.9999919 0.002350866 0.003275275 -0.9999919 0.002350866 0.003275871 -0.006388962 -0.9924393 0.1225703 -0.006389439 -0.99244 0.1225646 -0.006388843 -0.9924392 0.1225714 -0.9999936 -1.43697e-4 0.003581345 -0.9999936 -1.43698e-4 0.003579556 -0.9999936 -1.43698e-4 0.003579318 0.0327509 0.9919158 -0.1225991 0.03275036 0.9919163 -0.122595 0.0327503 0.9919163 -0.1225948 -0.002272367 0.9924606 -0.1225442 -0.002272009 0.992462 -0.1225328 -0.002272427 0.9924602 -0.1225461 0.006390154 0.9924394 -0.1225693 0.006387412 0.9924392 -0.1225709 0.006386935 0.9924392 -0.1225712 0.9999937 1.34259e-4 -0.003579318 0.9999937 1.34273e-4 -0.003578186 0.9999937 1.34257e-4 -0.003579497 0.02556598 -0.9921489 0.1224214 0.02556413 -0.9921499 0.1224142 0.02556622 -0.9921488 0.1224223 0.993045 -0.1172258 0.0109384 0.9930456 -0.1172217 0.01093178 0.9930458 -0.1172204 0.0109297 0.999992 -0.002350091 -0.003266036 0.999992 -0.002350091 -0.003265917 0.9999919 -0.002350091 -0.003266036 -0.9999936 -1.36295e-4 0.003569662 -0.9999937 -1.3628e-4 0.003574848 -0.9999937 -1.36277e-4 0.003575742 -0.005696475 -0.9924448 0.1225594 -0.005697548 -0.9924437 0.122569 -0.005696356 -0.9924449 0.1225584 -0.999993 0.001656234 0.003356337 -0.999993 0.001656234 0.003358304 -0.999993 0.001656234 0.003358542 -0.007471144 0.9924381 -0.122519 -0.007471203 0.9924383 -0.1225172 -0.007471203 0.9924384 -0.1225169 0.9999937 1.32494e-4 -0.003579795 0.9999937 1.32494e-4 -0.00357598 0.9999936 1.32494e-4 -0.003580391 0.00846827 -0.9924312 0.1225097 0.008469402 -0.9924299 0.12252 0.008468151 -0.9924313 0.1225088 -0.9930527 0.1171621 -0.01092928 -0.9930526 0.1171627 -0.01093554 -0.9930527 0.1171618 -0.01092553 -0.02360057 -0.9921764 0.1225927 -0.02360004 -0.9921762 0.1225956 -0.02360063 -0.9921765 0.1225925 0.0292828 -0.9920497 0.1223926 0.02928256 -0.9920498 0.1223921 0.02928286 -0.9920497 0.1223926 -0.01443696 -0.9923529 0.1225861 -0.0144366 -0.9923533 0.1225835 -0.01443701 -0.9923529 0.1225863 0.999993 -0.001656413 -0.003352344 0.999993 -0.001656353 -0.003353893 0.999993 -0.001656413 -0.003352165 0.02360188 0.9921753 -0.1226021 0.0236001 0.9921764 -0.1225935 0.02359992 0.9921765 -0.1225925 -0.0292831 0.9920493 -0.1223958 -0.02928197 0.9920496 -0.1223936 -0.02928191 0.9920496 -0.1223934 0.01652443 -0.9923347 0.1224701 0.01652586 -0.9923344 0.1224727 0.01652425 -0.9923347 0.1224697 0.9999922 -0.002216577 -0.003286421 0.9999922 -0.002216756 -0.003286898 0.9999922 -0.002216577 -0.003286361 -0.9999936 9.46059e-4 0.003445506 -0.9999936 9.46031e-4 0.003440201 -0.9999937 9.46027e-4 0.003439426 -0.007026553 -0.9924354 0.1225675 -0.007026433 -0.992435 0.122571 -0.007026553 -0.9924353 0.1225672 0.01728308 -0.992322 0.1224687 0.01728343 -0.992322 0.1224682 0.01728308 -0.9923219 0.1224687 -0.9999921 0.002219259 0.00328952 -0.9999922 0.002219319 0.003277897 -0.9999922 0.002219319 0.003276109 0.007026851 0.9924349 -0.1225709 0.007026731 0.9924347 -0.1225726 0.007026731 0.9924347 -0.1225727 -0.01728272 0.9923223 -0.1224656 -0.0172829 0.9923219 -0.1224688 -0.01728296 0.9923219 -0.1224692 0.007471859 -0.992438 0.1225202 0.007471799 -0.9924384 0.1225162 0.007471859 -0.9924379 0.1225208 0.9999921 -0.002212107 -0.003291964 0.9999921 -0.002212107 -0.003289759 0.9999921 -0.002212107 -0.003289341 0.9999936 -9.45024e-4 -0.003449082 0.9999936 -9.45064e-4 -0.003442466 0.9999937 -9.45018e-4 -0.003450036 -0.02664363 -0.9920991 0.1225962 -0.02664464 -0.9920986 0.1225992 -0.02664357 -0.9920991 0.122596 0.02190691 -0.9922339 0.1224427 0.02190685 -0.9922339 0.1224426 0.02190685 -0.9922339 0.1224425 -0.9999922 0.002191543 0.003291904 -0.9999922 0.002191543 0.00328505 -0.9999923 0.002191543 0.003293097 0.02664405 0.9920986 -0.1225989 0.02664482 0.9920986 -0.1225996 0.02664488 0.9920985 -0.1225997 0.06398177 0.8887744 0.4538573 0.04225176 0.8703463 0.4906244 0.01767718 0.8473449 0.5307488 0.9601085 0.2426288 0.1390074 0.96776 0.2071869 0.1432275 0.9613209 0.2369677 0.1403871 0.9649211 0.2191928 0.1445061 0.9572855 0.2439345 0.1552435 0.03211826 0.8530919 0.5207712 0.04003667 0.8596493 0.5093135 0.0462836 0.8646841 0.5001793 0.6576002 0.6868962 0.3094116 0.6676568 0.6813718 0.2999448 0.5812571 0.7220299 0.3752508 0.984006 0.1465642 0.1012483 0.9810563 0.1788169 0.07451879 0.978698 0.1964127 0.05976897 0.9935625 -0.008486092 0.1129673 0.993581 -0.006550788 0.1129337 0.9937655 -0.009957551 0.1110444 0.9916587 -0.03533637 0.1239539 0.9915864 -0.01983928 0.127918 0.9916046 -0.04264986 0.1220713 0.9935885 0.009116291 0.1126897 0.99365 0.007600665 0.1122589 0.9935511 0.01000869 0.1129432 0.995588 0.01047754 0.09324634 0.9955366 0.009541988 0.0938934 0.9954747 0.0121572 0.09424608 0.9724129 0.1971211 0.1247263 0.9794837 0.1679519 0.1113722 0.966664 0.218019 0.1342706 0.9575655 0.2280259 0.1762742 0.9774962 0.1342248 0.1627416 0.9540833 0.2408989 0.1780249 0.003269493 0.8622699 0.5064386 0 0.8327407 0.5536633 0.1319357 0.9026464 0.4096614 0.1336141 0.9020639 0.4103998 0.1346799 0.9016923 0.4108681 0.8068021 0.5502269 0.2152228 0.8014846 0.5546516 0.223571 0.7666437 0.5804731 0.2744241 0.9847837 0.1392557 -0.1039671 0.9656752 0.2593165 0.01504868 0.9472641 0.3126476 0.07030063 0.6749277 0.7074227 -0.2098231 0.9472636 0.3126484 0.0703054 0.9994738 0.007370889 0.0315898 0.9953877 0.09183257 0.02775049 0.9951019 0.09492164 0.02760571 0.9983522 0.001441895 0.0573666 0.9983485 0.001377403 0.05743223 0.9983434 0.001552224 0.05751854 0.9983325 0.001534402 0.05770492 0.998332 0.001405894 0.05771809 0.9983267 0.00158596 0.05780631 0.9983386 0.001554548 0.05759966 0.9983369 0.001337647 0.05763459 0.9810923 -0.09922236 0.1661718 0.9857642 -0.08158016 0.1470167 0.9983171 -6.8418e-5 0.05799096 0.9983416 0.001335799 0.0575537 0.9996578 0.001661777 0.02611094 0.9995174 -0.01356512 0.02794718 0.9994914 -0.01503378 0.02812397 0.9934893 0.1093935 0.0318132 0.9994108 0.007880747 0.03340613 0.9994271 0.005199015 0.03344351 0.9927689 -0.006234765 0.1198801 0.9877056 -0.08434623 0.1316184 0.9928686 -0.001856029 0.1192001 0.6327875 0.7700377 0.08137547 0.6206924 0.7804774 0.07480645 0.6059723 0.7926665 0.06691467 0.5749881 0.8181565 0.002957165 0.6078836 0.7935395 -0.02779692 0.4957696 0.8654778 0.07184028 0.8984014 0.4390125 -0.0119611 0.9033933 0.4284574 0.0174573 0.8966867 0.4421675 -0.02099829 0.9066336 0.4200993 -0.03914147 0.9066336 0.4200994 -0.03914117 0.9066334 0.4200998 -0.03914266 0.9066339 0.4200991 -0.0391404 0.9938104 -0.004248142 0.1110091 0.99327 -0.02730447 0.1125568 0.9938373 -0.001724004 0.1108361 0.9606444 0.2756048 0.03470432 0.9932864 0.09992128 0.05829232 0.9567855 0.2889372 0.03281635 0.9956923 0.006181657 0.09251344 0.9953802 0.01175969 0.09528863 0.4268184 0.8823519 0.1981949 0.3894404 0.9042228 0.1752641 0.3608896 0.9191532 0.1578485 0.7893076 0.5787179 0.205132 0.7932099 0.576935 0.1948441 0.8353663 0.5467248 0.05705487 0.05863398 0.9583561 0.2794919 0.05774194 0.9581342 0.280437 0.06562447 0.9600386 0.272065 0.9712685 0.1903935 0.1427857 0.9833578 0.1175448 0.1385303 0.9704872 0.1941885 0.1429876 0.9673417 0.1906177 0.1670778 0.9797394 0.1321193 0.1505172 0.9629368 0.2078717 0.1718783 0.02232289 0.962528 0.2702623 0.009472489 0.9634521 0.2677138 0.02327591 0.9628432 0.2690565 0.7326945 0.6672985 0.1336846 0.7288088 0.6727786 0.1273056 0.992596 0.07375472 0.09650677 0.9921216 0.09430217 0.08247309 0.9918503 0.1006508 0.07811862 0.9934492 -0.001953899 0.1142583 0.9930318 -0.01014399 0.1174092 0.9930588 -0.007802069 0.1173602 0.9956336 0.009646952 0.09284919 0.9832354 0.1276614 0.1301954 0.9895278 0.08698087 0.115192 0.9793203 0.1482121 0.1377137 0.9772334 0.1189808 0.175666 0.9772335 0.1189807 0.1756658 0.008687973 0.9633024 0.2682777 0.00805056 0.9630636 0.2691537 0.2542258 0.9352618 0.2462819 0.1932991 0.9564832 0.2185758 0.1492545 0.9687408 0.198153 0.834678 0.5367089 0.123516 0.8339151 0.5376072 0.1247572 0.8442148 0.5250898 0.1076216 0.9071074 -0.1877323 -0.3767135 0.8967034 -0.2142597 -0.387319 0.8817603 -0.2488418 -0.4007203 0.9955024 -0.01971393 0.09266334 0.9966206 -0.03225219 0.0755462 0.9930186 -0.001116573 0.117953 0.9940791 0.006962358 0.1084357 0.9942148 0.008651375 0.1070607 0.9935353 7.0819e-4 0.1135224 0.9111676 -0.1129713 -0.3962461 0.9151418 -0.113933 -0.3866974 0.9077865 -0.1121619 -0.4041578 0.9751932 -0.1958569 -0.1031422 0.9831708 -0.1615883 -0.0852316 0.9167813 -0.3536475 -0.1855957 0.9908083 0.001319229 0.1352677 0.9925808 -0.009273588 0.1212328 0.9945561 -0.02422851 0.1013473 0.9812871 0.04173767 -0.187972 0.9494089 0.07828921 -0.3041275 0.9228492 0.09978443 -0.3720116 0.9959174 0.006670534 0.09002196 0.9960731 0.008731544 0.08810395 0.9954131 5.97155e-4 0.09566962 0.9909082 -0.08596843 0.1034908 0.9829723 -0.09760463 0.1556881 0.9815621 -0.09929281 0.1633306 0.9920395 -0.08892822 -0.0891605 0.9521438 -0.08537298 -0.2934854 0.9956652 -0.08924674 -0.02619135 0.8938742 0.190774 -0.4057021 0.9121037 0.4034619 0.07269996 0.8014276 0.07238817 -0.5936952 0.9205129 -0.157229 -0.35768 0.9128418 -0.1572917 -0.3768013 0.9247452 -0.1571627 -0.3466215 0.9990851 -0.002377212 0.04270076 0.9991498 0.01734918 0.03739959 0.9982194 0.05275338 0.02784126 0.9967877 -0.02223652 0.07694107 0.9980238 -0.0358448 0.05161309 0.9984183 -0.04679274 0.03116524 0.8784541 -0.07922881 -0.4712125 0.7446957 -0.199028 -0.637037 0.6629496 -0.2534207 -0.7044686 0.6907469 0.6873942 -0.2244061 0.9685373 0.2487957 -0.006011486 0.9827808 0.1832394 0.02377623 0.9648831 0.2430463 -0.09964549 0.9652174 0.2447761 -0.0918703 0.9496096 0.2866027 0.1268878 0.7491329 0.6214013 0.2294783 0.7478649 0.6215084 0.2332927 0.7759689 0.615793 0.1366435 0.9864249 0.002806484 0.1641888 0.9916968 0.01329636 0.1279084 0.9854096 0.001062214 0.170197 0.5268597 0.8489556 -0.04114681 0.5998871 0.7997112 -0.02444058 0.6146705 0.7885072 -0.02089285 0.9943906 0.01422804 -0.1048088 0.9943911 0.01422721 -0.1048049 0.9943905 0.01422792 -0.104811 0.994392 0.01422774 -0.1047958 0.9943914 0.01422673 -0.1048015 0.9943913 0.01422661 -0.1048023 0.9943915 0.0142278 -0.1048008 0.9943915 0.01422947 -0.1048001 0.9943916 0.01422733 -0.1047998 0.9943917 0.01422607 -0.1047992 0.9943919 0.01422947 -0.1047973 0.9943919 0.01422512 -0.1047978 0.9943922 0.01422744 -0.1047942 0.9943923 0.01422739 -0.1047929 0.9943925 0.01422601 -0.104792 0.9943916 0.01422774 -0.1047998 0.9943914 0.01422739 -0.104802 0.9943919 0.01422941 -0.1047976 0.9943924 0.01422756 -0.1047922 0.9943922 0.0142281 -0.1047938 0.994392 0.01422804 -0.1047959 0.9943913 0.01422607 -0.1048024 0.9943914 0.01422607 -0.1048023 0.9943912 0.01422631 -0.1048035 0.9943924 0.01422709 -0.1047918 0.9943912 0.01422607 -0.1048041 0.9943923 0.01422655 -0.1047935 0.9943925 0.01422667 -0.1047916 0.9943906 0.01422643 -0.1048101 0.9943921 0.0142275 -0.1047948 0.9943915 0.01422774 -0.104801 0.9943906 0.01422655 -0.1048088 0.9943916 0.01423025 -0.1047995 0.9943923 0.01422482 -0.1047937 0.9943926 0.01422762 -0.1047897 0.9943922 0.01422822 -0.1047934 0.9943931 0.01422905 -0.1047858 0.9943913 0.01422762 -0.104803 0.994392 0.01422804 -0.1047967 0.9943916 0.01422989 -0.1047992 0.9943926 0.01422935 -0.1047897 0.9943926 0.0142281 -0.1047897 0.9943921 0.01422685 -0.1047948 0.9943911 0.01422655 -0.1048049 0 -0.5025346 -0.8645572 0 -0.5025304 -0.8645595 0 -0.50253 -0.8645598 0 -0.9512988 -0.3082706 0 -0.9512989 -0.3082703 0 -0.9512989 -0.3082702 0 -0.004675745 -0.9999891 0 -0.004681646 -0.999989 0 -0.004683732 -0.9999891 0 -0.004677057 -0.9999891 0 -0.004683792 -0.9999891 0 0.05871188 0.998275 0 -0.751582 -0.6596397 0 -0.7515834 -0.6596382 0 -0.7515835 -0.659638 0 -0.3239691 0.9460678 0 -0.3239766 0.9460651 0 -0.3239769 0.946065 0 -0.004680573 -0.999989 0 -0.004681527 -0.999989 0 -0.7178887 0.6961579 0 -0.7178884 0.6961582 0 -0.837941 -0.545761 0 -0.8379412 -0.5457607 0 0.03121423 0.9995128 0 -0.5228477 -0.8524262 0 -0.5228519 -0.8524236 0 -0.5228521 -0.8524234 0 -0.2220996 -0.975024 0 -0.2221008 -0.9750237 0 -0.222101 -0.9750237 0 -0.4143815 -0.9101033 0 -0.4143822 -0.910103 0 -0.4143823 -0.910103 0 -0.5982074 0.8013414 0 -0.5982179 0.8013336 0 -0.5982185 0.8013331 0 -0.1207778 0.9926797 0 0.01223498 0.9999252 0 -0.9701039 0.2426899 0 -0.970104 0.2426897 0 -0.970104 0.2426896 0 -0.3465058 -0.938048 0 -0.346508 -0.9380471 0 -0.3465083 -0.938047 0 -0.4425539 0.8967419 0 -0.442553 0.8967424 0 -0.4425527 0.8967425 0 -0.9999454 -0.01045739 0 -0.9999454 -0.01045739 0 -0.9999454 -0.01045739 0 -0.3969342 0.9178472 0 -0.3969304 0.9178488 0 -0.3969302 0.9178488 0.9943917 0.01422739 -0.1047985 0.9943917 0.01422685 -0.1047986 0.9943916 0.01422703 -0.1047996 -0.06381106 0.02270853 0.9977036 -0.06382083 0.02272248 0.9977027 -0.06382107 0.02272236 0.9977027 0.0640819 0.01049953 -0.9978894 -0.06402933 -0.01049602 0.9978929 0.0640816 0.01049947 -0.9978894 -0.03879541 -0.8515886 0.5227732 -0.03878676 -0.8515675 0.5228082 -0.0387867 -0.8515675 0.5228083 0.06402105 0.01049685 -0.9978933 0.06402087 0.01049685 -0.9978935 0.03897535 -0.7329204 -0.6791971 -0.038975 0.7329221 0.6791952 0.03897535 -0.7329204 -0.679197 -0.06387621 0.02271819 0.9976993 -0.06381088 0.02270835 0.9977036 0.06402373 0.01049697 -0.9978932 0.0640068 0.01049721 -0.9978944 0.06402385 0.01049697 -0.9978932 -0.02345621 0.8915134 0.452387 -0.02345842 0.8915139 0.4523856 -0.02345615 0.8915134 0.452387 -0.06246584 -0.3269047 0.9429907 0.06246149 0.3268686 -0.9430035 -0.06246584 -0.3269045 0.9429907 0.02171212 0.9692845 -0.2449824 -0.0217058 -0.9692767 0.2450136 0.02171206 0.9692844 -0.2449824 -0.0638253 0.02271389 0.9977025 -0.0637632 0.02271628 0.9977065 -0.06376212 0.02271628 0.9977065 -0.05520105 -0.5921019 0.8039703 -0.05519902 -0.5920857 0.8039824 -0.05520111 -0.5921022 0.80397 -0.0638259 0.02271419 0.9977025 0.06400674 0.01049721 -0.9978944 -0.05965995 0.2788298 0.9584856 0.05969113 -0.2788118 -0.9584889 0.05969077 -0.2788121 -0.9584889 5.05847e-4 0.9960663 0.08861076 4.95112e-4 0.9960666 0.08860695 5.05947e-4 0.9960663 0.08861082 0.1324658 -0.8400811 0.5260386 0.1324658 -0.8400812 0.5260386 0.1324658 -0.8400811 0.5260387 0.2663974 -0.01194649 0.9637893 0.2663971 -0.01194542 0.9637895 0.2663974 -0.01194489 0.9637894 -0.1977581 -0.7107325 -0.6750933 -0.1977579 -0.7107334 -0.6750925 -0.1977583 -0.7107322 -0.6750937 -0.2668182 -0.01943022 -0.963551 -0.2668181 -0.01943439 -0.9635511 -0.2668181 -0.01942878 -0.963551 0.2663971 -0.01194643 0.9637894 0.2663972 -0.01194524 0.9637893 0.2663972 -0.01194745 0.9637893 -0.1399703 -0.8785106 -0.4567576 -0.1399701 -0.8785108 -0.4567571 -0.1399704 -0.8785105 -0.4567577 0.2486957 -0.31283 0.9166722 0.2486958 -0.3128299 0.9166722 0.2486957 -0.3128301 0.9166722 0.05390435 -0.9669689 0.2491297 0.05390429 -0.9669689 0.2491297 0.05390435 -0.9669689 0.2491298 -0.2668181 -0.01942843 -0.9635511 -0.2668182 -0.01943564 -0.9635509 -0.2668181 -0.01943868 -0.9635509 0.21027 -0.5727139 0.7923291 0.2102698 -0.5727146 0.7923286 0.2102701 -0.5727137 0.7923292 -0.2668181 -0.01942199 -0.9635513 -0.266818 -0.01944077 -0.9635509 0.2663971 -0.01194512 0.9637894 -0.2610304 -0.2623452 -0.9289985 -0.2610303 -0.2623444 -0.9289988 -0.2610304 -0.2623455 -0.9289984 -0.04064029 -0.9950113 -0.09110915 -0.04064035 -0.9950113 -0.09110921 -0.04064029 -0.9950113 -0.09110915 -0.2668181 -0.01942658 -0.9635512 0.266397 -0.01194548 0.9637894 0.2663972 -0.0119456 0.9637894 0.9979339 -0.006192386 0.06395077 0.9979339 -0.006192624 0.06395083 0.9979339 -0.006192564 0.06395071 0.004301786 0.9934223 -0.1144278 -0.04005956 -0.9692974 -0.2426065 -0.01780486 -0.6996648 0.7142494 -0.01533842 -0.7008869 0.7131075 -0.00983566 -0.7035908 0.7105373 0.1420171 0.9828761 -0.1174134 -0.9015671 0.4326395 0 0 -5.2543e-7 1 0 2.44456e-6 1 0 1.77502e-6 1 0.9964799 0.0838322 0 0.99648 0.08383208 0 0.9964799 0.08383196 0 0 3.1887e-7 -1 0.001585364 -0.9999988 0 0.001585364 -0.9999988 0 0.004596114 0.9999895 0 0.004596114 0.9999895 0 0.004596114 0.9999895 0 0 0 -1 0 2.48832e-7 -1 0.9861382 -0.1659267 0 0.9861381 -0.1659265 0 0.9861382 -0.1659263 0 -0.8653448 -0.5011772 0 -1 0 0 0 -0.1300149 -0.9915121 -0.9200695 0.3884303 -0.0509305 -0.9200698 0.3884298 -0.05093163 -0.9200696 0.3884305 -0.05093032 0 0.1300042 0.9915135 0 0.1300055 0.9915133 0 0.1300055 0.9915134 -1 0 -7.74864e-7 -1 0 0 0.02105379 0.932927 -0.3594495 0.01820945 0.9348137 -0.3546713 0.01811182 0.9331107 -0.359133 6.54763e-4 0.9797495 0.2002269 0.711124 0.7011417 -0.05199074 0.7435154 0.6686719 -0.007928848 0.7243148 0.6884951 -0.03664308 0.01425027 0.984947 0.1722684 0 0.985444 0.1700002 0.7614062 0.6461817 0.0520578 0.7564771 0.6511655 0.06104028 0.7516169 0.6576133 0.05115443 0.008918821 0.9654144 0.2605681 0.008113026 0.9666278 0.2560567 0.01589417 0.9656779 0.2592559 0.002910852 0.9669258 0.2550412 0.004891991 0.9665691 0.2563595 0.008635342 0.9347779 -0.3551279 0.01027232 0.9334879 -0.3584617 0.01918804 0.9642193 0.2644111 0.8017958 0.5975869 0.00365293 0.8364428 0.5478331 -0.01557791 0.778972 0.6268692 0.01542514 0.8023673 0.5968225 0.003105103 0.7026824 0.7106317 -0.035214 0.6844079 0.7279164 -0.04151648 0.7697054 0.6343521 0.07177066 0.765193 0.6410239 0.05973297 0.8213754 0.5689399 -0.0406205 0.7143813 0.6645734 0.2190925 0.695318 0.7103459 0.1092777 0.7207972 0.6328361 0.2827897 0.01633942 0.9323977 -0.3610643 0.002581536 0.9661029 0.2581445 0.01288199 0.9847267 0.1736297 0.006885349 0.985354 0.1703827 5.24701e-4 0.9796549 0.2006892 1.61551e-4 0.979714 0.2004014 0.02143299 0.9327457 -0.3598974 0.00491333 0.9331326 -0.3594992 0.001795768 0.9345238 -0.3558964 0.7600621 0.6489745 -0.03372913 0.7263122 0.6871876 -0.01561719 0.7588469 0.6502816 -0.03584992 0 0.9361099 -0.3517078 9.52399e-4 0.9302845 -0.3668377 0 0.9303156 -0.3667601 0.09606939 0.9126701 -0.3972458 0.1038171 0.9102011 -0.4009441 0.02305483 0.9322704 -0.3610271 -0.04058688 0.9769328 0.2096546 -0.03537368 0.9762302 0.2138305 -0.0238195 0.9745167 0.2230468 0.02898281 0.9824616 0.1841989 0.02729147 0.9821999 0.1858459 0.03590542 0.9834755 0.1774454 0.006425321 0.9648579 0.2626936 0.01191878 0.9636058 0.2670617 0.001041054 0.9304344 -0.3664571 0.7322746 0.6810081 -0.001376688 0.7373612 0.6754734 -0.005843818 0.7260097 0.6876726 0.004059016 0.009980857 0.9668428 0.2551771 0.009296417 0.9678701 0.2512787 0.01043617 0.9680083 0.2507012 -0.01076626 0.97771 0.209684 -0.008876025 0.9773842 0.2112849 0.001511871 0.9754854 0.220059 0.755264 0.6527057 0.05959469 0.7503702 0.6593708 0.04663395 0.009643375 0.9662157 0.2575546 0.02351272 0.9644073 0.263374 0.02658808 0.9657654 0.2580508 0.001148521 0.9797852 0.2000496 0 0.9799705 0.1991431 0.7660889 0.6385881 0.07289153 0.7686881 0.6375242 0.05178564 0.00105369 0.9796869 0.2005304 -0.977083 0.2116426 -0.02272373 -0.9994338 0.0252282 0.02226573 -0.9992416 0.02540141 0.02951407 -0.9065182 0.4213329 -0.02652388 -0.906634 0.4200979 -0.03914982 -0.9789252 -0.2037627 -0.01364254 -0.9983605 0.04868561 0.03010183 -0.8896864 0.454854 -0.03957611 -0.6739951 0.7366691 -0.05521976 -0.9999567 -0.004231214 0.008286178 -0.9999601 -0.003713726 0.008141338 -0.9983287 -0.05723249 0.008021056 -0.9948002 0.0997402 -0.02060025 -0.9996508 0.02642512 3.51568e-4 -4.42207e-7 1 0 -0.825366 0.5645768 0.00493139 0.01934891 0.9988578 0.04369062 -0.9945273 0.104333 0.005487382 -0.809049 0.5867604 -0.03394317 -0.9962614 -0.08438861 -0.01849108 -0.8925055 0.4495898 -0.03609782 -0.8933079 0.4477068 -0.03949177 -0.893308 0.4477071 -0.03948944 -0.6850299 0.7269924 -0.04707545 -0.7362834 0.6766573 0.00466305 -0.7170131 0.6716937 -0.1863325 -0.9066338 0.4200991 -0.03914111 -0.9066337 0.4200991 -0.03914099 -0.9983289 0.04969942 0.02948671 -0.9997885 -4.91147e-4 0.02056509 -0.4396427 0.03267222 -0.8975784 0.9999919 0.002350986 0.003265678 -0.848143 0.5253992 -0.06789082 -0.9999901 -0.003124952 -0.003174543 -6.59981e-4 -0.9924628 0.1225456 -0.999992 -0.002350509 -0.003267884 -0.8040449 0.5897332 -0.07567417 -0.9999901 -0.003123641 -0.003173351 0.9999919 0.002350568 0.00326997 -0.04125034 -0.9916362 0.1222946 -0.9999901 -0.003124117 -0.00317347 0.06476408 0.9904069 -0.1220654 0.9999904 0.003027498 0.003186285 -0.02520209 -0.9921583 0.1224209 0.9999904 0.003029167 0.003183424 0.005259752 0.9924515 -0.1225256 -0.06475424 -0.9904074 0.1220663 -0.9999884 -0.003690719 -0.003104567 -0.9999884 -0.003691196 -0.003102123 -0.7641958 0.6397863 -0.08172166 0.02191197 0.9922337 -0.1224423 -0.001621782 0.1248906 0.9921692 0.008074462 0.1231439 0.992356 0.01536065 0.1127818 0.9935011 -0.007131516 0.1220794 0.9924948 -0.008111059 0.1231329 0.9923571 -0.007787048 0.1236344 0.9922973 -0.00800383 0.1241168 0.9922354 0.02020847 0.1149752 0.9931629 0.9999884 0.003690004 0.003106653 0.9999884 0.003691792 0.003104805 -0.1545665 0.9804695 -0.1216095 -0.001593887 0.9924607 -0.1225531 0 0.3491898 -0.937052 -0.01200783 0.3491765 -0.9369801 -0.00194627 0.7311326 -0.6822326 0 0.2200049 -0.9754988 -0.005394756 0.7311143 -0.6822336 0 0.2200161 -0.9754962 -0.008851706 0.7310873 -0.6822265 4.23891e-4 -0.08450543 0.996423 2.24772e-4 -0.08442753 0.9964296 6.2339e-4 -0.08442407 0.9964298 0.8161403 -0.1529266 0.557251 0.8161386 -0.1529272 0.5572534 0.8161373 -0.1529251 0.5572558 2.60204e-5 -0.08434951 0.9964362 0.8161339 -0.1529263 0.5572604 0.8161356 -0.1529257 0.5572581 0.04077792 -0.9728723 -0.2277207 0.2215718 -0.07368981 -0.9723559 0.03849178 -0.9725833 -0.2293474 0.2211146 -0.07286727 -0.9725219 0.04306703 -0.9731552 -0.2260851 0.2220319 -0.07451903 -0.9721877 0.0453611 -0.9734292 -0.2244506 0.2224968 -0.07534211 -0.972018 0.01150023 -0.9687012 -0.2479636 0.001023471 -0.08458071 0.9964161 8.2326e-4 -0.08434253 0.9964366 -0.3202278 0.680517 -0.6590531 -0.07435286 0.6617329 -0.7460438 -0.07589256 0.661646 -0.7459658 -0.07743114 0.6615822 -0.7458642 -0.07897311 0.6614919 -0.7457827 -0.01101583 0.9666168 0.2559894 -3.112e-4 0.9666749 0.2560069 -0.8629877 -0.2785778 0.4214817 -0.7503617 0.4446632 0.4891135 -0.9899069 0.1385695 -0.02971386 -0.678612 0.734296 -0.01718056 -0.0641219 0.1537088 -0.9860334 -0.6468631 0.7573807 0.08912169 -0.8981984 -0.3749024 -0.2295383 -0.6004223 0.7757394 -0.19422 -0.7210082 0.6929266 1.75669e-4 -0.03068035 -0.01049453 0.9994742 -0.901465 0.4315651 -0.0333535 -0.9754994 -0.08695393 -0.2020891 -0.6707386 0.6888289 0.274999 0.2056984 -0.1853443 0.9609036 -0.826513 0.5518092 0.1112785 -0.2883682 0.9432698 0.1645779 -0.9772326 0.1189832 0.1756685 -0.9902973 0.005921959 0.1388394 -0.03530567 0.779685 0.6251759 -0.8135596 0.02507162 -0.5809409 -0.02086883 0.8620591 0.5063779 -0.0524618 0.6410931 -0.7656679 -0.9978984 -0.06124776 0.02115601 -0.01006925 0.6108235 -0.7917028 -0.8674922 -0.4697496 -0.1636843 -0.8991604 0.2062656 0.3859602 -0.9066341 0.4200986 -0.03913927 -0.7927029 0.6025965 -0.09219408 -0.9011876 0.4271823 -0.07332289 -0.9922465 -0.1242732 -0.001795411 -0.5796952 0.8143635 0.02766841 -0.5999756 0.7779568 0.1865815 -0.9968855 -0.00122869 0.07885354 -0.7215707 0.6922889 -0.008477389 -0.6962001 0.7136957 -0.07709705 -0.1388348 -0.6292649 0.7646899 -0.9847219 -0.1288522 -0.117132 0 0.0657559 -0.9978358 -0.08720314 0.06586778 -0.9940106 0.01024669 -0.7301468 0.6832136 -0.7850328 -0.05946183 -0.6165938 -0.1151441 -0.5979234 0.7932399 -0.9548831 0.2184379 0.2012045 -0.9463623 0.02719825 0.3219608 -0.7291027 -0.6589351 -0.1849697 0.01201254 -0.9822327 -0.1872828 -0.00251311 -0.9710167 -0.238999 -0.001455128 0.08417743 0.9964497 -0.09927242 -0.9415944 -0.321784 -0.2135646 0.08223062 0.9734621 -0.2078991 0.007105112 0.9781246 -0.7584328 0.07722496 -0.6471601 -0.001270413 0.007260739 0.9999729 -0.07919031 0.04067343 -0.9960294 -0.999961 -0.003424704 0.008137643 0.01005399 0.02979236 -0.9995056 -0.9999616 -0.002967655 0.00824511 -0.9387997 0.03197741 -0.3429761 -0.9419215 0.002441227 0.3358244 -0.9998937 -0.003725528 -0.01410263 -0.9487643 0.3135977 0.038769 -0.9374535 -0.1050103 0.3318945 0.006784796 -0.07612758 -0.997075 0 -0.04410207 -0.999027 0.002813041 -0.07046997 -0.99751 0.006788969 -0.07610827 -0.9970765 -0.9983211 -0.05788379 0.002158463 -0.0806511 -0.007205426 -0.9967164 -0.08064997 -0.00714302 -0.9967169 -0.08064991 -0.007142841 -0.9967169 -0.07228618 -0.03177678 -0.9968776 -0.08063334 -0.007161676 -0.9967182 -0.9568745 -0.09786087 -0.2735223 -0.05713671 -0.07598954 -0.9954703 -0.06156092 -0.06312263 -0.9961054 -4.53382e-4 -0.3016573 0.9534164 -0.808942 -0.12652 -0.5741128 -0.172688 -0.2971249 0.939093 -0.8178817 0.5727678 0.05483341 -0.9409378 0.002461612 0.3385704 -0.85532 0.3895984 -0.3415273 -0.01010143 0.9846942 -0.1739983 -0.03062909 0.9870727 -0.1573193 -0.1165221 0.9809778 -0.1552581 -0.9932043 0.00319159 0.11634 -0.8567515 -0.3455742 -0.3828256 -0.9747765 -0.1285399 -0.182451 -0.9390481 -0.1759101 -0.2953717 -0.9258337 0.004154801 -0.3779083 -0.9156851 -0.3094555 -0.2564336 -0.9514573 -0.127858 -0.279967 -0.9498417 -0.1771668 -0.2577064 -0.9794182 0.07464957 -0.1875305 -0.9266594 0.2714982 -0.2599834 -0.9289772 0.2222946 -0.2959499 -0.04559695 0.9860265 -0.1602274 -0.01433831 0.9904906 -0.1368316 -0.06017762 -0.01000511 -0.9981377 -0.06248742 -0.0529496 -0.9966402 -0.05144691 -0.75169 -0.657507 -0.9565182 0.1130642 -0.2688668 0.7943496 0.6059078 -0.04341232 -0.0133782 0.9987187 0.04880553 -0.007710337 0.9892874 0.1457775 -0.05864709 0.1454945 -0.9876193 -0.03464603 0.1682388 -0.9851372 -0.06450992 0.1774644 -0.9820107 -0.05848062 0.1887318 -0.980286 -0.03411585 0.1598774 -0.9865472 -0.005289673 0.9839901 0.1781446 0.9975569 -0.001589059 -0.06984168 0.005781412 -0.9839777 -0.1781982 -0.9975041 0.0049299 0.07043683 -0.05962687 0.2150851 -0.9747734 -0.0626775 0.152897 -0.9862526 -0.0588873 0.205829 -0.9768146 -0.1078465 0.1613178 -0.9809922 -0.9971221 0.01993483 0.07314509 0.01400518 -0.9837984 -0.1787308 0.9970328 -0.02256524 -0.07359665 -0.01531916 0.9837622 0.1788222 0.9015666 0.4326402 -5.10272e-7 -0.99648 0.0838316 0 -0.99648 0.08383202 4.93584e-7 -0.001585364 -0.9999988 0 -0.004596233 0.9999895 0 -0.004596173 0.9999895 0 -0.9861382 -0.1659263 0 0.8653458 -0.5011754 0 -0.9006129 -0.4272421 -0.07975435 -0.8652176 0.4355596 -0.2483677 -0.7836907 0.6196481 -0.04318964 -0.8790493 0.4454324 -0.1698895 0.05788773 -0.3011528 0.9518173 0.02909111 0.007259368 0.9995505 0.02145612 0.08416533 0.9962208 0.08928763 -0.6937705 0.71464 -0.06731134 0.8836945 0.463199 -0.7431486 0.6548587 0.1374422 0.2497682 -0.1599425 0.9550049 -0.9713358 0.05491626 0.2312813 -0.7047973 0.7093098 0.01185417 -0.9983927 -0.02411413 0.05128979 -0.9993516 -0.003860414 0.0358017 0 1 -1.07747e-4 -0.7758554 -0.6308882 -0.005329191 -0.6695815 0.7419003 0.03527909 -0.9066339 0.4200988 -0.03914111 -0.9997577 0.003890275 0.02166491 -0.008585155 -0.7617386 0.6478277 -0.004052937 0.862236 0.5064905 0.008214116 -0.1792218 0.9837744 -0.01485604 0.1218176 0.9924413 -0.9999324 -0.005463063 0.01026338 -0.8625277 0.1879237 -0.4698197 -0.1750009 0.1570464 -0.9719625 -0.07942199 0.1455924 -0.9861516 -0.07093167 0.1639161 -0.9839208 0.9098561 0.05670493 -0.4110311 -0.9723309 0.0473327 -0.2287625 0.9064936 0.2538561 0.3373817 0.9543673 0.1066105 0.2789578 -0.5247421 0.8341469 0.1698376 -0.9998343 0.00960642 0.01546967 -0.8551685 0.3882896 -0.3433921 -0.9839296 0.008047759 0.178376 0.1432648 0.03518009 0.989059 -0.7401964 0.3578636 0.5692479 -0.7401947 0.3578866 0.5692355 -0.9181503 0.2144173 -0.3332046 -0.8872813 0.4486316 -0.107059 -0.9775247 0.2098307 0.02041292 -0.7828847 0.4060536 0.471394 -0.9912945 -0.03358638 0.1273077 -0.9943846 0.09786987 0.04026025 -0.8961324 0.2166482 0.3873118 -0.8282445 0.5581523 -0.04977071 -0.007856965 0.1249319 0.9921343 -0.9792798 0.1190039 -0.1638574 -0.8530574 -0.006674945 -0.5217746 -0.02084326 0.1005899 0.9947096 -0.9890515 0.0226674 0.14582 -0.3073034 0.920689 0.2406167 -0.9974269 0.0681523 -0.02224618 -0.9528926 0.2845734 0.1049474 -0.9992767 0.03478884 -0.01535522 -0.5983423 0.7945301 -0.1034812 -0.9906387 0.03271651 -0.1325321 -0.09644746 0.1540787 -0.98334 -0.1468092 0.1454774 -0.9784086 0.003605544 0.09427917 0.9955393 -0.9998497 -0.01332598 0.01108986 -0.01888674 0.1828562 0.9829583 0.998653 0.03185772 -0.04095512 -0.1204515 0.1614963 -0.979495 -0.04081815 0.1683021 -0.98489 0.9733958 0.06376761 -0.2200782 -0.7657573 0.6430764 -0.0082767 -0.01685047 -0.1427066 0.9896216 -0.009316921 0.1248816 0.992128 0.005793869 0.1235235 0.9923248 0.008639693 0.1246412 0.9921643 -0.008166611 0.1248826 0.9921379 -0.008716046 0.1248754 0.9921341 -0.006866574 0.1220871 0.9924957 -0.01101839 0.1226227 0.9923923 -0.007889032 0.1231247 0.9923599 -0.008844912 0.1236265 0.9922895 -0.01063334 0.1226187 0.992397 -0.007549583 0.123588 0.9923049 -0.00857234 0.1236321 0.9922911 -0.00717318 0.1220849 0.9924938 -0.01144528 0.1226038 0.9923897 -0.008261978 0.1231269 0.9923566 -0.009139776 0.1236236 0.9922871 0.01589316 0.120912 0.992536 -0.007497847 0.121862 0.9925189 0.008087575 0.1237217 0.9922841 0.01073384 0.1138699 0.9934377 0.01687061 0.1242267 0.9921105 -0.006888806 0.1224961 0.9924452 -0.007286548 0.1225043 0.9924412 -0.007711946 0.1225032 0.9924382 0.999993 0.001656115 0.003354907 6.58065e-4 0.9924627 -0.122546 -0.08131825 -0.9892108 0.1218585 -0.999992 -0.002350866 -0.003266096 -0.9999931 -0.001657307 -0.003351926 -0.8970566 0.4381858 -0.0572949 0.9999936 9.46627e-4 0.003447294 0.01652514 0.9923343 -0.1224737 0.9999872 0.004031538 0.003065347 0.9999931 0.001656293 0.003352761 -0.9999937 -9.48355e-4 -0.003439068 0.01464462 -0.9923505 0.1225812 -0.01344209 0.9923681 -0.1225764 -0.999993 -0.001656353 -0.003361105 0.9999884 0.003690719 0.003104805 -0.01464557 0.9923502 -0.1225834 0.9999873 0.0040313 0.003063738 -7.243e-4 -0.9924631 0.1225423 -0.007699668 -0.992437 0.122513 0.9999937 9.46007e-4 0.003447294 -0.9999884 -0.003691315 -0.003104209 7.25247e-4 0.9924629 -0.1225432 0.9999936 -1.36265e-4 0.003580868 0.9999872 0.004031658 0.003065347 -0.9999936 -9.46744e-4 -0.003440976 0.9999904 0.003028392 0.003187119 0.02053928 -0.9922447 0.1225914 0.04130512 -0.9915978 0.1225876 -0.0205397 0.9922442 -0.1225956 -0.9999937 1.3426e-4 -0.003579556 -0.03256124 0.9919219 -0.1226001 -0.04129928 0.9915975 -0.1225922 -0.01478409 0.9923481 -0.1225842 -0.002273678 -0.9924616 0.1225355 0.9999919 0.002350866 0.003275871 0.006389021 -0.9924405 0.122561 0.9999936 -1.43698e-4 0.003579318 -0.0327503 0.9919163 -0.1225948 0.002272009 0.9924621 -0.1225309 -0.006386935 0.9924392 -0.1225712 -0.9999937 1.34257e-4 -0.003579497 -0.02556425 -0.9921499 0.1224141 -0.9930458 -0.1172204 0.0109297 -0.999992 -0.002350091 -0.003266036 0.9999937 -1.36277e-4 0.003575742 0.005697607 -0.9924433 0.1225721 0.999993 0.001656234 0.003358542 0.007471203 0.9924384 -0.1225169 -0.9999936 1.32494e-4 -0.003580391 -0.008469343 -0.9924299 0.1225208 0.9930527 0.1171616 -0.01093715 0.02360081 -0.9921757 0.1225991 -0.0292828 -0.9920496 0.122393 0.01443642 -0.9923534 0.1225817 -0.999993 -0.001656353 -0.003352165 -0.02359992 0.9921765 -0.1225925 0.02928191 0.9920496 -0.1223934 -0.01652628 -0.9923342 0.1224737 -0.9999922 -0.002216815 -0.003286361 0.9999937 9.46027e-4 0.003439426 0.007026791 -0.9924346 0.1225733 -0.01728373 -0.9923219 0.1224685 0.9999922 0.002219319 0.003276109 -0.007026731 0.9924347 -0.1225727 0.01728296 0.9923219 -0.1224692 -0.007471561 -0.9924384 0.1225164 -0.9999921 -0.002212107 -0.003289341 -0.9999937 -9.45052e-4 -0.003440976 0.026645 -0.9920983 0.1226005 -0.02190685 -0.9922339 0.1224425 0.9999923 0.002191543 0.003282546 -0.02664488 0.9920985 -0.1225997 -0.01767718 0.8473449 0.5307488 -0.9572855 0.2439345 0.1552435 -0.0462836 0.8646841 0.5001793 -0.5812571 0.7220299 0.3752508 -0.9848245 0.1304974 0.1144174 -0.9937655 -0.009957551 0.1110444 -0.9916046 -0.04264986 0.1220713 -0.9935511 0.01000869 0.1129432 -0.9954747 0.0121572 0.09424608 -0.966664 0.218019 0.1342706 -0.9540833 0.2408989 0.1780249 -0.1309899 0.9029732 0.4092445 -0.7666437 0.5804731 0.2744241 -0.9839324 0.08139604 -0.1589079 -0.9472635 0.312649 0.07030314 -0.9994884 0.003986477 0.03173863 -0.9983267 0.00158596 0.05780631 -0.9564164 -0.1670927 0.2394741 -0.9996588 0.003255248 0.02591794 -0.9932339 0.1117013 0.03177261 -0.9928686 -0.001856029 0.1192001 -0.6468634 0.7573806 0.08912152 -0.4957696 0.8654778 0.07184028 -0.9039607 0.4270907 0.02118092 -0.9938373 -0.001724004 0.1108361 -0.9567855 0.2889372 0.03281635 -0.9956485 0.006063044 0.09299123 -0.4573551 0.8623905 0.2170461 -0.8353663 0.5467248 0.05705487 -0.06562447 0.9600386 0.272065 -0.9704872 0.1941885 0.1429876 -0.9629368 0.2078717 0.1718783 -0.9926142 0.06569683 0.1019852 -0.9930308 -0.01135611 0.1173066 -0.9793203 0.1482121 0.1377137 -0.9772335 0.1189807 0.1756658 -0.00805056 0.9630636 0.2691537 -0.2838485 0.9230827 0.2595155 -0.8442148 0.5250898 0.1076216 -0.8817603 -0.2488418 -0.4007203 -0.9930186 -0.001116573 0.117953 -0.9946967 0.01519995 0.1017224 -0.918723 -0.1148089 -0.3778452 -0.9167813 -0.3536475 -0.1855957 -0.9945561 -0.02422851 0.1013473 -0.9228492 0.09978443 -0.3720116 -0.9965059 0.01513171 0.08214098 -0.9815621 -0.09929281 0.1633306 -0.9293909 -0.08333975 -0.3595655 -0.8227149 0.4718176 0.3170621 -0.9078614 -0.1572961 -0.3886461 -0.9978174 -0.03978461 0.05270516 -0.9984183 -0.04679274 0.03116524 -0.6629496 -0.2534207 -0.7044686 -0.9827808 0.1832394 0.02377623 -0.9496096 0.2866027 0.1268878 -0.7142609 0.6210995 0.3225936 -0.9925233 0.01525676 0.1210986 -0.6146705 0.7885072 -0.02089285 -0.9943913 0.01422661 -0.1048023 0 -0.502534 -0.8645575 0 -0.9512987 -0.3082708 0 -0.004679739 -0.9999892 0 -0.7515817 -0.65964 0 -0.3239752 0.9460656 0 -0.717889 0.6961576 0 -0.8379406 -0.5457616 0 -0.5228465 -0.8524269 0 -0.2221002 -0.9750239 0 -0.4143808 -0.9101037 0 -0.5982103 0.8013392 0 -0.970104 0.2426899 0 -0.346505 -0.9380482 0 -0.4425539 0.8967419 0 -0.9999454 -0.01045739 0 -0.3969385 0.9178453 -0.9943917 0.01422727 -0.1047995 -0.9943917 0.01422762 -0.1047985 -0.9943917 0.01422774 -0.1047984 -0.9943917 0.01422762 -0.1047985 -0.9943917 0.01422715 -0.1047983 -0.9943923 0.01422673 -0.1047936 -0.9943887 0.0142281 -0.1048274 -0.9943915 0.01422768 -0.1048002 -0.9943909 0.01422792 -0.104806 -0.9943933 0.01422268 -0.1047844 -0.99439 0.01423466 -0.1048141 -0.9943908 0.01423126 -0.1048067 -0.9943918 0.01422601 -0.1047978 -0.9943917 0.01422697 -0.1047986 -0.99439 0.01422375 -0.1048161 -0.994393 0.01422619 -0.1047877 -0.9943901 0.01422476 -0.1048138 -0.9943908 0.01422262 -0.1048085 -0.9943915 0.01422697 -0.1048013 -0.9943917 0.01422846 -0.1047983 0.06401121 -0.01049363 0.9978941 0.0387867 -0.8515675 0.5228083 0.03897434 0.7329206 0.6791969 0.02345758 0.8915151 0.4523833 -0.06246024 0.3268685 -0.9430037 0.02169561 -0.9692735 0.2450271 0.06376212 0.02271628 0.9977065 0.0551992 -0.5920901 0.8039791 -0.05969077 -0.2788121 -0.9584889 -4.96186e-4 0.9960666 0.08860695 -0.1324658 -0.8400811 0.5260387 0.1977583 -0.7107322 -0.6750937 0.1399704 -0.8785105 -0.4567577 -0.2486957 -0.3128301 0.9166722 -0.05390435 -0.9669689 0.2491298 0.2668181 -0.01943504 -0.9635509 -0.2102701 -0.5727137 0.7923292 0.2610304 -0.2623455 -0.9289984 0.04064029 -0.9950113 -0.09110915 -0.2663972 -0.0119456 0.9637894 -0.9979337 -0.006192743 0.06395322 -0.9979338 -0.006192684 0.06395137 -0.9979339 -0.006192386 0.06395077 -0.9979338 -0.006192207 0.06395119 -0.9979339 -0.006192326 0.06395077 -0.9979339 -0.006192326 0.06395077 -0.9979339 -0.006192862 0.0639503 -0.9979339 -0.006192386 0.06395131 -0.9979339 -0.006192505 0.06395047 -0.9979338 -0.006192862 0.06395125 -0.9979338 -0.006192564 0.06395113 -0.9979339 -0.006192266 0.06394946 -0.9979341 -0.006193041 0.06394791 -0.9979336 -0.006192088 0.06395447 0.0132029 -0.999854 -0.01086056 0.05272817 -0.9985708 0.008735537 0.02964067 -0.9995366 -0.006944358 0.2199261 -0.9503332 0.2202254 0.1066125 -0.9938664 0.02938544 0.3204899 -0.9467411 -0.0311048 0.03431904 -0.8906875 0.4533191 0.03153198 -0.8896095 0.4556321 0.2306122 -0.9524695 0.1990476 0.04839867 -0.9980962 0.03823101 0.04783529 -0.9981867 0.03653955 0.05645418 -0.9973742 -0.04536139 0.06120401 -0.9412774 0.3320406 0.04188269 -0.9962469 0.075751 0.07105135 -0.9696214 -0.2340645 -0.04489111 -0.7525219 -0.6570354 -0.005830526 0.2832748 -0.9590211 -0.07578957 -0.9964069 -0.03780823 -0.09563082 -0.9951285 -0.0239641 0.01392954 0.3930325 0.9194192 0.02427566 -0.7747724 0.6317743 0.04001307 -0.9692952 -0.2426228 0.002275109 -0.9999232 0.01218551 0.002275526 -0.9999232 0.01218545 0.00983566 -0.7035908 0.7105373 0.06727629 -0.9371267 0.3424435 -0.01041102 -0.9788495 0.204317 0.0315321 -0.8896093 0.4556326 0.1335174 -0.8771494 0.4612831 0.266158 -0.8842736 0.3836928 0.2238799 -0.8470256 0.4821052 0.4346296 -0.876227 0.2081431 0.4346293 -0.876227 0.2081434 0.1029052 -0.9342073 0.3415659 -0.007190227 0.9979706 -0.06327015 0 -7.8154e-6 1 -0.9964799 0.08383226 0 -0.004596114 0.9999895 0 -0.9861381 -0.1659269 0 0 0.1076475 -0.9941892 0 -0.1076534 0.9941886 0 -0.9941891 -0.1076485 0 0.9941891 0.1076486 0 -0.1300164 -0.9915119 0 0.1300024 0.9915137 0.9200696 0.3884305 -0.05093032 0 0.1300041 0.9915136 0 -0.991513 0.1300075 0 -0.1300028 -0.9915137 0 0.1300133 0.9915122 0 -0.9915131 0.1300073 0 0.9915131 -0.130007 0 -0.1300041 -0.9915136 1 0 -8.7381e-7 0 0.1300038 0.9915135 0 -0.9915132 0.130007 0 0.9915132 -0.1300069 0 -0.1300016 -0.9915139 0 0.1300197 0.9915114 0 -0.9915132 0.130007 0 0.9915131 -0.1300074 -0.0221318 0.9346765 -0.3548102 -0.696304 0.7148199 -0.06475472 -0.69985 0.7111045 -0.06738257 0 0.9680608 0.2507157 -0.778972 0.6268692 0.01542514 -0.8209686 0.5708636 0.01120847 -0.6815298 0.7299429 0.05196642 -0.7820923 0.6218213 -0.0408675 -0.7859933 0.6162308 -0.04974031 -0.02305483 0.9322704 -0.3610271 0.0524016 0.9783629 0.2001503 -0.03590542 0.9834755 0.1774454 -0.7434474 0.6686998 -0.01125448 -0.01043617 0.9680083 0.2507012 0.02142608 0.9794329 0.2006297 -0.02658808 0.9657654 0.2580508 -0.7560681 0.6535498 0.0351274 0.977083 0.2116426 -0.02272361 0.9963393 -0.08512765 0.007834911 0.9992416 0.02540135 0.02951407 0.906634 0.4200974 -0.03915327 0.9065182 0.4213328 -0.02652406 0.9789253 -0.2037626 -0.01364254 0.998219 -0.05911695 0.008020818 0.9029906 0.4250789 -0.06257712 0.6739952 0.736669 -0.0552197 0.9999567 -0.004231214 0.008286178 0.9983287 -0.05723249 0.008020877 0.9762791 0.2164878 -0.003485143 0.9894516 0.1439341 0.01638698 0.8253659 0.5645768 0.004931151 0.9898351 0.1410287 -0.01837152 0.9945274 0.104333 0.005487203 0.809049 0.5867604 -0.03394335 0.9987902 0.04850304 0.008095622 0.8933079 0.4477069 -0.03949177 0.8925055 0.4495898 -0.03609788 0.893308 0.4477071 -0.0394895 0.7008224 0.7025527 -0.1235623 0.7362836 0.6766571 0.004663169 0.7977391 0.6016215 -0.04079174 0.9066338 0.4200991 -0.03914111 0.9066338 0.4200991 -0.03914111 0.9997885 -4.91147e-4 0.02056509 0.9983289 0.04969936 0.02948671 0.4396428 0.03267222 -0.8975784 -0.999992 0.002350986 0.003270208 0.8481449 0.5253966 -0.06788736 0.9999902 -0.00312519 -0.003176569 6.60072e-4 -0.9924625 0.1225473 0.9999919 -0.002350509 -0.003270864 0.8040449 0.5897327 -0.07567846 0.9999902 -0.003123641 -0.003175258 -0.999992 0.002350628 0.003272354 0.04124969 -0.9916365 0.1222931 0.9999902 -0.003124415 -0.003176629 0.008627891 0.1225602 0.9924237 -0.06476598 0.9904066 -0.1220666 -0.9999904 0.003027558 0.003186166 0.02520072 -0.9921584 0.1224205 -0.9999904 0.003028988 0.003185689 -0.005258023 0.9924511 -0.1225284 0.06475281 -0.990408 0.1220622 0.9999884 -0.003690898 -0.003101825 0.9999884 -0.003691554 -0.003108978 0.7642008 0.6397798 -0.08172672 -0.02191203 0.9922336 -0.1224433 0.001621842 0.1248916 0.9921692 -0.00370872 0.124876 0.9921655 -0.008074462 0.1231573 0.9923544 -0.01536059 0.1127707 0.9935024 0.006866812 0.1217948 0.9925315 0.007131397 0.1220836 0.9924942 0.00800389 0.1241145 0.9922357 0.009172737 0.1230659 0.9923562 0.008682191 0.12358 0.9922966 0.009241878 0.1241064 0.9922259 -0.9999884 0.003690063 0.003104627 -0.9999884 0.003691732 0.003105342 0.1545695 0.9804687 -0.1216119 0.001593172 0.9924605 -0.1225547 0.01200783 0.3491765 -0.9369801 0.00194627 0.7311326 -0.6822326 0.005394756 0.7311143 -0.6822336 0.008851706 0.7310873 -0.6822265 -4.23893e-4 -0.08446258 0.9964267 -2.24771e-4 -0.08449196 0.9964242 0.003461062 0.08487868 -0.9963853 -6.2339e-4 -0.08443373 0.996429 -0.8161419 -0.1529008 0.5572556 0.003261625 0.08495861 -0.9963793 -0.8161416 -0.152907 0.5572545 -0.8161441 -0.1528953 0.557254 -2.60204e-5 -0.08436149 0.9964353 -0.8161242 -0.1529859 0.5572583 -0.8161274 -0.1529812 0.5572547 -0.8161299 -0.1529755 0.5572528 0.003660798 0.08511388 -0.9963645 0.9293397 0.1652987 -0.3301576 0.05114758 -0.6626988 0.7471375 0.6156263 -0.3052996 -0.7264961 0.05269765 -0.6626501 0.7470729 0.001005351 0.0846669 -0.9964089 0.6104524 -0.3095037 -0.7290785 0.04959464 -0.6627457 0.7472004 0.6209191 -0.3023583 -0.7232143 0.04803782 -0.6628182 0.7472379 2.55621e-5 0.08443939 -0.9964287 0.3249029 -0.2696649 -0.9064872 -0.01222693 -0.9666032 -0.2559857 -0.01299172 -0.9666087 -0.2559278 -0.001023471 -0.08453559 0.99642 0.003062605 0.08472406 -0.9963998 -8.23255e-4 -0.08440464 0.9964313 0.002573013 0.9671364 0.2542455 0.00485295 0.9675382 0.2526783 0.007137715 0.9679325 0.251109 0.00942707 0.9683203 0.2495337 -0.8899627 -0.4539127 -0.04392915 0.748677 -0.6545828 0.1049014 3.11235e-4 0.9666749 0.2560069 0.4895927 -0.7040876 0.5143536 0.7423157 0.1382218 0.6556388 0.9899069 0.1385697 -0.0297144 0.6374258 0.770502 -0.003880143 0.06412196 0.153702 -0.9860345 0.673064 0.7376295 0.05373644 0.9511439 -0.228325 -0.2078294 0.123331 0.9534718 -0.2751019 0.7654603 0.6433948 -0.01065891 0.03068029 -0.01049786 0.9994742 0.901465 0.4315651 -0.03335314 0.9480283 0.2917782 -0.1269169 0.9049782 0.4245698 0.02747553 -0.1514611 0.0237078 0.988179 0.8123584 0.5669515 0.1365277 0.2883679 0.9432699 0.1645781 0.9772328 0.1189824 0.1756686 0.9902973 0.005921959 0.1388394 0.03530573 0.7796841 0.625177 0.8334575 0.08951848 -0.5452845 0.01333975 0.8821747 0.4707334 0.05028611 0.6244223 -0.7794666 0.9920864 -0.1254495 0.005202412 0.01006925 0.6108235 -0.7917028 0.8674921 -0.4697499 -0.1636843 0.8991599 0.2062667 0.3859605 0.9066342 0.4200984 -0.03913968 0.7927029 0.6025965 -0.09219408 0.891252 0.4499947 -0.05634611 0.5038719 0.8578456 0.1010646 0.599976 0.7779566 0.1865813 0.9968856 -0.00122869 0.07885247 0.7215703 0.6922892 -0.008477509 1.24485e-4 0.9998973 0.01433026 0.5924146 0.7976421 -0.1131908 0.9999406 -6.80567e-5 -0.01090437 -0.2957683 0.1222143 0.9474095 0.9965913 -0.05139654 -0.06452989 0.9999606 -0.003534495 0.008144855 0.08720314 0.06586885 -0.9940105 -0.02479654 -0.7059907 0.7077869 0.829714 0.01723551 -0.5579227 0.3140106 -0.6339771 0.7067322 0.9955834 0.002574205 0.09384578 0.9998937 -0.003291547 -0.01420581 0.9548831 0.2184374 0.2012046 0.9464601 0.02849632 0.3215607 0.7291026 -0.6589354 -0.1849693 -0.01201254 -0.9822327 -0.1872828 0.9986099 -0.05194443 0.008956551 0.00251311 -0.9710167 -0.2389987 0.001977324 0.08419466 0.9964474 0.09927225 -0.9415944 -0.3217841 0.2135642 0.08225768 0.9734598 0.9932045 0.00319159 0.1163385 0.758433 0.0772261 -0.6471598 0.07919025 0.04067283 -0.9960294 -0.01005399 0.02979236 -0.9995056 0.9426795 0.04777741 -0.3302615 0.9427647 0.01015567 0.3333044 0.9487643 0.3135975 0.03876924 0.9350594 -0.0316599 0.3530746 -0.006784796 -0.07613003 -0.9970749 -0.006788969 -0.07610839 -0.9970765 -0.002813041 -0.07047426 -0.9975097 0.08064991 -0.007140398 -0.9967169 0.08064997 -0.007140338 -0.9967169 -0.7697858 0.4938315 -0.4044259 0.06156092 -0.06312245 -0.9961053 0.08063864 -0.007159769 -0.9967177 0.08063364 -0.00717163 -0.9967181 0.07228618 -0.03177869 -0.9968775 -0.003736495 -0.3016464 0.9534126 0.808942 -0.1265206 -0.5741127 0.1726878 -0.2971247 0.9390932 0.8261867 0.5622967 0.03518587 0.9362701 0.2962624 0.1887512 0.6645125 0.7411637 -0.0953918 0.01010143 0.9846942 -0.1739983 0.02686083 0.985033 -0.1702604 8.47109e-4 0.007270812 0.9999733 0.1177062 0.9813335 -0.152085 0.2078996 0.007105112 0.9781244 0.9932045 0.00319159 0.1163392 0.9639582 0.0813201 -0.2533211 0.9390478 -0.1759101 -0.2953726 0.9747765 -0.1285398 -0.1824513 0.9315218 0.03834497 -0.3616586 0.9156849 -0.3094562 -0.2564337 0.9514572 -0.1278581 -0.279967 0.9794182 0.07464957 -0.1875303 0.9498417 -0.177167 -0.2577064 0.9289771 0.2222946 -0.2959505 0.9266591 0.2714985 -0.2599836 0.04559701 0.9860265 -0.1602274 0.01433831 0.9904906 -0.1368316 0.04606151 -0.7412648 -0.6696305 0.0310142 -0.6981248 -0.7153041 0.05144703 -0.7516912 -0.6575058 0.9565181 0.1130655 -0.2688668 -0.7943495 0.6059078 -0.04341232 0.007710337 0.9892875 0.1457771 0.0133782 0.9987187 0.04880565 0.05864703 0.1454991 -0.9876187 0.03464609 0.1682356 -0.9851378 0.06424373 0.181266 -0.9813335 0.05878615 0.1847198 -0.9810315 0.03411585 0.1598761 -0.9865474 0.005289494 0.9839901 0.1781448 -0.005781531 -0.9839768 -0.1782032 0.9975035 0.00492984 0.07044464 0.06379336 0.1535175 -0.9860845 0.06267726 0.1528979 -0.9862524 0.0588873 0.2058249 -0.9768155 0.1078466 0.1613113 -0.9809933 0.9971226 0.01993483 0.07313936 -0.01400488 -0.9837989 -0.1787277 0.01531749 0.9837661 0.1788008 -0.9015672 0.4326391 0 0.9964799 0.0838316 0 0.9964798 0.08383375 0 0 -1.32261e-6 -1 0.001585364 -0.9999988 0 0.004596173 0.9999895 0 0.004596054 0.9999895 0 0.9861381 -0.1659265 0 0.9861381 -0.1659266 0 -0.8653458 -0.5011754 0 0.9006126 -0.4272426 -0.07975429 0.5848757 0.07908058 -0.8072589 0.544956 0.8299877 0.1189266 0.8790493 0.4454324 -0.1698895 -0.02909058 0.007259368 0.9995505 -0.05788785 -0.301153 0.9518172 -0.02145618 0.08416545 0.9962208 -0.1755713 -0.6479296 0.7411897 0.0723769 0.8809453 0.4676505 0.7431485 0.654859 0.1374419 -0.2497684 -0.1599427 0.9550048 0.9713358 0.05491626 0.2312814 0.7047973 0.7093096 0.01185423 0.9979835 -0.05966079 0.0216704 0.9993515 -0.003860414 0.0358023 0.8526349 -0.5224665 0.006533622 0.7227799 0.6910066 0.009954333 0.9066339 0.4200989 -0.03914123 0.9943016 0.1016756 0.03203701 -0.0284202 -0.7298898 0.6829738 0.004052937 0.8622357 0.5064911 -0.008214116 -0.1792232 0.9837741 0.01485604 0.1218177 0.9924413 0.9999427 -2.55816e-4 0.01071065 0.8400447 0.09496927 -0.5341404 -0.997032 -0.02256554 -0.07360792 0.1894742 0.1619184 -0.9684431 0.1382612 0.1526495 -0.9785613 -0.9975569 -0.001586496 -0.06984245 0.08939379 0.1610571 -0.9828884 0.07941871 0.1684586 -0.9825041 -0.7038909 0.3481212 -0.6191521 0.9883098 0.06747442 -0.1367148 -0.9064936 0.2538552 0.3373826 -0.9827436 -0.0533517 0.1771118 0.6771565 0.7185973 0.1583573 0.9998343 0.00960642 0.01546967 0.8551685 0.3882895 -0.3433924 0.9839296 0.008047163 0.1783758 -0.02806335 -0.02132481 0.9993787 0.8802925 0.3187065 -0.351442 0.893211 0.3634593 -0.2647103 0.9181503 0.2144176 -0.3332046 0.9692652 0.1876106 -0.1591457 0.9893825 0.1450359 0.009333372 0.8979088 0.2056218 0.3892038 0.9854165 -0.07995212 0.1502069 0.9837604 -0.1068308 0.1442317 0.899158 0.2062767 0.38596 0.8282443 0.5581525 -0.04977071 0.007856965 0.1249287 0.9921346 0.5600962 0.8283047 -0.01427888 0.8530574 -0.006672143 -0.5217747 0.02084326 0.1005887 0.9947098 0.9890514 0.0226674 0.1458206 0.3073042 0.9206888 0.2406166 0.9974269 0.0681523 -0.02224618 0.9528923 0.284574 0.1049475 0.9992768 0.03478866 -0.01535552 0.6667867 0.7140383 -0.2134129 0.9621543 -0.1965906 -0.1887099 0.0995022 0.1612172 -0.9818903 0.1506454 0.1525239 -0.976751 -0.003605544 0.09427672 0.9955396 0.9985779 0.051099 0.01520538 0.01888674 0.1828562 0.9829583 0.9124416 0.1731476 -0.37077 0.1204513 0.1614934 -0.9794955 0.04081809 0.1683012 -0.9848902 -0.9733954 0.06376761 -0.2200798 0.6984885 0.7147543 -0.03521609 0.01685047 -0.1427047 0.9896219 0.009316921 0.1248847 0.9921276 -0.005793869 0.1235197 0.9923253 -0.006231546 0.1222385 0.9924812 0.008166611 0.1248788 0.9921384 0.008716046 0.124875 0.9921343 0.006866633 0.122088 0.9924956 0.01070666 0.1230511 0.9923427 0.007605016 0.1235769 0.9923059 0.008628308 0.1241062 0.9922315 0.01027673 0.1230639 0.9923456 0.007549583 0.1235867 0.9923051 0.008328974 0.1241114 0.9922333 0.00717318 0.1220872 0.9924935 0.0110985 0.1230625 0.9923369 0.007952392 0.123576 0.9923033 0.008902192 0.1241136 0.9922281 -0.007857739 0.1169593 0.9931057 0.007218599 0.1220944 0.9924923 -0.01170617 0.1276576 0.9917493 -0.01687055 0.1242268 0.9921104 -0.01073384 0.1138731 0.9934374 0.006888866 0.1224943 0.9924454 0.007286489 0.1225072 0.9924409 0.007711946 0.1225059 0.9924378 -0.9999931 0.001656174 0.003356277 -6.59681e-4 0.992463 -0.1225436 0.081321 -0.9892101 0.1218623 0.999992 -0.002350866 -0.003268539 0.9999931 -0.001657307 -0.003356635 0.8970556 0.4381874 -0.05729871 -0.9999937 9.46646e-4 0.00344479 -0.01652675 0.9923339 -0.1224765 -0.9999872 0.004031598 0.003065943 -0.999993 0.001656234 0.003356099 0.9999937 -9.48336e-4 -0.003441274 -0.01464444 -0.9923503 0.122582 0.01344281 0.9923658 -0.1225948 0.999993 -0.001656353 -0.003360927 -0.9999884 0.003690779 0.003105103 0.01464617 0.9923492 -0.1225916 -0.9999873 0.0040313 0.003062486 7.2417e-4 -0.9924629 0.1225443 0.007700026 -0.9924369 0.1225141 -0.9999937 9.46007e-4 0.003437101 0.9999884 -0.003691315 -0.003104686 -7.25238e-4 0.9924627 -0.1225458 -0.9999937 -1.36247e-4 0.003571629 -0.9999872 0.004031658 0.003064751 0.9999937 -9.46744e-4 -0.003443539 -0.9999904 0.003028333 0.003186166 -0.02053904 -0.992245 0.1225894 -0.04130607 -0.9915972 0.1225927 0.02053952 0.9922444 -0.1225941 0.9999937 1.34242e-4 -0.003575503 0.03255796 0.9919229 -0.1225926 0.04129791 0.9915978 -0.1225899 0.01478433 0.9923474 -0.1225895 0.002274036 -0.9924604 0.1225454 -0.999992 0.002350986 0.003270208 -0.006389558 -0.9924402 0.1225636 -0.9999936 -1.43697e-4 0.003581643 0.03275096 0.9919158 -0.1225993 -0.002272009 0.9924622 -0.1225308 0.006390631 0.9924395 -0.1225691 0.9999937 1.34275e-4 -0.003578007 0.02556389 -0.99215 0.1224132 0.9930449 -0.1172271 0.01094043 0.999992 -0.002350091 -0.003265917 -0.9999937 -1.36297e-4 0.003568768 -0.005697667 -0.9924436 0.12257 -0.999993 0.001656234 0.003356039 -0.007471144 0.9924381 -0.1225192 0.9999936 1.32494e-4 -0.003575384 0.008469521 -0.9924298 0.1225209 -0.9930524 0.1171631 -0.01093935 -0.02359998 -0.9921761 0.1225958 0.02928256 -0.9920498 0.1223921 -0.0144366 -0.9923533 0.1225833 0.999993 -0.001656353 -0.003354132 0.02360206 0.9921752 -0.1226031 -0.02928322 0.9920493 -0.1223959 0.01652604 -0.9923343 0.122473 0.9999922 -0.002216815 -0.003286957 -0.9999936 9.46063e-4 0.00344628 -0.007026433 -0.9924349 0.1225713 0.01728349 -0.992322 0.1224682 -0.9999922 0.002219259 0.003291308 0.007026851 0.992435 -0.1225708 -0.01728266 0.9923223 -0.1224653 0.007471799 -0.9924385 0.1225157 0.9999921 -0.002212107 -0.003292322 0.9999937 -9.4507e-4 -0.003441512 -0.0266447 -0.9920986 0.1225994 0.02190691 -0.9922338 0.1224427 -0.9999923 0.002191543 0.003283858 0.02664399 0.9920986 -0.1225989 0.0869233 0.9062509 0.4137073 0.9715529 0.1946853 0.1348433 0.02500265 0.8470325 0.5309528 0.7145591 0.6522828 0.2528485 0.9848243 0.1304976 0.1144182 0.9914649 -0.01256304 0.1297675 0.993678 0.006890714 0.1120569 0.983684 0.148035 0.1022327 0.9796985 0.120025 0.1605768 0.01036626 0.8703178 0.4923815 0.1309896 0.9029733 0.4092445 0.8434121 0.5152406 0.1522604 0.9839328 0.08139592 -0.1589056 0.9472634 0.3126489 0.07030439 0.9994882 0.003986477 0.03173887 0.998359 0.001303553 0.0572499 0.9564164 -0.1670931 0.2394739 0.9996588 0.003255248 0.02591842 0.9932337 0.1117014 0.03177291 0.9873942 -0.08727604 0.1320441 0.6468635 0.7573803 0.08912152 0.6765588 0.7299335 -0.0972895 0.9039609 0.4270903 0.02118098 0.9931822 -0.0297358 0.1127165 0.9942209 0.08925807 0.05964982 0.9956484 0.006063044 0.0929923 0.4573548 0.8623908 0.2170461 0.7139659 0.5973354 0.3652988 0.05032658 0.9562256 0.2882705 0.9839039 0.1132194 0.1382551 0.983027 0.1125503 0.1448808 0.01899075 0.9618051 0.2730758 0.9926142 0.06569719 0.1019852 0.9918109 0.06797063 0.1081264 0.2838484 0.923083 0.2595152 0.8248458 0.547956 0.1391893 0.9208831 -0.1484081 -0.3604851 0.9974713 -0.05209672 0.04834407 0.9946965 0.01520019 0.1017242 0.9187223 -0.1148098 -0.377847 0.9998036 0.01786416 0.008579194 0.9875438 0.01732021 0.1563891 0.9941397 0.01637101 -0.1068562 0.9965057 0.01513165 0.08214294 0.9920206 -0.08386403 0.09413784 0.9293911 -0.08334034 -0.3595644 0.8227148 0.4718168 0.3170635 0.9078615 -0.157297 -0.3886454 0.9978174 -0.03978461 0.05270516 0.9950658 -0.010526 0.09865868 0.9357394 -0.001554667 -0.3526889 0.6396689 0.7278158 -0.2472003 0.9267266 0.1846456 -0.3272367 0.7142602 0.6210997 0.3225952 0.9925231 0.01525688 0.1210998 0.5099533 0.8590328 -0.04483675 0.9943915 0.01422983 -0.1048009 0.994392 0.01422834 -0.1047967 0 -0.502535 -0.8645569 0 -0.9512987 -0.3082708 0 -0.004678189 -0.9999892 0 -0.7515819 -0.65964 0 -0.3239688 0.9460678 0 -0.8379409 -0.5457611 0 -0.5228474 -0.8524264 0 -0.2220994 -0.9750241 0 -0.4143814 -0.9101033 0 -0.5982068 0.8013418 0 -0.970104 0.24269 0 -0.3465055 -0.938048 0 -0.4425543 0.8967418 0 -0.9999454 -0.01045739 0 -0.3969343 0.9178472 0.9943917 0.01422762 -0.1047985 0.9943917 0.01422762 -0.1047984 0.9943917 0.01422774 -0.1047984 0.9943917 0.01422727 -0.104799 0.9943901 0.01422846 -0.1048144 0.9943909 0.01422786 -0.1048071 0.9943915 0.01422768 -0.1048003 0.9943909 0.01423126 -0.1048069 0.99439 0.01423341 -0.1048141 0.9943933 0.01422262 -0.1047844 0.9943917 0.01422703 -0.1047985 0.9943918 0.01422607 -0.1047978 0.9943923 0.01422673 -0.1047936 0.9943917 0.01422715 -0.1047983 0.9943916 0.0142287 -0.1047991 0.9943915 0.01422721 -0.1048013 0.9943901 0.01422512 -0.1048138 0.9943908 0.01422262 -0.1048085 0.994393 0.01422619 -0.1047876 0.9943907 0.01422375 -0.1048085 -0.06402945 -0.01049607 0.9978929 -0.03879553 -0.8515889 0.5227727 -0.038975 0.732922 0.6791954 -0.06387662 0.02271819 0.9976993 -0.02345854 0.891514 0.4523856 0.06246155 0.3268689 -0.9430034 -0.02170586 -0.9692767 0.2450133 -0.05519896 -0.5920851 0.8039828 -0.05966365 0.2788277 0.958486 4.94838e-4 0.9960666 0.08860683 0.1324657 -0.8400812 0.5260385 -0.1977578 -0.7107338 -0.6750922 0.2663973 -0.01194602 0.9637894 -0.13997 -0.8785109 -0.456757 0.2486959 -0.3128298 0.9166722 0.05390429 -0.9669689 0.2491297 -0.2668181 -0.01943564 -0.9635509 0.2102698 -0.5727148 0.7923285 -0.2610302 -0.2623441 -0.9289989 -0.04064035 -0.9950113 -0.09110927 0.9979338 -0.006192684 0.06395131 0.9979339 -0.006192386 0.06395101 0.9979337 -0.006192743 0.06395316 0.9979339 -0.006192386 0.06395071 0.9979338 -0.006192088 0.06395113 0.9979339 -0.006192386 0.06395077 0.9979339 -0.006192862 0.0639503 0.9979339 -0.006192624 0.06395041 0.9979338 -0.006192624 0.06395113 0.9979339 -0.006192266 0.06394946 0.9979338 -0.006192862 0.06395113 0.9979336 -0.006191968 0.06395351 0.9979341 -0.006192862 0.06394779 0.9979339 -0.006192386 0.06395077 -0.2199261 -0.9503332 0.2202256 -0.05272817 -0.9985708 0.008735537 -0.1066125 -0.9938664 0.02938544 -0.01320296 -0.999854 -0.01086056 -0.02964079 -0.9995366 -0.006944358 -0.3204899 -0.9467412 -0.0311048 -0.0478354 -0.9981867 0.03653967 -0.04839879 -0.9980962 0.03823107 -0.05645418 -0.9973742 -0.04536139 -0.03431904 -0.8906872 0.4533196 -0.2306122 -0.9524695 0.1990476 -0.03153192 -0.8896096 0.455632 -0.06120395 -0.9412776 0.3320401 0.04489827 -0.7525275 -0.6570284 -0.07105123 -0.9696214 -0.2340644 0.00583142 0.2832744 -0.9590213 -0.04188269 -0.9962469 0.075751 -0.002275109 -0.9999232 0.01218551 -0.002275645 -0.9999232 0.01218551 0.09563082 -0.9951285 -0.0239641 0.07578974 -0.9964069 -0.03780823 0.04756367 -0.9952423 -0.08503222 -0.01392871 0.3930317 0.9194195 -0.02427417 -0.7747749 0.631771 -0.02444517 -0.6963433 0.7172925 -0.03153216 -0.8896093 0.4556325 -0.06727623 -0.9371267 0.3424434 -0.1335175 -0.8771494 0.461283 0.01041108 -0.9788495 0.204317 -0.2661582 -0.8842734 0.383693 -0.1029051 -0.9342074 0.3415657 -0.223881 -0.8470239 0.482108 -0.4346294 -0.876227 0.2081434 -0.4346297 -0.8762269 0.2081431 0.007190227 0.9979706 -0.06327015 0 -7.69516e-6 1 0.9964799 0.08383226 0 0 1.77502e-6 -1 0.004596114 0.9999895 0 0.9861381 -0.1659269 0 -0.9200699 0.3884297 -0.05093181 -1 0 -8.73811e-7 0.0221318 0.9346765 -0.3548102 0.69985 0.7111045 -0.06738263 0.696304 0.71482 -0.06475472 0.8755112 0.4815497 -0.03987461 0.8209685 0.5708636 0.01120847 0.6815297 0.729943 0.0519666 0.007565319 0.9840289 0.1778481 0.02306538 0.9322708 -0.3610254 0.7859934 0.6162307 -0.04974013 0.7820923 0.6218213 -0.0408675 0.1786605 0.8824256 -0.4352074 -0.0524016 0.9783629 0.2001503 0.01988977 0.9809895 0.1930394 0.02362 0.9287809 -0.369876 0.7434474 0.6686997 -0.01125454 -0.02142614 0.9794329 0.2006297 0.7560682 0.6535496 0.03512763</float_array>
          <technique_common>
            <accessor source="#Куб_007-mesh-normals-array" count="4834" stride="3">
              <param name="X" type="float"/>
              <param name="Y" type="float"/>
              <param name="Z" type="float"/>
            </accessor>
          </technique_common>
        </source>
        <source id="Куб_007-mesh-map-0">
          <float_array id="Куб_007-mesh-map-0-array" count="22848">0.625 0.5987429 0.6022918 0.627313 0.6022918 0.5987429 0.7210618 0.4487075 0.7111216 0.4293417 0.7210618 0.4293417 0.7111216 0.4600849 0.7210618 0.4487075 0.7210618 0.4600849 0.7450151 0.4944882 0.7709223 0.5042601 0.7668197 0.5151367 0.625 0.5819578 0.6022918 0.5987429 0.6022917 0.5819578 0.7210618 0.4179633 0.7111216 0.4065848 0.7210618 0.4065848 0.782526 0.5210609 0.8023349 0.5161085 0.7982324 0.5269851 0.625 0.6440994 0.6022918 0.6608859 0.6022918 0.6440995 0.8081263 0.4446355 0.8107292 0.4668987 0.8012799 0.4618275 0.7663 0.4430545 0.7825947 0.4309332 0.7757484 0.4481253 0.7825947 0.4309332 0.7918308 0.4567563 0.7757484 0.4481253 0.8167118 0.423076 0.8175755 0.4497066 0.8081263 0.4446355 0.7817319 0.404303 0.7825947 0.4309332 0.7731463 0.4258624 0.7911802 0.4093739 0.798677 0.4395642 0.7825947 0.4309332 0.7071913 0.4179632 0.6912479 0.4065848 0.7071913 0.4065847 0.7071913 0.4487076 0.6912479 0.4293417 0.7071913 0.4293417 0.5493748 0.5987427 0.5363299 0.627313 0.5363298 0.5987428 0.7071913 0.4179632 0.7111216 0.4065848 0.7111216 0.4179632 0.7111216 0.4293417 0.7071913 0.4179632 0.7111216 0.4179632 0.6912479 0.4293417 0.7071913 0.4179632 0.7071913 0.4293417 0.8072626 0.4180048 0.8081263 0.4446355 0.798677 0.4395642 0.798677 0.4395642 0.8012799 0.4618275 0.7918308 0.4567563 0.625 0.627313 0.6022918 0.6440995 0.6022918 0.627313 0.7210618 0.4293417 0.7111216 0.4179632 0.7210618 0.4179633 0.7776597 0.5068014 0.7866286 0.5101842 0.782526 0.5210609 0.6366246 0.5984266 0.6366503 0.5996015 0.6358302 0.5987429 0.6448888 0.599648 0.6366246 0.5984266 0.6475152 0.5987429 0.6448888 0.599648 0.6466208 0.627313 0.6440257 0.6273131 0.6366246 0.6326323 0.6466208 0.627313 0.6366246 0.6345139 0.7686579 0.5095211 0.7840668 0.5153332 0.7840823 0.5161882 0.7071913 0.460085 0.6912479 0.4487075 0.7111216 0.4487075 0.5859865 0.427245 0.6022918 0.4272451 0.5859865 0.427245 0 0 0 0 0 0 0.6022918 0.4191265 0.5859646 0.4191266 0.6022918 0.4191265 0.5683073 0.4104368 0.5683133 0.4135513 0.5683133 0.4135513 0.5683428 0.4265802 0.5833239 0.4265801 0.5833239 0.4265801 0 0 0 0 0 0 0.583341 0.4191268 0.5683259 0.4191269 0.583341 0.4191268 0.5683475 0.4272449 0.5833193 0.4272449 0.5683475 0.4272449 0 0 0 0 0 0 0.5657017 0.4191269 0.5493749 0.4191271 0.5657017 0.4191269 0.6022918 0.4191265 0.5859659 0.4199304 0.5859646 0.4191266 0.5832664 0.4561874 0.5832161 0.4547265 0.5832161 0.4547265 0.5859714 0.4207177 0.6022919 0.4207179 0.5859714 0.4207177 0 0 0 0 0 0 0.583341 0.4191268 0.5683272 0.4199308 0.5683259 0.4191269 0.5683323 0.4207177 0.5833345 0.4207177 0.5683323 0.4207177 0 0 0 0 0 0 0.5860599 0.4561874 0.5860599 0.455105 0.5860599 0.4561874 0.5833535 0.4135512 0.5683133 0.4135513 0.5833535 0.4135512 0.5657017 0.4191269 0.5493749 0.4199311 0.5493749 0.4191271 0.6022918 0.4135511 0.5859522 0.4135511 0.6022918 0.4135511 0 0 0 0 0 0 0.5654541 0.4561874 0.5655736 0.4531961 0.5655736 0.4531961 0.586061 0.4500832 0.5832694 0.4491145 0.5860361 0.4491142 0.5656206 0.4498899 0.5683974 0.4491147 0.5684132 0.4499284 0.5683133 0.4135513 0.5657096 0.4143036 0.5657145 0.4135513 0.5683272 0.4199308 0.5656955 0.4207175 0.5657004 0.4199308 0.5656851 0.4265803 0.5683475 0.4272449 0.5656803 0.4272447 0.5656695 0.4331164 0.568363 0.4337062 0.5656649 0.4337062 0.5656467 0.4404901 0.5683749 0.4397183 0.5683808 0.4404902 0.5859522 0.4135511 0.5833488 0.4143038 0.5833535 0.4135512 0.5859714 0.4207177 0.5833396 0.4199306 0.5859659 0.4199304 0.5859865 0.427245 0.5833239 0.4265801 0.5859819 0.42658 0.5860021 0.4337064 0.5833085 0.4331163 0.5859972 0.4331162 0.5860194 0.4404905 0.5832918 0.4397182 0.586014 0.4397181 0.5832161 0.4547265 0.5860603 0.4543913 0.5860599 0.455105 0.5655736 0.4531961 0.5684496 0.4528567 0.5684551 0.4534015 0.5493749 0.4498376 0.56563 0.4491149 0.5656206 0.4498899 0.6022918 0.450356 0.5860361 0.4491142 0.6022918 0.449114 0.5684132 0.4499284 0.5832694 0.4491145 0.583253 0.4500035 0.5683808 0.4404902 0.56563 0.4491149 0.5656467 0.4404901 0.5860194 0.4404905 0.5832694 0.4491145 0.5832861 0.4404904 0.5684344 0.4561874 0.5655736 0.4531961 0.5684551 0.4534015 0.5860599 0.4561874 0.5832161 0.4547265 0.5860599 0.455105 0.5683073 0.4104368 0.5657145 0.4135513 0.5657205 0.4104368 0.5683259 0.4191269 0.5657004 0.4199308 0.5657017 0.4191269 0.5683428 0.4265802 0.5656955 0.4207175 0.5683323 0.4207177 0.5683475 0.4272449 0.5656695 0.4331164 0.5656803 0.4272447 0.5683749 0.4397183 0.5656649 0.4337062 0.568363 0.4337062 0.5859522 0.4135511 0.5833595 0.4104368 0.5859463 0.4104368 0.5859646 0.4191266 0.5833396 0.4199306 0.583341 0.4191268 0.5859819 0.42658 0.5833345 0.4207177 0.5859714 0.4207177 0.5859972 0.4331162 0.5833193 0.4272449 0.5859865 0.427245 0.586014 0.4397181 0.5833036 0.4337062 0.5860021 0.4337064 0.568318 0.4143037 0.5833535 0.4135512 0.5833488 0.4143038 0.5683323 0.4207177 0.5833396 0.4199306 0.5833345 0.4207177 0.5833193 0.4272449 0.5683428 0.4265802 0.5833239 0.4265801 0.5833036 0.4337062 0.5683583 0.4331164 0.5833085 0.4331163 0.5683808 0.4404902 0.5832918 0.4397182 0.5832861 0.4404904 0.5493749 0.4143033 0.5657145 0.4135513 0.5657096 0.4143036 0.5493749 0.4207174 0.5657004 0.4199308 0.5656955 0.4207175 0.5656803 0.4272447 0.5493749 0.4265804 0.5656851 0.4265803 0.5656649 0.4337062 0.5493749 0.4331166 0.5656695 0.4331164 0.5493749 0.4404898 0.5656532 0.4397184 0.5656467 0.4404901 0.5859568 0.414304 0.6022918 0.4135511 0.6022918 0.4143042 0.6022919 0.4207179 0.5859659 0.4199304 0.6022918 0.4199302 0.6022918 0.4272451 0.5859819 0.42658 0.6022918 0.4265799 0.6022918 0.4337064 0.5859972 0.4331162 0.6022918 0.4331161 0.6022918 0.440491 0.586014 0.4397181 0.6022918 0.4397181 0.5860603 0.4543913 0.583253 0.4500035 0.586061 0.4500832 0.5684132 0.4499284 0.5656019 0.4527036 0.5656206 0.4498899 0.5860603 0.4543913 0.5924942 0.4561874 0.5860599 0.455105 0.5656019 0.4527036 0.5493749 0.4524295 0.5493749 0.452008 0.5832166 0.4540774 0.5684551 0.4534015 0.5684496 0.4528567 0.5833488 0.4143038 0.568318 0.4143037 0.568318 0.4143037 0.5859568 0.414304 0.583341 0.4191268 0.5833488 0.4143038 0.568318 0.4143037 0.5657017 0.4191269 0.5657096 0.4143036 0.6022918 0.4143042 0.5859568 0.414304 0.5859568 0.414304 0 0 0 0 0 0 0 0 0 0 0 0 0.625 0.8003731 0.6123328 0.875 0.6123328 0.8003732 0.548997 0.8003732 0.5363299 0.875 0.5363299 0.8003732 0.5616641 0.8003732 0.548997 0.875 0.548997 0.8003732 0.5743313 0.8003732 0.5616641 0.875 0.5616641 0.8003732 0.5869985 0.8003732 0.5743313 0.875 0.5743313 0.8003732 0.5996657 0.8003732 0.5869985 0.875 0.5869985 0.8003732 0.6123328 0.8003732 0.5996657 0.875 0.5996657 0.8003732 0.5743313 0.8003732 0.5743313 0.875 0.5743313 0.875 0.5616641 0.8003732 0.5616641 0.875 0.5616641 0.875 0 0 0 0 0 0 0.5869985 0.8003732 0.5869985 0.875 0.5869985 0.875 0 0 0 0 0 0 0 0 0 0 0 0 0 0 0 0 0 0 0 0 0 0 0 0 0.548997 0.8003732 0.548997 0.875 0.548997 0.875 0 0 0 0 0 0 0 0 0 0 0 0 0 0 0 0 0 0 0 0 0 0 0 0 0.5743313 0.875 0.5743312 0.8080033 0.5743313 0.875 0.5616641 0.875 0.5616642 0.8079944 0.5616641 0.875 0 0 0 0 0 0 0.5869985 0.875 0.5869985 0.8080119 0.5869985 0.875 0.5996657 0.875 0.5996657 0.8080205 0.5996657 0.875 0 0 0 0 0 0 0.6123328 0.875 0.6123328 0.8080291 0.6123328 0.875 0.6123328 0.8003732 0.6123328 0.875 0.6123328 0.875 0 0 0 0 0 0 0.5996657 0.8003732 0.5996657 0.875 0.5996657 0.875 0.5489969 0.807196 0.548997 0.875 0.548997 0.8003732 0.5616641 0.8072028 0.5616641 0.875 0.5616641 0.8003732 0.5743311 0.8072094 0.5743313 0.875 0.5743313 0.8003732 0.5869985 0.8072162 0.5869985 0.875 0.5869985 0.8003732 0.5996657 0.8072232 0.5996657 0.875 0.5996657 0.8003732 0.6123328 0.8072296 0.6123328 0.875 0.6123328 0.8003732 0 0 0 0 0 0 0.5616641 0.875 0.5616642 0.8079944 0.5616641 0.8003732 0.5743313 0.875 0.5743312 0.8080033 0.5743313 0.8003732 0.5869985 0.875 0.5869985 0.8080119 0.5869985 0.8003732 0 0 0 0 0 0 0 0 0 0 0 0 0 0 0 0 0 0 0 0 0 0 0 0 0.5743313 0.8003732 0.5743313 0.8003732 0.5743311 0.8072094 0.5743313 0.8003732 0.5743312 0.8080033 0.5743311 0.8072094 0 0 0 0 0 0 0 0 0 0 0 0 0 0 0 0 0 0 0 0 0 0 0 0 0.5869985 0.8003732 0.5869985 0.8003732 0.5869985 0.8072162 0.5869985 0.8003732 0.5869985 0.8080119 0.5869985 0.8072162 0.5616641 0.8003732 0.5616641 0.8003732 0.5616641 0.8072028 0.5616641 0.8003732 0.5616642 0.8079944 0.5616641 0.8072028 0.6022918 0.5590083 0.625 0.5701727 0.6022919 0.5701727 0.6022918 0.4883754 0.625 0.5 0.6022918 0.5 0.5269266 0.2732408 0.5354494 0.2848373 0.526992 0.2848652 0.7145633 0.5987429 0.75 0.627313 0.7145633 0.627313 0.6022918 0.6608859 0.625 0.6720401 0.6022918 0.6720401 0.5088446 0.4130333 0.4996693 0.454716 0.5000128 0.41297 0.2032042 0.5381693 0.2073557 0.5429962 0.205973 0.5436897 0.5033379 0.74147 0.5363299 0.75 0.5033379 0.75 0.6688125 0.6608859 0.6753731 0.6720401 0.6688126 0.6720401 0.6688126 0.5987429 0.6753731 0.627313 0.6688126 0.627313 0.2510319 0.4170202 0.2341249 0.4123387 0.2503393 0.410355 0.7762933 0.5324046 0.7721858 0.5168265 0.7819371 0.5222418 0.5158221 0.3191003 0.5341481 0.2940237 0.5368623 0.3165691 0.735101 0.5119586 0.7495765 0.504871 0.7455875 0.5157898 0.6022917 0.7500001 0.6159 0.7500001 0.6022917 0.7542961 0.2286962 0.4130029 0.2027542 0.4229267 0.2020615 0.4162614 0.1833319 0.5215908 0.1881135 0.5250104 0.1856634 0.5262393 0.1939491 0.5162657 0.1948978 0.5216078 0.1925663 0.5169592 0.625 0.5161138 0.6022918 0.5255149 0.6022919 0.5161138 0.2484002 0.3635376 0.2170422 0.3678349 0.2157307 0.3649593 0.5363299 0.4561874 0.5033379 0.4883754 0.5033379 0.4561874 0.5358506 0.4064987 0.5473663 0.3734686 0.5474751 0.4064604 0.5033379 0.4104368 0.5363299 0.4496269 0.5033379 0.4496269 0.1524453 0.491924 0.1851701 0.4867572 0.1730653 0.5139189 0.7152135 0.4415984 0.7422797 0.4635143 0.7113404 0.4520585 0.1851701 0.4867572 0.2127779 0.5562796 0.1730653 0.5139189 0.5363299 0.7199037 0.5033379 0.741082 0.5033378 0.7199037 0.5363299 0.4883754 0.5033379 0.5 0.5033379 0.4883754 0.7330553 0.5083925 0.7303417 0.4935887 0.738699 0.4982299 0.625 0.6720401 0.6022918 0.6816653 0.6022918 0.6720401 0.7721858 0.5168265 0.7581272 0.5223161 0.7637709 0.5121535 0.7113404 0.4520585 0.7389376 0.4725406 0.7079983 0.4610848 0.7165339 0.5051754 0.7286034 0.4972087 0.7246144 0.5081275 0.1996847 0.5277014 0.2004354 0.5326488 0.1983019 0.5283949 0.625 0.5392409 0.6022918 0.5478437 0.6022918 0.539241 0.6753732 0.5819579 0.6688126 0.5987429 0.6688126 0.5819579 0.7145633 0.5819579 0.75 0.5987429 0.7145633 0.5987429 0.6688126 0.6440995 0.6753731 0.6608859 0.6688125 0.6608859 0.4177284 0.6440995 0.375 0.6608859 0.375 0.6440995 0.4177285 0.5819579 0.375 0.5987429 0.375 0.5819579 0.375 0.6720401 0.4177284 0.6816653 0.375 0.6816653 0.3157511 0.3651551 0.264544 0.3700497 0.2633517 0.3674354 0.375 0.4883754 0.4177284 0.5 0.375 0.5 0.375 0.7412745 0.4177284 0.75 0.375 0.75 0.4177285 0.5987429 0.375 0.627313 0.375 0.5987429 0.4177284 0.8003732 0.375 0.875 0.375 0.8003732 0.375 0.6608859 0.4177284 0.6720401 0.375 0.6720401 0.4177284 0.7616246 0.375 0.8003732 0.375 0.7616246 0.375 0.4104368 0.4177285 0.4381914 0.375 0.4412353 0.375 0.75 0.4177284 0.7616246 0.375 0.7616246 0.375 0.4561875 0.4177284 0.4883754 0.375 0.4883754 0.375 0.5161137 0.4177284 0.5255149 0.375 0.5255149 0.8207306 0.4348794 0.8324968 0.4235528 0.8270839 0.4363373 0.2633517 0.3674354 0.2516264 0.3706118 0.2504342 0.3679975 0.444037 0.4883753 0.4703458 0.5 0.4440371 0.5 0.4703458 0.7412745 0.4440371 0.75 0.4440372 0.7412746 0.4703459 0.8003732 0.4440372 0.875 0.4440371 0.8003732 0.8133679 0.43319 0.8261434 0.4220949 0.8207306 0.4348794 0.4703459 0.7616246 0.4440371 0.8003732 0.4440371 0.7616246 0.4440371 0.4104368 0.4703459 0.4496269 0.4440372 0.4496269 0.4703459 0.75 0.4440371 0.7616246 0.4440371 0.75 0.4440372 0.4561875 0.4703458 0.4883754 0.444037 0.4883753 0.4963116 0.3493857 0.5226203 0.3587868 0.4963116 0.3587868 0.4859085 0.3576396 0.4990629 0.3670406 0.4859085 0.3670406 0.4308829 0.4561875 0.444037 0.4883753 0.4308828 0.4883754 0.4995996 0.4072532 0.4864453 0.4188777 0.4864453 0.4072532 0.4308829 0.4104368 0.4440372 0.4496269 0.4308829 0.4496269 0.4995996 0.4188778 0.4864452 0.4576263 0.4864453 0.4188777 0.8106615 0.4395822 0.8207306 0.4348794 0.8180242 0.4412717 0.4440371 0.8003732 0.4308828 0.875 0.4308828 0.8003731 0.7696416 0.4301699 0.7912068 0.4281049 0.7885004 0.4344972 0.4308828 0.7412745 0.4440371 0.75 0.4308828 0.75 0.4308828 0.4883754 0.4440371 0.5 0.4308828 0.5 0.8180242 0.4412717 0.8270839 0.4363373 0.8243776 0.4427296 0.7612685 0.4212353 0.7696416 0.4301699 0.7585621 0.4276276 0.8022873 0.4306474 0.8106615 0.4395822 0.7995809 0.4370397 0.6804012 0.4406028 0.7079983 0.4610848 0.6770591 0.4496291 0.5423827 0.3510832 0.5093907 0.3562626 0.5093907 0.3510832 0.4703458 0.4883754 0.5033379 0.5 0.4703458 0.5 0.478723 0.803321 0.5033379 0.8003732 0.4703459 0.875 0.8187806 0.4204055 0.8329312 0.4060626 0.8261434 0.4220949 0.5033379 0.7616246 0.5006453 0.7740623 0.4899435 0.7723326 0.4703459 0.4104368 0.5033379 0.4496269 0.4703459 0.4496269 0.5033379 0.75 0.4703459 0.7616246 0.4703459 0.75 0.4703459 0.4561874 0.5033379 0.4883754 0.4703458 0.4883754 0.5039116 0.3719463 0.5369036 0.3813474 0.5039116 0.3813474 0.4308828 0.6440994 0.4177284 0.6608859 0.4177284 0.6440995 0.4308828 0.5819578 0.4177285 0.5987429 0.4177285 0.5819579 0.4177284 0.6720401 0.4308827 0.6816652 0.4177284 0.6816653 0.1764836 0.5114569 0.1881083 0.5166363 0.1764836 0.5166363 0.4177284 0.4883754 0.4308828 0.5 0.4177284 0.5 0.4177284 0.7412745 0.4308828 0.75 0.4177284 0.75 0.4308828 0.5987429 0.4177284 0.627313 0.4177285 0.5987429 0.4308828 0.8003731 0.4177285 0.875 0.4177284 0.8003732 0.4177284 0.6608859 0.4308827 0.6720401 0.4177284 0.6720401 0.4177284 0.7616246 0.4308828 0.8003731 0.4177284 0.8003732 0.4308829 0.4496269 0.4177285 0.4496269 0.4177285 0.4381914 0.4177284 0.75 0.4308828 0.7616245 0.4177284 0.7616246 0.4177285 0.4561874 0.4308828 0.4883754 0.4177284 0.4883754 0.4308828 0.5161138 0.4177284 0.5255149 0.4177284 0.5161138 0.4177284 0.7199037 0.4308828 0.7412745 0.4177284 0.7412745 0.5033379 0.74147 0.5033379 0.75 0.4703459 0.75 0.4308828 0.7199037 0.4440372 0.7412746 0.4308828 0.7412745 0.4703458 0.7199037 0.4440372 0.7412746 0.4440371 0.7199037 0.4177284 0.7199037 0.375 0.7412745 0.375 0.7199037 0.5206254 0.3802077 0.4884747 0.3588368 0.5214667 0.3800151 0.5355243 0.3075456 0.5336019 0.2974588 0.5354795 0.2939373 0.2227889 0.399611 0.2162284 0.4081452 0.2162284 0.3996195 0.2974159 0.399617 0.2619791 0.4081452 0.2619791 0.3996142 0.6152482 0.7811641 0.625 0.7938126 0.6150649 0.7987232 0.6150649 0.7987232 0.6022918 0.8003732 0.5974454 0.798721 0.5458939 0.7632832 0.549375 0.7616247 0.5561247 0.763282 0.1645501 0.4647623 0.1784101 0.4677045 0.1851701 0.4867572 0.5037251 0.4152265 0.4967511 0.4541932 0.4967567 0.4151186 0.5522292 0.7642181 0.5561247 0.763282 0.5605959 0.7642172 0.6090293 0.7802081 0.6154348 0.7632749 0.6152482 0.7811641 0.5522292 0.7642181 0.546079 0.7809481 0.5458939 0.7632832 0.6090293 0.7802081 0.5975341 0.7811087 0.5945004 0.7801628 0.555083 0.7823361 0.5551089 0.7973565 0.555083 0.7823361 0.556387 0.7987161 0.5462652 0.7987148 0.5564612 0.7987181 0.546079 0.7809481 0.5462652 0.7987148 0.5462652 0.7987148 0.6062208 0.7973623 0.5931312 0.7973608 0.5931312 0.7973609 0.6062208 0.7973623 0.6152482 0.7811641 0.6150649 0.7987232 0.6062208 0.7973623 0.5974454 0.7987211 0.5931312 0.7973608 0.5551089 0.7973565 0.546079 0.7809481 0.555083 0.7823361 0.555083 0.7823361 0.5562552 0.7809799 0.5626098 0.7823597 0.6152482 0.7811641 0.5975341 0.7811087 0.5975341 0.7811087 0.606244 0.7824966 0.6062208 0.7973623 0.6062208 0.7973623 0.5626098 0.7823598 0.555083 0.7823361 0.5626098 0.7823597 0.6152482 0.7811641 0.6150649 0.7987232 0.6152482 0.7811641 0.13771 0.4566227 0.13771 0.4880113 0.1372733 0.4879995 0.1203688 0.4869098 0.1203688 0.4584519 0.122873 0.4585067 0.5 0.75 0.625 1 0.5 1 0.1117758 0.4869098 0.09458971 0.4624691 0.1117758 0.4583868 0.5177094 0.4506701 0.5061956 0.4055329 0.5075486 0.4051123 0.375 1 0.5 0.75 0.5 1 0.1117758 0.4869098 0.1117758 0.4583868 0.1131044 0.4585253 0.09260183 0.4566227 0.1151559 0.4889191 0.09260183 0.4910253 0.5033379 0.741082 0.5035292 0.7414527 0.5024965 0.7412745 0.5033379 0.74147 0.5363299 0.7411012 0.5363299 0.7414723 0.6250001 0.7410937 0.6366246 0.7415155 0.625 0.7415425 0.5493749 0.7414825 0.5363299 0.7411012 0.5493749 0.7411 0.5117213 0.2850133 0.534148 0.2940236 0.5131097 0.2965546 0.2364408 0.5367129 0.2042529 0.5452386 0.2042529 0.5367541 0.4177285 0.4496269 0.4308829 0.4561875 0.4177285 0.4561874 0.4703459 0.4496269 0.5033379 0.4561874 0.4703459 0.4561874 0.4308829 0.4496269 0.4440372 0.4561875 0.4308829 0.4561875 0.4440372 0.4496269 0.4703459 0.4561874 0.4440372 0.4561875 0.375 0.4496269 0.4177285 0.4561874 0.375 0.4561875 0.5033379 0.4496269 0.5363299 0.4561874 0.5033379 0.4561874 0.1925663 0.5169592 0.1881135 0.5250104 0.185782 0.5203619 0.625 0.4496269 0.6022918 0.4561874 0.6022918 0.4496269 0.6688125 0.6608859 0.6366246 0.6720401 0.6366246 0.6608859 0.7699859 0.5984407 0.768412 0.6326822 0.7575429 0.6281265 0.4308828 0.5701727 0.4177285 0.5819579 0.4177284 0.5701727 0.758902 0.4066658 0.7734692 0.3924185 0.7666813 0.4084508 0.7534893 0.4194503 0.7585621 0.4276276 0.7507829 0.4258426 0.758902 0.4066658 0.7612685 0.4212353 0.7534893 0.4194503 0.4177284 0.5701727 0.375 0.5819579 0.375 0.5701727 0.223085 0.5351073 0.2185387 0.5446808 0.215616 0.5388534 0.6022919 0.5701727 0.625 0.5819578 0.6022917 0.5819578 0.205973 0.5436897 0.2102785 0.5488237 0.2088957 0.5495172 0.7495765 0.504871 0.756657 0.5198339 0.7455875 0.5157898 0.6956299 0.4246013 0.7197548 0.450005 0.6903123 0.4351187 0.215616 0.5388534 0.2144086 0.5467522 0.2114858 0.5409247 0.2619791 0.3996142 0.242384 0.4081452 0.2423838 0.3996126 0.4308828 0.375 0.4177284 0.4104368 0.4177284 0.375 0.5033379 0.375 0.4703459 0.4104368 0.4703459 0.375 0.4440371 0.375 0.4308829 0.4104368 0.4308828 0.375 0.4703459 0.375 0.4440371 0.4104368 0.4440371 0.375 0.375 0.375 0.4177284 0.4104368 0.375 0.4104368 0.7145633 0.5819579 0.6949682 0.5987429 0.6949682 0.5819579 0.5363299 0.375 0.5033379 0.4104368 0.5033379 0.375 0.2965692 0.411449 0.2665536 0.4083713 0.2958765 0.4047838 0.6949682 0.5987429 0.7145633 0.627313 0.6949682 0.627313 0.6022918 0.375 0.5493749 0.4104368 0.549375 0.375 0.7367142 0.4453738 0.7786203 0.4797677 0.7313965 0.455891 0.625 0.7415425 0.6022918 0.7410957 0.625 0.7410937 0.606244 0.7824966 0.5931418 0.7824555 0.606244 0.7824966 0.5975341 0.7811087 0.5562552 0.7809799 0.5562552 0.7809799 0.606244 0.7824966 0.5975341 0.7811087 0.6152482 0.7811641 0.5626285 0.7973573 0.5974454 0.7987211 0.5564612 0.7987181 0.5931312 0.7973609 0.5626285 0.7973573 0.5626285 0.7973573 0.6150649 0.7987232 0.5974454 0.7987211 0.6150649 0.7987232 0.5606439 0.7800573 0.5975341 0.7811087 0.5562552 0.7809799 0.6090993 0.7642117 0.5976255 0.7632769 0.6154348 0.7632749 0.4967567 0.4151186 0.4805282 0.4541839 0.4805184 0.414868 0.6154348 0.7632749 0.6022918 0.7616247 0.625 0.7616246 0.556387 0.7987161 0.6022918 0.8003732 0.5493749 0.8003732 0.6022917 0.7500001 0.5493748 0.75 0.5493749 0.7456641 0.5398916 0.3460209 0.5398916 0.3555804 0.5398916 0.3460209 0.3169434 0.3677694 0.265744 0.3726811 0.264544 0.3700497 0.8041376 0.4864181 0.751171 0.4770703 0.7545132 0.4680439 0.5336019 0.2974588 0.5354494 0.2848373 0.5354795 0.2939373 0.3137172 0.3606952 0.2626292 0.3658511 0.2613177 0.3629755 0.227082 0.397471 0.2020615 0.4162614 0.2004474 0.4007295 0.5356987 0.3604621 0.5413981 0.3075261 0.5473234 0.3604236 0.5221424 0.3716383 0.5368623 0.3165691 0.5431869 0.3691067 0.5000128 0.41297 0.4791411 0.4542828 0.4794323 0.4128227 0.7583862 0.4575837 0.8041376 0.4864181 0.7545132 0.4680439 0.5493749 0.4883754 0.6022918 0.5 0.549375 0.5 0.2673015 0.3760961 0.3212585 0.3772308 0.268859 0.3795111 0.254384 0.3766582 0.268859 0.3795111 0.2559415 0.3800733 0.5363299 0.4883754 0.549375 0.5 0.5363299 0.5 0.7583862 0.4575837 0.7422797 0.4635143 0.7461528 0.4530541 0.4794323 0.4128227 0.4740805 0.4541763 0.4743588 0.4127862 0.2649394 0.3928394 0.2321128 0.3929779 0.2645415 0.3890104 0.5237005 0.38459 0.5431869 0.3691067 0.5447462 0.3820582 0.5493748 0.75 0.5363299 0.7616246 0.5363299 0.75 0.227082 0.397471 0.2000495 0.3969007 0.2266841 0.3936421 0.549375 0.5161138 0.5363299 0.5255149 0.5363299 0.5161138 0.1962806 0.5209142 0.1961823 0.5241689 0.1948978 0.5216078 0.7545132 0.4680439 0.7389376 0.4725406 0.7422797 0.4635143 0.264544 0.3700497 0.2528265 0.3732432 0.2516264 0.3706118 0.4703459 0.6816653 0.4440371 0.6816652 0.4440371 0.6816652 0.5272141 0.373535 0.531363 0.3604763 0.5357418 0.373507 0.5462652 0.7987148 0.5493749 0.8003732 0.5363299 0.8003732 0.4805184 0.414868 0.476529 0.4541817 0.4765152 0.4148058 0.5522976 0.7800314 0.5562552 0.7809799 0.546079 0.7809481 0.5626285 0.7973573 0.5551089 0.7973565 0.5551089 0.7973565 0.5551089 0.7973565 0.5564612 0.7987181 0.5462652 0.7987148 0.5562552 0.7809799 0.546079 0.7809481 0.546079 0.7809481 0.2325107 0.3968068 0.2266841 0.3936421 0.2321128 0.3929779 0.7250725 0.4394876 0.7313965 0.455891 0.7197548 0.450005 0.2942624 0.389252 0.2645415 0.3890104 0.2938644 0.385423 0.6022918 0.7415246 0.5493749 0.7411 0.6022918 0.7410957 0.5931418 0.7824555 0.5626098 0.7823597 0.5931418 0.7824555 0.5626098 0.7823597 0.5975341 0.7811087 0.5931418 0.7824555 0.5974454 0.798721 0.5564612 0.7987181 0.5974454 0.7987211 0.5605959 0.7642172 0.5976255 0.7632769 0.594535 0.7642133 0.5561247 0.763282 0.6022918 0.7616247 0.5976255 0.7632769 0.4308828 0.627313 0.4177284 0.6440995 0.4177284 0.627313 0.7885004 0.4344972 0.8022873 0.4306474 0.7995809 0.4370397 0.4177284 0.627313 0.375 0.6440995 0.375 0.627313 0.6688126 0.627313 0.6753731 0.6440995 0.6688126 0.6440995 0.6753732 0.5987429 0.6949682 0.627313 0.6753731 0.627313 0.6949682 0.5819579 0.6753732 0.5987429 0.6753732 0.5819579 0.2423838 0.3996126 0.2227889 0.4081452 0.2227889 0.3996111 0.2114858 0.5409247 0.2102785 0.5488237 0.2073557 0.5429962 0.2672463 0.4150365 0.2503393 0.410355 0.2665536 0.4083713 0.6022918 0.440491 0.5860361 0.4491142 0.5860194 0.4404905 0.5656206 0.4498899 0.5493749 0.452008 0.5493749 0.4498376 0.5684132 0.4499284 0.5832166 0.4540774 0.5684496 0.4528567 0.5860599 0.455105 0.5924942 0.4561874 0.5860599 0.4561874 0.5656467 0.4404901 0.5493749 0.4491152 0.5493749 0.4404898 0.5832861 0.4404904 0.5683974 0.4491147 0.5683808 0.4404902 0.4926975 0.4236356 0.4897358 0.4134642 0.4928503 0.4134823 0.4823926 0.4251983 0.4763903 0.4344766 0.4765302 0.4251707 0.5683475 0.4272449 0.5833085 0.4331163 0.5683583 0.4331164 0.568363 0.4337062 0.5832918 0.4397182 0.5683749 0.4397183 0.4825701 0.4134225 0.4765549 0.4235199 0.4767073 0.4133885 0.5656803 0.4272447 0.5493749 0.4331166 0.5493749 0.4272446 0.5493749 0.4337062 0.5656532 0.4397184 0.5493749 0.4397184 0.4925326 0.4345924 0.4895588 0.4252281 0.4926733 0.4252424 0.4822276 0.4361552 0.4762131 0.4462588 0.4763655 0.4361276 0.5859865 0.427245 0.6022918 0.4331161 0.5859972 0.4331162 0.5860021 0.4337064 0.6022918 0.4397181 0.586014 0.4397181 0.5684551 0.4534015 0.5832664 0.4561874 0.5684344 0.4561874 0.4925084 0.4361992 0.4892414 0.4463344 0.4893941 0.4361848 0.5493749 0.4524295 0.5654541 0.4561874 0.5493749 0.4561874 0.5959249 0.4561874 0.586061 0.4500832 0.6022918 0.4561874 0.4888309 0.4236063 0.4841603 0.4134318 0.4889839 0.4134598 0.4886658 0.4345633 0.4839833 0.4252035 0.4888064 0.4252266 0.4884883 0.4463301 0.4838188 0.4361601 0.4886413 0.4361833 0.568363 0.4337062 0.5833036 0.4337062 0.568363 0.4337062 0.5657205 0.4104368 0.5657145 0.4135513 0.5657205 0.4104368 0 0 0 0 0 0 0.5859819 0.42658 0.6022918 0.4265799 0.6022918 0.4265799 0.5683583 0.4331164 0.5833085 0.4331163 0.5833085 0.4331163 0 0 0 0 0 0 0.5683808 0.4404902 0.5832861 0.4404904 0.5683808 0.4404902 0.5657096 0.4143036 0.5657017 0.4191269 0.5657096 0.4143036 0 0 0 0 0 0 0.5860021 0.4337064 0.6022918 0.4337064 0.5860021 0.4337064 0.5683749 0.4397183 0.5832918 0.4397182 0.5832918 0.4397182 0.5683323 0.4207177 0.5683428 0.4265802 0.5683428 0.4265802 0 0 0 0 0 0 0.5859972 0.4331162 0.6022918 0.4331161 0.6022918 0.4331161 0.5657096 0.4143036 0.5493749 0.4143033 0.5493749 0.4143033 0.5656955 0.4207175 0.5656851 0.4265803 0.5656955 0.4207175 0 0 0 0 0 0 0.5683475 0.4272449 0.5683583 0.4331164 0.5683583 0.4331164 0 0 0 0 0 0 0.5860194 0.4404905 0.6022918 0.440491 0.5860194 0.4404905 0.5657145 0.4135513 0.5493749 0.4135514 0.5657145 0.4135513 0.5656803 0.4272447 0.5656695 0.4331164 0.5656803 0.4272447 0.5493749 0.4498376 0.5656206 0.4498899 0.5493749 0.4498376 0 0 0 0 0 0 0.586014 0.4397181 0.6022918 0.4397181 0.6022918 0.4397181 0.5493749 0.4207174 0.5656955 0.4207175 0.5493749 0.4207174 0.568363 0.4337062 0.5683749 0.4397183 0.5683749 0.4397183 0.5860603 0.4543913 0.586061 0.4500832 0.5860603 0.4543913 0.5656649 0.4337062 0.5656532 0.4397184 0.5656649 0.4337062 0.5493749 0.4491152 0.56563 0.4491149 0.56563 0.4491149 0 0 0 0 0 0 0.5832166 0.4540774 0.583253 0.4500035 0.583253 0.4500035 0 0 0 0 0 0 0.5684496 0.4528567 0.5684132 0.4499284 0.5684496 0.4528567 0.5493749 0.4272446 0.5656803 0.4272447 0.5493749 0.4272446 0.5859463 0.4104368 0.5859522 0.4135511 0.5859522 0.4135511 0.586061 0.4500832 0.6022918 0.450356 0.586061 0.4500832 0 0 0 0 0 0 0.5656019 0.4527036 0.5656206 0.4498899 0.5656206 0.4498899 0.5833595 0.4104368 0.5833535 0.4135512 0.5833595 0.4104368 0.5860361 0.4491142 0.6022918 0.449114 0.6022918 0.449114 0 0 0 0 0 0 0.5959249 0.4561874 0.5860603 0.4543913 0.5959249 0.4561874 0.5493749 0.4265804 0.5656851 0.4265803 0.5656851 0.4265803 0.5684132 0.4499284 0.583253 0.4500035 0.5684132 0.4499284 0 0 0 0 0 0 0.5493749 0.4337062 0.5656649 0.4337062 0.5493749 0.4337062 0.5833488 0.4143038 0.583341 0.4191268 0.5833488 0.4143038 0.5683974 0.4491147 0.5832694 0.4491145 0.5832694 0.4491145 0 0 0 0 0 0 0.5924942 0.4561874 0.5860599 0.455105 0.5860599 0.455105 0.5859714 0.4207177 0.5859819 0.42658 0.5859819 0.42658 0.5683808 0.4404902 0.5683974 0.4491147 0.5683974 0.4491147 0 0 0 0 0 0 0.5493749 0.4331166 0.5656695 0.4331164 0.5656695 0.4331164 0.5833345 0.4207177 0.5833239 0.4265801 0.5833345 0.4207177 0.5656467 0.4404901 0.56563 0.4491149 0.5656467 0.4404901 0.568318 0.4143037 0.5683259 0.4191269 0.5683259 0.4191269 0.5493749 0.452008 0.5656019 0.4527036 0.5656019 0.4527036 0.5493749 0.4404898 0.5656467 0.4404901 0.5493749 0.4404898 0.5859865 0.427245 0.5859972 0.4331162 0.5859972 0.4331162 0.5860194 0.4404905 0.5860361 0.4491142 0.5860361 0.4491142 0.5493749 0.4524295 0.5655736 0.4531961 0.5493749 0.4524295 0.5833193 0.4272449 0.5833085 0.4331163 0.5833193 0.4272449 0.5832861 0.4404904 0.5832694 0.4491145 0.5832861 0.4404904 0.5859568 0.414304 0.5859646 0.4191266 0.5859646 0.4191266 0.5832166 0.4540774 0.5684496 0.4528567 0.5832166 0.4540774 0.5493749 0.4397184 0.5656532 0.4397184 0.5656532 0.4397184 0.5860021 0.4337064 0.586014 0.4397181 0.586014 0.4397181 0.5684344 0.4561874 0.5684551 0.4534015 0.5684344 0.4561874 0.5832161 0.4547265 0.5684551 0.4534015 0.5684551 0.4534015 0.5833036 0.4337062 0.5832918 0.4397182 0.5833036 0.4337062 0.6753731 0.5 0.6949682 0.5067127 0.6753731 0.5067126 0.5363299 0.5 0.549375 0.5067127 0.5363299 0.5067127 0.549375 0.5 0.6022918 0.5067127 0.549375 0.5067127 0.6949682 0.5 0.7145633 0.5067126 0.6949682 0.5067127 0.6366246 0.5 0.6688126 0.5067127 0.6366246 0.5067127 0.4308828 0.5 0.4177284 0.5067127 0.4177284 0.5 0.1808134 0.3614521 0.2144193 0.3620837 0.1817498 0.3635054 0.4859086 0.3415258 0.4990629 0.3482385 0.4859085 0.3482384 0.4990629 0.3415258 0.5253716 0.3482385 0.4990629 0.3482385 0.375 0.5 0.4177284 0.5067127 0.375 0.5067127 0.2134829 0.3600304 0.2470887 0.360662 0.2144193 0.3620837 0.6022918 0.5 0.625 0.5067127 0.6022918 0.5067127 0.7145633 0.5 0.75 0.5067127 0.7145633 0.5067126 0.6753731 0.5 0.6688126 0.5067127 0.6688126 0.5 0.625 0.5 0.6366246 0.5067127 0.625 0.5067127 0.5354494 0.2848373 0.5471489 0.307507 0.5413981 0.3075261 0.5357418 0.373507 0.531363 0.3604763 0.5356987 0.3604621 0.5354795 0.2939373 0.5413981 0.3075261 0.5398203 0.3075313 0.625 0.5255149 0.6022918 0.5306943 0.6022918 0.5255149 0.375 0.5255149 0.4177284 0.5306943 0.375 0.5306943 0.4963116 0.3587868 0.5226203 0.3639662 0.4963116 0.3639662 0.4308828 0.5255149 0.4440371 0.5306943 0.4308828 0.5306943 0.5556123 0.3587868 0.5226203 0.3639662 0.5226203 0.3587868 0.4177284 0.5255149 0.4308828 0.5306943 0.4177284 0.5306943 0.3150287 0.3635708 0.2633517 0.3674354 0.2626292 0.3658511 0.549375 0.5255149 0.5363299 0.5306943 0.5363299 0.5255149 0.6022918 0.5478437 0.625 0.5590083 0.6022918 0.5590083 0.2018182 0.5319553 0.2032042 0.5381693 0.2004354 0.5326488 0.7246144 0.5081275 0.73909 0.5010399 0.735101 0.5119586 0.7581272 0.5223161 0.7554137 0.5075122 0.7637709 0.5121535 0.7497699 0.5176749 0.7470564 0.502871 0.7554137 0.5075122 0.7414125 0.5130336 0.738699 0.4982299 0.7470564 0.502871 0.265744 0.3726811 0.319701 0.3738158 0.2673015 0.3760961 0.2528265 0.3732432 0.2673015 0.3760961 0.254384 0.3766582 0.625 0.5306943 0.6022918 0.539241 0.6022918 0.5306943 0.1975651 0.5234754 0.1983019 0.5283949 0.1961823 0.5241689 0.1985748 0.505256 0.2101994 0.5138027 0.1985748 0.5138027 0.1916176 0.5116171 0.1980792 0.5141942 0.1939491 0.5162657 0.2470887 0.360662 0.2613177 0.3629755 0.2484002 0.3635376 0.2600063 0.3600999 0.3137172 0.3606952 0.2613177 0.3629755 0.1957477 0.5095457 0.2022093 0.5121228 0.1980792 0.5141942 0.1902348 0.5123106 0.185782 0.5203619 0.1834505 0.5157133 0.4308828 0.5067126 0.4177284 0.5161138 0.4177284 0.5067127 0.5253716 0.3482385 0.5583636 0.3576396 0.5253716 0.3576396 0.4859085 0.3482384 0.4990628 0.3576396 0.4859085 0.3576396 0.5144702 0.3730001 0.5407788 0.3824012 0.5144701 0.3824012 0.375 0.5067127 0.4177284 0.5161138 0.375 0.5161137 0.2144193 0.3620837 0.2484002 0.3635376 0.2157307 0.3649593 0.6022918 0.5067127 0.625 0.5161138 0.6022919 0.5161138 0.1998778 0.5074743 0.2096784 0.5083767 0.2022093 0.5121228 0.1916176 0.5116171 0.1925663 0.5169592 0.1902348 0.5123106 0.1810004 0.5169422 0.185782 0.5203619 0.1833319 0.5215908 0.5493749 0.6816654 0.6022918 0.6816653 0.5493749 0.6816654 0.5363299 0.7199037 0.5033378 0.7199037 0.5363299 0.7199037 0.4308827 0.6816652 0.4177284 0.6816653 0.4177284 0.6816653 0.5493749 0.6816654 0.5363299 0.6816654 0.5363299 0.6816654 0.4308828 0.7199037 0.4177284 0.7199037 0.4308828 0.7199037 0.4703458 0.7199037 0.4440371 0.7199037 0.4703458 0.7199037 0.5398916 0.3746996 0.5275024 0.3746997 0.5398916 0.3746996 0.4440371 0.6816652 0.4308827 0.6816652 0.4308827 0.6816652 0.5416562 0.3842344 0.5086642 0.3842344 0.5416562 0.3842344 0.5033379 0.6816653 0.4703459 0.6816653 0.4703459 0.6816653 0.6250001 0.6816654 0.6022918 0.6816653 0.6022918 0.6816653 0.5363299 0.6816654 0.5033379 0.6816653 0.5033379 0.6816653 0.4915148 0.3746997 0.498632 0.3746997 0.498632 0.3746997 0.4440371 0.7199037 0.4308828 0.7199037 0.4440371 0.7199037 0.4177284 0.7199037 0.375 0.7199037 0.4177284 0.7199037 0.5398916 0.36514 0.5398916 0.3746996 0.5398916 0.36514 0.5275024 0.3746997 0.498632 0.3746997 0.5275024 0.3746997 0.5398916 0.3460209 0.5398916 0.3364613 0.5398916 0.3364613 0.4177284 0.6816653 0.375 0.6816653 0.375 0.6816653 0.5398916 0.3555804 0.5398916 0.36514 0.5398916 0.3555804 0.4308827 0.6816652 0.4177284 0.6816653 0.4177284 0.6816653 0.4177284 0.7199037 0.375 0.7199037 0.4177284 0.7199037 0.6250001 0.6816654 0.6022918 0.6816653 0.6022918 0.6816653 0.5363299 0.7199037 0.5493749 0.7199037 0.5493749 0.7199037 0.4177284 0.6816653 0.375 0.6816653 0.375 0.6816653 0.625 0.7199037 0.6022918 0.7199037 0.625 0.7199037 0.625 0.6912249 0.6250001 0.6816654 0.6250001 0.6816654 0.4308828 0.7199037 0.4177284 0.7199037 0.4308828 0.7199037 0.6022918 0.6816653 0.5493749 0.6816654 0.5493749 0.6816654 0.4703459 0.6816653 0.4440371 0.6816652 0.4440371 0.6816652 0.5493749 0.6816654 0.5363299 0.6816654 0.5363299 0.6816654 0.6022918 0.7199037 0.5493749 0.7199037 0.6022918 0.7199037 0.4440371 0.7199037 0.4308828 0.7199037 0.4440371 0.7199037 0.4703458 0.7199037 0.4440371 0.7199037 0.4703458 0.7199037 0.5398916 0.36514 0.5398916 0.3746996 0.5398916 0.36514 0.5033379 0.6816653 0.4703459 0.6816653 0.4703459 0.6816653 0.5033378 0.7199037 0.4703458 0.7199037 0.5033378 0.7199037 0.625 0.7007845 0.625 0.710344 0.625 0.7007845 0.5363299 0.7199037 0.5033378 0.7199037 0.5363299 0.7199037 0.5363299 0.6816654 0.5033379 0.6816653 0.5033379 0.6816653 0.625 0.7007845 0.625 0.6912249 0.625 0.6912249 0.4440371 0.6816652 0.4308827 0.6816652 0.4308827 0.6816652 0.4440371 0.6816652 0.4308827 0.6816652 0.4308827 0.6816652 0.4308827 0.6816652 0.4177284 0.6816653 0.4177284 0.6816653 0.375 0.7199037 0.4177284 0.7199037 0.4177284 0.7199037 0.6250001 0.6816654 0.6022918 0.6816653 0.6022918 0.6816653 0.5363299 0.7199037 0.5493749 0.7199037 0.5493749 0.7199037 0.4177284 0.6816653 0.375 0.6816653 0.375 0.6816653 0.6022918 0.7199037 0.625 0.7199037 0.625 0.7199037 0.625 0.6912249 0.6250001 0.6816654 0.6250001 0.6816654 0.4177284 0.7199037 0.4308828 0.7199037 0.4308828 0.7199037 0.6022918 0.6816653 0.5493749 0.6816654 0.5493749 0.6816654 0.4703459 0.6816653 0.4440371 0.6816652 0.4440371 0.6816652 0.5493749 0.6816654 0.5363299 0.6816654 0.5363299 0.6816654 0.5493749 0.7199037 0.6022918 0.7199037 0.6022918 0.7199037 0.4308828 0.7199037 0.4440371 0.7199037 0.4440371 0.7199037 0.4440371 0.7199037 0.4703458 0.7199037 0.4703458 0.7199037 0.625 0.7199037 0.625 0.710344 0.625 0.710344 0.5033379 0.6816653 0.4703459 0.6816653 0.4703459 0.6816653 0.4703458 0.7199037 0.5033378 0.7199037 0.5033378 0.7199037 0.625 0.710344 0.625 0.7007845 0.625 0.7007845 0.5033378 0.7199037 0.5363299 0.7199037 0.5363299 0.7199037 0.5363299 0.6816654 0.5033379 0.6816653 0.5033379 0.6816653 0.625 0.7007845 0.625 0.6912249 0.625 0.6912249 0.5895925 0.6866468 0.5566005 0.6866466 0.5566005 0.6866466 0.6158036 0.6797094 0.6158036 0.6746079 0.6158036 0.6746079 0.4440371 0.6816652 0.4308827 0.6816652 0.4308827 0.6816652 0.4308827 0.6816652 0.4177284 0.6816653 0.4177284 0.6816653 0.4177284 0.7199037 0.375 0.7199037 0.4177284 0.7199037 0.6250001 0.6816654 0.6022918 0.6816653 0.6022918 0.6816653 0.5271335 0.6899126 0.5401785 0.6899126 0.5401785 0.6899126 0.4177284 0.6816653 0.375 0.6816653 0.375 0.6816653 0.5930954 0.6899126 0.6158036 0.6899125 0.6158036 0.6899125 0.6158036 0.6746079 0.6158037 0.6695063 0.6158037 0.6695063 0.4308828 0.7199037 0.4177284 0.7199037 0.4308828 0.7199037 0.6022918 0.6816653 0.5493749 0.6816654 0.5493749 0.6816654 0.4703459 0.6816653 0.4440371 0.6816652 0.4440371 0.6816652 0.6026375 0.6866468 0.5895925 0.6866468 0.5895925 0.6866468 0.5401785 0.6899126 0.5930954 0.6899126 0.5930954 0.6899126 0.4440371 0.7199037 0.4308828 0.7199037 0.4440371 0.7199037 0.4703458 0.7199037 0.4440371 0.7199037 0.4703458 0.7199037 0.6158036 0.6899125 0.6158036 0.6848109 0.6158036 0.6848109 0.5566005 0.6866466 0.5236085 0.6866467 0.5236085 0.6866467 0.5569454 0.6858003 0.5899374 0.6858003 0.5899374 0.6858003 0.6158036 0.6848109 0.6158036 0.6797094 0.6158036 0.6797094 0.5033378 0.7199037 0.5363299 0.7199037 0.5363299 0.7199037 0.6022918 0.7199037 0.625 0.7199037 0.625 0.7199037 0.4440371 0.5306943 0.4308828 0.5306943 0.4308828 0.5306943 0.4703459 0.5306943 0.4440371 0.5306943 0.4440371 0.5306943 0.5363299 0.5306943 0.5033379 0.5306943 0.5033379 0.5306943 0.5493749 0.6816654 0.5363299 0.6816654 0.5363299 0.6816654 0.5363299 0.5590082 0.5363298 0.5478437 0.5363298 0.5478437 0.6022918 0.6816653 0.5493749 0.6816654 0.5493749 0.6816654 0.4440371 0.5701727 0.4703458 0.5701727 0.4703458 0.5701727 0.4440371 0.7199037 0.4703458 0.7199037 0.4703458 0.7199037 0.4177284 0.5701727 0.4308828 0.5701727 0.4308828 0.5701727 0.5493749 0.7199037 0.6022918 0.7199037 0.6022918 0.7199037 0 0 0 0 0 0 0.4703458 0.7199037 0.5033378 0.7199037 0.5033378 0.7199037 0.625 0.7199037 0.625 0.710344 0.625 0.710344 0.5363299 0.5392408 0.5363299 0.5306943 0.5363299 0.5306943 0.5363299 0.6816654 0.5033379 0.6816653 0.5033379 0.6816653 0.625 0.710344 0.625 0.7007845 0.625 0.7007845 0.5363298 0.5478437 0.5363299 0.5392408 0.5363299 0.5392408 0.4308828 0.5701727 0.4440371 0.5701727 0.4440371 0.5701727 0.4308827 0.6816652 0.4177284 0.6816653 0.4177284 0.6816653 0.625 0.7007845 0.625 0.6912249 0.625 0.6912249 0.5363299 0.7199037 0.5493749 0.7199037 0.5493749 0.7199037 0.625 0.6912249 0.6250001 0.6816654 0.6250001 0.6816654 0.4703459 0.6816653 0.4440371 0.6816652 0.4440371 0.6816652 0.5033379 0.5701727 0.5363299 0.5701727 0.5363299 0.5701727 0.4177284 0.5306943 0.375 0.5306943 0.375 0.5306943 0.4308828 0.7199037 0.4440371 0.7199037 0.4440371 0.7199037 0.5033379 0.6816653 0.4703459 0.6816653 0.4703459 0.6816653 0.4703458 0.5701727 0.5033379 0.5701727 0.5033379 0.5701727 0.4440371 0.5306943 0.4308828 0.5306943 0.4308828 0.5306943 0.5033378 0.7199037 0.5363299 0.7199037 0.5363299 0.7199037 0.375 0.7199037 0.4177284 0.7199037 0.4177284 0.7199037 0.4440371 0.6816652 0.4308827 0.6816652 0.4308827 0.6816652 0.375 0.5701727 0.4177284 0.5701727 0.4177284 0.5701727 0.4177284 0.6816653 0.375 0.6816653 0.375 0.6816653 0.5033379 0.5306943 0.4703459 0.5306943 0.4703459 0.5306943 0.6250001 0.6816654 0.6022918 0.6816653 0.6022918 0.6816653 0.5363299 0.5701727 0.5363299 0.5590082 0.5363299 0.5590082 0.4177284 0.7199037 0.4308828 0.7199037 0.4308828 0.7199037 0.4308828 0.5306943 0.4177284 0.5306943 0.4177284 0.5306943 0 0 0 0 0 0 0.625 0.7007845 0.625 0.6912249 0.625 0.6912249 0.5363299 0.7199037 0.5493749 0.7199037 0.5493749 0.7199037 0.5033379 0.5306943 0.4703459 0.5306943 0.4703459 0.5306943 0 0 0 0 0 0 0.625 0.6912249 0.6250001 0.6816654 0.6250001 0.6816654 0.4308828 0.5306943 0.4177284 0.5306943 0.4177284 0.5306943 0.4703459 0.6816653 0.4440371 0.6816652 0.4440371 0.6816652 0.5363299 0.5701727 0.5363299 0.5590082 0.5363299 0.5590082 0.4440371 0.5701727 0.4703458 0.5701727 0.4703458 0.5701727 0.4308828 0.7199037 0.4440371 0.7199037 0.4440371 0.7199037 0.5363299 0.5306943 0.5033379 0.5306943 0.5033379 0.5306943 0.5363299 0.5590082 0.5363298 0.5478437 0.5363298 0.5478437 0.5033379 0.6816653 0.4703459 0.6816653 0.4703459 0.6816653 0.5363299 0.5392408 0.5363299 0.5306943 0.5363299 0.5306943 0.5033379 0.5701727 0.5363299 0.5701727 0.5363299 0.5701727 0.5033378 0.7199037 0.5363299 0.7199037 0.5363299 0.7199037 0.375 0.7199037 0.4177284 0.7199037 0.4177284 0.7199037 0.4308828 0.5701727 0.4440371 0.5701727 0.4440371 0.5701727 0.4440371 0.6816652 0.4308827 0.6816652 0.4308827 0.6816652 0.4177284 0.6816653 0.375 0.6816653 0.375 0.6816653 0.5363298 0.5478437 0.5363299 0.5392408 0.5363299 0.5392408 0.6250001 0.6816654 0.6022918 0.6816653 0.6022918 0.6816653 0.4177284 0.7199037 0.4308828 0.7199037 0.4308828 0.7199037 0.375 0.5701727 0.4177284 0.5701727 0.4177284 0.5701727 0.6022918 0.7199037 0.625 0.7199037 0.625 0.7199037 0.5493749 0.6816654 0.5363299 0.6816654 0.5363299 0.6816654 0.4177284 0.5701727 0.4308828 0.5701727 0.4308828 0.5701727 0.6022918 0.6816653 0.5493749 0.6816654 0.5493749 0.6816654 0.4440371 0.7199037 0.4703458 0.7199037 0.4703458 0.7199037 0.4177284 0.5306943 0.375 0.5306943 0.375 0.5306943 0.5493749 0.7199037 0.6022918 0.7199037 0.6022918 0.7199037 0.4703458 0.7199037 0.5033378 0.7199037 0.5033378 0.7199037 0.4703458 0.5701727 0.5033379 0.5701727 0.5033379 0.5701727 0.625 0.7199037 0.625 0.710344 0.625 0.710344 0.5363299 0.6816654 0.5033379 0.6816653 0.5033379 0.6816653 0.4703459 0.5306943 0.4440371 0.5306943 0.4440371 0.5306943 0.625 0.710344 0.625 0.7007845 0.625 0.7007845 0.4308827 0.6816652 0.4177284 0.6816653 0.4177284 0.6816653 0.4703459 0.6816653 0.4440371 0.6816652 0.4440371 0.6816652 0.625 0.6912249 0.6250001 0.6816654 0.6250001 0.6816654 0.4308828 0.5306943 0.4177284 0.5306943 0.4177284 0.5306943 0.4703459 0.6816653 0.4440371 0.6816652 0.4440371 0.6816652 0.5363299 0.5701727 0.5363299 0.5590082 0.5363299 0.5590082 0.4440371 0.5701727 0.4703458 0.5701727 0.4703458 0.5701727 0.4308828 0.7199037 0.4440371 0.7199037 0.4440371 0.7199037 0.5363299 0.5306943 0.5033379 0.5306943 0.5033379 0.5306943 0.5363299 0.5590082 0.5363298 0.5478437 0.5363298 0.5478437 0.5033379 0.6816653 0.4703459 0.6816653 0.4703459 0.6816653 0.5363299 0.5392408 0.5363299 0.5306943 0.5363299 0.5306943 0.5033379 0.5701727 0.5363299 0.5701727 0.5363299 0.5701727 0.5033378 0.7199037 0.5363299 0.7199037 0.5363299 0.7199037 0.375 0.7199037 0.4177284 0.7199037 0.4177284 0.7199037 0.4308828 0.5701727 0.4440371 0.5701727 0.4440371 0.5701727 0.4440371 0.6816652 0.4308827 0.6816652 0.4308827 0.6816652 0.4177284 0.6816653 0.375 0.6816653 0.375 0.6816653 0.5363298 0.5478437 0.5363299 0.5392408 0.5363299 0.5392408 0.6250001 0.6816654 0.6022918 0.6816653 0.6022918 0.6816653 0.4177284 0.7199037 0.4308828 0.7199037 0.4308828 0.7199037 0.375 0.5701727 0.4177284 0.5701727 0.4177284 0.5701727 0.6022918 0.7199037 0.625 0.7199037 0.625 0.7199037 0.5493749 0.6816654 0.5363299 0.6816654 0.5363299 0.6816654 0.4177284 0.5701727 0.4308828 0.5701727 0.4308828 0.5701727 0.6022918 0.6816653 0.5493749 0.6816654 0.5493749 0.6816654 0.4440371 0.7199037 0.4703458 0.7199037 0.4703458 0.7199037 0.4177284 0.5306943 0.375 0.5306943 0.375 0.5306943 0.5493749 0.7199037 0.6022918 0.7199037 0.6022918 0.7199037 0.4703458 0.7199037 0.5033378 0.7199037 0.5033378 0.7199037 0.4703458 0.5701727 0.5033379 0.5701727 0.5033379 0.5701727 0.625 0.7199037 0.625 0.710344 0.625 0.710344 0.5363299 0.6816654 0.5033379 0.6816653 0.5033379 0.6816653 0.4703459 0.5306943 0.4440371 0.5306943 0.4440371 0.5306943 0.625 0.710344 0.625 0.7007845 0.625 0.7007845 0.4308827 0.6816652 0.4177284 0.6816653 0.4177284 0.6816653 0.4440371 0.5306943 0.4308828 0.5306943 0.4308828 0.5306943 0.625 0.7007845 0.625 0.6912249 0.625 0.6912249 0.5363299 0.7199037 0.5493749 0.7199037 0.5493749 0.7199037 0.5033379 0.5306943 0.4703459 0.5306943 0.4703459 0.5306943 0.4703459 0.6816653 0.5363299 0.6816654 0.4440371 0.7199037 0.5363299 0.5701727 0.5363299 0.5590082 0.5363299 0.5590082 0.4440371 0.5701727 0.4703458 0.5701727 0.4703458 0.5701727 0.4308828 0.7199037 0.4440371 0.7199037 0.4440371 0.7199037 0.5363299 0.5306943 0.5033379 0.5306943 0.5033379 0.5306943 0.5363299 0.5590082 0.5363298 0.5478437 0.5363298 0.5478437 0.5033379 0.6816653 0.4703459 0.6816653 0.4703459 0.6816653 0.5363299 0.5392408 0.5363299 0.5306943 0.5363299 0.5306943 0.5033379 0.5701727 0.5363299 0.5701727 0.5363299 0.5701727 0.5033378 0.7199037 0.5363299 0.7199037 0.5363299 0.7199037 0.375 0.7199037 0.4177284 0.7199037 0.4177284 0.7199037 0.4308828 0.5701727 0.4440371 0.5701727 0.4440371 0.5701727 0.4440371 0.6816652 0.4308827 0.6816652 0.4308827 0.6816652 0.4177284 0.6816653 0.375 0.6816653 0.375 0.6816653 0.5363298 0.5478437 0.5363299 0.5392408 0.5363299 0.5392408 0.6250001 0.6816654 0.6022918 0.6816653 0.6022918 0.6816653 0.4177284 0.7199037 0.4308828 0.7199037 0.4308828 0.7199037 0.375 0.5701727 0.4177284 0.5701727 0.4177284 0.5701727 0.6022918 0.7199037 0.625 0.7199037 0.625 0.7199037 0.5493749 0.6816654 0.5363299 0.6816654 0.5363299 0.6816654 0.4177284 0.5701727 0.4308828 0.5701727 0.4308828 0.5701727 0.6022918 0.6816653 0.5493749 0.6816654 0.5493749 0.6816654 0.4440371 0.7199037 0.4703458 0.7199037 0.4703458 0.7199037 0.4177284 0.5306943 0.375 0.5306943 0.375 0.5306943 0.5493749 0.7199037 0.6022918 0.7199037 0.6022918 0.7199037 0.4703458 0.7199037 0.5033378 0.7199037 0.5033378 0.7199037 0.4703458 0.5701727 0.5033379 0.5701727 0.5033379 0.5701727 0.625 0.7199037 0.625 0.710344 0.625 0.710344 0.5363299 0.6816654 0.5033379 0.6816653 0.5033379 0.6816653 0.4703459 0.5306943 0.4440371 0.5306943 0.4440371 0.5306943 0.625 0.710344 0.625 0.7007845 0.625 0.7007845 0.4308827 0.6816652 0.4177284 0.6816653 0.4177284 0.6816653 0.4440371 0.5306943 0.4308828 0.5306943 0.4308828 0.5306943 0.625 0.7007845 0.625 0.6912249 0.625 0.6912249 0.5363299 0.7199037 0.5493749 0.7199037 0.5493749 0.7199037 0.5033379 0.5306943 0.4703459 0.5306943 0.4703459 0.5306943 0 0 0 0 0 0 0.625 0.6912249 0.6250001 0.6816654 0.6250001 0.6816654 0.4308828 0.5306943 0.4177284 0.5306943 0.4177284 0.5306943 0.4177284 0.5306943 0.4308828 0.5306943 0.4177284 0.5306943 0.375 0.5701727 0.4177284 0.5701727 0.4177284 0.5701727 0.5363299 0.5590082 0.5363299 0.5701727 0.5363299 0.5590082 0.4177284 0.5701727 0.4308828 0.5701727 0.4308828 0.5701727 0.3842681 0.4934516 0.3697438 0.4934517 0.3697438 0.4934517 0.375 0.5306943 0.4177284 0.5306943 0.375 0.5306943 0.4440371 0.5701727 0.4703458 0.5701727 0.4703458 0.5701727 0.5363299 0.5392408 0.5363299 0.5306943 0.5363299 0.5306943 0.4703458 0.5701727 0.5033379 0.5701727 0.5033379 0.5701727 0.5363299 0.5590082 0.5363298 0.5478437 0.5363298 0.5478437 0.4440371 0.5306943 0.4703459 0.5306943 0.4440371 0.5306943 0.5033379 0.5701727 0.5363299 0.5701727 0.5363299 0.5701727 0.4308828 0.5306943 0.4440371 0.5306943 0.4308828 0.5306943 0.4308828 0.5701727 0.4440371 0.5701727 0.4440371 0.5701727 0.3552196 0.4934516 0.3697438 0.4934517 0.3552196 0.4934516 0.5363298 0.5478437 0.5363299 0.5392408 0.5363299 0.5392408 0.3842681 0.5064815 0.3842681 0.5116193 0.3842681 0.5064815 0.4308828 0.5701727 0.4177284 0.5701727 0.4308828 0.5701727 0.3697438 0.4934517 0.3842681 0.4934516 0.3697438 0.4934517 0.4177284 0.5306943 0.375 0.5306943 0.375 0.5306943 0.3552196 0.5116193 0.3436376 0.5116193 0.3552196 0.5116193 0.3842681 0.4934516 0.3842681 0.4973847 0.3842681 0.4934516 0.3697439 0.5116193 0.3552196 0.5116193 0.3697439 0.5116193 0.3842681 0.5013437 0.3842681 0.5064815 0.3842681 0.5013437 0.3552196 0.4934516 0.3436376 0.4934517 0.3436376 0.4934517 0.3842681 0.5116193 0.3697439 0.5116193 0.3842681 0.5116193 0.3436376 0.4934517 0.3378465 0.4934516 0.3378465 0.4934516 0.3436376 0.5116193 0.3378466 0.5116193 0.3436376 0.5116193 0.3552196 0.4934516 0.3697438 0.4934517 0.3552196 0.4934516 0.3842681 0.4973847 0.3842681 0.5013437 0.3842681 0.4973847 0.4308828 0.5306943 0.4177284 0.5306943 0.4177284 0.5306943 0.4177284 0.5701727 0.375 0.5701727 0.4177284 0.5701727 0.313245 0.4934517 0.3320556 0.4934516 0.3378466 0.5116193 0.375 0.5701727 0.375 0.5701727 0.375 0.5819579 0.375 0.4412353 0.4177285 0.4496269 0.375 0.4496269 0.375 0.5306943 0.375 0.5306943 0.375 0.5306943 0.625 0 0.5 0.25 0.5 0 0.625 0.25 0.5 0.5 0.5 0.25 0.625 0.5 0.5 0.75 0.5 0.5 0.5 0.75 0.625 1 0.5 1 0.375 0.5 0.125 0.75 0.125 0.5 0.875 0.5 0.625 0.75 0.625 0.5 0.5 0.75 0.375 1 0.375 0.75 0.5 0.5 0.375 0.75 0.375 0.5 0.375 0.25 0.5 0.5 0.375 0.5 0.5 0 0.375 0.25 0.375 0 0.625 0.25 0.375 0.5 0.375 0.25 0.625 0.5 0.375 0.75 0.375 0.5 0.625 0.75 0.375 1 0.375 0.75 0.375 0.5 0.125 0.75 0.125 0.5 0.875 0.5 0.625 0.75 0.625 0.5 0.625 0.25 0.375 0.5 0.375 0.25 0.375 0.5 0.625 0.75 0.375 0.75 0.625 0.75 0.375 1 0.375 0.75 0.375 0.5 0.125 0.75 0.125 0.5 0.875 0.5 0.625 0.75 0.625 0.5 0.375 0.25 0.625 0.5 0.375 0.5 0.375 0.5 0.625 0.75 0.375 0.75 0.625 0.75 0.375 1 0.375 0.75 0.375 0.5 0.125 0.75 0.125 0.5 0.875 0.5 0.625 0.75 0.625 0.5 0.625 0.25 0.375 0.5 0.375 0.25 0.375 0.5 0.625 0.75 0.375 0.75 0.625 0.75 0.375 1 0.375 0.75 0.375 0.5 0.125 0.75 0.125 0.5 0.875 0.5 0.625 0.75 0.625 0.5 0.625 0.25 0.375 0.5 0.375 0.25 0.625 0.5 0.375 0.75 0.375 0.5 0.625 0.75 0.375 1 0.375 0.75 0.375 0.5 0.125 0.75 0.125 0.5 0.875 0.5 0.625 0.75 0.625 0.5 0.625 0.25 0.375 0.5 0.375 0.25 0.375 0.5 0.625 0.75 0.375 0.75 0.625 0.75 0.375 1 0.375 0.75 0.375 0.5 0.125 0.75 0.125 0.5 0.875 0.5 0.625 0.75 0.625 0.5 0.5005609 0.5639176 0.5468347 0.5434052 0.5477721 0.547109 0.3810186 0.6093411 0.4174588 0.6165876 0.3822321 0.6204395 0.6304974 0.5386252 0.6304974 0.5554102 0.6092 0.5554102 0.3763561 0.5667008 0.4126046 0.5721943 0.3773779 0.5760462 0.6273044 0.5576061 0.5951164 0.5661528 0.5951165 0.5576062 0.3779409 0.581195 0.359391 0.5918208 0.3584619 0.5833248 0.4140966 0.585839 0.379805 0.5982428 0.37887 0.589691 0.5165107 0.6182984 0.5477721 0.547109 0.5734608 0.6264209 0.3389831 0.5854548 0.359391 0.5918208 0.339912 0.5939508 0.5983094 0.6007668 0.6304973 0.6175532 0.5983093 0.6175532 0.6020123 0.5581399 0.593748 0.5858049 0.593748 0.5581161 0.6273045 0.5661528 0.5951164 0.5747556 0.5951164 0.5661528 0.6124495 0.5889978 0.6198506 0.5889978 0.6124495 0.594317 0.6273046 0.5859201 0.5951164 0.5970845 0.5951164 0.5859201 0.6092975 0.6178389 0.5477721 0.547109 0.5874955 0.5588859 0.37887 0.589691 0.3603261 0.6003727 0.359391 0.5918208 0.356877 0.5688306 0.3773779 0.5760462 0.3578989 0.578176 0.3615397 0.6114709 0.3822321 0.6204395 0.3627531 0.6225693 0.5874955 0.5588859 0.5468347 0.5434052 0.5859095 0.540867 0.6098312 0.6521432 0.5734608 0.6264209 0.6092975 0.6178389 0.6083055 0.5839803 0.6304974 0.5839803 0.6304974 0.6007668 0.5648598 0.6622306 0.5185958 0.6225777 0.5734608 0.6264209 0.6103009 0.6501573 0.5711422 0.6262409 0.6085103 0.6189863 0.5887766 0.585074 0.629378 0.6112664 0.5783399 0.6103093 0.3615397 0.6114709 0.3432741 0.6246992 0.3420606 0.6136009 0.3373981 0.5709607 0.3578989 0.578176 0.33842 0.580306 0.359391 0.5918208 0.3408471 0.6025027 0.339912 0.5939508 0.5874955 0.5588859 0.6311146 0.5850651 0.5887766 0.585074 0.6091999 0.5554102 0.6304974 0.5839803 0.6083056 0.5839803 0.3773779 0.5760462 0.4131677 0.5773431 0.3779409 0.581195 0.3603261 0.6003727 0.3420606 0.6136009 0.3408471 0.6025027 0.6273045 0.5524267 0.5951165 0.5576062 0.5951164 0.5524267 0.3578989 0.578176 0.3779409 0.581195 0.3584619 0.5833248 0.33842 0.580306 0.3584619 0.5833248 0.3389831 0.5854548 0.379805 0.5982428 0.4162452 0.6054893 0.3810186 0.6093411 0.6273046 0.5747557 0.5951164 0.5859201 0.5951164 0.5747556 0.3603261 0.6003727 0.3810186 0.6093411 0.3615397 0.6114709 0.3779409 0.581195 0.4140966 0.585839 0.37887 0.589691 0.6022918 0.627313 0.625 0.5987429 0.6022918 0.5987429 0.5332501 0.3177844 0.542627 0.3315163 0.542627 0.3177844 0.7054808 0.4289364 0.7148576 0.4208689 0.7054808 0.420869 0.7808455 0.5338947 0.7854397 0.5232165 0.7600052 0.5122734 0.6022918 0.5987429 0.625 0.5819578 0.6022917 0.5819578 0.7054808 0.4507366 0.7148576 0.4588048 0.7148576 0.4507367 0.7962652 0.5405291 0.8162794 0.5364852 0.8008596 0.5298508 0.6022918 0.6608859 0.625 0.6440994 0.6022918 0.6440995 0.776943 0.4530478 0.8032516 0.446024 0.776943 0.446024 0.776943 0.4200229 0.8032516 0.427046 0.8032516 0.4200229 0.776943 0.4390003 0.8032516 0.427046 0.776943 0.427046 0.8032517 0.4530478 0.8362437 0.446024 0.8032516 0.446024 0.8032516 0.427046 0.8362438 0.4200229 0.8032516 0.4200229 0.8032516 0.4390003 0.8362436 0.427046 0.8032516 0.427046 0.7185652 0.4507366 0.733605 0.4588048 0.733605 0.4507366 0.7185652 0.4289364 0.733605 0.4426684 0.733605 0.4289364 0.5363299 0.627313 0.5493748 0.5987427 0.5363298 0.5987428 0.7148576 0.4588048 0.7185652 0.4507366 0.7148576 0.4507367 0.7148576 0.4426684 0.7185652 0.4507366 0.7185652 0.4426684 0.7185652 0.4507366 0.733605 0.4426684 0.7185652 0.4426684 0.8032516 0.446024 0.8362437 0.4390003 0.8032516 0.4390003 0.776943 0.446024 0.8032516 0.4390003 0.776943 0.4390003 0.6022918 0.6440995 0.625 0.627313 0.6022918 0.627313 0.5332502 0.3315163 0.542627 0.3395846 0.542627 0.3315163 0.7962652 0.5405291 0.8008596 0.5298508 0.7920543 0.5260624 0.6366246 0.5984266 0.6358302 0.5987429 0.6366503 0.5996015 0.6448888 0.599648 0.6366246 0.5984266 0.6366246 0.5996242 0.6466208 0.627313 0.6448888 0.599648 0.6440257 0.6273131 0.6366246 0.6326323 0.6466208 0.627313 0.6440257 0.627313 0.7437772 0.5052912 0.7588815 0.5126548 0.758905 0.5118 0.7185652 0.4208689 0.7148576 0.4289364 0.733605 0.4289364 0.5859865 0.427245 0.6022918 0.4272451 0.6022918 0.4272451 0 0 0 0 0 0 0.6022918 0.4191265 0.5859646 0.4191266 0.5859646 0.4191266 0.5683133 0.4135513 0.5683073 0.4104368 0.5683133 0.4135513 0.5833239 0.4265801 0.5683428 0.4265802 0.5833239 0.4265801 0 0 0 0 0 0 0.583341 0.4191268 0.5683259 0.4191269 0.5683259 0.4191269 0.5683475 0.4272449 0.5833193 0.4272449 0.5833193 0.4272449 0 0 0 0 0 0 0.5657017 0.4191269 0.5493749 0.4191271 0.5493749 0.4191271 0.5859659 0.4199304 0.6022918 0.4191265 0.5859646 0.4191266 0.5832161 0.4547265 0.5832664 0.4561874 0.5832161 0.4547265 0.5859714 0.4207177 0.6022919 0.4207179 0.6022919 0.4207179 0 0 0 0 0 0 0.5683272 0.4199308 0.583341 0.4191268 0.5683259 0.4191269 0.5683323 0.4207177 0.5833345 0.4207177 0.5833345 0.4207177 0 0 0 0 0 0 0.5860599 0.4561874 0.5860599 0.455105 0.5860599 0.455105 0.5833535 0.4135512 0.5683133 0.4135513 0.5683133 0.4135513 0.5493749 0.4199311 0.5657017 0.4191269 0.5493749 0.4191271 0.6022918 0.4135511 0.5859522 0.4135511 0.5859522 0.4135511 0 0 0 0 0 0 0.5655736 0.4531961 0.5654541 0.4561874 0.5655736 0.4531961 0.586061 0.4500832 0.5832694 0.4491145 0.583253 0.4500035 0.5656206 0.4498899 0.5683974 0.4491147 0.56563 0.4491149 0.5657096 0.4143036 0.5683133 0.4135513 0.5657145 0.4135513 0.5656955 0.4207175 0.5683272 0.4199308 0.5657004 0.4199308 0.5656851 0.4265803 0.5683475 0.4272449 0.5683428 0.4265802 0.5656695 0.4331164 0.568363 0.4337062 0.5683583 0.4331164 0.5656467 0.4404901 0.5683749 0.4397183 0.5656532 0.4397184 0.5859522 0.4135511 0.5833488 0.4143038 0.5859568 0.414304 0.5833396 0.4199306 0.5859714 0.4207177 0.5859659 0.4199304 0.5833239 0.4265801 0.5859865 0.427245 0.5859819 0.42658 0.5833085 0.4331163 0.5860021 0.4337064 0.5859972 0.4331162 0.5860194 0.4404905 0.5832918 0.4397182 0.5832861 0.4404904 0.5832161 0.4547265 0.5860603 0.4543913 0.5832166 0.4540774 0.5684496 0.4528567 0.5655736 0.4531961 0.5684551 0.4534015 0.56563 0.4491149 0.5493749 0.4498376 0.5656206 0.4498899 0.6022918 0.450356 0.5860361 0.4491142 0.586061 0.4500832 0.5832694 0.4491145 0.5684132 0.4499284 0.583253 0.4500035 0.5683808 0.4404902 0.56563 0.4491149 0.5683974 0.4491147 0.5860194 0.4404905 0.5832694 0.4491145 0.5860361 0.4491142 0.5655736 0.4531961 0.5684344 0.4561874 0.5684551 0.4534015 0.5832161 0.4547265 0.5860599 0.4561874 0.5860599 0.455105 0.5683073 0.4104368 0.5657145 0.4135513 0.5683133 0.4135513 0.5683259 0.4191269 0.5657004 0.4199308 0.5683272 0.4199308 0.5656955 0.4207175 0.5683428 0.4265802 0.5683323 0.4207177 0.5683475 0.4272449 0.5656695 0.4331164 0.5683583 0.4331164 0.5656649 0.4337062 0.5683749 0.4397183 0.568363 0.4337062 0.5833595 0.4104368 0.5859522 0.4135511 0.5859463 0.4104368 0.5859646 0.4191266 0.5833396 0.4199306 0.5859659 0.4199304 0.5833345 0.4207177 0.5859819 0.42658 0.5859714 0.4207177 0.5833193 0.4272449 0.5859972 0.4331162 0.5859865 0.427245 0.5833036 0.4337062 0.586014 0.4397181 0.5860021 0.4337064 0.5833535 0.4135512 0.568318 0.4143037 0.5833488 0.4143038 0.5833396 0.4199306 0.5683323 0.4207177 0.5833345 0.4207177 0.5833193 0.4272449 0.5683428 0.4265802 0.5683475 0.4272449 0.5833036 0.4337062 0.5683583 0.4331164 0.568363 0.4337062 0.5832918 0.4397182 0.5683808 0.4404902 0.5832861 0.4404904 0.5657145 0.4135513 0.5493749 0.4143033 0.5657096 0.4143036 0.5657004 0.4199308 0.5493749 0.4207174 0.5656955 0.4207175 0.5656803 0.4272447 0.5493749 0.4265804 0.5493749 0.4272446 0.5656649 0.4337062 0.5493749 0.4331166 0.5493749 0.4337062 0.5656532 0.4397184 0.5493749 0.4404898 0.5656467 0.4404901 0.6022918 0.4135511 0.5859568 0.414304 0.6022918 0.4143042 0.6022919 0.4207179 0.5859659 0.4199304 0.5859714 0.4207177 0.6022918 0.4272451 0.5859819 0.42658 0.5859865 0.427245 0.6022918 0.4337064 0.5859972 0.4331162 0.5860021 0.4337064 0.6022918 0.440491 0.586014 0.4397181 0.5860194 0.4404905 0.583253 0.4500035 0.5860603 0.4543913 0.586061 0.4500832 0.5684132 0.4499284 0.5656019 0.4527036 0.5684496 0.4528567 0.5860603 0.4543913 0.5924942 0.4561874 0.5959249 0.4561874 0.5493749 0.4524295 0.5656019 0.4527036 0.5493749 0.452008 0.5684551 0.4534015 0.5832166 0.4540774 0.5684496 0.4528567 0.568318 0.4143037 0.5833488 0.4143038 0.568318 0.4143037 0.5859568 0.414304 0.583341 0.4191268 0.5859646 0.4191266 0.568318 0.4143037 0.5657017 0.4191269 0.5683259 0.4191269 0.5859568 0.414304 0.6022918 0.4143042 0.5859568 0.414304 0 0 0 0 0 0 0 0 0 0 0 0 0.6123328 0.875 0.625 0.8003731 0.6123328 0.8003732 0.5363299 0.875 0.548997 0.8003732 0.5363299 0.8003732 0.548997 0.875 0.5616641 0.8003732 0.548997 0.8003732 0.5616641 0.875 0.5743313 0.8003732 0.5616641 0.8003732 0.5743313 0.875 0.5869985 0.8003732 0.5743313 0.8003732 0.5869985 0.875 0.5996657 0.8003732 0.5869985 0.8003732 0.5996657 0.875 0.6123328 0.8003732 0.5996657 0.8003732 0.5743313 0.875 0.5743313 0.8003732 0.5743313 0.875 0.5616641 0.875 0.5616641 0.8003732 0.5616641 0.875 0 0 0 0 0 0 0.5869985 0.875 0.5869985 0.8003732 0.5869985 0.875 0 0 0 0 0 0 0 0 0 0 0 0 0 0 0 0 0 0 0 0 0 0 0 0 0.548997 0.875 0.548997 0.8003732 0.548997 0.875 0 0 0 0 0 0 0 0 0 0 0 0 0 0 0 0 0 0 0 0 0 0 0 0 0.5743313 0.875 0.5743312 0.8080033 0.5743311 0.8072094 0.5616641 0.875 0.5616642 0.8079944 0.5616641 0.8072028 0 0 0 0 0 0 0.5869985 0.875 0.5869985 0.8080119 0.5869985 0.8072162 0.5996657 0.875 0.5996657 0.8080205 0.5996657 0.8072232 0 0 0 0 0 0 0.6123328 0.875 0.6123328 0.8080291 0.6123328 0.8072296 0.6123328 0.875 0.6123328 0.8003732 0.6123328 0.875 0 0 0 0 0 0 0.5996657 0.875 0.5996657 0.8003732 0.5996657 0.875 0.5489969 0.807196 0.548997 0.875 0.548997 0.875 0.5616641 0.8072028 0.5616641 0.875 0.5616641 0.875 0.5743311 0.8072094 0.5743313 0.875 0.5743313 0.875 0.5869985 0.8072162 0.5869985 0.875 0.5869985 0.875 0.5996657 0.8072232 0.5996657 0.875 0.5996657 0.875 0.6123328 0.8072296 0.6123328 0.875 0.6123328 0.875 0 0 0 0 0 0 0.5616642 0.8079944 0.5616641 0.875 0.5616641 0.8003732 0.5743312 0.8080033 0.5743313 0.875 0.5743313 0.8003732 0.5869985 0.8080119 0.5869985 0.875 0.5869985 0.8003732 0 0 0 0 0 0 0 0 0 0 0 0 0 0 0 0 0 0 0 0 0 0 0 0 0.5743313 0.8003732 0.5743311 0.8072094 0.5743313 0.8003732 0.5743313 0.8003732 0.5743311 0.8072094 0.5743312 0.8080033 0 0 0 0 0 0 0 0 0 0 0 0 0 0 0 0 0 0 0 0 0 0 0 0 0.5869985 0.8003732 0.5869985 0.8072162 0.5869985 0.8003732 0.5869985 0.8003732 0.5869985 0.8072162 0.5869985 0.8080119 0.5616641 0.8003732 0.5616641 0.8072028 0.5616641 0.8003732 0.5616641 0.8003732 0.5616641 0.8072028 0.5616642 0.8079944 0.548997 0.875 0.5489972 0.8079859 0.5489969 0.807196 0.6022918 0.5590083 0.625 0.5701727 0.625 0.5590083 0.6022918 0.4883754 0.625 0.5 0.625 0.4883754 0.7666407 0.4662736 0.780784 0.4636117 0.7702772 0.4586378 0.7145633 0.5987429 0.75 0.627313 0.75 0.5987429 0.6022918 0.6608859 0.625 0.6720401 0.625 0.6608859 0.50097 0.4533092 0.5105857 0.4137158 0.5009928 0.4137198 0.2032042 0.5381693 0.2073557 0.5429962 0.204587 0.5374758 0.5033379 0.74147 0.5363299 0.75 0.5363299 0.7414723 0.6688125 0.6608859 0.6753731 0.6720401 0.6753731 0.6608859 0.6688126 0.5987429 0.6753731 0.627313 0.6753732 0.5987429 0.2341249 0.4123387 0.2510319 0.4170202 0.2503393 0.410355 0.7607932 0.5265257 0.7552821 0.5113874 0.7505886 0.5220223 0.7511178 0.446456 0.7626557 0.4752926 0.7716692 0.4561151 0.7650308 0.5332207 0.7788265 0.5248867 0.7680435 0.5219933 0.7461387 0.4565097 0.7442916 0.4603883 0.7584248 0.4623609 0.2286962 0.4130029 0.2027542 0.4229267 0.2293889 0.4196681 0.1833319 0.5215908 0.1881135 0.5250104 0.185782 0.5203619 0.1948978 0.5216078 0.1939491 0.5162657 0.1925663 0.5169592 0.6022918 0.5255149 0.625 0.5161138 0.6022919 0.5161138 0.5269989 0.3472314 0.559991 0.3378303 0.5269989 0.3378303 0.5033379 0.4883754 0.5363299 0.4561874 0.5033379 0.4561874 0.5033379 0.75 0.5363299 0.7616246 0.5363299 0.75 0.5033379 0.4104368 0.5363299 0.4496269 0.5363299 0.4104368 0.1524453 0.491924 0.1851701 0.4867572 0.1645501 0.4647623 0.7080788 0.437516 0.7351759 0.4593938 0.7390341 0.4489282 0.2127779 0.5562796 0.1851701 0.4867572 0.1730653 0.5139189 0.5033379 0.741082 0.5363299 0.7199037 0.5033378 0.7199037 0.5033379 0.5 0.5363299 0.4883754 0.5033379 0.4883754 0.8045821 0.5458509 0.8005297 0.5313562 0.7958363 0.5419911 0.6022918 0.6816653 0.625 0.6720401 0.6022918 0.6720401 0.7607932 0.5265257 0.7742925 0.5197771 0.7654867 0.5158908 0.7042205 0.4479817 0.7318464 0.4684249 0.7351759 0.4593938 0.187864 0.5171498 0.1994885 0.5257527 0.1994885 0.5171499 0.2004354 0.5326488 0.1996847 0.5277014 0.1983019 0.5283949 0.6022918 0.5478437 0.625 0.5392409 0.6022918 0.539241 0.6688126 0.5987429 0.6753732 0.5819579 0.6688126 0.5819579 0.7145633 0.5819579 0.75 0.5987429 0.75 0.5819579 0.6688126 0.6440995 0.6753731 0.6608859 0.6753731 0.6440995 0.375 0.6608859 0.4177284 0.6440995 0.375 0.6440995 0.375 0.5987429 0.4177285 0.5819579 0.375 0.5819579 0.375 0.6720401 0.4177284 0.6816653 0.4177284 0.6720401 0.2031171 0.525879 0.2100045 0.508983 0.1976359 0.5193215 0.375 0.4883754 0.4177284 0.5 0.4177284 0.4883754 0.375 0.7412745 0.4177284 0.75 0.4177284 0.7412745 0.375 0.627313 0.4177285 0.5987429 0.375 0.5987429 0.375 0.875 0.4177284 0.8003732 0.375 0.8003732 0.375 0.6608859 0.4177284 0.6720401 0.4177284 0.6608859 0.375 0.8003732 0.4177284 0.7616246 0.375 0.7616246 0.375 0.4104368 0.4177285 0.4381914 0.4177284 0.4104368 0.375 0.75 0.4177284 0.7616246 0.4177284 0.75 0.375 0.4561875 0.4177284 0.4883754 0.4177285 0.4561874 0.375 0.5161137 0.4177284 0.5255149 0.4177284 0.5161138 0.4440371 0.6720401 0.4703459 0.6816653 0.4703459 0.6720401 0.2000679 0.5284276 0.1976359 0.5193215 0.1945868 0.5218701 0.444037 0.4883753 0.4703458 0.5 0.4703458 0.4883754 0.4440371 0.75 0.4703458 0.7412745 0.4440372 0.7412746 0.4440372 0.875 0.4703459 0.8003732 0.4440371 0.8003732 0.7890487 0.4270265 0.8153573 0.4381806 0.8153573 0.4270265 0.4440371 0.8003732 0.4703459 0.7616246 0.4440371 0.7616246 0.4440371 0.4104368 0.4703459 0.4496269 0.4703459 0.4104368 0.4440371 0.7616246 0.4703459 0.75 0.4440371 0.75 0.4440372 0.4561875 0.4703458 0.4883754 0.4703459 0.4561874 0.3493928 0.5067594 0.3757016 0.5161605 0.3757015 0.5067594 0.4308828 0.5161138 0.4440371 0.5255149 0.4440371 0.5161138 0.4308829 0.4561875 0.444037 0.4883753 0.4440372 0.4561875 0.4871147 0.4215555 0.5002691 0.409931 0.4871147 0.409931 0.4308829 0.4104368 0.4440372 0.4496269 0.4440371 0.4104368 0.4871146 0.460304 0.5002691 0.4215555 0.4871147 0.4215555 0.7758943 0.4270265 0.7890486 0.4381806 0.7890487 0.4270265 0.4308828 0.875 0.4440371 0.8003732 0.4308828 0.8003731 0.7654394 0.4232107 0.7785938 0.4389081 0.7785938 0.4232107 0.4308828 0.7412745 0.4440371 0.75 0.4440372 0.7412746 0.4308828 0.4883754 0.4440371 0.5 0.444037 0.4883753 0.4308827 0.6720401 0.4440371 0.6816652 0.4440371 0.6720401 0.7654394 0.4232107 0.7785938 0.4139885 0.7654394 0.4139884 0.7758943 0.4270265 0.7890487 0.41024 0.7758943 0.4102399 0.4703459 0.6720401 0.5033379 0.6816653 0.5033379 0.6720401 0.5269989 0.3524109 0.559991 0.3472314 0.5269989 0.3472314 0.4703458 0.4883754 0.5033379 0.5 0.5033379 0.4883754 0.478723 0.803321 0.4703459 0.875 0.5033379 0.8003732 0.8153573 0.4270265 0.8483493 0.4381806 0.8483493 0.4270265 0.4899435 0.7723326 0.5006453 0.7740623 0.5033379 0.7616246 0.4703459 0.4104368 0.5033379 0.4496269 0.5033379 0.4104368 0.4703459 0.7616246 0.5033379 0.75 0.4703459 0.75 0.4703459 0.4561874 0.5033379 0.4883754 0.5033379 0.4561874 0.4940069 0.3378303 0.5269989 0.3472314 0.5269989 0.3378303 0.4177284 0.6608859 0.4308828 0.6440994 0.4177284 0.6440995 0.4177285 0.5987429 0.4308828 0.5819578 0.4177285 0.5819579 0.4177284 0.6720401 0.4308827 0.6816652 0.4308827 0.6720401 0.1856634 0.5262393 0.189398 0.5275715 0.1881135 0.5250104 0.4177284 0.4883754 0.4308828 0.5 0.4308828 0.4883754 0.4177284 0.7412745 0.4308828 0.75 0.4308828 0.7412745 0.4177284 0.627313 0.4308828 0.5987429 0.4177285 0.5987429 0.4177285 0.875 0.4308828 0.8003731 0.4177284 0.8003732 0.4177284 0.6608859 0.4308827 0.6720401 0.4308828 0.660886 0.4177284 0.7616246 0.4308828 0.8003731 0.4308828 0.7616245 0.4177285 0.4381914 0.4308829 0.4496269 0.4308829 0.4104368 0.4177284 0.75 0.4308828 0.7616245 0.4308828 0.75 0.4177285 0.4561874 0.4308828 0.4883754 0.4308829 0.4561875 0.4177284 0.5255149 0.4308828 0.5161138 0.4177284 0.5161138 0.4177284 0.7199037 0.4308828 0.7412745 0.4308828 0.7199037 0.4703459 0.75 0.5033379 0.75 0.5033379 0.74147 0.4308828 0.7199037 0.4440372 0.7412746 0.4440371 0.7199037 0.4440372 0.7412746 0.4703458 0.7199037 0.4440371 0.7199037 0.375 0.7412745 0.4177284 0.7199037 0.375 0.7199037 0.730232 0.4675319 0.7156845 0.4311263 0.7294353 0.4671998 0.7461387 0.4565097 0.7584248 0.4623609 0.7560634 0.4591438 0.2162284 0.4081452 0.2227889 0.399611 0.2162284 0.3996195 0.2619791 0.4081452 0.2974159 0.399617 0.2619791 0.3996142 0.625 0.7616246 0.6154348 0.7632749 0.6152482 0.7811641 0.6022918 0.8003732 0.6150649 0.7987232 0.5974454 0.798721 0.549375 0.7616247 0.5458939 0.7632832 0.5561247 0.763282 0.1851701 0.4867572 0.1784101 0.4677045 0.1645501 0.4647623 0.5040949 0.4530614 0.5141864 0.4151986 0.5041031 0.4150939 0.5561247 0.763282 0.5522292 0.7642181 0.5605959 0.7642172 0.6090293 0.7802081 0.6154348 0.7632749 0.6090993 0.7642117 0.5522292 0.7642181 0.546079 0.7809481 0.5522976 0.7800314 0.5975341 0.7811087 0.6090293 0.7802081 0.5945004 0.7801628 0.555083 0.7823361 0.5551089 0.7973565 0.5551089 0.7973565 0.556387 0.7987161 0.5462652 0.7987148 0.5462652 0.7987148 0.5462652 0.7987148 0.546079 0.7809481 0.5462652 0.7987148 0.5931312 0.7973608 0.6062208 0.7973623 0.5931312 0.7973609 0.6062208 0.7973623 0.6152482 0.7811641 0.606244 0.7824966 0.5974454 0.7987211 0.6062208 0.7973623 0.5931312 0.7973608 0.546079 0.7809481 0.5551089 0.7973565 0.555083 0.7823361 0.5562552 0.7809799 0.555083 0.7823361 0.5626098 0.7823597 0.5975341 0.7811087 0.6152482 0.7811641 0.5975341 0.7811087 0.6062208 0.7973623 0.606244 0.7824966 0.6062208 0.7973623 0.5626098 0.7823598 0.555083 0.7823361 0.555083 0.7823361 0.6152482 0.7811641 0.6150649 0.7987232 0.6150649 0.7987232 0.4767013 0.4421303 0.4770821 0.406939 0.4574168 0.406939 0.1265515 0.4534076 0.1234055 0.4905292 0.1342006 0.4905292 0.625 1 0.5 0.75 0.5 1 0.09102004 0.4585864 0.1126103 0.4905292 0.1126103 0.4532509 0.517575 0.4164731 0.5162501 0.4479414 0.5307696 0.4479414 0.375 1 0.5 0.75 0.375 0.75 0.1142794 0.4534319 0.1126103 0.4532509 0.1126103 0.4905292 0.1296418 0.4955165 0.1026009 0.4510241 0.1026009 0.4984182 0.5033379 0.741082 0.5024965 0.7412745 0.5035292 0.7414527 0.5363299 0.7411012 0.5033379 0.74147 0.5363299 0.7414723 0.6250001 0.7410937 0.6366246 0.7415155 0.6366246 0.7411078 0.5493749 0.7414825 0.5363299 0.7411012 0.5363299 0.7414723 0.7626559 0.4752926 0.7821897 0.4610598 0.7716692 0.4561151 0.1866769 0.5505115 0.2188648 0.5419858 0.1866769 0.542027 0.4177285 0.4496269 0.4308829 0.4561875 0.4308829 0.4496269 0.4703459 0.4496269 0.5033379 0.4561874 0.5033379 0.4496269 0.4308829 0.4496269 0.4440372 0.4561875 0.4440372 0.4496269 0.4440372 0.4496269 0.4703459 0.4561874 0.4703459 0.4496269 0.375 0.4496269 0.4177285 0.4561874 0.4177285 0.4496269 0.5033379 0.4496269 0.5363299 0.4561874 0.5363299 0.4496269 0.1881135 0.5250104 0.1925663 0.5169592 0.185782 0.5203619 0.2286962 0.4130029 0.2348176 0.419004 0.2341249 0.4123387 0.6366246 0.6720401 0.6688125 0.6608859 0.6366246 0.6608859 0.7711787 0.6273155 0.7719699 0.593047 0.7602083 0.6230092 0.4177285 0.5819579 0.4308828 0.5701727 0.4177284 0.5701727 0.8049024 0.4075133 0.8378946 0.4139885 0.8378946 0.4075133 0.7654394 0.4139884 0.7785938 0.4075133 0.7654394 0.4075133 0.7785938 0.4139885 0.8049024 0.4075133 0.7785938 0.4075133 0.375 0.5819579 0.4177284 0.5701727 0.375 0.5701727 0.2185387 0.5446808 0.223085 0.5351073 0.215616 0.5388534 0.6022919 0.5701727 0.625 0.5819578 0.625 0.5701727 0.205973 0.5436897 0.2102785 0.5488237 0.2073557 0.5429962 0.7871963 0.5391685 0.7788265 0.5248867 0.7758138 0.5361142 0.7008569 0.4328172 0.7268196 0.4563394 0.7313333 0.4454528 0.2144086 0.5467522 0.215616 0.5388534 0.2114858 0.5409247 0.242384 0.4081452 0.2619791 0.3996142 0.2423838 0.3996126 0.4177284 0.4104368 0.4308828 0.375 0.4177284 0.375 0.4703459 0.4104368 0.5033379 0.375 0.4703459 0.375 0.4308829 0.4104368 0.4440371 0.375 0.4308828 0.375 0.4440371 0.4104368 0.4703459 0.375 0.4440371 0.375 0.375 0.375 0.4177284 0.4104368 0.4177284 0.375 0.6949682 0.5987429 0.7145633 0.5819579 0.6949682 0.5819579 0.5033379 0.4104368 0.5363299 0.375 0.5033379 0.375 0.2665536 0.4083713 0.2965692 0.411449 0.2958765 0.4047838 0.6949682 0.5987429 0.7145633 0.627313 0.7145633 0.5987429 0.5493749 0.4104368 0.6022918 0.375 0.549375 0.375 0.7433837 0.4504489 0.7877521 0.481602 0.7922658 0.4707155 0.625 0.7415425 0.6022918 0.7410957 0.6022918 0.7415246 0.606244 0.7824966 0.5931418 0.7824555 0.5931418 0.7824555 0.5562552 0.7809799 0.5975341 0.7811087 0.5562552 0.7809799 0.606244 0.7824966 0.5975341 0.7811087 0.5931418 0.7824555 0.5626285 0.7973573 0.5974454 0.7987211 0.5931312 0.7973608 0.5626285 0.7973573 0.5931312 0.7973609 0.5626285 0.7973573 0.6150649 0.7987232 0.5974454 0.7987211 0.5974454 0.798721 0.5606439 0.7800573 0.5975341 0.7811087 0.5945004 0.7801628 0.6090993 0.7642117 0.5976255 0.7632769 0.594535 0.7642133 0.4806204 0.4530522 0.5041031 0.4150939 0.480606 0.4148504 0.6154348 0.7632749 0.6022918 0.7616247 0.5976255 0.7632769 0.556387 0.7987161 0.6022918 0.8003732 0.5974454 0.798721 0.5493749 0.7456641 0.6022917 0.7500001 0.6022918 0.7415246 0.7783448 0.5342717 0.7870905 0.5381314 0.7870905 0.5381314 0.2086343 0.5324796 0.2154858 0.5155405 0.2031171 0.525879 0.7440862 0.4729373 0.7970659 0.4822104 0.7474156 0.4639062 0.7666407 0.4662736 0.7560634 0.4591438 0.7584248 0.4623609 0.2313261 0.3796966 0.284243 0.3702955 0.2313261 0.3702955 0.227082 0.397471 0.2020615 0.4162614 0.2286962 0.4130029 0.7442916 0.4603883 0.7461387 0.4565097 0.6983633 0.4337567 0.7032268 0.4239471 0.7421035 0.4656352 0.7511178 0.446456 0.4786701 0.4530473 0.5009928 0.4137198 0.4786385 0.4137294 0.7512739 0.4534406 0.7970659 0.4822104 0.8009242 0.4717448 0.5493749 0.4883754 0.6022918 0.5 0.6022918 0.4883754 0.5493749 0.5590081 0.6022919 0.5701727 0.6022918 0.5590083 0.2127454 0.5435944 0.2229546 0.5496118 0.2157945 0.5410457 0.5363299 0.4883754 0.549375 0.5 0.5493749 0.4883754 0.7351759 0.4593938 0.7512739 0.4534406 0.7390341 0.4489282 0.4731728 0.452983 0.4786385 0.4137294 0.4731277 0.4137316 0.2321128 0.3929779 0.2649394 0.3928394 0.2645415 0.3890104 0.6914206 0.4183982 0.6942107 0.4431302 0.7032268 0.4239471 0.6815874 0.4386429 0.6983633 0.4337567 0.6865857 0.4281477 0.2000495 0.3969007 0.227082 0.397471 0.2266841 0.3936421 0.2182809 0.3796966 0.2313261 0.3702955 0.2182809 0.3702955 0.1961823 0.5241689 0.1962806 0.5209142 0.1948978 0.5216078 0.7318464 0.4684249 0.7474156 0.4639062 0.7351759 0.4593938 0.2055852 0.5350282 0.2031171 0.525879 0.2000679 0.5284276 0.4440371 0.6816652 0.4703459 0.6816653 0.4440371 0.6816652 0.6902524 0.4204486 0.7002276 0.4298422 0.7020256 0.4260668 0.5462652 0.7987148 0.5493749 0.8003732 0.556387 0.7987161 0.4748334 0.4530501 0.480606 0.4148504 0.4748135 0.4147899 0.5522976 0.7800314 0.5562552 0.7809799 0.5606439 0.7800573 0.5551089 0.7973565 0.5626285 0.7973573 0.5551089 0.7973565 0.5551089 0.7973565 0.5564612 0.7987181 0.5626285 0.7973573 0.546079 0.7809481 0.5562552 0.7809799 0.546079 0.7809481 0.2266841 0.3936421 0.2325107 0.3968068 0.2321128 0.3929779 0.7313333 0.4454528 0.7388701 0.4613354 0.7433837 0.4504489 0.2645415 0.3890104 0.2942624 0.389252 0.2938644 0.385423 0.6022918 0.7415246 0.5493749 0.7411 0.5493749 0.7414825 0.5931418 0.7824555 0.5626098 0.7823597 0.5626098 0.7823598 0.5975341 0.7811087 0.5626098 0.7823597 0.5931418 0.7824555 0.5974454 0.798721 0.5564612 0.7987181 0.556387 0.7987161 0.5976255 0.7632769 0.5605959 0.7642172 0.594535 0.7642133 0.6022918 0.7616247 0.5561247 0.763282 0.5976255 0.7632769 0.4177284 0.6440995 0.4308828 0.627313 0.4177284 0.627313 0.7665399 0.4083105 0.7796943 0.4250969 0.7796943 0.4083105 0.375 0.6440995 0.4177284 0.627313 0.375 0.627313 0.6688126 0.627313 0.6753731 0.6440995 0.6753731 0.627313 0.6753732 0.5987429 0.6949682 0.627313 0.6949682 0.5987429 0.6753732 0.5987429 0.6949682 0.5819579 0.6753732 0.5819579 0.2227889 0.4081452 0.2423838 0.3996126 0.2227889 0.3996111 0.2102785 0.5488237 0.2114858 0.5409247 0.2073557 0.5429962 0.2503393 0.410355 0.2672463 0.4150365 0.2665536 0.4083713 0.5860361 0.4491142 0.6022918 0.440491 0.5860194 0.4404905 0.5493749 0.452008 0.5656206 0.4498899 0.5493749 0.4498376 0.5684132 0.4499284 0.5832166 0.4540774 0.583253 0.4500035 0.5860599 0.455105 0.5860599 0.4561874 0.5924942 0.4561874 0.5493749 0.4491152 0.5656467 0.4404901 0.5493749 0.4404898 0.5683974 0.4491147 0.5832861 0.4404904 0.5683808 0.4404902 0.4897358 0.4134642 0.4926975 0.4236356 0.4928503 0.4134823 0.4823926 0.4251983 0.4763903 0.4344766 0.4822522 0.4345171 0.5683475 0.4272449 0.5833085 0.4331163 0.5833193 0.4272449 0.568363 0.4337062 0.5832918 0.4397182 0.5833036 0.4337062 0.4825701 0.4134225 0.4765549 0.4235199 0.4824174 0.4235603 0.5493749 0.4331166 0.5656803 0.4272447 0.5493749 0.4272446 0.5493749 0.4337062 0.5656532 0.4397184 0.5656649 0.4337062 0.4895588 0.4252281 0.4925326 0.4345924 0.4926733 0.4252424 0.4822276 0.4361552 0.4762131 0.4462588 0.4820749 0.4462929 0.5859865 0.427245 0.6022918 0.4331161 0.6022918 0.4272451 0.5860021 0.4337064 0.6022918 0.4397181 0.6022918 0.4337064 0.5684551 0.4534015 0.5832664 0.4561874 0.5832161 0.4547265 0.4925084 0.4361992 0.4892414 0.4463344 0.4923555 0.4463526 0.5493749 0.4524295 0.5654541 0.4561874 0.5655736 0.4531961 0.6022918 0.4561874 0.586061 0.4500832 0.5959249 0.4561874 0.4841603 0.4134318 0.4888309 0.4236063 0.4889839 0.4134598 0.4839833 0.4252035 0.4886658 0.4345633 0.4888064 0.4252266 0.4838188 0.4361601 0.4884883 0.4463301 0.4886413 0.4361833 0.568363 0.4337062 0.5833036 0.4337062 0.5833036 0.4337062 0.5657205 0.4104368 0.5657145 0.4135513 0.5657145 0.4135513 0 0 0 0 0 0 0.6022918 0.4265799 0.5859819 0.42658 0.6022918 0.4265799 0.5833085 0.4331163 0.5683583 0.4331164 0.5833085 0.4331163 0 0 0 0 0 0 0.5683808 0.4404902 0.5832861 0.4404904 0.5832861 0.4404904 0.5657096 0.4143036 0.5657017 0.4191269 0.5657017 0.4191269 0 0 0 0 0 0 0.5860021 0.4337064 0.6022918 0.4337064 0.6022918 0.4337064 0.5832918 0.4397182 0.5683749 0.4397183 0.5832918 0.4397182 0.5683428 0.4265802 0.5683323 0.4207177 0.5683428 0.4265802 0 0 0 0 0 0 0.6022918 0.4331161 0.5859972 0.4331162 0.6022918 0.4331161 0.5493749 0.4143033 0.5657096 0.4143036 0.5493749 0.4143033 0.5656955 0.4207175 0.5656851 0.4265803 0.5656851 0.4265803 0 0 0 0 0 0 0.5683583 0.4331164 0.5683475 0.4272449 0.5683583 0.4331164 0 0 0 0 0 0 0.5860194 0.4404905 0.6022918 0.440491 0.6022918 0.440491 0.5657145 0.4135513 0.5493749 0.4135514 0.5493749 0.4135514 0.5656803 0.4272447 0.5656695 0.4331164 0.5656695 0.4331164 0.5493749 0.4498376 0.5656206 0.4498899 0.5656206 0.4498899 0 0 0 0 0 0 0.6022918 0.4397181 0.586014 0.4397181 0.6022918 0.4397181 0.5493749 0.4207174 0.5656955 0.4207175 0.5656955 0.4207175 0.5683749 0.4397183 0.568363 0.4337062 0.5683749 0.4397183 0.5860603 0.4543913 0.586061 0.4500832 0.586061 0.4500832 0.5656649 0.4337062 0.5656532 0.4397184 0.5656532 0.4397184 0.56563 0.4491149 0.5493749 0.4491152 0.56563 0.4491149 0 0 0 0 0 0 0.583253 0.4500035 0.5832166 0.4540774 0.583253 0.4500035 0 0 0 0 0 0 0.5684496 0.4528567 0.5684132 0.4499284 0.5684132 0.4499284 0.5493749 0.4272446 0.5656803 0.4272447 0.5656803 0.4272447 0.5859522 0.4135511 0.5859463 0.4104368 0.5859522 0.4135511 0.586061 0.4500832 0.6022918 0.450356 0.6022918 0.450356 0 0 0 0 0 0 0.5656206 0.4498899 0.5656019 0.4527036 0.5656206 0.4498899 0.5833595 0.4104368 0.5833535 0.4135512 0.5833535 0.4135512 0.6022918 0.449114 0.5860361 0.4491142 0.6022918 0.449114 0 0 0 0 0 0 0.5959249 0.4561874 0.5860603 0.4543913 0.5860603 0.4543913 0.5656851 0.4265803 0.5493749 0.4265804 0.5656851 0.4265803 0.5684132 0.4499284 0.583253 0.4500035 0.583253 0.4500035 0 0 0 0 0 0 0.5493749 0.4337062 0.5656649 0.4337062 0.5656649 0.4337062 0.5833488 0.4143038 0.583341 0.4191268 0.583341 0.4191268 0.5832694 0.4491145 0.5683974 0.4491147 0.5832694 0.4491145 0 0 0 0 0 0 0.5860599 0.455105 0.5924942 0.4561874 0.5860599 0.455105 0.5859819 0.42658 0.5859714 0.4207177 0.5859819 0.42658 0.5683974 0.4491147 0.5683808 0.4404902 0.5683974 0.4491147 0 0 0 0 0 0 0.5656695 0.4331164 0.5493749 0.4331166 0.5656695 0.4331164 0.5833345 0.4207177 0.5833239 0.4265801 0.5833239 0.4265801 0.5656467 0.4404901 0.56563 0.4491149 0.56563 0.4491149 0.5683259 0.4191269 0.568318 0.4143037 0.5683259 0.4191269 0.5656019 0.4527036 0.5493749 0.452008 0.5656019 0.4527036 0.5493749 0.4404898 0.5656467 0.4404901 0.5656467 0.4404901 0.5859972 0.4331162 0.5859865 0.427245 0.5859972 0.4331162 0.5860361 0.4491142 0.5860194 0.4404905 0.5860361 0.4491142 0.5493749 0.4524295 0.5655736 0.4531961 0.5655736 0.4531961 0.5833193 0.4272449 0.5833085 0.4331163 0.5833085 0.4331163 0.5832861 0.4404904 0.5832694 0.4491145 0.5832694 0.4491145 0.5859646 0.4191266 0.5859568 0.414304 0.5859646 0.4191266 0.5832166 0.4540774 0.5684496 0.4528567 0.5684496 0.4528567 0.5656532 0.4397184 0.5493749 0.4397184 0.5656532 0.4397184 0.586014 0.4397181 0.5860021 0.4337064 0.586014 0.4397181 0.5684344 0.4561874 0.5684551 0.4534015 0.5684551 0.4534015 0.5684551 0.4534015 0.5832161 0.4547265 0.5684551 0.4534015 0.5833036 0.4337062 0.5832918 0.4397182 0.5832918 0.4397182 0.6753731 0.5 0.6949682 0.5067127 0.6949682 0.5 0.5363299 0.5 0.549375 0.5067127 0.549375 0.5 0.549375 0.5 0.6022918 0.5067127 0.6022918 0.5 0.6949682 0.5 0.7145633 0.5067126 0.7145633 0.5 0.6366246 0.5 0.6688126 0.5067127 0.6688126 0.5 0.4177284 0.5067127 0.4308828 0.5 0.4177284 0.5 0.4940069 0.3217166 0.5269989 0.3284292 0.5269989 0.3217166 0.3362385 0.4906456 0.3493928 0.4973583 0.3493928 0.4906456 0.4676982 0.3217166 0.4940069 0.3284292 0.4940069 0.3217166 0.375 0.5 0.4177284 0.5067127 0.4177284 0.5 0.5033379 0.5 0.5363299 0.5067127 0.5363299 0.5 0.6022918 0.5 0.625 0.5067127 0.625 0.5 0.7145633 0.5 0.75 0.5067127 0.75 0.5 0.6688126 0.5067127 0.6753731 0.5 0.6688126 0.5 0.625 0.5 0.6366246 0.5067127 0.6366246 0.5 0.7411406 0.4670049 0.7666407 0.4662736 0.7436131 0.4618128 0.6865857 0.4281477 0.6983633 0.4337567 0.7002276 0.4298422 0.7436131 0.4618128 0.7584248 0.4623609 0.7442916 0.4603883 0.6022918 0.5306943 0.625 0.5255149 0.6022918 0.5255149 0.375 0.5255149 0.4177284 0.5306943 0.4177284 0.5255149 0.4440371 0.5255149 0.4703459 0.5306943 0.4703459 0.5255149 0.4308828 0.5255149 0.4440371 0.5306943 0.4440371 0.5255149 0.4940069 0.3524108 0.5269989 0.3472314 0.4940069 0.3472314 0.4177284 0.5255149 0.4308828 0.5306943 0.4308828 0.5255149 0.1976359 0.5193215 0.2066828 0.5050089 0.1943142 0.5153474 0.5363299 0.5306943 0.549375 0.5255149 0.5363299 0.5255149 0.6022918 0.5478437 0.625 0.5590083 0.625 0.5478438 0.2032042 0.5381693 0.2018182 0.5319553 0.2004354 0.5326488 0.7542478 0.5303272 0.7680435 0.5219933 0.7572605 0.5190998 0.7783448 0.5342717 0.7742925 0.5197771 0.7695991 0.530412 0.7870905 0.5381314 0.7830383 0.5236368 0.7783448 0.5342717 0.7958363 0.5419911 0.7917841 0.5274965 0.7870905 0.5381314 0.2086343 0.5324796 0.2281631 0.5307072 0.2210029 0.5221411 0.2055852 0.5350282 0.2157945 0.5410457 0.2086343 0.5324796 0.6022918 0.539241 0.625 0.5306943 0.6022918 0.5306943 0.1983019 0.5283949 0.1975651 0.5234754 0.1961823 0.5241689 0.187864 0.5086032 0.1994885 0.5171499 0.1994886 0.5086032 0.1916176 0.5116171 0.1980792 0.5141942 0.1957477 0.5095457 0.2182809 0.3608944 0.2313261 0.3702955 0.2313261 0.3608944 0.2313261 0.3608944 0.284243 0.3702955 0.2842429 0.3608944 0.1957477 0.5095457 0.2022093 0.5121228 0.1998778 0.5074743 0.185782 0.5203619 0.1902348 0.5123106 0.1834505 0.5157133 0.4177284 0.5161138 0.4308828 0.5067126 0.4177284 0.5067127 0.4940069 0.3284292 0.5269989 0.3378303 0.5269989 0.3284292 0.3362385 0.4973582 0.3493928 0.5067594 0.3493928 0.4973583 0.4676982 0.3284292 0.4940069 0.3378303 0.4940069 0.3284292 0.375 0.5067127 0.4177284 0.5161138 0.4177284 0.5067127 0.1852889 0.3608944 0.2182809 0.3702955 0.2182809 0.3608944 0.6022918 0.5067127 0.625 0.5161138 0.625 0.5067127 0.1998778 0.5074743 0.2096784 0.5083767 0.2073469 0.5037282 0.1925663 0.5169592 0.1916176 0.5116171 0.1902348 0.5123106 0.1810004 0.5169422 0.185782 0.5203619 0.1834505 0.5157133 0.5493749 0.6816654 0.6022918 0.6816653 0.6022918 0.6816653 0.5363299 0.7199037 0.5033378 0.7199037 0.5033378 0.7199037 0.4177284 0.6816653 0.4308827 0.6816652 0.4177284 0.6816653 0.5363299 0.6816654 0.5493749 0.6816654 0.5363299 0.6816654 0.4308828 0.7199037 0.4177284 0.7199037 0.4177284 0.7199037 0.4703458 0.7199037 0.4440371 0.7199037 0.4440371 0.7199037 0.7716692 0.4561151 0.7511178 0.446456 0.7511178 0.446456 0.4308827 0.6816652 0.4440371 0.6816652 0.4308827 0.6816652 0.7425367 0.4502949 0.7156845 0.4311263 0.7156845 0.4311263 0.4703459 0.6816653 0.5033379 0.6816653 0.4703459 0.6816653 0.6022918 0.6816653 0.6250001 0.6816654 0.6022918 0.6816653 0.5033379 0.6816653 0.5363299 0.6816654 0.5033379 0.6816653 0.7032268 0.4239471 0.6914206 0.4183982 0.7032268 0.4239471 0.4440371 0.7199037 0.4308828 0.7199037 0.4308828 0.7199037 0.4177284 0.7199037 0.375 0.7199037 0.375 0.7199037 0.7958363 0.5419911 0.8045821 0.5458509 0.8045821 0.5458509 0.7511178 0.446456 0.7032268 0.4239471 0.7032268 0.4239471 0.6250001 0.6816654 0.625 0.6912249 0.6250001 0.6816654 0.375 0.6816653 0.4177284 0.6816653 0.375 0.6816653 0.7870905 0.5381314 0.7958363 0.5419911 0.7958363 0.5419911 0.4177284 0.6816653 0.4308827 0.6816652 0.4177284 0.6816653 0.4177284 0.7199037 0.375 0.7199037 0.375 0.7199037 0.6022918 0.6816653 0.6250001 0.6816654 0.6022918 0.6816653 0.7032268 0.4239471 0.6914206 0.4183982 0.7032268 0.4239471 0.375 0.6816653 0.4177284 0.6816653 0.375 0.6816653 0.7716692 0.4561151 0.7511178 0.446456 0.7511178 0.446456 0.6250001 0.6816654 0.625 0.6912249 0.6250001 0.6816654 0.4308828 0.7199037 0.4177284 0.7199037 0.4177284 0.7199037 0.5493749 0.6816654 0.6022918 0.6816653 0.5493749 0.6816654 0.4440371 0.6816652 0.4703459 0.6816653 0.4440371 0.6816652 0.5363299 0.6816654 0.5493749 0.6816654 0.5363299 0.6816654 0.7511178 0.446456 0.7032268 0.4239471 0.7032268 0.4239471 0.4440371 0.7199037 0.4308828 0.7199037 0.4308828 0.7199037 0.4703458 0.7199037 0.4440371 0.7199037 0.4440371 0.7199037 0.625 0.710344 0.625 0.7199037 0.625 0.7199037 0.4703459 0.6816653 0.5033379 0.6816653 0.4703459 0.6816653 0.7425367 0.4502949 0.7156845 0.4311263 0.7156845 0.4311263 0.625 0.7007845 0.625 0.710344 0.625 0.710344 0.5363299 0.7199037 0.5033378 0.7199037 0.5033378 0.7199037 0.5033379 0.6816653 0.5363299 0.6816654 0.5033379 0.6816653 0.625 0.6912249 0.625 0.7007845 0.625 0.6912249 0.4308827 0.6816652 0.4440371 0.6816652 0.4308827 0.6816652 0.4308827 0.6816652 0.4440371 0.6816652 0.4308827 0.6816652 0.4177284 0.6816653 0.4308827 0.6816652 0.4177284 0.6816653 0.4177284 0.7199037 0.375 0.7199037 0.4177284 0.7199037 0.6022918 0.6816653 0.6250001 0.6816654 0.6022918 0.6816653 0.5493749 0.7199037 0.5363299 0.7199037 0.5493749 0.7199037 0.375 0.6816653 0.4177284 0.6816653 0.375 0.6816653 0.625 0.7199037 0.6022918 0.7199037 0.625 0.7199037 0.6250001 0.6816654 0.625 0.6912249 0.6250001 0.6816654 0.4308828 0.7199037 0.4177284 0.7199037 0.4308828 0.7199037 0.5493749 0.6816654 0.6022918 0.6816653 0.5493749 0.6816654 0.4440371 0.6816652 0.4703459 0.6816653 0.4440371 0.6816652 0.5363299 0.6816654 0.5493749 0.6816654 0.5363299 0.6816654 0.6022918 0.7199037 0.5493749 0.7199037 0.6022918 0.7199037 0.4440371 0.7199037 0.4308828 0.7199037 0.4440371 0.7199037 0.4703458 0.7199037 0.4440371 0.7199037 0.4703458 0.7199037 0.625 0.710344 0.625 0.7199037 0.625 0.710344 0.4703459 0.6816653 0.5033379 0.6816653 0.4703459 0.6816653 0.5033378 0.7199037 0.4703458 0.7199037 0.5033378 0.7199037 0.625 0.7007845 0.625 0.710344 0.625 0.7007845 0.5363299 0.7199037 0.5033378 0.7199037 0.5363299 0.7199037 0.5033379 0.6816653 0.5363299 0.6816654 0.5033379 0.6816653 0.625 0.6912249 0.625 0.7007845 0.625 0.6912249 0.5267725 0.6892248 0.5597645 0.6892249 0.5267725 0.6892248 0.6189523 0.6827887 0.6189523 0.6864213 0.6189523 0.6827887 0.4308827 0.6816652 0.4440371 0.6816652 0.4308827 0.6816652 0.4177284 0.6816653 0.4308827 0.6816652 0.4177284 0.6816653 0.4177284 0.7199037 0.375 0.7199037 0.375 0.7199037 0.6022918 0.6816653 0.6250001 0.6816654 0.6022918 0.6816653 0.5493749 0.7199037 0.5363299 0.7199037 0.5493749 0.7199037 0.375 0.6816653 0.4177284 0.6816653 0.375 0.6816653 0.6189523 0.6936868 0.5962442 0.6936868 0.6189523 0.6936868 0.6189524 0.679156 0.6189523 0.6827887 0.6189524 0.679156 0.4308828 0.7199037 0.4177284 0.7199037 0.4177284 0.7199037 0.5728096 0.689225 0.6257265 0.6892248 0.5728096 0.689225 0.4674717 0.6892247 0.4937805 0.6892248 0.4674717 0.6892247 0.5597645 0.6892249 0.5728096 0.689225 0.5597645 0.6892249 0.5962442 0.6936868 0.5433273 0.6936868 0.5962442 0.6936868 0.4440371 0.7199037 0.4308828 0.7199037 0.4308828 0.7199037 0.4703458 0.7199037 0.4440371 0.7199037 0.4440371 0.7199037 0.6189523 0.6900541 0.6189523 0.6936868 0.6189523 0.6900541 0.4937805 0.6892248 0.5267725 0.6892248 0.4937805 0.6892248 0.6008561 0.6851297 0.5678641 0.6851297 0.6008561 0.6851297 0.6189523 0.6864213 0.6189523 0.6900541 0.6189523 0.6864213 0.5363299 0.7199037 0.5033378 0.7199037 0.5363299 0.7199037 0.625 0.7199037 0.6022918 0.7199037 0.625 0.7199037 0.4308828 0.5306943 0.4440371 0.5306943 0.4308828 0.5306943 0.4440371 0.5306943 0.4703459 0.5306943 0.4440371 0.5306943 0.5033379 0.5306943 0.5363299 0.5306943 0.5033379 0.5306943 0.5363299 0.6816654 0.5493749 0.6816654 0.5363299 0.6816654 0.5363298 0.5478437 0.5363299 0.5590082 0.5363298 0.5478437 0.5493749 0.6816654 0.6022918 0.6816653 0.5493749 0.6816654 0.4703458 0.5701727 0.4440371 0.5701727 0.4703458 0.5701727 0.4703458 0.7199037 0.4440371 0.7199037 0.4703458 0.7199037 0.4308828 0.5701727 0.4177284 0.5701727 0.4308828 0.5701727 0.6022918 0.7199037 0.5493749 0.7199037 0.6022918 0.7199037 0 0 0 0 0 0 0.5033378 0.7199037 0.4703458 0.7199037 0.5033378 0.7199037 0.625 0.710344 0.625 0.7199037 0.625 0.710344 0.5363299 0.5306943 0.5363299 0.5392408 0.5363299 0.5306943 0.5033379 0.6816653 0.5363299 0.6816654 0.5033379 0.6816653 0.625 0.7007845 0.625 0.710344 0.625 0.7007845 0.5363299 0.5392408 0.5363298 0.5478437 0.5363299 0.5392408 0.4440371 0.5701727 0.4308828 0.5701727 0.4440371 0.5701727 0.4177284 0.6816653 0.4308827 0.6816652 0.4177284 0.6816653 0.625 0.6912249 0.625 0.7007845 0.625 0.6912249 0.5493749 0.7199037 0.5363299 0.7199037 0.5493749 0.7199037 0.6250001 0.6816654 0.625 0.6912249 0.6250001 0.6816654 0.4440371 0.6816652 0.4703459 0.6816653 0.4440371 0.6816652 0.5363299 0.5701727 0.5033379 0.5701727 0.5363299 0.5701727 0.375 0.5306943 0.4177284 0.5306943 0.375 0.5306943 0.4440371 0.7199037 0.4308828 0.7199037 0.4440371 0.7199037 0.4703459 0.6816653 0.5033379 0.6816653 0.4703459 0.6816653 0.5033379 0.5701727 0.4703458 0.5701727 0.5033379 0.5701727 0.4308828 0.5306943 0.4440371 0.5306943 0.4308828 0.5306943 0.5363299 0.7199037 0.5033378 0.7199037 0.5363299 0.7199037 0.4177284 0.7199037 0.375 0.7199037 0.4177284 0.7199037 0.4308827 0.6816652 0.4440371 0.6816652 0.4308827 0.6816652 0.4177284 0.5701727 0.375 0.5701727 0.4177284 0.5701727 0.375 0.6816653 0.4177284 0.6816653 0.375 0.6816653 0.4703459 0.5306943 0.5033379 0.5306943 0.4703459 0.5306943 0.6022918 0.6816653 0.6250001 0.6816654 0.6022918 0.6816653 0.5363299 0.5590082 0.5363299 0.5701727 0.5363299 0.5590082 0.4308828 0.7199037 0.4177284 0.7199037 0.4308828 0.7199037 0.4177284 0.5306943 0.4308828 0.5306943 0.4177284 0.5306943 0 0 0 0 0 0 0.625 0.6912249 0.625 0.7007845 0.625 0.6912249 0.5493749 0.7199037 0.5363299 0.7199037 0.5493749 0.7199037 0.4703459 0.5306943 0.5033379 0.5306943 0.4703459 0.5306943 0 0 0 0 0 0 0.6250001 0.6816654 0.625 0.6912249 0.6250001 0.6816654 0.4177284 0.5306943 0.4308828 0.5306943 0.4177284 0.5306943 0.4440371 0.6816652 0.4703459 0.6816653 0.4440371 0.6816652 0.5363299 0.5590082 0.5363299 0.5701727 0.5363299 0.5590082 0.4703458 0.5701727 0.4440371 0.5701727 0.4703458 0.5701727 0.4440371 0.7199037 0.4308828 0.7199037 0.4440371 0.7199037 0.5033379 0.5306943 0.5363299 0.5306943 0.5033379 0.5306943 0.5363298 0.5478437 0.5363299 0.5590082 0.5363298 0.5478437 0.4703459 0.6816653 0.5033379 0.6816653 0.4703459 0.6816653 0.5363299 0.5306943 0.5363299 0.5392408 0.5363299 0.5306943 0.5363299 0.5701727 0.5033379 0.5701727 0.5363299 0.5701727 0.5363299 0.7199037 0.5033378 0.7199037 0.5363299 0.7199037 0.4177284 0.7199037 0.375 0.7199037 0.4177284 0.7199037 0.4440371 0.5701727 0.4308828 0.5701727 0.4440371 0.5701727 0.4308827 0.6816652 0.4440371 0.6816652 0.4308827 0.6816652 0.375 0.6816653 0.4177284 0.6816653 0.375 0.6816653 0.5363299 0.5392408 0.5363298 0.5478437 0.5363299 0.5392408 0.6022918 0.6816653 0.6250001 0.6816654 0.6022918 0.6816653 0.4308828 0.7199037 0.4177284 0.7199037 0.4308828 0.7199037 0.4177284 0.5701727 0.375 0.5701727 0.4177284 0.5701727 0.625 0.7199037 0.6022918 0.7199037 0.625 0.7199037 0.5363299 0.6816654 0.5493749 0.6816654 0.5363299 0.6816654 0.4308828 0.5701727 0.4177284 0.5701727 0.4308828 0.5701727 0.5493749 0.6816654 0.6022918 0.6816653 0.5493749 0.6816654 0.4703458 0.7199037 0.4440371 0.7199037 0.4703458 0.7199037 0.375 0.5306943 0.4177284 0.5306943 0.375 0.5306943 0.6022918 0.7199037 0.5493749 0.7199037 0.6022918 0.7199037 0.5033378 0.7199037 0.4703458 0.7199037 0.5033378 0.7199037 0.5033379 0.5701727 0.4703458 0.5701727 0.5033379 0.5701727 0.625 0.710344 0.625 0.7199037 0.625 0.710344 0.5033379 0.6816653 0.5363299 0.6816654 0.5033379 0.6816653 0.4440371 0.5306943 0.4703459 0.5306943 0.4440371 0.5306943 0.625 0.7007845 0.625 0.710344 0.625 0.7007845 0.4177284 0.6816653 0.4308827 0.6816652 0.4177284 0.6816653 0.4440371 0.6816652 0.4703459 0.6816653 0.4440371 0.6816652 0.6250001 0.6816654 0.625 0.6912249 0.6250001 0.6816654 0.4177284 0.5306943 0.4308828 0.5306943 0.4177284 0.5306943 0.4440371 0.6816652 0.4703459 0.6816653 0.4440371 0.6816652 0.5363299 0.5590082 0.5363299 0.5701727 0.5363299 0.5590082 0.4703458 0.5701727 0.4440371 0.5701727 0.4703458 0.5701727 0.4440371 0.7199037 0.4308828 0.7199037 0.4440371 0.7199037 0.5033379 0.5306943 0.5363299 0.5306943 0.5033379 0.5306943 0.5363298 0.5478437 0.5363299 0.5590082 0.5363298 0.5478437 0.4703459 0.6816653 0.5033379 0.6816653 0.4703459 0.6816653 0.5363299 0.5306943 0.5363299 0.5392408 0.5363299 0.5306943 0.5363299 0.5701727 0.5033379 0.5701727 0.5363299 0.5701727 0.5363299 0.7199037 0.5033378 0.7199037 0.5363299 0.7199037 0.4177284 0.7199037 0.375 0.7199037 0.4177284 0.7199037 0.4440371 0.5701727 0.4308828 0.5701727 0.4440371 0.5701727 0.4308827 0.6816652 0.4440371 0.6816652 0.4308827 0.6816652 0.375 0.6816653 0.4177284 0.6816653 0.375 0.6816653 0.5363299 0.5392408 0.5363298 0.5478437 0.5363299 0.5392408 0.6022918 0.6816653 0.6250001 0.6816654 0.6022918 0.6816653 0.4308828 0.7199037 0.4177284 0.7199037 0.4308828 0.7199037 0.4177284 0.5701727 0.375 0.5701727 0.4177284 0.5701727 0.625 0.7199037 0.6022918 0.7199037 0.625 0.7199037 0.5363299 0.6816654 0.5493749 0.6816654 0.5363299 0.6816654 0.4308828 0.5701727 0.4177284 0.5701727 0.4308828 0.5701727 0.5493749 0.6816654 0.6022918 0.6816653 0.5493749 0.6816654 0.4703458 0.7199037 0.4440371 0.7199037 0.4703458 0.7199037 0.375 0.5306943 0.4177284 0.5306943 0.375 0.5306943 0.6022918 0.7199037 0.5493749 0.7199037 0.6022918 0.7199037 0.5033378 0.7199037 0.4703458 0.7199037 0.5033378 0.7199037 0.5033379 0.5701727 0.4703458 0.5701727 0.5033379 0.5701727 0.625 0.710344 0.625 0.7199037 0.625 0.710344 0.5033379 0.6816653 0.5363299 0.6816654 0.5033379 0.6816653 0.4440371 0.5306943 0.4703459 0.5306943 0.4440371 0.5306943 0.625 0.7007845 0.625 0.710344 0.625 0.7007845 0.4177284 0.6816653 0.4308827 0.6816652 0.4177284 0.6816653 0.4308828 0.5306943 0.4440371 0.5306943 0.4308828 0.5306943 0.625 0.6912249 0.625 0.7007845 0.625 0.6912249 0.5493749 0.7199037 0.5363299 0.7199037 0.5493749 0.7199037 0.4703459 0.5306943 0.5033379 0.5306943 0.4703459 0.5306943 0.5363299 0.6816654 0.4703459 0.6816653 0.4440371 0.7199037 0.5363299 0.5590082 0.5363299 0.5701727 0.5363299 0.5590082 0.4703458 0.5701727 0.4440371 0.5701727 0.4703458 0.5701727 0.4440371 0.7199037 0.4308828 0.7199037 0.4440371 0.7199037 0.5033379 0.5306943 0.5363299 0.5306943 0.5033379 0.5306943 0.5363298 0.5478437 0.5363299 0.5590082 0.5363298 0.5478437 0.4703459 0.6816653 0.5033379 0.6816653 0.4703459 0.6816653 0.5363299 0.5306943 0.5363299 0.5392408 0.5363299 0.5306943 0.5363299 0.5701727 0.5033379 0.5701727 0.5363299 0.5701727 0.5363299 0.7199037 0.5033378 0.7199037 0.5363299 0.7199037 0.4177284 0.7199037 0.375 0.7199037 0.4177284 0.7199037 0.4440371 0.5701727 0.4308828 0.5701727 0.4440371 0.5701727 0.4308827 0.6816652 0.4440371 0.6816652 0.4308827 0.6816652 0.375 0.6816653 0.4177284 0.6816653 0.375 0.6816653 0.5363299 0.5392408 0.5363298 0.5478437 0.5363299 0.5392408 0.6022918 0.6816653 0.6250001 0.6816654 0.6022918 0.6816653 0.4308828 0.7199037 0.4177284 0.7199037 0.4308828 0.7199037 0.4177284 0.5701727 0.375 0.5701727 0.4177284 0.5701727 0.625 0.7199037 0.6022918 0.7199037 0.625 0.7199037 0.5363299 0.6816654 0.5493749 0.6816654 0.5363299 0.6816654 0.4308828 0.5701727 0.4177284 0.5701727 0.4308828 0.5701727 0.5493749 0.6816654 0.6022918 0.6816653 0.5493749 0.6816654 0.4703458 0.7199037 0.4440371 0.7199037 0.4703458 0.7199037 0.375 0.5306943 0.4177284 0.5306943 0.375 0.5306943 0.6022918 0.7199037 0.5493749 0.7199037 0.6022918 0.7199037 0.5033378 0.7199037 0.4703458 0.7199037 0.5033378 0.7199037 0.5033379 0.5701727 0.4703458 0.5701727 0.5033379 0.5701727 0.625 0.710344 0.625 0.7199037 0.625 0.710344 0.5033379 0.6816653 0.5363299 0.6816654 0.5033379 0.6816653 0.4440371 0.5306943 0.4703459 0.5306943 0.4440371 0.5306943 0.625 0.7007845 0.625 0.710344 0.625 0.7007845 0.4177284 0.6816653 0.4308827 0.6816652 0.4177284 0.6816653 0.4308828 0.5306943 0.4440371 0.5306943 0.4308828 0.5306943 0.625 0.6912249 0.625 0.7007845 0.625 0.6912249 0.5493749 0.7199037 0.5363299 0.7199037 0.5493749 0.7199037 0.4703459 0.5306943 0.5033379 0.5306943 0.4703459 0.5306943 0 0 0 0 0 0 0.6250001 0.6816654 0.625 0.6912249 0.6250001 0.6816654 0.4177284 0.5306943 0.4308828 0.5306943 0.4177284 0.5306943 0.4177284 0.5306943 0.4308828 0.5306943 0.4308828 0.5306943 0.4177284 0.5701727 0.375 0.5701727 0.4177284 0.5701727 0.5363299 0.5590082 0.5363299 0.5701727 0.5363299 0.5701727 0.4308828 0.5701727 0.4177284 0.5701727 0.4308828 0.5701727 0.5033379 0.5306943 0.5363299 0.5306943 0.5033379 0.5306943 0.375 0.5306943 0.4177284 0.5306943 0.4177284 0.5306943 0.4703458 0.5701727 0.4440371 0.5701727 0.4703458 0.5701727 0.5363299 0.5306943 0.5363299 0.5392408 0.5363299 0.5306943 0.5033379 0.5701727 0.4703458 0.5701727 0.5033379 0.5701727 0.5363298 0.5478437 0.5363299 0.5590082 0.5363298 0.5478437 0.4440371 0.5306943 0.4703459 0.5306943 0.4703459 0.5306943 0.5363299 0.5701727 0.5033379 0.5701727 0.5363299 0.5701727 0.4308828 0.5306943 0.4440371 0.5306943 0.4440371 0.5306943 0.4440371 0.5701727 0.4308828 0.5701727 0.4440371 0.5701727 0.4703459 0.5306943 0.5033379 0.5306943 0.5033379 0.5306943 0.3724904 0.5187286 0.37008 0.5259653 0.3724904 0.5187286 0.366952 0.5353568 0.363824 0.5447484 0.363824 0.5447484 0.4308828 0.5701727 0.4177284 0.5701727 0.4177284 0.5701727 0.3605049 0.4936996 0.374885 0.5115393 0.374885 0.5115393 0.375 0.5306943 0.4177284 0.5306943 0.375 0.5306943 0.8049024 0.4331585 0.7785938 0.4331585 0.7785938 0.4331585 0.374885 0.5115393 0.3724904 0.5187286 0.3724904 0.5187286 0.8378946 0.4331585 0.8049024 0.4331585 0.8049024 0.4331585 0.37008 0.5259653 0.366952 0.5353568 0.366952 0.5353568 0.3346579 0.4616338 0.346125 0.4758597 0.3346579 0.4616338 0.363824 0.5447484 0.349444 0.5269086 0.349444 0.5269086 0.3289244 0.4545208 0.3346579 0.4616338 0.3289244 0.4545208 0.7785938 0.4331585 0.7654394 0.4331585 0.7654394 0.4331585 0.346125 0.4758597 0.3605049 0.4936996 0.3605049 0.4936996 0.3724904 0.5187286 0.37008 0.5259653 0.37008 0.5259653 0.4177284 0.5306943 0.4308828 0.5306943 0.4177284 0.5306943 0.4177284 0.5701727 0.375 0.5701727 0.375 0.5701727 0.3121299 0.4806169 0.3178634 0.4877299 0.3045671 0.4243033 0.375 0.5701727 0.375 0.5701727 0.375 0.5701727 0.375 0.4412353 0.4177285 0.4496269 0.4177285 0.4381914 0.375 0.5306943 0.375 0.5306943 0.375 0.5306943 0.5 0.25 0.625 0 0.5 0 0.5 0.5 0.625 0.25 0.5 0.25 0.5 0.75 0.625 0.5 0.5 0.5 0.5 0.75 0.625 1 0.625 0.75 0.125 0.75 0.375 0.5 0.125 0.5 0.625 0.75 0.875 0.5 0.625 0.5 0.375 1 0.5 0.75 0.375 0.75 0.375 0.75 0.5 0.5 0.375 0.5 0.375 0.25 0.5 0.5 0.5 0.25 0.375 0.25 0.5 0 0.375 0 0.375 0.5 0.625 0.25 0.375 0.25 0.375 0.75 0.625 0.5 0.375 0.5 0.375 1 0.625 0.75 0.375 0.75 0.125 0.75 0.375 0.5 0.125 0.5 0.625 0.75 0.875 0.5 0.625 0.5 0.375 0.5 0.625 0.25 0.375 0.25 0.375 0.5 0.625 0.75 0.625 0.5 0.375 1 0.625 0.75 0.375 0.75 0.125 0.75 0.375 0.5 0.125 0.5 0.625 0.75 0.875 0.5 0.625 0.5 0.375 0.25 0.625 0.5 0.625 0.25 0.375 0.5 0.625 0.75 0.625 0.5 0.375 1 0.625 0.75 0.375 0.75 0.125 0.75 0.375 0.5 0.125 0.5 0.625 0.75 0.875 0.5 0.625 0.5 0.375 0.5 0.625 0.25 0.375 0.25 0.375 0.5 0.625 0.75 0.625 0.5 0.375 1 0.625 0.75 0.375 0.75 0.125 0.75 0.375 0.5 0.125 0.5 0.625 0.75 0.875 0.5 0.625 0.5 0.375 0.5 0.625 0.25 0.375 0.25 0.375 0.75 0.625 0.5 0.375 0.5 0.375 1 0.625 0.75 0.375 0.75 0.125 0.75 0.375 0.5 0.125 0.5 0.625 0.75 0.875 0.5 0.625 0.5 0.375 0.5 0.625 0.25 0.375 0.25 0.375 0.5 0.625 0.75 0.625 0.5 0.375 1 0.625 0.75 0.375 0.75 0.125 0.75 0.375 0.5 0.125 0.5 0.625 0.75 0.875 0.5 0.625 0.5 0.5466946 0.5439116 0.5874337 0.5573372 0.5449387 0.5484559 0.3810186 0.6093411 0.4174588 0.6165876 0.4162452 0.6054893 0.4089481 0.6086664 0.3994224 0.6277148 0.4144349 0.6352222 0.3763561 0.5667008 0.4126046 0.5721943 0.4115828 0.5628489 0.5919235 0.5679774 0.6241114 0.5594307 0.5919235 0.5594307 0.359391 0.5918208 0.3779409 0.581195 0.3584619 0.5833248 0.379805 0.5982428 0.4140966 0.585839 0.37887 0.589691 0.5449387 0.5484559 0.6092345 0.6186507 0.5714685 0.6264321 0.3389831 0.5854548 0.359391 0.5918208 0.3584619 0.5833248 0.3732522 0.5786392 0.3438417 0.5999199 0.3588555 0.6074281 0.3985229 0.5944714 0.4067871 0.5668064 0.3985229 0.5667826 0.5919235 0.5765802 0.6241115 0.5679774 0.5919235 0.5679774 0.3985229 0.5944714 0.3985229 0.5997906 0.405924 0.5944714 0.5919235 0.5989091 0.6241116 0.5877447 0.5919235 0.5877447 0.5181846 0.6220072 0.5449387 0.5484559 0.5714685 0.6264321 0.3603261 0.6003727 0.37887 0.589691 0.359391 0.5918208 0.356877 0.5688306 0.3773779 0.5760462 0.3763561 0.5667008 0.3615397 0.6114709 0.3822321 0.6204395 0.3810186 0.6093411 0.5011693 0.5640091 0.5466946 0.5439116 0.5449387 0.5484559 0.5066136 0.659013 0.5714685 0.6264321 0.5650869 0.6630217 0.3588555 0.6074281 0.3738692 0.6149362 0.383795 0.5950878 0.5650869 0.6630217 0.6092345 0.6186507 0.6090102 0.6510757 0.5070822 0.6589664 0.5723475 0.6262493 0.5653697 0.6623402 0.4892181 0.5711078 0.4670737 0.5539628 0.4642357 0.5521627 0.4888359 0.5833789 0.508431 0.5722144 0.4888359 0.5722144 0.3373981 0.5709607 0.3578989 0.578176 0.356877 0.5688306 0.3408471 0.6025027 0.359391 0.5918208 0.339912 0.5939508 0.4931665 0.5918291 0.4642357 0.5521627 0.4921364 0.6126515 0.3738692 0.6149362 0.4089481 0.6086663 0.383795 0.5950878 0.3773779 0.5760462 0.4131677 0.5773431 0.4126046 0.5721943 0.4888359 0.5722144 0.508431 0.56105 0.4888359 0.56105 0.5919235 0.5594307 0.6241115 0.5542513 0.5919235 0.5542513 0.3578989 0.578176 0.3779409 0.581195 0.3773779 0.5760462 0.33842 0.580306 0.3584619 0.5833248 0.3578989 0.578176 0.379805 0.5982428 0.4162452 0.6054893 0.4150317 0.5943909 0.5919235 0.5877447 0.6241117 0.5765802 0.5919235 0.5765802 0.3603261 0.6003727 0.3810186 0.6093411 0.379805 0.5982428 0.3779409 0.581195 0.4140966 0.585839 0.4131677 0.5773431 0.625 0.5987429 0.625 0.627313 0.6022918 0.627313 0.7210618 0.4487075 0.7111216 0.4487075 0.7111216 0.4293417 0.7111216 0.4600849 0.7111216 0.4487075 0.7210618 0.4487075 0.7668197 0.5151367 0.7400879 0.5050538 0.7450151 0.4944882 0.7400879 0.5050538 0.74391 0.4949204 0.7450151 0.4944882 0.625 0.5819578 0.625 0.5987429 0.6022918 0.5987429 0.7210618 0.4179633 0.7111216 0.4179632 0.7111216 0.4065848 0.782526 0.5210609 0.7866286 0.5101842 0.8023349 0.5161085 0.625 0.6440994 0.625 0.6608859 0.6022918 0.6608859 0.8081263 0.4446355 0.8175755 0.4497066 0.8107292 0.4668987 0.7663 0.4430545 0.7731463 0.4258624 0.7825947 0.4309332 0.7825947 0.4309332 0.798677 0.4395642 0.7918308 0.4567563 0.8167118 0.423076 0.826161 0.4281472 0.8175755 0.4497066 0.7817319 0.404303 0.7911802 0.4093739 0.7825947 0.4309332 0.7911802 0.4093739 0.8072626 0.4180048 0.798677 0.4395642 0.7071913 0.4179632 0.6912479 0.4179632 0.6912479 0.4065848 0.7071913 0.4487076 0.6912479 0.4487075 0.6912479 0.4293417 0.5493748 0.5987427 0.5493749 0.627313 0.5363299 0.627313 0.7071913 0.4179632 0.7071913 0.4065847 0.7111216 0.4065848 0.7111216 0.4293417 0.7071913 0.4293417 0.7071913 0.4179632 0.6912479 0.4293417 0.6912479 0.4179632 0.7071913 0.4179632 0.8072626 0.4180048 0.8167118 0.423076 0.8081263 0.4446355 0.798677 0.4395642 0.8081263 0.4446355 0.8012799 0.4618275 0.625 0.627313 0.625 0.6440994 0.6022918 0.6440995 0.7210618 0.4293417 0.7111216 0.4293417 0.7111216 0.4179632 0.782526 0.5210609 0.7668197 0.5151367 0.7776597 0.5068014 0.7668197 0.5151367 0.7709223 0.5042601 0.7758992 0.5061373 0.7776597 0.5068014 0.7668197 0.5151367 0.7758992 0.5061373 0.6448888 0.599648 0.6366246 0.5996242 0.6366246 0.5984266 0.6448888 0.599648 0.6475151 0.5987429 0.6466208 0.627313 0.6366246 0.6326323 0.6440257 0.627313 0.6466208 0.627313 0.7802602 0.5263215 0.7645552 0.5203978 0.7840823 0.5161882 0.7645552 0.5203978 0.7686579 0.5095211 0.7840823 0.5161882 0.7111216 0.4600849 0.7071913 0.460085 0.7111216 0.4487075 0.7071913 0.460085 0.691248 0.460085 0.6912479 0.4487075 0.7111216 0.4487075 0.6912479 0.4487075 0.7071913 0.4487076 0.5859865 0.427245 0.6022918 0.4272451 0.6022918 0.4272451 0 0 0 0 0 0 0.6022918 0.4191265 0.5859646 0.4191266 0.5859646 0.4191266 0.5683073 0.4104368 0.5683073 0.4104368 0.5683133 0.4135513 0.5683428 0.4265802 0.5683428 0.4265802 0.5833239 0.4265801 0 0 0 0 0 0 0.583341 0.4191268 0.5683259 0.4191269 0.5683259 0.4191269 0.5683475 0.4272449 0.5833193 0.4272449 0.5833193 0.4272449 0 0 0 0 0 0 0.5657017 0.4191269 0.5493749 0.4191271 0.5493749 0.4191271 0.6022918 0.4191265 0.6022918 0.4199302 0.5859659 0.4199304 0.5832664 0.4561874 0.5832664 0.4561874 0.5832161 0.4547265 0.5859714 0.4207177 0.6022919 0.4207179 0.6022919 0.4207179 0 0 0 0 0 0 0.583341 0.4191268 0.5833396 0.4199306 0.5683272 0.4199308 0.5683323 0.4207177 0.5833345 0.4207177 0.5833345 0.4207177 0 0 0 0 0 0 0.5860599 0.4561874 0.5860599 0.455105 0.5860599 0.455105 0.5833535 0.4135512 0.5683133 0.4135513 0.5683133 0.4135513 0.5657017 0.4191269 0.5657004 0.4199308 0.5493749 0.4199311 0.6022918 0.4135511 0.5859522 0.4135511 0.5859522 0.4135511 0 0 0 0 0 0 0.5654541 0.4561874 0.5654541 0.4561874 0.5655736 0.4531961 0.586061 0.4500832 0.583253 0.4500035 0.5832694 0.4491145 0.5656206 0.4498899 0.56563 0.4491149 0.5683974 0.4491147 0.5683133 0.4135513 0.568318 0.4143037 0.5657096 0.4143036 0.5683272 0.4199308 0.5683323 0.4207177 0.5656955 0.4207175 0.5656851 0.4265803 0.5683428 0.4265802 0.5683475 0.4272449 0.5656695 0.4331164 0.5683583 0.4331164 0.568363 0.4337062 0.5656467 0.4404901 0.5656532 0.4397184 0.5683749 0.4397183 0.5859522 0.4135511 0.5859568 0.414304 0.5833488 0.4143038 0.5859714 0.4207177 0.5833345 0.4207177 0.5833396 0.4199306 0.5859865 0.427245 0.5833193 0.4272449 0.5833239 0.4265801 0.5860021 0.4337064 0.5833036 0.4337062 0.5833085 0.4331163 0.5860194 0.4404905 0.5832861 0.4404904 0.5832918 0.4397182 0.5832161 0.4547265 0.5832166 0.4540774 0.5860603 0.4543913 0.5655736 0.4531961 0.5656019 0.4527036 0.5684496 0.4528567 0.5493749 0.4498376 0.5493749 0.4491152 0.56563 0.4491149 0.6022918 0.450356 0.586061 0.4500832 0.5860361 0.4491142 0.5684132 0.4499284 0.5683974 0.4491147 0.5832694 0.4491145 0.5683808 0.4404902 0.5683974 0.4491147 0.56563 0.4491149 0.5860194 0.4404905 0.5860361 0.4491142 0.5832694 0.4491145 0.5684344 0.4561874 0.5654541 0.4561874 0.5655736 0.4531961 0.5860599 0.4561874 0.5832664 0.4561874 0.5832161 0.4547265 0.5683073 0.4104368 0.5683133 0.4135513 0.5657145 0.4135513 0.5683259 0.4191269 0.5683272 0.4199308 0.5657004 0.4199308 0.5683428 0.4265802 0.5656851 0.4265803 0.5656955 0.4207175 0.5683475 0.4272449 0.5683583 0.4331164 0.5656695 0.4331164 0.5683749 0.4397183 0.5656532 0.4397184 0.5656649 0.4337062 0.5859522 0.4135511 0.5833535 0.4135512 0.5833595 0.4104368 0.5859646 0.4191266 0.5859659 0.4199304 0.5833396 0.4199306 0.5859819 0.42658 0.5833239 0.4265801 0.5833345 0.4207177 0.5859972 0.4331162 0.5833085 0.4331163 0.5833193 0.4272449 0.586014 0.4397181 0.5832918 0.4397182 0.5833036 0.4337062 0.568318 0.4143037 0.5683133 0.4135513 0.5833535 0.4135512 0.5683323 0.4207177 0.5683272 0.4199308 0.5833396 0.4199306 0.5833193 0.4272449 0.5683475 0.4272449 0.5683428 0.4265802 0.5833036 0.4337062 0.568363 0.4337062 0.5683583 0.4331164 0.5683808 0.4404902 0.5683749 0.4397183 0.5832918 0.4397182 0.5493749 0.4143033 0.5493749 0.4135514 0.5657145 0.4135513 0.5493749 0.4207174 0.5493749 0.4199311 0.5657004 0.4199308 0.5656803 0.4272447 0.5493749 0.4272446 0.5493749 0.4265804 0.5656649 0.4337062 0.5493749 0.4337062 0.5493749 0.4331166 0.5493749 0.4404898 0.5493749 0.4397184 0.5656532 0.4397184 0.5859568 0.414304 0.5859522 0.4135511 0.6022918 0.4135511 0.6022919 0.4207179 0.5859714 0.4207177 0.5859659 0.4199304 0.6022918 0.4272451 0.5859865 0.427245 0.5859819 0.42658 0.6022918 0.4337064 0.5860021 0.4337064 0.5859972 0.4331162 0.6022918 0.440491 0.5860194 0.4404905 0.586014 0.4397181 0.5860603 0.4543913 0.5832166 0.4540774 0.583253 0.4500035 0.5684132 0.4499284 0.5684496 0.4528567 0.5656019 0.4527036 0.5860603 0.4543913 0.5959249 0.4561874 0.5924942 0.4561874 0.5656019 0.4527036 0.5655736 0.4531961 0.5493749 0.4524295 0.5832166 0.4540774 0.5832161 0.4547265 0.5684551 0.4534015 0.5833488 0.4143038 0.5833488 0.4143038 0.568318 0.4143037 0.5859568 0.414304 0.5859646 0.4191266 0.583341 0.4191268 0.568318 0.4143037 0.5683259 0.4191269 0.5657017 0.4191269 0.6022918 0.4143042 0.6022918 0.4143042 0.5859568 0.414304 0 0 0 0 0 0 0 0 0 0 0 0 0.625 0.8003731 0.625 0.875 0.6123328 0.875 0.548997 0.8003732 0.548997 0.875 0.5363299 0.875 0.5616641 0.8003732 0.5616641 0.875 0.548997 0.875 0.5743313 0.8003732 0.5743313 0.875 0.5616641 0.875 0.5869985 0.8003732 0.5869985 0.875 0.5743313 0.875 0.5996657 0.8003732 0.5996657 0.875 0.5869985 0.875 0.6123328 0.8003732 0.6123328 0.875 0.5996657 0.875 0.5743313 0.8003732 0.5743313 0.8003732 0.5743313 0.875 0.5616641 0.8003732 0.5616641 0.8003732 0.5616641 0.875 0 0 0 0 0 0 0.5869985 0.8003732 0.5869985 0.8003732 0.5869985 0.875 0 0 0 0 0 0 0 0 0 0 0 0 0 0 0 0 0 0 0 0 0 0 0 0 0.548997 0.8003732 0.548997 0.8003732 0.548997 0.875 0 0 0 0 0 0 0 0 0 0 0 0 0 0 0 0 0 0 0 0 0 0 0 0 0.5743313 0.875 0.5743311 0.8072094 0.5743312 0.8080033 0.5616641 0.875 0.5616641 0.8072028 0.5616642 0.8079944 0 0 0 0 0 0 0.5869985 0.875 0.5869985 0.8072162 0.5869985 0.8080119 0.5996657 0.875 0.5996657 0.8072232 0.5996657 0.8080205 0 0 0 0 0 0 0.6123328 0.875 0.6123328 0.8072296 0.6123328 0.8080291 0.6123328 0.8003732 0.6123328 0.8003732 0.6123328 0.875 0 0 0 0 0 0 0.5996657 0.8003732 0.5996657 0.8003732 0.5996657 0.875 0.5489969 0.807196 0.548997 0.875 0.548997 0.875 0.5616641 0.8072028 0.5616641 0.875 0.5616641 0.875 0.5743311 0.8072094 0.5743313 0.875 0.5743313 0.875 0.5869985 0.8072162 0.5869985 0.875 0.5869985 0.875 0.5996657 0.8072232 0.5996657 0.875 0.5996657 0.875 0.6123328 0.8072296 0.6123328 0.875 0.6123328 0.875 0 0 0 0 0 0 0.548997 0.875 0.5489969 0.807196 0.5489972 0.8079859 0.6022918 0.5590083 0.625 0.5590083 0.625 0.5701727 0.6022918 0.4883754 0.625 0.4883754 0.625 0.5 0.5269266 0.2732408 0.5354111 0.2732128 0.5354494 0.2848373 0.7145633 0.5987429 0.75 0.5987429 0.75 0.627313 0.6022918 0.6608859 0.625 0.6608859 0.625 0.6720401 0.5088446 0.4130333 0.5084785 0.4549018 0.4996693 0.454716 0.2032042 0.5381693 0.204587 0.5374758 0.2073557 0.5429962 0.5033379 0.74147 0.5363299 0.7414723 0.5363299 0.75 0.6688125 0.6608859 0.6753731 0.6608859 0.6753731 0.6720401 0.6688126 0.5987429 0.6753732 0.5987429 0.6753731 0.627313 0.2510319 0.4170202 0.2348176 0.419004 0.2341249 0.4123387 0.7762933 0.5324046 0.766542 0.5269891 0.7721858 0.5168265 0.5158221 0.3191003 0.5131097 0.2965546 0.5341481 0.2940237 0.735101 0.5119586 0.73909 0.5010399 0.7495765 0.504871 0.2286962 0.4130029 0.2293889 0.4196681 0.2027542 0.4229267 0.1833319 0.5215908 0.185782 0.5203619 0.1881135 0.5250104 0.1939491 0.5162657 0.1962806 0.5209142 0.1948978 0.5216078 0.625 0.5161138 0.625 0.5255149 0.6022918 0.5255149 0.2484002 0.3635376 0.2497116 0.3664132 0.2170422 0.3678349 0.5363299 0.4561874 0.5363299 0.4883754 0.5033379 0.4883754 0.5358506 0.4064987 0.5357418 0.373507 0.5473663 0.3734686 0.5033379 0.4104368 0.5363299 0.4104368 0.5363299 0.4496269 0.1524453 0.491924 0.1645501 0.4647623 0.1851701 0.4867572 0.7152135 0.4415984 0.7461528 0.4530541 0.7422797 0.4635143 0.1851701 0.4867572 0.2248827 0.5291178 0.2127779 0.5562796 0.5363299 0.7199037 0.5363299 0.7411012 0.5033379 0.741082 0.5363299 0.4883754 0.5363299 0.5 0.5033379 0.5 0.7330553 0.5083925 0.7246979 0.5037513 0.7303417 0.4935887 0.625 0.6720401 0.6250001 0.6816654 0.6022918 0.6816653 0.7721858 0.5168265 0.766542 0.5269891 0.7581272 0.5223161 0.7113404 0.4520585 0.7422797 0.4635143 0.7389376 0.4725406 0.7165339 0.5051754 0.720523 0.4942566 0.7286034 0.4972087 0.1996847 0.5277014 0.2018182 0.5319553 0.2004354 0.5326488 0.625 0.5392409 0.625 0.5478438 0.6022918 0.5478437 0.6753732 0.5819579 0.6753732 0.5987429 0.6688126 0.5987429 0.7145633 0.5819579 0.75 0.5819579 0.75 0.5987429 0.6688126 0.6440995 0.6753731 0.6440995 0.6753731 0.6608859 0.4177284 0.6440995 0.4177284 0.6608859 0.375 0.6608859 0.4177285 0.5819579 0.4177285 0.5987429 0.375 0.5987429 0.375 0.6720401 0.4177284 0.6720401 0.4177284 0.6816653 0.3157511 0.3651551 0.3169434 0.3677694 0.264544 0.3700497 0.375 0.4883754 0.4177284 0.4883754 0.4177284 0.5 0.375 0.7412745 0.4177284 0.7412745 0.4177284 0.75 0.4177285 0.5987429 0.4177284 0.627313 0.375 0.627313 0.4177284 0.8003732 0.4177285 0.875 0.375 0.875 0.375 0.6608859 0.4177284 0.6608859 0.4177284 0.6720401 0.4177284 0.7616246 0.4177284 0.8003732 0.375 0.8003732 0.375 0.4104368 0.4177284 0.4104368 0.4177285 0.4381914 0.375 0.75 0.4177284 0.75 0.4177284 0.7616246 0.375 0.4561875 0.4177285 0.4561874 0.4177284 0.4883754 0.375 0.5161137 0.4177284 0.5161138 0.4177284 0.5255149 0.8207306 0.4348794 0.8261434 0.4220949 0.8324968 0.4235528 0.2633517 0.3674354 0.264544 0.3700497 0.2516264 0.3706118 0.444037 0.4883753 0.4703458 0.4883754 0.4703458 0.5 0.4703458 0.7412745 0.4703459 0.75 0.4440371 0.75 0.4703459 0.8003732 0.4703459 0.875 0.4440372 0.875 0.8133679 0.43319 0.8187806 0.4204055 0.8261434 0.4220949 0.4703459 0.7616246 0.4703459 0.8003732 0.4440371 0.8003732 0.4440371 0.4104368 0.4703459 0.4104368 0.4703459 0.4496269 0.4703459 0.75 0.4703459 0.7616246 0.4440371 0.7616246 0.4440372 0.4561875 0.4703459 0.4561874 0.4703458 0.4883754 0.4963116 0.3493857 0.5226203 0.3493857 0.5226203 0.3587868 0.4859085 0.3576396 0.4990628 0.3576396 0.4990629 0.3670406 0.4308829 0.4561875 0.4440372 0.4561875 0.444037 0.4883753 0.4995996 0.4072532 0.4995996 0.4188778 0.4864453 0.4188777 0.4308829 0.4104368 0.4440371 0.4104368 0.4440372 0.4496269 0.4995996 0.4188778 0.4995996 0.4576264 0.4864452 0.4576263 0.8106615 0.4395822 0.8133679 0.43319 0.8207306 0.4348794 0.4440371 0.8003732 0.4440372 0.875 0.4308828 0.875 0.7696416 0.4301699 0.772348 0.4237776 0.7912068 0.4281049 0.4308828 0.7412745 0.4440372 0.7412746 0.4440371 0.75 0.4308828 0.4883754 0.444037 0.4883753 0.4440371 0.5 0.8180242 0.4412717 0.8207306 0.4348794 0.8270839 0.4363373 0.7612685 0.4212353 0.772348 0.4237776 0.7696416 0.4301699 0.8022873 0.4306474 0.8133679 0.43319 0.8106615 0.4395822 0.6804012 0.4406028 0.7113404 0.4520585 0.7079983 0.4610848 0.5423827 0.3510832 0.5423827 0.3562626 0.5093907 0.3562626 0.4703458 0.4883754 0.5033379 0.4883754 0.5033379 0.5 0.478723 0.803321 0.4861993 0.8003732 0.5033379 0.8003732 0.5033379 0.8003732 0.5033379 0.875 0.4703459 0.875 0.4703459 0.875 0.4703459 0.8003732 0.478723 0.803321 0.4703459 0.8003732 0.4786235 0.8003732 0.478723 0.803321 0.8187806 0.4204055 0.8255685 0.4043732 0.8329312 0.4060626 0.4791126 0.7754057 0.4786235 0.8003732 0.4703459 0.8003732 0.5033379 0.8003732 0.4861993 0.8003732 0.4893243 0.7995002 0.4893243 0.7995002 0.4983994 0.796207 0.5033379 0.8003732 0.4983994 0.796207 0.5000621 0.7956455 0.5033379 0.8003732 0.4791126 0.7754057 0.4703459 0.8003732 0.4703459 0.7616246 0.479322 0.7753397 0.4791126 0.7754057 0.4703459 0.7616246 0.5033379 0.7616246 0.5033379 0.8003732 0.5006453 0.7740623 0.5033379 0.8003732 0.5000621 0.7956455 0.5006453 0.7740623 0.479322 0.7753397 0.4703459 0.7616246 0.4899435 0.7723326 0.4703459 0.7616246 0.5033379 0.7616246 0.4899435 0.7723326 0.4703459 0.4104368 0.5033379 0.4104368 0.5033379 0.4496269 0.5033379 0.75 0.5033379 0.7616246 0.4703459 0.7616246 0.4703459 0.4561874 0.5033379 0.4561874 0.5033379 0.4883754 0.5039116 0.3719463 0.5369036 0.3719463 0.5369036 0.3813474 0.4308828 0.6440994 0.4308828 0.660886 0.4177284 0.6608859 0.4308828 0.5819578 0.4308828 0.5987429 0.4177285 0.5987429 0.4177284 0.6720401 0.4308827 0.6720401 0.4308827 0.6816652 0.1764836 0.5114569 0.1881082 0.5114569 0.1881083 0.5166363 0.4177284 0.4883754 0.4308828 0.4883754 0.4308828 0.5 0.4177284 0.7412745 0.4308828 0.7412745 0.4308828 0.75 0.4308828 0.5987429 0.4308828 0.627313 0.4177284 0.627313 0.4308828 0.8003731 0.4308828 0.875 0.4177285 0.875 0.4177284 0.6608859 0.4308828 0.660886 0.4308827 0.6720401 0.4177284 0.7616246 0.4308828 0.7616245 0.4308828 0.8003731 0.4177285 0.4381914 0.4177284 0.4104368 0.4308829 0.4104368 0.4308829 0.4104368 0.4308829 0.4496269 0.4177285 0.4381914 0.4177284 0.75 0.4308828 0.75 0.4308828 0.7616245 0.4177285 0.4561874 0.4308829 0.4561875 0.4308828 0.4883754 0.4308828 0.5161138 0.4308828 0.5255149 0.4177284 0.5255149 0.4177284 0.7199037 0.4308828 0.7199037 0.4308828 0.7412745 0.4703459 0.75 0.4703458 0.7412745 0.5033379 0.74147 0.4703458 0.7412745 0.5024965 0.7412745 0.5033379 0.74147 0.4308828 0.7199037 0.4440371 0.7199037 0.4440372 0.7412746 0.4703458 0.7199037 0.4703458 0.7412745 0.4440372 0.7412746 0.4177284 0.7199037 0.4177284 0.7412745 0.375 0.7412745 0.4884747 0.3802077 0.4884747 0.3588368 0.5206254 0.3802077 0.4884747 0.3588368 0.5214667 0.3588368 0.5214667 0.3800151 0.5355243 0.3075456 0.5270489 0.3075733 0.5336019 0.2974588 0.5270489 0.3075733 0.526992 0.2848652 0.5336019 0.2974588 0.2227889 0.399611 0.2227889 0.4081452 0.2162284 0.4081452 0.2974159 0.399617 0.2974159 0.4081452 0.2619791 0.4081452 0.6152482 0.7811641 0.6154348 0.7632749 0.625 0.7616246 0.625 0.7616246 0.625 0.7938126 0.6152482 0.7811641 0.625 0.7938126 0.625 0.8003731 0.6150649 0.7987232 0.6150649 0.7987232 0.625 0.8003731 0.6022918 0.8003732 0.5458939 0.7632832 0.5363299 0.7616246 0.549375 0.7616247 0.1689419 0.4578298 0.1784101 0.4677045 0.1645501 0.4647623 0.1784101 0.4677045 0.1879329 0.4776363 0.1851701 0.4867572 0.5037251 0.4152265 0.5037128 0.454197 0.4967511 0.4541932 0.5522292 0.7642181 0.5458939 0.7632832 0.5561247 0.763282 0.6090293 0.7802081 0.6090993 0.7642117 0.6154348 0.7632749 0.5522292 0.7642181 0.5522976 0.7800314 0.546079 0.7809481 0.6090293 0.7802081 0.6152482 0.7811641 0.5975341 0.7811087 0.555083 0.7823361 0.5551089 0.7973565 0.5551089 0.7973565 0.556387 0.7987161 0.5462652 0.7987148 0.5462652 0.7987148 0.546079 0.7809481 0.546079 0.7809481 0.5462652 0.7987148 0.6062208 0.7973623 0.6062208 0.7973623 0.5931312 0.7973608 0.6062208 0.7973623 0.606244 0.7824966 0.6152482 0.7811641 0.6062208 0.7973623 0.6150649 0.7987232 0.5974454 0.7987211 0.5551089 0.7973565 0.5462652 0.7987148 0.546079 0.7809481 0.555083 0.7823361 0.546079 0.7809481 0.5562552 0.7809799 0.6152482 0.7811641 0.6152482 0.7811641 0.5975341 0.7811087 0.606244 0.7824966 0.606244 0.7824966 0.6062208 0.7973623 0.5626098 0.7823598 0.555083 0.7823361 0.555083 0.7823361 0.6152482 0.7811641 0.6150649 0.7987232 0.6150649 0.7987232 0.1372733 0.4879995 0.1151559 0.4889191 0.1151559 0.4566227 0.1151559 0.4566227 0.13771 0.4566227 0.1372733 0.4879995 0.122873 0.4585067 0.1289618 0.4592279 0.1289618 0.4869098 0.1289618 0.4869098 0.1203688 0.4869098 0.122873 0.4585067 0.5 0.75 0.625 0.75 0.625 1 0.1117758 0.4869098 0.09458971 0.4869098 0.09458971 0.4624691 0.5075486 0.4051123 0.52346 0.4104766 0.5327349 0.4468373 0.5327349 0.4468373 0.5177094 0.4506701 0.5075486 0.4051123 0.375 1 0.375 0.75 0.5 0.75 0.1203688 0.4584519 0.1203688 0.4869098 0.1131044 0.4585253 0.1203688 0.4869098 0.1117758 0.4869098 0.1131044 0.4585253 0.09260183 0.4566227 0.1151559 0.4566227 0.1151559 0.4889191 0.5033379 0.74147 0.5033379 0.741082 0.5363299 0.7411012 0.6250001 0.7410937 0.6366246 0.7411078 0.6366246 0.7415155 0.5493749 0.7414825 0.5363299 0.7414723 0.5363299 0.7411012 0.5117213 0.2850133 0.5327737 0.2824807 0.534148 0.2940236 0.2364408 0.5367129 0.2364408 0.5452386 0.2042529 0.5452386 0.4177285 0.4496269 0.4308829 0.4496269 0.4308829 0.4561875 0.4703459 0.4496269 0.5033379 0.4496269 0.5033379 0.4561874 0.4308829 0.4496269 0.4440372 0.4496269 0.4440372 0.4561875 0.4440372 0.4496269 0.4703459 0.4496269 0.4703459 0.4561874 0.375 0.4496269 0.4177285 0.4496269 0.4177285 0.4561874 0.5033379 0.4496269 0.5363299 0.4496269 0.5363299 0.4561874 0.1925663 0.5169592 0.1948978 0.5216078 0.1881135 0.5250104 0.625 0.4496269 0.625 0.4561874 0.6022918 0.4561874 0.6688125 0.6608859 0.6688126 0.6720401 0.6366246 0.6720401 0.7699859 0.5984407 0.780855 0.6029965 0.768412 0.6326822 0.4308828 0.5701727 0.4308828 0.5819578 0.4177285 0.5819579 0.758902 0.4066658 0.7656899 0.3906334 0.7734692 0.3924185 0.7534893 0.4194503 0.7612685 0.4212353 0.7585621 0.4276276 0.758902 0.4066658 0.7666813 0.4084508 0.7612685 0.4212353 0.4177284 0.5701727 0.4177285 0.5819579 0.375 0.5819579 0.223085 0.5351073 0.2260077 0.5409347 0.2185387 0.5446808 0.6022919 0.5701727 0.625 0.5701727 0.625 0.5819578 0.205973 0.5436897 0.2073557 0.5429962 0.2102785 0.5488237 0.7495765 0.504871 0.7606462 0.5089151 0.756657 0.5198339 0.6956299 0.4246013 0.7250725 0.4394876 0.7197548 0.450005 0.215616 0.5388534 0.2185387 0.5446808 0.2144086 0.5467522 0.2619791 0.3996142 0.2619791 0.4081452 0.242384 0.4081452 0.4308828 0.375 0.4308829 0.4104368 0.4177284 0.4104368 0.5033379 0.375 0.5033379 0.4104368 0.4703459 0.4104368 0.4440371 0.375 0.4440371 0.4104368 0.4308829 0.4104368 0.4703459 0.375 0.4703459 0.4104368 0.4440371 0.4104368 0.375 0.375 0.4177284 0.375 0.4177284 0.4104368 0.7145633 0.5819579 0.7145633 0.5987429 0.6949682 0.5987429 0.5363299 0.375 0.5363299 0.4104368 0.5033379 0.4104368 0.2965692 0.411449 0.2672463 0.4150365 0.2665536 0.4083713 0.6949682 0.5987429 0.7145633 0.5987429 0.7145633 0.627313 0.6022918 0.375 0.6022918 0.4104368 0.5493749 0.4104368 0.7367142 0.4453738 0.7839381 0.4692506 0.7786203 0.4797677 0.625 0.7415425 0.6022918 0.7415246 0.6022918 0.7410957 0.606244 0.7824966 0.5931418 0.7824555 0.5931418 0.7824555 0.5975341 0.7811087 0.5975341 0.7811087 0.5562552 0.7809799 0.606244 0.7824966 0.5931418 0.7824555 0.5975341 0.7811087 0.5626285 0.7973573 0.5931312 0.7973608 0.5974454 0.7987211 0.5931312 0.7973609 0.5931312 0.7973608 0.5626285 0.7973573 0.6150649 0.7987232 0.5974454 0.798721 0.5974454 0.7987211 0.5606439 0.7800573 0.5945004 0.7801628 0.5975341 0.7811087 0.6090993 0.7642117 0.594535 0.7642133 0.5976255 0.7632769 0.4967567 0.4151186 0.4967511 0.4541932 0.4805282 0.4541839 0.6154348 0.7632749 0.5976255 0.7632769 0.6022918 0.7616247 0.556387 0.7987161 0.5974454 0.798721 0.6022918 0.8003732 0.5493749 0.7456641 0.5493749 0.7414825 0.6022918 0.7415246 0.6022918 0.7415246 0.6022917 0.7500001 0.5493749 0.7456641 0.5398916 0.3460209 0.5398916 0.3555804 0.5398916 0.3555804 0.3169434 0.3677694 0.3181436 0.3704008 0.265744 0.3726811 0.8041376 0.4864181 0.8007954 0.4954444 0.751171 0.4770703 0.5336019 0.2974588 0.526992 0.2848652 0.5354494 0.2848373 0.3137172 0.3606952 0.3150287 0.3635708 0.2626292 0.3658511 0.227082 0.397471 0.2286962 0.4130029 0.2020615 0.4162614 0.5356987 0.3604621 0.5355243 0.3075456 0.5398203 0.3075313 0.5413981 0.3075261 0.5471489 0.307507 0.5473234 0.3604236 0.5356987 0.3604621 0.5398203 0.3075313 0.5413981 0.3075261 0.5221424 0.3716383 0.5158221 0.3191003 0.5368623 0.3165691 0.5000128 0.41297 0.4996693 0.454716 0.4791411 0.4542828 0.7583862 0.4575837 0.8080106 0.4759579 0.8041376 0.4864181 0.5493749 0.4883754 0.6022918 0.4883754 0.6022918 0.5 0.2673015 0.3760961 0.319701 0.3738158 0.3212585 0.3772308 0.254384 0.3766582 0.2673015 0.3760961 0.268859 0.3795111 0.5363299 0.4883754 0.5493749 0.4883754 0.549375 0.5 0.7583862 0.4575837 0.7545132 0.4680439 0.7422797 0.4635143 0.4794323 0.4128227 0.4791411 0.4542828 0.4740805 0.4541763 0.2649394 0.3928394 0.2325107 0.3968068 0.2321128 0.3929779 0.5237005 0.38459 0.5221424 0.3716383 0.5431869 0.3691067 0.5493748 0.75 0.549375 0.7616247 0.5363299 0.7616246 0.227082 0.397471 0.2004474 0.4007295 0.2000495 0.3969007 0.549375 0.5161138 0.549375 0.5255149 0.5363299 0.5255149 0.1962806 0.5209142 0.1975651 0.5234754 0.1961823 0.5241689 0.7545132 0.4680439 0.751171 0.4770703 0.7389376 0.4725406 0.264544 0.3700497 0.265744 0.3726811 0.2528265 0.3732432 0.4703459 0.6816653 0.4703459 0.6816653 0.4440371 0.6816652 0.5272141 0.373535 0.5271813 0.36049 0.531363 0.3604763 0.5462652 0.7987148 0.556387 0.7987161 0.5493749 0.8003732 0.4805184 0.414868 0.4805282 0.4541839 0.476529 0.4541817 0.5522976 0.7800314 0.5606439 0.7800573 0.5562552 0.7809799 0.5626285 0.7973573 0.5626285 0.7973573 0.5551089 0.7973565 0.5551089 0.7973565 0.5626285 0.7973573 0.5564612 0.7987181 0.5562552 0.7809799 0.5562552 0.7809799 0.546079 0.7809481 0.2325107 0.3968068 0.227082 0.397471 0.2266841 0.3936421 0.7250725 0.4394876 0.7367142 0.4453738 0.7313965 0.455891 0.2942624 0.389252 0.2649394 0.3928394 0.2645415 0.3890104 0.6022918 0.7415246 0.5493749 0.7414825 0.5493749 0.7411 0.5931418 0.7824555 0.5626098 0.7823598 0.5626098 0.7823597 0.5626098 0.7823597 0.5562552 0.7809799 0.5975341 0.7811087 0.5974454 0.798721 0.556387 0.7987161 0.5564612 0.7987181 0.5605959 0.7642172 0.5561247 0.763282 0.5976255 0.7632769 0.5561247 0.763282 0.549375 0.7616247 0.6022918 0.7616247 0.4308828 0.627313 0.4308828 0.6440994 0.4177284 0.6440995 0.7885004 0.4344972 0.7912068 0.4281049 0.8022873 0.4306474 0.4177284 0.627313 0.4177284 0.6440995 0.375 0.6440995 0.6688126 0.627313 0.6753731 0.627313 0.6753731 0.6440995 0.6753732 0.5987429 0.6949682 0.5987429 0.6949682 0.627313 0.6949682 0.5819579 0.6949682 0.5987429 0.6753732 0.5987429 0.2423838 0.3996126 0.242384 0.4081452 0.2227889 0.4081452 0.2114858 0.5409247 0.2144086 0.5467522 0.2102785 0.5488237 0.2672463 0.4150365 0.2510319 0.4170202 0.2503393 0.410355 0.6022918 0.440491 0.6022918 0.449114 0.5860361 0.4491142 0.5656206 0.4498899 0.5656019 0.4527036 0.5493749 0.452008 0.5684132 0.4499284 0.583253 0.4500035 0.5832166 0.4540774 0.5656467 0.4404901 0.56563 0.4491149 0.5493749 0.4491152 0.5832861 0.4404904 0.5832694 0.4491145 0.5683974 0.4491147 0.4926975 0.4236356 0.4895831 0.4236138 0.4897358 0.4134642 0.4823926 0.4251983 0.4822522 0.4345171 0.4763903 0.4344766 0.5683475 0.4272449 0.5833193 0.4272449 0.5833085 0.4331163 0.568363 0.4337062 0.5833036 0.4337062 0.5832918 0.4397182 0.4825701 0.4134225 0.4824174 0.4235603 0.4765549 0.4235199 0.5656803 0.4272447 0.5656695 0.4331164 0.5493749 0.4331166 0.5493749 0.4337062 0.5656649 0.4337062 0.5656532 0.4397184 0.4925326 0.4345924 0.4894183 0.4345706 0.4895588 0.4252281 0.4822276 0.4361552 0.4820749 0.4462929 0.4762131 0.4462588 0.5859865 0.427245 0.6022918 0.4272451 0.6022918 0.4331161 0.5860021 0.4337064 0.6022918 0.4337064 0.6022918 0.4397181 0.5684551 0.4534015 0.5832161 0.4547265 0.5832664 0.4561874 0.4925084 0.4361992 0.4923555 0.4463526 0.4892414 0.4463344 0.5493749 0.4524295 0.5655736 0.4531961 0.5654541 0.4561874 0.5860603 0.4543913 0.586061 0.4500832 0.5959249 0.4561874 0.586061 0.4500832 0.6022918 0.450356 0.6022918 0.4561874 0.4888309 0.4236063 0.4840078 0.4235735 0.4841603 0.4134318 0.4886658 0.4345633 0.4838431 0.4345304 0.4839833 0.4252035 0.4884883 0.4463301 0.4836662 0.4463021 0.4838188 0.4361601 0.568363 0.4337062 0.5833036 0.4337062 0.5833036 0.4337062 0.5657205 0.4104368 0.5657145 0.4135513 0.5657145 0.4135513 0 0 0 0 0 0 0.5859819 0.42658 0.5859819 0.42658 0.6022918 0.4265799 0.5683583 0.4331164 0.5683583 0.4331164 0.5833085 0.4331163 0 0 0 0 0 0 0.5683808 0.4404902 0.5832861 0.4404904 0.5832861 0.4404904 0.5657096 0.4143036 0.5657017 0.4191269 0.5657017 0.4191269 0 0 0 0 0 0 0.5860021 0.4337064 0.6022918 0.4337064 0.6022918 0.4337064 0.5683749 0.4397183 0.5683749 0.4397183 0.5832918 0.4397182 0.5683323 0.4207177 0.5683323 0.4207177 0.5683428 0.4265802 0 0 0 0 0 0 0.5859972 0.4331162 0.5859972 0.4331162 0.6022918 0.4331161 0.5657096 0.4143036 0.5657096 0.4143036 0.5493749 0.4143033 0.5656955 0.4207175 0.5656851 0.4265803 0.5656851 0.4265803 0 0 0 0 0 0 0.5683475 0.4272449 0.5683475 0.4272449 0.5683583 0.4331164 0 0 0 0 0 0 0.5860194 0.4404905 0.6022918 0.440491 0.6022918 0.440491 0.5657145 0.4135513 0.5493749 0.4135514 0.5493749 0.4135514 0.5656803 0.4272447 0.5656695 0.4331164 0.5656695 0.4331164 0.5493749 0.4498376 0.5656206 0.4498899 0.5656206 0.4498899 0 0 0 0 0 0 0.586014 0.4397181 0.586014 0.4397181 0.6022918 0.4397181 0.5493749 0.4207174 0.5656955 0.4207175 0.5656955 0.4207175 0.568363 0.4337062 0.568363 0.4337062 0.5683749 0.4397183 0.5860603 0.4543913 0.586061 0.4500832 0.586061 0.4500832 0.5656649 0.4337062 0.5656532 0.4397184 0.5656532 0.4397184 0.5493749 0.4491152 0.5493749 0.4491152 0.56563 0.4491149 0 0 0 0 0 0 0.5832166 0.4540774 0.5832166 0.4540774 0.583253 0.4500035 0 0 0 0 0 0 0.5684496 0.4528567 0.5684132 0.4499284 0.5684132 0.4499284 0.5493749 0.4272446 0.5656803 0.4272447 0.5656803 0.4272447 0.5859463 0.4104368 0.5859463 0.4104368 0.5859522 0.4135511 0.586061 0.4500832 0.6022918 0.450356 0.6022918 0.450356 0 0 0 0 0 0 0.5656019 0.4527036 0.5656019 0.4527036 0.5656206 0.4498899 0.5833595 0.4104368 0.5833535 0.4135512 0.5833535 0.4135512 0.5860361 0.4491142 0.5860361 0.4491142 0.6022918 0.449114 0 0 0 0 0 0 0.5959249 0.4561874 0.5860603 0.4543913 0.5860603 0.4543913 0.5493749 0.4265804 0.5493749 0.4265804 0.5656851 0.4265803 0.5684132 0.4499284 0.583253 0.4500035 0.583253 0.4500035 0 0 0 0 0 0 0.5493749 0.4337062 0.5656649 0.4337062 0.5656649 0.4337062 0.5833488 0.4143038 0.583341 0.4191268 0.583341 0.4191268 0.5683974 0.4491147 0.5683974 0.4491147 0.5832694 0.4491145 0 0 0 0 0 0 0.5924942 0.4561874 0.5924942 0.4561874 0.5860599 0.455105 0.5859714 0.4207177 0.5859714 0.4207177 0.5859819 0.42658 0.5683808 0.4404902 0.5683808 0.4404902 0.5683974 0.4491147 0 0 0 0 0 0 0.5493749 0.4331166 0.5493749 0.4331166 0.5656695 0.4331164 0.5833345 0.4207177 0.5833239 0.4265801 0.5833239 0.4265801 0.5656467 0.4404901 0.56563 0.4491149 0.56563 0.4491149 0.568318 0.4143037 0.568318 0.4143037 0.5683259 0.4191269 0.5493749 0.452008 0.5493749 0.452008 0.5656019 0.4527036 0.5493749 0.4404898 0.5656467 0.4404901 0.5656467 0.4404901 0.5859865 0.427245 0.5859865 0.427245 0.5859972 0.4331162 0.5860194 0.4404905 0.5860194 0.4404905 0.5860361 0.4491142 0.5493749 0.4524295 0.5655736 0.4531961 0.5655736 0.4531961 0.5833193 0.4272449 0.5833085 0.4331163 0.5833085 0.4331163 0.5832861 0.4404904 0.5832694 0.4491145 0.5832694 0.4491145 0.5859568 0.414304 0.5859568 0.414304 0.5859646 0.4191266 0.5832166 0.4540774 0.5684496 0.4528567 0.5684496 0.4528567 0.5493749 0.4397184 0.5493749 0.4397184 0.5656532 0.4397184 0.5860021 0.4337064 0.5860021 0.4337064 0.586014 0.4397181 0.5684344 0.4561874 0.5684551 0.4534015 0.5684551 0.4534015 0.5832161 0.4547265 0.5832161 0.4547265 0.5684551 0.4534015 0.5833036 0.4337062 0.5832918 0.4397182 0.5832918 0.4397182 0.6753731 0.5 0.6949682 0.5 0.6949682 0.5067127 0.5363299 0.5 0.549375 0.5 0.549375 0.5067127 0.549375 0.5 0.6022918 0.5 0.6022918 0.5067127 0.6949682 0.5 0.7145633 0.5 0.7145633 0.5067126 0.6366246 0.5 0.6688126 0.5 0.6688126 0.5067127 0.4308828 0.5 0.4308828 0.5067126 0.4177284 0.5067127 0.1808134 0.3614521 0.2134829 0.3600304 0.2144193 0.3620837 0.4859086 0.3415258 0.4990629 0.3415258 0.4990629 0.3482385 0.4990629 0.3415258 0.5253716 0.3415258 0.5253716 0.3482385 0.375 0.5 0.4177284 0.5 0.4177284 0.5067127 0.2134829 0.3600304 0.2461523 0.3586087 0.2470887 0.360662 0.6022918 0.5 0.625 0.5 0.625 0.5067127 0.7145633 0.5 0.75 0.5 0.75 0.5067127 0.6753731 0.5 0.6753731 0.5067126 0.6688126 0.5067127 0.625 0.5 0.6366246 0.5 0.6366246 0.5067127 0.5354494 0.2848373 0.5470739 0.2847989 0.5471489 0.307507 0.5354795 0.2939373 0.5354494 0.2848373 0.5413981 0.3075261 0.625 0.5255149 0.625 0.5306943 0.6022918 0.5306943 0.375 0.5255149 0.4177284 0.5255149 0.4177284 0.5306943 0.4963116 0.3587868 0.5226203 0.3587868 0.5226203 0.3639662 0.4308828 0.5255149 0.4440371 0.5255149 0.4440371 0.5306943 0.5556123 0.3587868 0.5556123 0.3639662 0.5226203 0.3639662 0.4177284 0.5255149 0.4308828 0.5255149 0.4308828 0.5306943 0.3150287 0.3635708 0.3157511 0.3651551 0.2633517 0.3674354 0.549375 0.5255149 0.5493749 0.5306943 0.5363299 0.5306943 0.6022918 0.5478437 0.625 0.5478438 0.625 0.5590083 0.2018182 0.5319553 0.204587 0.5374758 0.2032042 0.5381693 0.7246144 0.5081275 0.7286034 0.4972087 0.73909 0.5010399 0.7581272 0.5223161 0.7497699 0.5176749 0.7554137 0.5075122 0.7497699 0.5176749 0.7414125 0.5130336 0.7470564 0.502871 0.7414125 0.5130336 0.7330553 0.5083925 0.738699 0.4982299 0.265744 0.3726811 0.3181436 0.3704008 0.319701 0.3738158 0.2528265 0.3732432 0.265744 0.3726811 0.2673015 0.3760961 0.625 0.5306943 0.625 0.5392409 0.6022918 0.539241 0.1975651 0.5234754 0.1996847 0.5277014 0.1983019 0.5283949 0.1985748 0.505256 0.2101994 0.5052561 0.2101994 0.5138027 0.1916176 0.5116171 0.1957477 0.5095457 0.1980792 0.5141942 0.2470887 0.360662 0.2600063 0.3600999 0.2613177 0.3629755 0.2600063 0.3600999 0.3124057 0.3578196 0.3137172 0.3606952 0.1957477 0.5095457 0.1998778 0.5074743 0.2022093 0.5121228 0.1902348 0.5123106 0.1925663 0.5169592 0.185782 0.5203619 0.4308828 0.5067126 0.4308828 0.5161138 0.4177284 0.5161138 0.5253716 0.3482385 0.5583636 0.3482385 0.5583636 0.3576396 0.4859085 0.3482384 0.4990629 0.3482385 0.4990628 0.3576396 0.5144702 0.3730001 0.5407788 0.3730001 0.5407788 0.3824012 0.375 0.5067127 0.4177284 0.5067127 0.4177284 0.5161138 0.2144193 0.3620837 0.2470887 0.360662 0.2484002 0.3635376 0.6022918 0.5067127 0.625 0.5067127 0.625 0.5161138 0.1998778 0.5074743 0.2073469 0.5037282 0.2096784 0.5083767 0.1916176 0.5116171 0.1939491 0.5162657 0.1925663 0.5169592 0.1810004 0.5169422 0.1834505 0.5157133 0.185782 0.5203619 0.5493749 0.6816654 0.6022918 0.6816653 0.6022918 0.6816653 0.5363299 0.7199037 0.5033378 0.7199037 0.5033378 0.7199037 0.4308827 0.6816652 0.4308827 0.6816652 0.4177284 0.6816653 0.5493749 0.6816654 0.5493749 0.6816654 0.5363299 0.6816654 0.4308828 0.7199037 0.4177284 0.7199037 0.4177284 0.7199037 0.4703458 0.7199037 0.4440371 0.7199037 0.4440371 0.7199037 0.5398916 0.3746996 0.5275024 0.3746997 0.5275024 0.3746997 0.4440371 0.6816652 0.4440371 0.6816652 0.4308827 0.6816652 0.5416562 0.3842344 0.5086642 0.3842344 0.5086642 0.3842344 0.5033379 0.6816653 0.5033379 0.6816653 0.4703459 0.6816653 0.6250001 0.6816654 0.6250001 0.6816654 0.6022918 0.6816653 0.5363299 0.6816654 0.5363299 0.6816654 0.5033379 0.6816653 0.4915148 0.3746997 0.4915148 0.3746997 0.498632 0.3746997 0.4440371 0.7199037 0.4308828 0.7199037 0.4308828 0.7199037 0.4177284 0.7199037 0.375 0.7199037 0.375 0.7199037 0.5398916 0.36514 0.5398916 0.3746996 0.5398916 0.3746996 0.5275024 0.3746997 0.498632 0.3746997 0.498632 0.3746997 0.5398916 0.3460209 0.5398916 0.3460209 0.5398916 0.3364613 0.4177284 0.6816653 0.4177284 0.6816653 0.375 0.6816653 0.5398916 0.3555804 0.5398916 0.36514 0.5398916 0.36514 0.4308827 0.6816652 0.4308827 0.6816652 0.4177284 0.6816653 0.4177284 0.7199037 0.375 0.7199037 0.375 0.7199037 0.6250001 0.6816654 0.6250001 0.6816654 0.6022918 0.6816653 0.5363299 0.7199037 0.5363299 0.7199037 0.5493749 0.7199037 0.4177284 0.6816653 0.4177284 0.6816653 0.375 0.6816653 0.625 0.7199037 0.6022918 0.7199037 0.6022918 0.7199037 0.625 0.6912249 0.625 0.6912249 0.6250001 0.6816654 0.4308828 0.7199037 0.4177284 0.7199037 0.4177284 0.7199037 0.6022918 0.6816653 0.6022918 0.6816653 0.5493749 0.6816654 0.4703459 0.6816653 0.4703459 0.6816653 0.4440371 0.6816652 0.5493749 0.6816654 0.5493749 0.6816654 0.5363299 0.6816654 0.6022918 0.7199037 0.5493749 0.7199037 0.5493749 0.7199037 0.4440371 0.7199037 0.4308828 0.7199037 0.4308828 0.7199037 0.4703458 0.7199037 0.4440371 0.7199037 0.4440371 0.7199037 0.5398916 0.36514 0.5398916 0.3746996 0.5398916 0.3746996 0.5033379 0.6816653 0.5033379 0.6816653 0.4703459 0.6816653 0.5033378 0.7199037 0.4703458 0.7199037 0.4703458 0.7199037 0.625 0.7007845 0.625 0.710344 0.625 0.710344 0.5363299 0.7199037 0.5033378 0.7199037 0.5033378 0.7199037 0.5363299 0.6816654 0.5363299 0.6816654 0.5033379 0.6816653 0.625 0.7007845 0.625 0.7007845 0.625 0.6912249 0.4440371 0.6816652 0.4440371 0.6816652 0.4308827 0.6816652 0.4440371 0.6816652 0.4440371 0.6816652 0.4308827 0.6816652 0.4308827 0.6816652 0.4308827 0.6816652 0.4177284 0.6816653 0.375 0.7199037 0.375 0.7199037 0.4177284 0.7199037 0.6250001 0.6816654 0.6250001 0.6816654 0.6022918 0.6816653 0.5363299 0.7199037 0.5363299 0.7199037 0.5493749 0.7199037 0.4177284 0.6816653 0.4177284 0.6816653 0.375 0.6816653 0.6022918 0.7199037 0.6022918 0.7199037 0.625 0.7199037 0.625 0.6912249 0.625 0.6912249 0.6250001 0.6816654 0.4177284 0.7199037 0.4177284 0.7199037 0.4308828 0.7199037 0.6022918 0.6816653 0.6022918 0.6816653 0.5493749 0.6816654 0.4703459 0.6816653 0.4703459 0.6816653 0.4440371 0.6816652 0.5493749 0.6816654 0.5493749 0.6816654 0.5363299 0.6816654 0.5493749 0.7199037 0.5493749 0.7199037 0.6022918 0.7199037 0.4308828 0.7199037 0.4308828 0.7199037 0.4440371 0.7199037 0.4440371 0.7199037 0.4440371 0.7199037 0.4703458 0.7199037 0.625 0.7199037 0.625 0.7199037 0.625 0.710344 0.5033379 0.6816653 0.5033379 0.6816653 0.4703459 0.6816653 0.4703458 0.7199037 0.4703458 0.7199037 0.5033378 0.7199037 0.625 0.710344 0.625 0.710344 0.625 0.7007845 0.5033378 0.7199037 0.5033378 0.7199037 0.5363299 0.7199037 0.5363299 0.6816654 0.5363299 0.6816654 0.5033379 0.6816653 0.625 0.7007845 0.625 0.7007845 0.625 0.6912249 0.5895925 0.6866468 0.5895925 0.6866468 0.5566005 0.6866466 0.6158036 0.6797094 0.6158036 0.6797094 0.6158036 0.6746079 0.4440371 0.6816652 0.4440371 0.6816652 0.4308827 0.6816652 0.4308827 0.6816652 0.4308827 0.6816652 0.4177284 0.6816653 0.4177284 0.7199037 0.375 0.7199037 0.375 0.7199037 0.6250001 0.6816654 0.6250001 0.6816654 0.6022918 0.6816653 0.5271335 0.6899126 0.5271335 0.6899126 0.5401785 0.6899126 0.4177284 0.6816653 0.4177284 0.6816653 0.375 0.6816653 0.5930954 0.6899126 0.5930954 0.6899126 0.6158036 0.6899125 0.6158036 0.6746079 0.6158036 0.6746079 0.6158037 0.6695063 0.4308828 0.7199037 0.4177284 0.7199037 0.4177284 0.7199037 0.6022918 0.6816653 0.6022918 0.6816653 0.5493749 0.6816654 0.4703459 0.6816653 0.4703459 0.6816653 0.4440371 0.6816652 0.6026375 0.6866468 0.6026375 0.6866468 0.5895925 0.6866468 0.5401785 0.6899126 0.5401785 0.6899126 0.5930954 0.6899126 0.4440371 0.7199037 0.4308828 0.7199037 0.4308828 0.7199037 0.4703458 0.7199037 0.4440371 0.7199037 0.4440371 0.7199037 0.6158036 0.6899125 0.6158036 0.6899125 0.6158036 0.6848109 0.5566005 0.6866466 0.5566005 0.6866466 0.5236085 0.6866467 0.5569454 0.6858003 0.5569454 0.6858003 0.5899374 0.6858003 0.6158036 0.6848109 0.6158036 0.6848109 0.6158036 0.6797094 0.5033378 0.7199037 0.5033378 0.7199037 0.5363299 0.7199037 0.6022918 0.7199037 0.6022918 0.7199037 0.625 0.7199037 0.4440371 0.5306943 0.4440371 0.5306943 0.4308828 0.5306943 0.4703459 0.5306943 0.4703459 0.5306943 0.4440371 0.5306943 0.5363299 0.5306943 0.5363299 0.5306943 0.5033379 0.5306943 0.5493749 0.6816654 0.5493749 0.6816654 0.5363299 0.6816654 0.5363299 0.5590082 0.5363299 0.5590082 0.5363298 0.5478437 0.6022918 0.6816653 0.6022918 0.6816653 0.5493749 0.6816654 0.4440371 0.5701727 0.4440371 0.5701727 0.4703458 0.5701727 0.4440371 0.7199037 0.4440371 0.7199037 0.4703458 0.7199037 0.4177284 0.5701727 0.4177284 0.5701727 0.4308828 0.5701727 0.5493749 0.7199037 0.5493749 0.7199037 0.6022918 0.7199037 0 0 0 0 0 0 0.4703458 0.7199037 0.4703458 0.7199037 0.5033378 0.7199037 0.625 0.7199037 0.625 0.7199037 0.625 0.710344 0.5363299 0.5392408 0.5363299 0.5392408 0.5363299 0.5306943 0.5363299 0.6816654 0.5363299 0.6816654 0.5033379 0.6816653 0.625 0.710344 0.625 0.710344 0.625 0.7007845 0.5363298 0.5478437 0.5363298 0.5478437 0.5363299 0.5392408 0.4308828 0.5701727 0.4308828 0.5701727 0.4440371 0.5701727 0.4308827 0.6816652 0.4308827 0.6816652 0.4177284 0.6816653 0.625 0.7007845 0.625 0.7007845 0.625 0.6912249 0.5363299 0.7199037 0.5363299 0.7199037 0.5493749 0.7199037 0.625 0.6912249 0.625 0.6912249 0.6250001 0.6816654 0.4703459 0.6816653 0.4703459 0.6816653 0.4440371 0.6816652 0.5033379 0.5701727 0.5033379 0.5701727 0.5363299 0.5701727 0.4177284 0.5306943 0.4177284 0.5306943 0.375 0.5306943 0.4308828 0.7199037 0.4308828 0.7199037 0.4440371 0.7199037 0.5033379 0.6816653 0.5033379 0.6816653 0.4703459 0.6816653 0.4703458 0.5701727 0.4703458 0.5701727 0.5033379 0.5701727 0.4440371 0.5306943 0.4440371 0.5306943 0.4308828 0.5306943 0.5033378 0.7199037 0.5033378 0.7199037 0.5363299 0.7199037 0.375 0.7199037 0.375 0.7199037 0.4177284 0.7199037 0.4440371 0.6816652 0.4440371 0.6816652 0.4308827 0.6816652 0.375 0.5701727 0.375 0.5701727 0.4177284 0.5701727 0.4177284 0.6816653 0.4177284 0.6816653 0.375 0.6816653 0.5033379 0.5306943 0.5033379 0.5306943 0.4703459 0.5306943 0.6250001 0.6816654 0.6250001 0.6816654 0.6022918 0.6816653 0.5363299 0.5701727 0.5363299 0.5701727 0.5363299 0.5590082 0.4177284 0.7199037 0.4177284 0.7199037 0.4308828 0.7199037 0.4308828 0.5306943 0.4308828 0.5306943 0.4177284 0.5306943 0 0 0 0 0 0 0.625 0.7007845 0.625 0.7007845 0.625 0.6912249 0.5363299 0.7199037 0.5363299 0.7199037 0.5493749 0.7199037 0.5033379 0.5306943 0.5033379 0.5306943 0.4703459 0.5306943 0 0 0 0 0 0 0.625 0.6912249 0.625 0.6912249 0.6250001 0.6816654 0.4308828 0.5306943 0.4308828 0.5306943 0.4177284 0.5306943 0.4703459 0.6816653 0.4703459 0.6816653 0.4440371 0.6816652 0.5363299 0.5701727 0.5363299 0.5701727 0.5363299 0.5590082 0.4440371 0.5701727 0.4440371 0.5701727 0.4703458 0.5701727 0.4308828 0.7199037 0.4308828 0.7199037 0.4440371 0.7199037 0.5363299 0.5306943 0.5363299 0.5306943 0.5033379 0.5306943 0.5363299 0.5590082 0.5363299 0.5590082 0.5363298 0.5478437 0.5033379 0.6816653 0.5033379 0.6816653 0.4703459 0.6816653 0.5363299 0.5392408 0.5363299 0.5392408 0.5363299 0.5306943 0.5033379 0.5701727 0.5033379 0.5701727 0.5363299 0.5701727 0.5033378 0.7199037 0.5033378 0.7199037 0.5363299 0.7199037 0.375 0.7199037 0.375 0.7199037 0.4177284 0.7199037 0.4308828 0.5701727 0.4308828 0.5701727 0.4440371 0.5701727 0.4440371 0.6816652 0.4440371 0.6816652 0.4308827 0.6816652 0.4177284 0.6816653 0.4177284 0.6816653 0.375 0.6816653 0.5363298 0.5478437 0.5363298 0.5478437 0.5363299 0.5392408 0.6250001 0.6816654 0.6250001 0.6816654 0.6022918 0.6816653 0.4177284 0.7199037 0.4177284 0.7199037 0.4308828 0.7199037 0.375 0.5701727 0.375 0.5701727 0.4177284 0.5701727 0.6022918 0.7199037 0.6022918 0.7199037 0.625 0.7199037 0.5493749 0.6816654 0.5493749 0.6816654 0.5363299 0.6816654 0.4177284 0.5701727 0.4177284 0.5701727 0.4308828 0.5701727 0.6022918 0.6816653 0.6022918 0.6816653 0.5493749 0.6816654 0.4440371 0.7199037 0.4440371 0.7199037 0.4703458 0.7199037 0.4177284 0.5306943 0.4177284 0.5306943 0.375 0.5306943 0.5493749 0.7199037 0.5493749 0.7199037 0.6022918 0.7199037 0.4703458 0.7199037 0.4703458 0.7199037 0.5033378 0.7199037 0.4703458 0.5701727 0.4703458 0.5701727 0.5033379 0.5701727 0.625 0.7199037 0.625 0.7199037 0.625 0.710344 0.5363299 0.6816654 0.5363299 0.6816654 0.5033379 0.6816653 0.4703459 0.5306943 0.4703459 0.5306943 0.4440371 0.5306943 0.625 0.710344 0.625 0.710344 0.625 0.7007845 0.4308827 0.6816652 0.4308827 0.6816652 0.4177284 0.6816653 0.4703459 0.6816653 0.4703459 0.6816653 0.4440371 0.6816652 0.625 0.6912249 0.625 0.6912249 0.6250001 0.6816654 0.4308828 0.5306943 0.4308828 0.5306943 0.4177284 0.5306943 0.4703459 0.6816653 0.4703459 0.6816653 0.4440371 0.6816652 0.5363299 0.5701727 0.5363299 0.5701727 0.5363299 0.5590082 0.4440371 0.5701727 0.4440371 0.5701727 0.4703458 0.5701727 0.4308828 0.7199037 0.4308828 0.7199037 0.4440371 0.7199037 0.5363299 0.5306943 0.5363299 0.5306943 0.5033379 0.5306943 0.5363299 0.5590082 0.5363299 0.5590082 0.5363298 0.5478437 0.5033379 0.6816653 0.5033379 0.6816653 0.4703459 0.6816653 0.5363299 0.5392408 0.5363299 0.5392408 0.5363299 0.5306943 0.5033379 0.5701727 0.5033379 0.5701727 0.5363299 0.5701727 0.5033378 0.7199037 0.5033378 0.7199037 0.5363299 0.7199037 0.375 0.7199037 0.375 0.7199037 0.4177284 0.7199037 0.4308828 0.5701727 0.4308828 0.5701727 0.4440371 0.5701727 0.4440371 0.6816652 0.4440371 0.6816652 0.4308827 0.6816652 0.4177284 0.6816653 0.4177284 0.6816653 0.375 0.6816653 0.5363298 0.5478437 0.5363298 0.5478437 0.5363299 0.5392408 0.6250001 0.6816654 0.6250001 0.6816654 0.6022918 0.6816653 0.4177284 0.7199037 0.4177284 0.7199037 0.4308828 0.7199037 0.375 0.5701727 0.375 0.5701727 0.4177284 0.5701727 0.6022918 0.7199037 0.6022918 0.7199037 0.625 0.7199037 0.5493749 0.6816654 0.5493749 0.6816654 0.5363299 0.6816654 0.4177284 0.5701727 0.4177284 0.5701727 0.4308828 0.5701727 0.6022918 0.6816653 0.6022918 0.6816653 0.5493749 0.6816654 0.4440371 0.7199037 0.4440371 0.7199037 0.4703458 0.7199037 0.4177284 0.5306943 0.4177284 0.5306943 0.375 0.5306943 0.5493749 0.7199037 0.5493749 0.7199037 0.6022918 0.7199037 0.4703458 0.7199037 0.4703458 0.7199037 0.5033378 0.7199037 0.4703458 0.5701727 0.4703458 0.5701727 0.5033379 0.5701727 0.625 0.7199037 0.625 0.7199037 0.625 0.710344 0.5363299 0.6816654 0.5363299 0.6816654 0.5033379 0.6816653 0.4703459 0.5306943 0.4703459 0.5306943 0.4440371 0.5306943 0.625 0.710344 0.625 0.710344 0.625 0.7007845 0.4308827 0.6816652 0.4308827 0.6816652 0.4177284 0.6816653 0.4440371 0.5306943 0.4440371 0.5306943 0.4308828 0.5306943 0.625 0.7007845 0.625 0.7007845 0.625 0.6912249 0.5363299 0.7199037 0.5363299 0.7199037 0.5493749 0.7199037 0.5033379 0.5306943 0.5033379 0.5306943 0.4703459 0.5306943 0.4177284 0.7199037 0.375 0.7199037 0.4177284 0.6816653 0.375 0.7199037 0.375 0.6816653 0.4177284 0.6816653 0.4177284 0.6816653 0.4308827 0.6816652 0.4440371 0.7199037 0.4308827 0.6816652 0.4440371 0.6816652 0.4703459 0.6816653 0.4440371 0.7199037 0.4308828 0.7199037 0.4177284 0.7199037 0.5033378 0.7199037 0.4703458 0.7199037 0.4440371 0.7199037 0.6022918 0.7199037 0.5493749 0.7199037 0.5363299 0.7199037 0.5363299 0.7199037 0.5033378 0.7199037 0.625 0.710344 0.5033378 0.7199037 0.4440371 0.7199037 0.625 0.7007845 0.625 0.710344 0.5033378 0.7199037 0.625 0.7007845 0.4440371 0.7199037 0.4177284 0.7199037 0.4177284 0.6816653 0.4308827 0.6816652 0.4703459 0.6816653 0.4440371 0.7199037 0.4703459 0.6816653 0.5033379 0.6816653 0.5363299 0.6816654 0.5363299 0.6816654 0.5493749 0.6816654 0.6250001 0.6816654 0.5493749 0.6816654 0.6022918 0.6816653 0.6250001 0.6816654 0.5363299 0.6816654 0.6250001 0.6816654 0.625 0.6912249 0.625 0.6912249 0.625 0.7007845 0.5363299 0.6816654 0.5363299 0.6816654 0.625 0.7007845 0.4440371 0.7199037 0.625 0.710344 0.625 0.7199037 0.5363299 0.7199037 0.625 0.7199037 0.6022918 0.7199037 0.5363299 0.7199037 0.5363299 0.5701727 0.5363299 0.5701727 0.5363299 0.5590082 0.4440371 0.5701727 0.4440371 0.5701727 0.4703458 0.5701727 0.4308828 0.7199037 0.4308828 0.7199037 0.4440371 0.7199037 0.5363299 0.5306943 0.5363299 0.5306943 0.5033379 0.5306943 0.5363299 0.5590082 0.5363299 0.5590082 0.5363298 0.5478437 0.5033379 0.6816653 0.5033379 0.6816653 0.4703459 0.6816653 0.5363299 0.5392408 0.5363299 0.5392408 0.5363299 0.5306943 0.5033379 0.5701727 0.5033379 0.5701727 0.5363299 0.5701727 0.5033378 0.7199037 0.5033378 0.7199037 0.5363299 0.7199037 0.375 0.7199037 0.375 0.7199037 0.4177284 0.7199037 0.4308828 0.5701727 0.4308828 0.5701727 0.4440371 0.5701727 0.4440371 0.6816652 0.4440371 0.6816652 0.4308827 0.6816652 0.4177284 0.6816653 0.4177284 0.6816653 0.375 0.6816653 0.5363298 0.5478437 0.5363298 0.5478437 0.5363299 0.5392408 0.6250001 0.6816654 0.6250001 0.6816654 0.6022918 0.6816653 0.4177284 0.7199037 0.4177284 0.7199037 0.4308828 0.7199037 0.375 0.5701727 0.375 0.5701727 0.4177284 0.5701727 0.6022918 0.7199037 0.6022918 0.7199037 0.625 0.7199037 0.5493749 0.6816654 0.5493749 0.6816654 0.5363299 0.6816654 0.4177284 0.5701727 0.4177284 0.5701727 0.4308828 0.5701727 0.6022918 0.6816653 0.6022918 0.6816653 0.5493749 0.6816654 0.4440371 0.7199037 0.4440371 0.7199037 0.4703458 0.7199037 0.4177284 0.5306943 0.4177284 0.5306943 0.375 0.5306943 0.5493749 0.7199037 0.5493749 0.7199037 0.6022918 0.7199037 0.4703458 0.7199037 0.4703458 0.7199037 0.5033378 0.7199037 0.4703458 0.5701727 0.4703458 0.5701727 0.5033379 0.5701727 0.625 0.7199037 0.625 0.7199037 0.625 0.710344 0.5363299 0.6816654 0.5363299 0.6816654 0.5033379 0.6816653 0.4703459 0.5306943 0.4703459 0.5306943 0.4440371 0.5306943 0.625 0.710344 0.625 0.710344 0.625 0.7007845 0.4308827 0.6816652 0.4308827 0.6816652 0.4177284 0.6816653 0.4440371 0.5306943 0.4440371 0.5306943 0.4308828 0.5306943 0.625 0.7007845 0.625 0.7007845 0.625 0.6912249 0.5363299 0.7199037 0.5363299 0.7199037 0.5493749 0.7199037 0.5033379 0.5306943 0.5033379 0.5306943 0.4703459 0.5306943 0 0 0 0 0 0 0.625 0.6912249 0.625 0.6912249 0.6250001 0.6816654 0.4308828 0.5306943 0.4308828 0.5306943 0.4177284 0.5306943 0.4177284 0.5306943 0.4308828 0.5306943 0.4308828 0.5306943 0.375 0.5701727 0.375 0.5701727 0.4177284 0.5701727 0.5363299 0.5590082 0.5363299 0.5701727 0.5363299 0.5701727 0.4177284 0.5701727 0.4177284 0.5701727 0.4308828 0.5701727 0.3842681 0.4934516 0.3842681 0.4934516 0.3697438 0.4934517 0.375 0.5306943 0.4177284 0.5306943 0.4177284 0.5306943 0.4440371 0.5701727 0.4440371 0.5701727 0.4703458 0.5701727 0.5363299 0.5392408 0.5363299 0.5392408 0.5363299 0.5306943 0.4703458 0.5701727 0.4703458 0.5701727 0.5033379 0.5701727 0.5363299 0.5590082 0.5363299 0.5590082 0.5363298 0.5478437 0.4440371 0.5306943 0.4703459 0.5306943 0.4703459 0.5306943 0.5033379 0.5701727 0.5033379 0.5701727 0.5363299 0.5701727 0.4308828 0.5306943 0.4440371 0.5306943 0.4440371 0.5306943 0.4308828 0.5701727 0.4308828 0.5701727 0.4440371 0.5701727 0.3552196 0.4934516 0.3697438 0.4934517 0.3697438 0.4934517 0.5363298 0.5478437 0.5363298 0.5478437 0.5363299 0.5392408 0.3842681 0.5064815 0.3842681 0.5116193 0.3842681 0.5116193 0.4308828 0.5701727 0.4177284 0.5701727 0.4177284 0.5701727 0.3697438 0.4934517 0.3842681 0.4934516 0.3842681 0.4934516 0.4177284 0.5306943 0.4177284 0.5306943 0.375 0.5306943 0.3552196 0.5116193 0.3436376 0.5116193 0.3436376 0.5116193 0.3842681 0.4934516 0.3842681 0.4973847 0.3842681 0.4973847 0.3697439 0.5116193 0.3552196 0.5116193 0.3552196 0.5116193 0.3842681 0.5013437 0.3842681 0.5064815 0.3842681 0.5064815 0.3552196 0.4934516 0.3552196 0.4934516 0.3436376 0.4934517 0.3842681 0.5116193 0.3697439 0.5116193 0.3697439 0.5116193 0.3436376 0.4934517 0.3436376 0.4934517 0.3378465 0.4934516 0.3436376 0.5116193 0.3378466 0.5116193 0.3378466 0.5116193 0.3552196 0.4934516 0.3697438 0.4934517 0.3697438 0.4934517 0.3842681 0.4973847 0.3842681 0.5013437 0.3842681 0.5013437 0.4308828 0.5306943 0.4308828 0.5306943 0.4177284 0.5306943 0.4177284 0.5701727 0.375 0.5701727 0.375 0.5701727 0.3552196 0.5116193 0.3436376 0.5116193 0.3842681 0.5064815 0.3436376 0.5116193 0.3378466 0.5116193 0.3320556 0.4934516 0.3842681 0.5064815 0.3320556 0.4934516 0.3378465 0.4934516 0.3320556 0.5116193 0.313245 0.5116193 0.313245 0.4934517 0.3320556 0.4934516 0.3842681 0.5064815 0.3436376 0.5116193 0.3378466 0.5116193 0.3320556 0.5116193 0.313245 0.4934517 0.3842681 0.5116193 0.3697439 0.5116193 0.3842681 0.5064815 0.3697439 0.5116193 0.3552196 0.5116193 0.3842681 0.5064815 0.3842681 0.5013437 0.3842681 0.5064815 0.3378465 0.4934516 0.3842681 0.4934516 0.3842681 0.4973847 0.3436376 0.4934517 0.3842681 0.4973847 0.3842681 0.5013437 0.3436376 0.4934517 0.3436376 0.4934517 0.3842681 0.5013437 0.3378465 0.4934516 0.3552196 0.4934516 0.3697438 0.4934517 0.3842681 0.4934516 0.3436376 0.4934517 0.3552196 0.4934516 0.3842681 0.4934516 0.375 0.8003732 0.375 0.875 0 0 0.375 0.875 0.375 0.375 0.375 0.6816653 0.375 0.6816653 0.375 0.375 0.375 0.5701727 0.375 0.4104368 0.375 0.4412353 0.375 0.5306943 0.375 0.375 0.375 0.4104368 0.375 0.5306943 0.375 0.5701727 0.375 0.375 0.375 0.5306943 0.375 0.75 0.375 0.7616246 0.375 0.8003732 0.375 0.7412745 0.375 0.75 0.375 0.8003732 0 0 0.375 0.875 0.375 0.6816653 0.375 0.7199037 0.375 0.7412745 0 0 0.375 0.7412745 0.375 0.8003732 0 0 0.375 0.6720401 0.375 0.6816653 0.375 0.6816653 0.375 0.6816653 0.375 0.6816653 0.375 0.6816653 0.375 0.6816653 0.375 0.6816653 0.375 0.6816653 0.375 0.5819579 0.375 0.5987429 0.375 0.5701727 0.375 0.5987429 0.375 0.627313 0.375 0.5701727 0.375 0.7199037 0.375 0.7199037 0.375 0.7199037 0 0 0.375 0.7199037 0.375 0.7199037 0.375 0.7199037 0.375 0.7199037 0.375 0.7199037 0.375 0.6816653 0.375 0.5701727 0.375 0.627313 0.375 0.5701727 0.375 0.5701727 0.375 0.5819579 0.375 0.6816653 0.375 0.6816653 0.375 0.6816653 0.375 0.6608859 0.375 0.6720401 0.375 0.6816653 0.375 0.6440995 0.375 0.6608859 0.375 0.6816653 0.375 0.627313 0.375 0.6440995 0.375 0.6816653 0.375 0.5701727 0.375 0.5701727 0.375 0.5701727 0.375 0.5819579 0.375 0.5701727 0.375 0.5701727 0.375 0.5701727 0.375 0.5701727 0.375 0.5701727 0.375 0.5701727 0.375 0.5701727 0.375 0.5701727 0.375 0.4412353 0.4177285 0.4381914 0.4177285 0.4496269 0.375 0.5306943 0.375 0.5306943 0.375 0.5255149 0.375 0.5306943 0.375 0.4412353 0.375 0.4496269 0.375 0.4883754 0.375 0.5306943 0.375 0.4496269 0.375 0.4496269 0.375 0.4561875 0.375 0.4883754 0.375 0.4883754 0.375 0.5 0.375 0.5067127 0.375 0.5306943 0.375 0.4883754 0.375 0.5161137 0.375 0.4883754 0.375 0.5067127 0.375 0.5161137 0.375 0.5306943 0.375 0.5161137 0.375 0.5255149 0.375 0.5306943 0.375 0.5255149 0.375 0.5306943 0.375 0.5306943 0.375 0.5306943 0.375 0.5306943 0.375 0.5306943 0.375 0.5306943 0.375 0.5306943 0.375 0.5306943 0.375 0.5306943 0.375 0.5306943 0.625 0 0.625 0.25 0.5 0.25 0.625 0.25 0.625 0.5 0.5 0.5 0.625 0.5 0.625 0.75 0.5 0.75 0.5 0.75 0.625 0.75 0.625 1 0.375 0.5 0.375 0.75 0.125 0.75 0.875 0.5 0.875 0.75 0.625 0.75 0.5 0.75 0.5 1 0.375 1 0.5 0.5 0.5 0.75 0.375 0.75 0.375 0.25 0.5 0.25 0.5 0.5 0.5 0 0.5 0.25 0.375 0.25 0.625 0.25 0.625 0.5 0.375 0.5 0.625 0.5 0.625 0.75 0.375 0.75 0.625 0.75 0.625 1 0.375 1 0.375 0.5 0.375 0.75 0.125 0.75 0.875 0.5 0.875 0.75 0.625 0.75 0.625 0.25 0.625 0.5 0.375 0.5 0.375 0.5 0.625 0.5 0.625 0.75 0.625 0.75 0.625 1 0.375 1 0.375 0.5 0.375 0.75 0.125 0.75 0.875 0.5 0.875 0.75 0.625 0.75 0.375 0.25 0.625 0.25 0.625 0.5 0.375 0.5 0.625 0.5 0.625 0.75 0.625 0.75 0.625 1 0.375 1 0.375 0.5 0.375 0.75 0.125 0.75 0.875 0.5 0.875 0.75 0.625 0.75 0.625 0.25 0.625 0.5 0.375 0.5 0.375 0.5 0.625 0.5 0.625 0.75 0.625 0.75 0.625 1 0.375 1 0.375 0.5 0.375 0.75 0.125 0.75 0.875 0.5 0.875 0.75 0.625 0.75 0.625 0.25 0.625 0.5 0.375 0.5 0.625 0.5 0.625 0.75 0.375 0.75 0.625 0.75 0.625 1 0.375 1 0.375 0.5 0.375 0.75 0.125 0.75 0.875 0.5 0.875 0.75 0.625 0.75 0.625 0.25 0.625 0.5 0.375 0.5 0.375 0.5 0.625 0.5 0.625 0.75 0.625 0.75 0.625 1 0.375 1 0.375 0.5 0.375 0.75 0.125 0.75 0.875 0.5 0.875 0.75 0.625 0.75 0.5005609 0.5639176 0.5007144 0.5463059 0.5468347 0.5434052 0.3810186 0.6093411 0.4162452 0.6054893 0.4174588 0.6165876 0.5983093 0.5550939 0.5983094 0.5386252 0.6092 0.5554102 0.5983094 0.5386252 0.6304974 0.5386252 0.6092 0.5554102 0.3763561 0.5667008 0.4115828 0.5628489 0.4126046 0.5721943 0.6273044 0.5576061 0.6273045 0.5661528 0.5951164 0.5661528 0.3779409 0.581195 0.37887 0.589691 0.359391 0.5918208 0.4140966 0.585839 0.4150317 0.5943909 0.379805 0.5982428 0.5165107 0.6182984 0.5005609 0.5639176 0.5477721 0.547109 0.3389831 0.5854548 0.3584619 0.5833248 0.359391 0.5918208 0.5983094 0.6007668 0.6304974 0.6007668 0.6304973 0.6175532 0.6020123 0.5581399 0.6011492 0.5858049 0.593748 0.5858049 0.6273045 0.5661528 0.6273046 0.5747557 0.5951164 0.5747556 0.6273046 0.5859201 0.6273045 0.5970845 0.5951164 0.5970845 0.6092975 0.6178389 0.5734608 0.6264209 0.5477721 0.547109 0.37887 0.589691 0.379805 0.5982428 0.3603261 0.6003727 0.356877 0.5688306 0.3763561 0.5667008 0.3773779 0.5760462 0.3615397 0.6114709 0.3810186 0.6093411 0.3822321 0.6204395 0.5874955 0.5588859 0.5477721 0.547109 0.5468347 0.5434052 0.6098312 0.6521432 0.5648598 0.6622306 0.5734608 0.6264209 0.5983094 0.6007668 0.5983093 0.5911812 0.6304974 0.6007668 0.5983093 0.5911812 0.6083055 0.5839803 0.6304974 0.6007668 0.5648598 0.6622306 0.5063667 0.6592192 0.5185958 0.6225777 0.6103009 0.6501573 0.5650155 0.6630566 0.5711422 0.6262409 0.5887766 0.585074 0.6311146 0.5850651 0.629378 0.6112664 0.3615397 0.6114709 0.3627531 0.6225693 0.3432741 0.6246992 0.3373981 0.5709607 0.356877 0.5688306 0.3578989 0.578176 0.359391 0.5918208 0.3603261 0.6003727 0.3408471 0.6025027 0.5874955 0.5588859 0.6311115 0.5580214 0.6311146 0.5850651 0.6091999 0.5554102 0.6304974 0.5554102 0.6304974 0.5839803 0.3773779 0.5760462 0.4126046 0.5721943 0.4131677 0.5773431 0.3603261 0.6003727 0.3615397 0.6114709 0.3420606 0.6136009 0.6273045 0.5524267 0.6273044 0.5576061 0.5951165 0.5576062 0.3578989 0.578176 0.3773779 0.5760462 0.3779409 0.581195 0.33842 0.580306 0.3578989 0.578176 0.3584619 0.5833248 0.379805 0.5982428 0.4150317 0.5943909 0.4162452 0.6054893 0.6273046 0.5747557 0.6273046 0.5859201 0.5951164 0.5859201 0.3603261 0.6003727 0.379805 0.5982428 0.3810186 0.6093411 0.3779409 0.581195 0.4131677 0.5773431 0.4140966 0.585839 0.6022918 0.627313 0.625 0.627313 0.625 0.5987429 0.5332501 0.3177844 0.5332502 0.3315163 0.542627 0.3315163 0.7054808 0.4289364 0.7148576 0.4289364 0.7148576 0.4208689 0.7588816 0.5126547 0.7546013 0.5226032 0.7600052 0.5122734 0.7546013 0.5226032 0.7808455 0.5338947 0.7600052 0.5122734 0.6022918 0.5987429 0.625 0.5987429 0.625 0.5819578 0.7054808 0.4507366 0.7054808 0.4588048 0.7148576 0.4588048 0.7962652 0.5405291 0.8116851 0.5471634 0.8162794 0.5364852 0.6022918 0.6608859 0.625 0.6608859 0.625 0.6440994 0.776943 0.4530478 0.8032517 0.4530478 0.8032516 0.446024 0.776943 0.4200229 0.776943 0.427046 0.8032516 0.427046 0.776943 0.4390003 0.8032516 0.4390003 0.8032516 0.427046 0.8032517 0.4530478 0.8362437 0.4530478 0.8362437 0.446024 0.8032516 0.427046 0.8362436 0.427046 0.8362438 0.4200229 0.8032516 0.4390003 0.8362437 0.4390003 0.8362436 0.427046 0.7185652 0.4507366 0.7185652 0.4588049 0.733605 0.4588048 0.7185652 0.4289364 0.7185652 0.4426684 0.733605 0.4426684 0.5363299 0.627313 0.5493749 0.627313 0.5493748 0.5987427 0.7148576 0.4588048 0.7185652 0.4588049 0.7185652 0.4507366 0.7148576 0.4426684 0.7148576 0.4507367 0.7185652 0.4507366 0.7185652 0.4507366 0.733605 0.4507366 0.733605 0.4426684 0.8032516 0.446024 0.8362437 0.446024 0.8362437 0.4390003 0.776943 0.446024 0.8032516 0.446024 0.8032516 0.4390003 0.6022918 0.6440995 0.625 0.6440994 0.625 0.627313 0.5332502 0.3315163 0.5332502 0.3395845 0.542627 0.3395846 0.7854397 0.5232165 0.7808455 0.5338947 0.7903259 0.5253188 0.7808455 0.5338947 0.7962652 0.5405291 0.7920543 0.5260624 0.7903259 0.5253188 0.7808455 0.5338947 0.7920543 0.5260624 0.6448888 0.599648 0.6475152 0.5987429 0.6366246 0.5984266 0.6466208 0.627313 0.6475151 0.5987429 0.6448888 0.599648 0.6366246 0.6326323 0.6366246 0.6345139 0.6466208 0.627313 0.7437772 0.5052912 0.7391828 0.5159695 0.7588815 0.5126548 0.7391828 0.5159695 0.7546013 0.5226032 0.7588815 0.5126548 0.7336049 0.4208689 0.7185652 0.4208689 0.733605 0.4289364 0.7185652 0.4208689 0.7148576 0.4208689 0.7148576 0.4289364 0.733605 0.4289364 0.7148576 0.4289364 0.7185652 0.4289364 0.5859865 0.427245 0.5859865 0.427245 0.6022918 0.4272451 0 0 0 0 0 0 0.6022918 0.4191265 0.6022918 0.4191265 0.5859646 0.4191266 0.5683133 0.4135513 0.5683073 0.4104368 0.5683073 0.4104368 0.5833239 0.4265801 0.5683428 0.4265802 0.5683428 0.4265802 0 0 0 0 0 0 0.583341 0.4191268 0.583341 0.4191268 0.5683259 0.4191269 0.5683475 0.4272449 0.5683475 0.4272449 0.5833193 0.4272449 0 0 0 0 0 0 0.5657017 0.4191269 0.5657017 0.4191269 0.5493749 0.4191271 0.5859659 0.4199304 0.6022918 0.4199302 0.6022918 0.4191265 0.5832161 0.4547265 0.5832664 0.4561874 0.5832664 0.4561874 0.5859714 0.4207177 0.5859714 0.4207177 0.6022919 0.4207179 0 0 0 0 0 0 0.5683272 0.4199308 0.5833396 0.4199306 0.583341 0.4191268 0.5683323 0.4207177 0.5683323 0.4207177 0.5833345 0.4207177 0 0 0 0 0 0 0.5860599 0.4561874 0.5860599 0.4561874 0.5860599 0.455105 0.5833535 0.4135512 0.5833535 0.4135512 0.5683133 0.4135513 0.5493749 0.4199311 0.5657004 0.4199308 0.5657017 0.4191269 0.6022918 0.4135511 0.6022918 0.4135511 0.5859522 0.4135511 0 0 0 0 0 0 0.5655736 0.4531961 0.5654541 0.4561874 0.5654541 0.4561874 0.586061 0.4500832 0.5860361 0.4491142 0.5832694 0.4491145 0.5656206 0.4498899 0.5684132 0.4499284 0.5683974 0.4491147 0.5657096 0.4143036 0.568318 0.4143037 0.5683133 0.4135513 0.5656955 0.4207175 0.5683323 0.4207177 0.5683272 0.4199308 0.5656851 0.4265803 0.5656803 0.4272447 0.5683475 0.4272449 0.5656695 0.4331164 0.5656649 0.4337062 0.568363 0.4337062 0.5656467 0.4404901 0.5683808 0.4404902 0.5683749 0.4397183 0.5859522 0.4135511 0.5833535 0.4135512 0.5833488 0.4143038 0.5833396 0.4199306 0.5833345 0.4207177 0.5859714 0.4207177 0.5833239 0.4265801 0.5833193 0.4272449 0.5859865 0.427245 0.5833085 0.4331163 0.5833036 0.4337062 0.5860021 0.4337064 0.5860194 0.4404905 0.586014 0.4397181 0.5832918 0.4397182 0.5832161 0.4547265 0.5860599 0.455105 0.5860603 0.4543913 0.5684496 0.4528567 0.5656019 0.4527036 0.5655736 0.4531961 0.56563 0.4491149 0.5493749 0.4491152 0.5493749 0.4498376 0.6022918 0.450356 0.6022918 0.449114 0.5860361 0.4491142 0.5832694 0.4491145 0.5683974 0.4491147 0.5684132 0.4499284 0.5683808 0.4404902 0.5656467 0.4404901 0.56563 0.4491149 0.5860194 0.4404905 0.5832861 0.4404904 0.5832694 0.4491145 0.5655736 0.4531961 0.5654541 0.4561874 0.5684344 0.4561874 0.5832161 0.4547265 0.5832664 0.4561874 0.5860599 0.4561874 0.5683073 0.4104368 0.5657205 0.4104368 0.5657145 0.4135513 0.5683259 0.4191269 0.5657017 0.4191269 0.5657004 0.4199308 0.5656955 0.4207175 0.5656851 0.4265803 0.5683428 0.4265802 0.5683475 0.4272449 0.5656803 0.4272447 0.5656695 0.4331164 0.5656649 0.4337062 0.5656532 0.4397184 0.5683749 0.4397183 0.5833595 0.4104368 0.5833535 0.4135512 0.5859522 0.4135511 0.5859646 0.4191266 0.583341 0.4191268 0.5833396 0.4199306 0.5833345 0.4207177 0.5833239 0.4265801 0.5859819 0.42658 0.5833193 0.4272449 0.5833085 0.4331163 0.5859972 0.4331162 0.5833036 0.4337062 0.5832918 0.4397182 0.586014 0.4397181 0.5833535 0.4135512 0.5683133 0.4135513 0.568318 0.4143037 0.5833396 0.4199306 0.5683272 0.4199308 0.5683323 0.4207177 0.5833193 0.4272449 0.5833239 0.4265801 0.5683428 0.4265802 0.5833036 0.4337062 0.5833085 0.4331163 0.5683583 0.4331164 0.5832918 0.4397182 0.5683749 0.4397183 0.5683808 0.4404902 0.5657145 0.4135513 0.5493749 0.4135514 0.5493749 0.4143033 0.5657004 0.4199308 0.5493749 0.4199311 0.5493749 0.4207174 0.5656803 0.4272447 0.5656851 0.4265803 0.5493749 0.4265804 0.5656649 0.4337062 0.5656695 0.4331164 0.5493749 0.4331166 0.5656532 0.4397184 0.5493749 0.4397184 0.5493749 0.4404898 0.6022918 0.4135511 0.5859522 0.4135511 0.5859568 0.414304 0.6022919 0.4207179 0.6022918 0.4199302 0.5859659 0.4199304 0.6022918 0.4272451 0.6022918 0.4265799 0.5859819 0.42658 0.6022918 0.4337064 0.6022918 0.4331161 0.5859972 0.4331162 0.6022918 0.440491 0.6022918 0.4397181 0.586014 0.4397181 0.583253 0.4500035 0.5832166 0.4540774 0.5860603 0.4543913 0.5684132 0.4499284 0.5656206 0.4498899 0.5656019 0.4527036 0.5860603 0.4543913 0.5860599 0.455105 0.5924942 0.4561874 0.5493749 0.4524295 0.5655736 0.4531961 0.5656019 0.4527036 0.5684551 0.4534015 0.5832161 0.4547265 0.5832166 0.4540774 0.568318 0.4143037 0.5833488 0.4143038 0.5833488 0.4143038 0.5859568 0.414304 0.5833488 0.4143038 0.583341 0.4191268 0.568318 0.4143037 0.5657096 0.4143036 0.5657017 0.4191269 0.5859568 0.414304 0.6022918 0.4143042 0.6022918 0.4143042 0 0 0 0 0 0 0 0 0 0 0 0 0.6123328 0.875 0.625 0.875 0.625 0.8003731 0.5363299 0.875 0.548997 0.875 0.548997 0.8003732 0.548997 0.875 0.5616641 0.875 0.5616641 0.8003732 0.5616641 0.875 0.5743313 0.875 0.5743313 0.8003732 0.5743313 0.875 0.5869985 0.875 0.5869985 0.8003732 0.5869985 0.875 0.5996657 0.875 0.5996657 0.8003732 0.5996657 0.875 0.6123328 0.875 0.6123328 0.8003732 0.5743313 0.875 0.5743313 0.8003732 0.5743313 0.8003732 0.5616641 0.875 0.5616641 0.8003732 0.5616641 0.8003732 0 0 0 0 0 0 0.5869985 0.875 0.5869985 0.8003732 0.5869985 0.8003732 0 0 0 0 0 0 0 0 0 0 0 0 0 0 0 0 0 0 0 0 0 0 0 0 0.548997 0.875 0.548997 0.8003732 0.548997 0.8003732 0 0 0 0 0 0 0 0 0 0 0 0 0 0 0 0 0 0 0 0 0 0 0 0 0.5743313 0.875 0.5743313 0.875 0.5743312 0.8080033 0.5616641 0.875 0.5616641 0.875 0.5616642 0.8079944 0 0 0 0 0 0 0.5869985 0.875 0.5869985 0.875 0.5869985 0.8080119 0.5996657 0.875 0.5996657 0.875 0.5996657 0.8080205 0 0 0 0 0 0 0.6123328 0.875 0.6123328 0.875 0.6123328 0.8080291 0.6123328 0.875 0.6123328 0.8003732 0.6123328 0.8003732 0 0 0 0 0 0 0.5996657 0.875 0.5996657 0.8003732 0.5996657 0.8003732 0.5489969 0.807196 0.548997 0.8003732 0.548997 0.875 0.5616641 0.8072028 0.5616641 0.8003732 0.5616641 0.875 0.5743311 0.8072094 0.5743313 0.8003732 0.5743313 0.875 0.5869985 0.8072162 0.5869985 0.8003732 0.5869985 0.875 0.5996657 0.8072232 0.5996657 0.8003732 0.5996657 0.875 0.6123328 0.8072296 0.6123328 0.8003732 0.6123328 0.875 0 0 0 0 0 0 0.6022918 0.5590083 0.6022919 0.5701727 0.625 0.5701727 0.6022918 0.4883754 0.6022918 0.5 0.625 0.5 0.7666407 0.4662736 0.7771359 0.4712719 0.780784 0.4636117 0.7145633 0.5987429 0.7145633 0.627313 0.75 0.627313 0.6022918 0.6608859 0.6022918 0.6720401 0.625 0.6720401 0.50097 0.4533092 0.5105396 0.4534215 0.5105857 0.4137158 0.2032042 0.5381693 0.205973 0.5436897 0.2073557 0.5429962 0.5033379 0.74147 0.5033379 0.75 0.5363299 0.75 0.6688125 0.6608859 0.6688126 0.6720401 0.6753731 0.6720401 0.6688126 0.5987429 0.6688126 0.627313 0.6753731 0.627313 0.2341249 0.4123387 0.2348176 0.419004 0.2510319 0.4170202 0.7607932 0.5265257 0.7654867 0.5158908 0.7552821 0.5113874 0.7511178 0.446456 0.7421035 0.4656352 0.7626557 0.4752926 0.7650308 0.5332207 0.7758138 0.5361142 0.7788265 0.5248867 0.2286962 0.4130029 0.2020615 0.4162614 0.2027542 0.4229267 0.1833319 0.5215908 0.1856634 0.5262393 0.1881135 0.5250104 0.1948978 0.5216078 0.1962806 0.5209142 0.1939491 0.5162657 0.6022918 0.5255149 0.625 0.5255149 0.625 0.5161138 0.5269989 0.3472314 0.559991 0.3472314 0.559991 0.3378303 0.5033379 0.4883754 0.5363299 0.4883754 0.5363299 0.4561874 0.5033379 0.75 0.5033379 0.7616246 0.5363299 0.7616246 0.5033379 0.4104368 0.5033379 0.4496269 0.5363299 0.4496269 0.1524453 0.491924 0.1730653 0.5139189 0.1851701 0.4867572 0.7080788 0.437516 0.7042205 0.4479817 0.7351759 0.4593938 0.2127779 0.5562796 0.2248827 0.5291178 0.1851701 0.4867572 0.5033379 0.741082 0.5363299 0.7411012 0.5363299 0.7199037 0.5033379 0.5 0.5363299 0.5 0.5363299 0.4883754 0.8045821 0.5458509 0.8092756 0.5352159 0.8005297 0.5313562 0.6022918 0.6816653 0.6250001 0.6816654 0.625 0.6720401 0.7607932 0.5265257 0.7695991 0.530412 0.7742925 0.5197771 0.7042205 0.4479817 0.7008911 0.4570127 0.7318464 0.4684249 0.187864 0.5171498 0.187864 0.5257527 0.1994885 0.5257527 0.2004354 0.5326488 0.2018182 0.5319553 0.1996847 0.5277014 0.6022918 0.5478437 0.625 0.5478438 0.625 0.5392409 0.6688126 0.5987429 0.6753732 0.5987429 0.6753732 0.5819579 0.7145633 0.5819579 0.7145633 0.5987429 0.75 0.5987429 0.6688126 0.6440995 0.6688125 0.6608859 0.6753731 0.6608859 0.375 0.6608859 0.4177284 0.6608859 0.4177284 0.6440995 0.375 0.5987429 0.4177285 0.5987429 0.4177285 0.5819579 0.375 0.6720401 0.375 0.6816653 0.4177284 0.6816653 0.2031171 0.525879 0.2154858 0.5155405 0.2100045 0.508983 0.375 0.4883754 0.375 0.5 0.4177284 0.5 0.375 0.7412745 0.375 0.75 0.4177284 0.75 0.375 0.627313 0.4177284 0.627313 0.4177285 0.5987429 0.375 0.875 0.4177285 0.875 0.4177284 0.8003732 0.375 0.6608859 0.375 0.6720401 0.4177284 0.6720401 0.375 0.8003732 0.4177284 0.8003732 0.4177284 0.7616246 0.375 0.4104368 0.375 0.4412353 0.4177285 0.4381914 0.375 0.75 0.375 0.7616246 0.4177284 0.7616246 0.375 0.4561875 0.375 0.4883754 0.4177284 0.4883754 0.375 0.5161137 0.375 0.5255149 0.4177284 0.5255149 0.4440371 0.6720401 0.4440371 0.6816652 0.4703459 0.6816653 0.2000679 0.5284276 0.2031171 0.525879 0.1976359 0.5193215 0.444037 0.4883753 0.4440371 0.5 0.4703458 0.5 0.4440371 0.75 0.4703459 0.75 0.4703458 0.7412745 0.4440372 0.875 0.4703459 0.875 0.4703459 0.8003732 0.7890487 0.4270265 0.7890486 0.4381806 0.8153573 0.4381806 0.4440371 0.8003732 0.4703459 0.8003732 0.4703459 0.7616246 0.4440371 0.4104368 0.4440372 0.4496269 0.4703459 0.4496269 0.4440371 0.7616246 0.4703459 0.7616246 0.4703459 0.75 0.4440372 0.4561875 0.444037 0.4883753 0.4703458 0.4883754 0.3493928 0.5067594 0.3493928 0.5161605 0.3757016 0.5161605 0.4308828 0.5161138 0.4308828 0.5255149 0.4440371 0.5255149 0.4308829 0.4561875 0.4308828 0.4883754 0.444037 0.4883753 0.4871147 0.4215555 0.5002691 0.4215555 0.5002691 0.409931 0.4308829 0.4104368 0.4308829 0.4496269 0.4440372 0.4496269 0.4871146 0.460304 0.5002691 0.4603042 0.5002691 0.4215555 0.7758943 0.4270265 0.7758942 0.4381806 0.7890486 0.4381806 0.4308828 0.875 0.4440372 0.875 0.4440371 0.8003732 0.7654394 0.4232107 0.7654395 0.4389081 0.7785938 0.4389081 0.4308828 0.7412745 0.4308828 0.75 0.4440371 0.75 0.4308828 0.4883754 0.4308828 0.5 0.4440371 0.5 0.4308827 0.6720401 0.4308827 0.6816652 0.4440371 0.6816652 0.7654394 0.4232107 0.7785938 0.4232107 0.7785938 0.4139885 0.7758943 0.4270265 0.7890487 0.4270265 0.7890487 0.41024 0.4703459 0.6720401 0.4703459 0.6816653 0.5033379 0.6816653 0.5269989 0.3524109 0.559991 0.3524108 0.559991 0.3472314 0.4703458 0.4883754 0.4703458 0.5 0.5033379 0.5 0.5033379 0.8003732 0.4861993 0.8003732 0.478723 0.803321 0.478723 0.803321 0.4786235 0.8003732 0.4703459 0.8003732 0.4703459 0.8003732 0.4703459 0.875 0.478723 0.803321 0.4703459 0.875 0.5033379 0.875 0.5033379 0.8003732 0.8153573 0.4270265 0.8153573 0.4381806 0.8483493 0.4381806 0.4703459 0.8003732 0.4786235 0.8003732 0.4791126 0.7754057 0.4703459 0.7616246 0.4703459 0.8003732 0.4791126 0.7754057 0.4893243 0.7995002 0.4861993 0.8003732 0.5033379 0.8003732 0.5000621 0.7956455 0.4983994 0.796207 0.5033379 0.8003732 0.4983994 0.796207 0.4893243 0.7995002 0.5033379 0.8003732 0.5033379 0.7616246 0.4703459 0.7616246 0.4899435 0.7723326 0.4703459 0.7616246 0.4791126 0.7754057 0.479322 0.7753397 0.4703459 0.7616246 0.479322 0.7753397 0.4899435 0.7723326 0.5000621 0.7956455 0.5033379 0.8003732 0.5006453 0.7740623 0.5033379 0.8003732 0.5033379 0.7616246 0.5006453 0.7740623 0.4703459 0.4104368 0.4703459 0.4496269 0.5033379 0.4496269 0.4703459 0.7616246 0.5033379 0.7616246 0.5033379 0.75 0.4703459 0.4561874 0.4703458 0.4883754 0.5033379 0.4883754 0.4940069 0.3378303 0.4940069 0.3472314 0.5269989 0.3472314 0.4177284 0.6608859 0.4308828 0.660886 0.4308828 0.6440994 0.4177285 0.5987429 0.4308828 0.5987429 0.4308828 0.5819578 0.4177284 0.6720401 0.4177284 0.6816653 0.4308827 0.6816652 0.1856634 0.5262393 0.1869478 0.5288004 0.189398 0.5275715 0.4177284 0.4883754 0.4177284 0.5 0.4308828 0.5 0.4177284 0.7412745 0.4177284 0.75 0.4308828 0.75 0.4177284 0.627313 0.4308828 0.627313 0.4308828 0.5987429 0.4177285 0.875 0.4308828 0.875 0.4308828 0.8003731 0.4177284 0.6608859 0.4177284 0.6720401 0.4308827 0.6720401 0.4177284 0.7616246 0.4177284 0.8003732 0.4308828 0.8003731 0.4308829 0.4104368 0.4177284 0.4104368 0.4177285 0.4381914 0.4177285 0.4381914 0.4177285 0.4496269 0.4308829 0.4496269 0.4177284 0.75 0.4177284 0.7616246 0.4308828 0.7616245 0.4177285 0.4561874 0.4177284 0.4883754 0.4308828 0.4883754 0.4177284 0.5255149 0.4308828 0.5255149 0.4308828 0.5161138 0.4177284 0.7199037 0.4177284 0.7412745 0.4308828 0.7412745 0.5024965 0.7412745 0.4703458 0.7412745 0.5033379 0.74147 0.4703458 0.7412745 0.4703459 0.75 0.5033379 0.74147 0.4308828 0.7199037 0.4308828 0.7412745 0.4440372 0.7412746 0.4440372 0.7412746 0.4703458 0.7412745 0.4703458 0.7199037 0.375 0.7412745 0.4177284 0.7412745 0.4177284 0.7199037 0.7425367 0.4502949 0.7156845 0.4311263 0.730232 0.4675319 0.7156845 0.4311263 0.7032679 0.44852 0.7294353 0.4671998 0.7702772 0.4586378 0.749783 0.4488577 0.7560634 0.4591438 0.749783 0.4488577 0.7461387 0.4565097 0.7560634 0.4591438 0.2162284 0.4081452 0.2227889 0.4081452 0.2227889 0.399611 0.2619791 0.4081452 0.2974159 0.4081452 0.2974159 0.399617 0.6152482 0.7811641 0.6150649 0.7987232 0.625 0.7938126 0.6150649 0.7987232 0.625 0.8003731 0.625 0.7938126 0.625 0.7938126 0.625 0.7616246 0.6152482 0.7811641 0.6022918 0.8003732 0.625 0.8003731 0.6150649 0.7987232 0.549375 0.7616247 0.5363299 0.7616246 0.5458939 0.7632832 0.1879329 0.4776363 0.1784101 0.4677045 0.1851701 0.4867572 0.1784101 0.4677045 0.1689419 0.4578298 0.1645501 0.4647623 0.5040949 0.4530614 0.5141685 0.453065 0.5141864 0.4151986 0.5561247 0.763282 0.5458939 0.7632832 0.5522292 0.7642181 0.6090293 0.7802081 0.6152482 0.7811641 0.6154348 0.7632749 0.5522292 0.7642181 0.5458939 0.7632832 0.546079 0.7809481 0.5975341 0.7811087 0.6152482 0.7811641 0.6090293 0.7802081 0.555083 0.7823361 0.555083 0.7823361 0.5551089 0.7973565 0.556387 0.7987161 0.5564612 0.7987181 0.5462652 0.7987148 0.5462652 0.7987148 0.546079 0.7809481 0.546079 0.7809481 0.5931312 0.7973608 0.6062208 0.7973623 0.6062208 0.7973623 0.6062208 0.7973623 0.6150649 0.7987232 0.6152482 0.7811641 0.5974454 0.7987211 0.6150649 0.7987232 0.6062208 0.7973623 0.546079 0.7809481 0.5462652 0.7987148 0.5551089 0.7973565 0.5562552 0.7809799 0.546079 0.7809481 0.555083 0.7823361 0.5975341 0.7811087 0.6152482 0.7811641 0.6152482 0.7811641 0.6062208 0.7973623 0.606244 0.7824966 0.606244 0.7824966 0.5626098 0.7823598 0.5626098 0.7823597 0.555083 0.7823361 0.6152482 0.7811641 0.6152482 0.7811641 0.6150649 0.7987232 0.4574168 0.406939 0.4574168 0.4431616 0.4767013 0.4421303 0.4767013 0.4421303 0.4770821 0.4421435 0.4770821 0.406939 0.1342006 0.4905292 0.1342006 0.4543502 0.1265515 0.4534076 0.1265515 0.4534076 0.1234055 0.4533361 0.1234055 0.4905292 0.625 1 0.625 0.75 0.5 0.75 0.09102004 0.4585864 0.09102004 0.4905292 0.1126103 0.4905292 0.5307696 0.4479414 0.5307696 0.4226315 0.517575 0.4164731 0.517575 0.4164731 0.5162501 0.4165224 0.5162501 0.4479414 0.375 1 0.5 1 0.5 0.75 0.1126103 0.4905292 0.1234055 0.4905292 0.1142794 0.4534319 0.1234055 0.4905292 0.1234055 0.4533361 0.1142794 0.4534319 0.1296418 0.4955165 0.1296418 0.4510241 0.1026009 0.4510241 0.5363299 0.7411012 0.5033379 0.741082 0.5033379 0.74147 0.6250001 0.7410937 0.625 0.7415425 0.6366246 0.7415155 0.5493749 0.7414825 0.5493749 0.7411 0.5363299 0.7411012 0.7626559 0.4752926 0.7731702 0.48025 0.7821897 0.4610598 0.1866769 0.5505115 0.2188648 0.5505115 0.2188648 0.5419858 0.4177285 0.4496269 0.4177285 0.4561874 0.4308829 0.4561875 0.4703459 0.4496269 0.4703459 0.4561874 0.5033379 0.4561874 0.4308829 0.4496269 0.4308829 0.4561875 0.4440372 0.4561875 0.4440372 0.4496269 0.4440372 0.4561875 0.4703459 0.4561874 0.375 0.4496269 0.375 0.4561875 0.4177285 0.4561874 0.5033379 0.4496269 0.5033379 0.4561874 0.5363299 0.4561874 0.1881135 0.5250104 0.1948978 0.5216078 0.1925663 0.5169592 0.2286962 0.4130029 0.2293889 0.4196681 0.2348176 0.419004 0.6366246 0.6720401 0.6688126 0.6720401 0.6688125 0.6608859 0.7711787 0.6273155 0.7829402 0.5973533 0.7719699 0.593047 0.4177285 0.5819579 0.4308828 0.5819578 0.4308828 0.5701727 0.8049024 0.4075133 0.8049024 0.4139884 0.8378946 0.4139885 0.7654394 0.4139884 0.7785938 0.4139885 0.7785938 0.4075133 0.7785938 0.4139885 0.8049024 0.4139884 0.8049024 0.4075133 0.375 0.5819579 0.4177285 0.5819579 0.4177284 0.5701727 0.2185387 0.5446808 0.2260077 0.5409347 0.223085 0.5351073 0.6022919 0.5701727 0.6022917 0.5819578 0.625 0.5819578 0.205973 0.5436897 0.2088957 0.5495172 0.2102785 0.5488237 0.7871963 0.5391685 0.7902091 0.5279411 0.7788265 0.5248867 0.7008569 0.4328172 0.6963433 0.4437038 0.7268196 0.4563394 0.2144086 0.5467522 0.2185387 0.5446808 0.215616 0.5388534 0.242384 0.4081452 0.2619791 0.4081452 0.2619791 0.3996142 0.4177284 0.4104368 0.4308829 0.4104368 0.4308828 0.375 0.4703459 0.4104368 0.5033379 0.4104368 0.5033379 0.375 0.4308829 0.4104368 0.4440371 0.4104368 0.4440371 0.375 0.4440371 0.4104368 0.4703459 0.4104368 0.4703459 0.375 0.375 0.375 0.375 0.4104368 0.4177284 0.4104368 0.6949682 0.5987429 0.7145633 0.5987429 0.7145633 0.5819579 0.5033379 0.4104368 0.5363299 0.4104368 0.5363299 0.375 0.2665536 0.4083713 0.2672463 0.4150365 0.2965692 0.411449 0.6949682 0.5987429 0.6949682 0.627313 0.7145633 0.627313 0.5493749 0.4104368 0.6022918 0.4104368 0.6022918 0.375 0.7433837 0.4504489 0.7388701 0.4613354 0.7877521 0.481602 0.625 0.7415425 0.625 0.7410937 0.6022918 0.7410957 0.606244 0.7824966 0.606244 0.7824966 0.5931418 0.7824555 0.5562552 0.7809799 0.5975341 0.7811087 0.5975341 0.7811087 0.606244 0.7824966 0.6152482 0.7811641 0.5975341 0.7811087 0.5626285 0.7973573 0.5564612 0.7987181 0.5974454 0.7987211 0.5626285 0.7973573 0.5931312 0.7973608 0.5931312 0.7973609 0.6150649 0.7987232 0.6150649 0.7987232 0.5974454 0.7987211 0.5606439 0.7800573 0.5562552 0.7809799 0.5975341 0.7811087 0.6090993 0.7642117 0.6154348 0.7632749 0.5976255 0.7632769 0.4806204 0.4530522 0.5040949 0.4530614 0.5041031 0.4150939 0.6154348 0.7632749 0.625 0.7616246 0.6022918 0.7616247 0.556387 0.7987161 0.5493749 0.8003732 0.6022918 0.8003732 0.6022918 0.7415246 0.5493749 0.7414825 0.5493749 0.7456641 0.5493749 0.7456641 0.5493748 0.75 0.6022917 0.7500001 0.7783448 0.5342717 0.7783448 0.5342717 0.7870905 0.5381314 0.2086343 0.5324796 0.2210029 0.5221411 0.2154858 0.5155405 0.7440862 0.4729373 0.7937365 0.4912415 0.7970659 0.4822104 0.7666407 0.4662736 0.7702772 0.4586378 0.7560634 0.4591438 0.2313261 0.3796966 0.2842429 0.3796966 0.284243 0.3702955 0.227082 0.397471 0.2004474 0.4007295 0.2020615 0.4162614 0.6983633 0.4337567 0.693365 0.4442521 0.7436131 0.4618128 0.693365 0.4442521 0.7411406 0.4670049 0.7436131 0.4618128 0.7436131 0.4618128 0.7442916 0.4603883 0.6983633 0.4337567 0.7032268 0.4239471 0.6942107 0.4431302 0.7421035 0.4656352 0.4786701 0.4530473 0.50097 0.4533092 0.5009928 0.4137198 0.7512739 0.4534406 0.7474156 0.4639062 0.7970659 0.4822104 0.5493749 0.4883754 0.549375 0.5 0.6022918 0.5 0.5493749 0.5590081 0.549375 0.5701727 0.6022919 0.5701727 0.2127454 0.5435944 0.2199055 0.5521605 0.2229546 0.5496118 0.5363299 0.4883754 0.5363299 0.5 0.549375 0.5 0.7351759 0.4593938 0.7474156 0.4639062 0.7512739 0.4534406 0.4731728 0.452983 0.4786701 0.4530473 0.4786385 0.4137294 0.2321128 0.3929779 0.2325107 0.3968068 0.2649394 0.3928394 0.6914206 0.4183982 0.6824041 0.4375824 0.6942107 0.4431302 0.6815874 0.4386429 0.693365 0.4442521 0.6983633 0.4337567 0.2000495 0.3969007 0.2004474 0.4007295 0.227082 0.397471 0.2182809 0.3796966 0.2313261 0.3796966 0.2313261 0.3702955 0.1961823 0.5241689 0.1975651 0.5234754 0.1962806 0.5209142 0.7318464 0.4684249 0.7440862 0.4729373 0.7474156 0.4639062 0.2055852 0.5350282 0.2086343 0.5324796 0.2031171 0.525879 0.4440371 0.6816652 0.4703459 0.6816653 0.4703459 0.6816653 0.6902524 0.4204486 0.6865857 0.4281477 0.7002276 0.4298422 0.5462652 0.7987148 0.5363299 0.8003732 0.5493749 0.8003732 0.4748334 0.4530501 0.4806204 0.4530522 0.480606 0.4148504 0.5522976 0.7800314 0.546079 0.7809481 0.5562552 0.7809799 0.5551089 0.7973565 0.5626285 0.7973573 0.5626285 0.7973573 0.5551089 0.7973565 0.5462652 0.7987148 0.5564612 0.7987181 0.546079 0.7809481 0.5562552 0.7809799 0.5562552 0.7809799 0.2266841 0.3936421 0.227082 0.397471 0.2325107 0.3968068 0.7313333 0.4454528 0.7268196 0.4563394 0.7388701 0.4613354 0.2645415 0.3890104 0.2649394 0.3928394 0.2942624 0.389252 0.6022918 0.7415246 0.6022918 0.7410957 0.5493749 0.7411 0.5931418 0.7824555 0.5931418 0.7824555 0.5626098 0.7823597 0.5975341 0.7811087 0.5562552 0.7809799 0.5626098 0.7823597 0.5974454 0.798721 0.5974454 0.7987211 0.5564612 0.7987181 0.5976255 0.7632769 0.5561247 0.763282 0.5605959 0.7642172 0.6022918 0.7616247 0.549375 0.7616247 0.5561247 0.763282 0.4177284 0.6440995 0.4308828 0.6440994 0.4308828 0.627313 0.7665399 0.4083105 0.7665399 0.4250969 0.7796943 0.4250969 0.375 0.6440995 0.4177284 0.6440995 0.4177284 0.627313 0.6688126 0.627313 0.6688126 0.6440995 0.6753731 0.6440995 0.6753732 0.5987429 0.6753731 0.627313 0.6949682 0.627313 0.6753732 0.5987429 0.6949682 0.5987429 0.6949682 0.5819579 0.2227889 0.4081452 0.242384 0.4081452 0.2423838 0.3996126 0.2102785 0.5488237 0.2144086 0.5467522 0.2114858 0.5409247 0.2503393 0.410355 0.2510319 0.4170202 0.2672463 0.4150365 0.5860361 0.4491142 0.6022918 0.449114 0.6022918 0.440491 0.5493749 0.452008 0.5656019 0.4527036 0.5656206 0.4498899 0.5684132 0.4499284 0.5684496 0.4528567 0.5832166 0.4540774 0.5493749 0.4491152 0.56563 0.4491149 0.5656467 0.4404901 0.5683974 0.4491147 0.5832694 0.4491145 0.5832861 0.4404904 0.4897358 0.4134642 0.4895831 0.4236138 0.4926975 0.4236356 0.4823926 0.4251983 0.4765302 0.4251707 0.4763903 0.4344766 0.5683475 0.4272449 0.5683583 0.4331164 0.5833085 0.4331163 0.568363 0.4337062 0.5683749 0.4397183 0.5832918 0.4397182 0.4825701 0.4134225 0.4767073 0.4133885 0.4765549 0.4235199 0.5493749 0.4331166 0.5656695 0.4331164 0.5656803 0.4272447 0.5493749 0.4337062 0.5493749 0.4397184 0.5656532 0.4397184 0.4895588 0.4252281 0.4894183 0.4345706 0.4925326 0.4345924 0.4822276 0.4361552 0.4763655 0.4361276 0.4762131 0.4462588 0.5859865 0.427245 0.5859972 0.4331162 0.6022918 0.4331161 0.5860021 0.4337064 0.586014 0.4397181 0.6022918 0.4397181 0.5684551 0.4534015 0.5684344 0.4561874 0.5832664 0.4561874 0.4925084 0.4361992 0.4893941 0.4361848 0.4892414 0.4463344 0.5493749 0.4524295 0.5493749 0.4561874 0.5654541 0.4561874 0.6022918 0.450356 0.586061 0.4500832 0.6022918 0.4561874 0.586061 0.4500832 0.5860603 0.4543913 0.5959249 0.4561874 0.4841603 0.4134318 0.4840078 0.4235735 0.4888309 0.4236063 0.4839833 0.4252035 0.4838431 0.4345304 0.4886658 0.4345633 0.4838188 0.4361601 0.4836662 0.4463021 0.4884883 0.4463301 0.568363 0.4337062 0.568363 0.4337062 0.5833036 0.4337062 0.5657205 0.4104368 0.5657205 0.4104368 0.5657145 0.4135513 0 0 0 0 0 0 0.6022918 0.4265799 0.5859819 0.42658 0.5859819 0.42658 0.5833085 0.4331163 0.5683583 0.4331164 0.5683583 0.4331164 0 0 0 0 0 0 0.5683808 0.4404902 0.5683808 0.4404902 0.5832861 0.4404904 0.5657096 0.4143036 0.5657096 0.4143036 0.5657017 0.4191269 0 0 0 0 0 0 0.5860021 0.4337064 0.5860021 0.4337064 0.6022918 0.4337064 0.5832918 0.4397182 0.5683749 0.4397183 0.5683749 0.4397183 0.5683428 0.4265802 0.5683323 0.4207177 0.5683323 0.4207177 0 0 0 0 0 0 0.6022918 0.4331161 0.5859972 0.4331162 0.5859972 0.4331162 0.5493749 0.4143033 0.5657096 0.4143036 0.5657096 0.4143036 0.5656955 0.4207175 0.5656955 0.4207175 0.5656851 0.4265803 0 0 0 0 0 0 0.5683583 0.4331164 0.5683475 0.4272449 0.5683475 0.4272449 0 0 0 0 0 0 0.5860194 0.4404905 0.5860194 0.4404905 0.6022918 0.440491 0.5657145 0.4135513 0.5657145 0.4135513 0.5493749 0.4135514 0.5656803 0.4272447 0.5656803 0.4272447 0.5656695 0.4331164 0.5493749 0.4498376 0.5493749 0.4498376 0.5656206 0.4498899 0 0 0 0 0 0 0.6022918 0.4397181 0.586014 0.4397181 0.586014 0.4397181 0.5493749 0.4207174 0.5493749 0.4207174 0.5656955 0.4207175 0.5683749 0.4397183 0.568363 0.4337062 0.568363 0.4337062 0.5860603 0.4543913 0.5860603 0.4543913 0.586061 0.4500832 0.5656649 0.4337062 0.5656649 0.4337062 0.5656532 0.4397184 0.56563 0.4491149 0.5493749 0.4491152 0.5493749 0.4491152 0 0 0 0 0 0 0.583253 0.4500035 0.5832166 0.4540774 0.5832166 0.4540774 0 0 0 0 0 0 0.5684496 0.4528567 0.5684496 0.4528567 0.5684132 0.4499284 0.5493749 0.4272446 0.5493749 0.4272446 0.5656803 0.4272447 0.5859522 0.4135511 0.5859463 0.4104368 0.5859463 0.4104368 0.586061 0.4500832 0.586061 0.4500832 0.6022918 0.450356 0 0 0 0 0 0 0.5656206 0.4498899 0.5656019 0.4527036 0.5656019 0.4527036 0.5833595 0.4104368 0.5833595 0.4104368 0.5833535 0.4135512 0.6022918 0.449114 0.5860361 0.4491142 0.5860361 0.4491142 0 0 0 0 0 0 0.5959249 0.4561874 0.5959249 0.4561874 0.5860603 0.4543913 0.5656851 0.4265803 0.5493749 0.4265804 0.5493749 0.4265804 0.5684132 0.4499284 0.5684132 0.4499284 0.583253 0.4500035 0 0 0 0 0 0 0.5493749 0.4337062 0.5493749 0.4337062 0.5656649 0.4337062 0.5833488 0.4143038 0.5833488 0.4143038 0.583341 0.4191268 0.5832694 0.4491145 0.5683974 0.4491147 0.5683974 0.4491147 0 0 0 0 0 0 0.5860599 0.455105 0.5924942 0.4561874 0.5924942 0.4561874 0.5859819 0.42658 0.5859714 0.4207177 0.5859714 0.4207177 0.5683974 0.4491147 0.5683808 0.4404902 0.5683808 0.4404902 0 0 0 0 0 0 0.5656695 0.4331164 0.5493749 0.4331166 0.5493749 0.4331166 0.5833345 0.4207177 0.5833345 0.4207177 0.5833239 0.4265801 0.5656467 0.4404901 0.5656467 0.4404901 0.56563 0.4491149 0.5683259 0.4191269 0.568318 0.4143037 0.568318 0.4143037 0.5656019 0.4527036 0.5493749 0.452008 0.5493749 0.452008 0.5493749 0.4404898 0.5493749 0.4404898 0.5656467 0.4404901 0.5859972 0.4331162 0.5859865 0.427245 0.5859865 0.427245 0.5860361 0.4491142 0.5860194 0.4404905 0.5860194 0.4404905 0.5493749 0.4524295 0.5493749 0.4524295 0.5655736 0.4531961 0.5833193 0.4272449 0.5833193 0.4272449 0.5833085 0.4331163 0.5832861 0.4404904 0.5832861 0.4404904 0.5832694 0.4491145 0.5859646 0.4191266 0.5859568 0.414304 0.5859568 0.414304 0.5832166 0.4540774 0.5832166 0.4540774 0.5684496 0.4528567 0.5656532 0.4397184 0.5493749 0.4397184 0.5493749 0.4397184 0.586014 0.4397181 0.5860021 0.4337064 0.5860021 0.4337064 0.5684344 0.4561874 0.5684344 0.4561874 0.5684551 0.4534015 0.5684551 0.4534015 0.5832161 0.4547265 0.5832161 0.4547265 0.5833036 0.4337062 0.5833036 0.4337062 0.5832918 0.4397182 0.6753731 0.5 0.6753731 0.5067126 0.6949682 0.5067127 0.5363299 0.5 0.5363299 0.5067127 0.549375 0.5067127 0.549375 0.5 0.549375 0.5067127 0.6022918 0.5067127 0.6949682 0.5 0.6949682 0.5067127 0.7145633 0.5067126 0.6366246 0.5 0.6366246 0.5067127 0.6688126 0.5067127 0.4177284 0.5067127 0.4308828 0.5067126 0.4308828 0.5 0.4940069 0.3217166 0.4940069 0.3284292 0.5269989 0.3284292 0.3362385 0.4906456 0.3362385 0.4973582 0.3493928 0.4973583 0.4676982 0.3217166 0.4676982 0.3284292 0.4940069 0.3284292 0.375 0.5 0.375 0.5067127 0.4177284 0.5067127 0.5033379 0.5 0.5033379 0.5067127 0.5363299 0.5067127 0.6022918 0.5 0.6022918 0.5067127 0.625 0.5067127 0.7145633 0.5 0.7145633 0.5067126 0.75 0.5067127 0.6688126 0.5067127 0.6753731 0.5067126 0.6753731 0.5 0.625 0.5 0.625 0.5067127 0.6366246 0.5067127 0.7411406 0.4670049 0.7616425 0.4767687 0.7666407 0.4662736 0.7436131 0.4618128 0.7666407 0.4662736 0.7584248 0.4623609 0.6022918 0.5306943 0.625 0.5306943 0.625 0.5255149 0.375 0.5255149 0.375 0.5306943 0.4177284 0.5306943 0.4440371 0.5255149 0.4440371 0.5306943 0.4703459 0.5306943 0.4308828 0.5255149 0.4308828 0.5306943 0.4440371 0.5306943 0.4940069 0.3524108 0.5269989 0.3524109 0.5269989 0.3472314 0.4177284 0.5255149 0.4177284 0.5306943 0.4308828 0.5306943 0.1976359 0.5193215 0.2100045 0.508983 0.2066828 0.5050089 0.5363299 0.5306943 0.5493749 0.5306943 0.549375 0.5255149 0.6022918 0.5478437 0.6022918 0.5590083 0.625 0.5590083 0.2032042 0.5381693 0.204587 0.5374758 0.2018182 0.5319553 0.7542478 0.5303272 0.7650308 0.5332207 0.7680435 0.5219933 0.7783448 0.5342717 0.7830383 0.5236368 0.7742925 0.5197771 0.7870905 0.5381314 0.7917841 0.5274965 0.7830383 0.5236368 0.7958363 0.5419911 0.8005297 0.5313562 0.7917841 0.5274965 0.2086343 0.5324796 0.2157945 0.5410457 0.2281631 0.5307072 0.2055852 0.5350282 0.2127454 0.5435944 0.2157945 0.5410457 0.6022918 0.539241 0.625 0.5392409 0.625 0.5306943 0.1983019 0.5283949 0.1996847 0.5277014 0.1975651 0.5234754 0.187864 0.5086032 0.187864 0.5171498 0.1994885 0.5171499 0.1916176 0.5116171 0.1939491 0.5162657 0.1980792 0.5141942 0.2182809 0.3608944 0.2182809 0.3702955 0.2313261 0.3702955 0.2313261 0.3608944 0.2313261 0.3702955 0.284243 0.3702955 0.1957477 0.5095457 0.1980792 0.5141942 0.2022093 0.5121228 0.185782 0.5203619 0.1925663 0.5169592 0.1902348 0.5123106 0.4177284 0.5161138 0.4308828 0.5161138 0.4308828 0.5067126 0.4940069 0.3284292 0.4940069 0.3378303 0.5269989 0.3378303 0.3362385 0.4973582 0.3362385 0.5067594 0.3493928 0.5067594 0.4676982 0.3284292 0.4676982 0.3378303 0.4940069 0.3378303 0.375 0.5067127 0.375 0.5161137 0.4177284 0.5161138 0.1852889 0.3608944 0.1852889 0.3702955 0.2182809 0.3702955 0.6022918 0.5067127 0.6022919 0.5161138 0.625 0.5161138 0.1998778 0.5074743 0.2022093 0.5121228 0.2096784 0.5083767 0.1925663 0.5169592 0.1939491 0.5162657 0.1916176 0.5116171 0.1810004 0.5169422 0.1833319 0.5215908 0.185782 0.5203619 0.5493749 0.6816654 0.5493749 0.6816654 0.6022918 0.6816653 0.5363299 0.7199037 0.5363299 0.7199037 0.5033378 0.7199037 0.4177284 0.6816653 0.4308827 0.6816652 0.4308827 0.6816652 0.5363299 0.6816654 0.5493749 0.6816654 0.5493749 0.6816654 0.4308828 0.7199037 0.4308828 0.7199037 0.4177284 0.7199037 0.4703458 0.7199037 0.4703458 0.7199037 0.4440371 0.7199037 0.7716692 0.4561151 0.7716692 0.4561151 0.7511178 0.446456 0.4308827 0.6816652 0.4440371 0.6816652 0.4440371 0.6816652 0.7425367 0.4502949 0.7425367 0.4502949 0.7156845 0.4311263 0.4703459 0.6816653 0.5033379 0.6816653 0.5033379 0.6816653 0.6022918 0.6816653 0.6250001 0.6816654 0.6250001 0.6816654 0.5033379 0.6816653 0.5363299 0.6816654 0.5363299 0.6816654 0.7032268 0.4239471 0.6914206 0.4183982 0.6914206 0.4183982 0.4440371 0.7199037 0.4440371 0.7199037 0.4308828 0.7199037 0.4177284 0.7199037 0.4177284 0.7199037 0.375 0.7199037 0.7958363 0.5419911 0.7958363 0.5419911 0.8045821 0.5458509 0.7511178 0.446456 0.7511178 0.446456 0.7032268 0.4239471 0.6250001 0.6816654 0.625 0.6912249 0.625 0.6912249 0.375 0.6816653 0.4177284 0.6816653 0.4177284 0.6816653 0.7870905 0.5381314 0.7870905 0.5381314 0.7958363 0.5419911 0.4177284 0.6816653 0.4308827 0.6816652 0.4308827 0.6816652 0.4177284 0.7199037 0.4177284 0.7199037 0.375 0.7199037 0.6022918 0.6816653 0.6250001 0.6816654 0.6250001 0.6816654 0.7032268 0.4239471 0.6914206 0.4183982 0.6914206 0.4183982 0.375 0.6816653 0.4177284 0.6816653 0.4177284 0.6816653 0.7716692 0.4561151 0.7716692 0.4561151 0.7511178 0.446456 0.6250001 0.6816654 0.625 0.6912249 0.625 0.6912249 0.4308828 0.7199037 0.4308828 0.7199037 0.4177284 0.7199037 0.5493749 0.6816654 0.6022918 0.6816653 0.6022918 0.6816653 0.4440371 0.6816652 0.4703459 0.6816653 0.4703459 0.6816653 0.5363299 0.6816654 0.5493749 0.6816654 0.5493749 0.6816654 0.7511178 0.446456 0.7511178 0.446456 0.7032268 0.4239471 0.4440371 0.7199037 0.4440371 0.7199037 0.4308828 0.7199037 0.4703458 0.7199037 0.4703458 0.7199037 0.4440371 0.7199037 0.625 0.710344 0.625 0.710344 0.625 0.7199037 0.4703459 0.6816653 0.5033379 0.6816653 0.5033379 0.6816653 0.7425367 0.4502949 0.7425367 0.4502949 0.7156845 0.4311263 0.625 0.7007845 0.625 0.7007845 0.625 0.710344 0.5363299 0.7199037 0.5363299 0.7199037 0.5033378 0.7199037 0.5033379 0.6816653 0.5363299 0.6816654 0.5363299 0.6816654 0.625 0.6912249 0.625 0.7007845 0.625 0.7007845 0.4308827 0.6816652 0.4440371 0.6816652 0.4440371 0.6816652 0.4308827 0.6816652 0.4440371 0.6816652 0.4440371 0.6816652 0.4177284 0.6816653 0.4308827 0.6816652 0.4308827 0.6816652 0.4177284 0.7199037 0.375 0.7199037 0.375 0.7199037 0.6022918 0.6816653 0.6250001 0.6816654 0.6250001 0.6816654 0.5493749 0.7199037 0.5363299 0.7199037 0.5363299 0.7199037 0.375 0.6816653 0.4177284 0.6816653 0.4177284 0.6816653 0.625 0.7199037 0.6022918 0.7199037 0.6022918 0.7199037 0.6250001 0.6816654 0.625 0.6912249 0.625 0.6912249 0.4308828 0.7199037 0.4177284 0.7199037 0.4177284 0.7199037 0.5493749 0.6816654 0.6022918 0.6816653 0.6022918 0.6816653 0.4440371 0.6816652 0.4703459 0.6816653 0.4703459 0.6816653 0.5363299 0.6816654 0.5493749 0.6816654 0.5493749 0.6816654 0.6022918 0.7199037 0.5493749 0.7199037 0.5493749 0.7199037 0.4440371 0.7199037 0.4308828 0.7199037 0.4308828 0.7199037 0.4703458 0.7199037 0.4440371 0.7199037 0.4440371 0.7199037 0.625 0.710344 0.625 0.7199037 0.625 0.7199037 0.4703459 0.6816653 0.5033379 0.6816653 0.5033379 0.6816653 0.5033378 0.7199037 0.4703458 0.7199037 0.4703458 0.7199037 0.625 0.7007845 0.625 0.710344 0.625 0.710344 0.5363299 0.7199037 0.5033378 0.7199037 0.5033378 0.7199037 0.5033379 0.6816653 0.5363299 0.6816654 0.5363299 0.6816654 0.625 0.6912249 0.625 0.7007845 0.625 0.7007845 0.5267725 0.6892248 0.5597645 0.6892249 0.5597645 0.6892249 0.6189523 0.6827887 0.6189523 0.6864213 0.6189523 0.6864213 0.4308827 0.6816652 0.4440371 0.6816652 0.4440371 0.6816652 0.4177284 0.6816653 0.4308827 0.6816652 0.4308827 0.6816652 0.4177284 0.7199037 0.4177284 0.7199037 0.375 0.7199037 0.6022918 0.6816653 0.6250001 0.6816654 0.6250001 0.6816654 0.5493749 0.7199037 0.5363299 0.7199037 0.5363299 0.7199037 0.375 0.6816653 0.4177284 0.6816653 0.4177284 0.6816653 0.6189523 0.6936868 0.5962442 0.6936868 0.5962442 0.6936868 0.6189524 0.679156 0.6189523 0.6827887 0.6189523 0.6827887 0.4308828 0.7199037 0.4308828 0.7199037 0.4177284 0.7199037 0.5728096 0.689225 0.6257265 0.6892248 0.6257265 0.6892248 0.4674717 0.6892247 0.4937805 0.6892248 0.4937805 0.6892248 0.5597645 0.6892249 0.5728096 0.689225 0.5728096 0.689225 0.5962442 0.6936868 0.5433273 0.6936868 0.5433273 0.6936868 0.4440371 0.7199037 0.4440371 0.7199037 0.4308828 0.7199037 0.4703458 0.7199037 0.4703458 0.7199037 0.4440371 0.7199037 0.6189523 0.6900541 0.6189523 0.6936868 0.6189523 0.6936868 0.4937805 0.6892248 0.5267725 0.6892248 0.5267725 0.6892248 0.6008561 0.6851297 0.5678641 0.6851297 0.5678641 0.6851297 0.6189523 0.6864213 0.6189523 0.6900541 0.6189523 0.6900541 0.5363299 0.7199037 0.5033378 0.7199037 0.5033378 0.7199037 0.625 0.7199037 0.6022918 0.7199037 0.6022918 0.7199037 0.4308828 0.5306943 0.4440371 0.5306943 0.4440371 0.5306943 0.4440371 0.5306943 0.4703459 0.5306943 0.4703459 0.5306943 0.5033379 0.5306943 0.5363299 0.5306943 0.5363299 0.5306943 0.5363299 0.6816654 0.5493749 0.6816654 0.5493749 0.6816654 0.5363298 0.5478437 0.5363299 0.5590082 0.5363299 0.5590082 0.5493749 0.6816654 0.6022918 0.6816653 0.6022918 0.6816653 0.4703458 0.5701727 0.4440371 0.5701727 0.4440371 0.5701727 0.4703458 0.7199037 0.4440371 0.7199037 0.4440371 0.7199037 0.4308828 0.5701727 0.4177284 0.5701727 0.4177284 0.5701727 0.6022918 0.7199037 0.5493749 0.7199037 0.5493749 0.7199037 0 0 0 0 0 0 0.5033378 0.7199037 0.4703458 0.7199037 0.4703458 0.7199037 0.625 0.710344 0.625 0.7199037 0.625 0.7199037 0.5363299 0.5306943 0.5363299 0.5392408 0.5363299 0.5392408 0.5033379 0.6816653 0.5363299 0.6816654 0.5363299 0.6816654 0.625 0.7007845 0.625 0.710344 0.625 0.710344 0.5363299 0.5392408 0.5363298 0.5478437 0.5363298 0.5478437 0.4440371 0.5701727 0.4308828 0.5701727 0.4308828 0.5701727 0.4177284 0.6816653 0.4308827 0.6816652 0.4308827 0.6816652 0.625 0.6912249 0.625 0.7007845 0.625 0.7007845 0.5493749 0.7199037 0.5363299 0.7199037 0.5363299 0.7199037 0.6250001 0.6816654 0.625 0.6912249 0.625 0.6912249 0.4440371 0.6816652 0.4703459 0.6816653 0.4703459 0.6816653 0.5363299 0.5701727 0.5033379 0.5701727 0.5033379 0.5701727 0.375 0.5306943 0.4177284 0.5306943 0.4177284 0.5306943 0.4440371 0.7199037 0.4308828 0.7199037 0.4308828 0.7199037 0.4703459 0.6816653 0.5033379 0.6816653 0.5033379 0.6816653 0.5033379 0.5701727 0.4703458 0.5701727 0.4703458 0.5701727 0.4308828 0.5306943 0.4440371 0.5306943 0.4440371 0.5306943 0.5363299 0.7199037 0.5033378 0.7199037 0.5033378 0.7199037 0.4177284 0.7199037 0.375 0.7199037 0.375 0.7199037 0.4308827 0.6816652 0.4440371 0.6816652 0.4440371 0.6816652 0.4177284 0.5701727 0.375 0.5701727 0.375 0.5701727 0.375 0.6816653 0.4177284 0.6816653 0.4177284 0.6816653 0.4703459 0.5306943 0.5033379 0.5306943 0.5033379 0.5306943 0.6022918 0.6816653 0.6250001 0.6816654 0.6250001 0.6816654 0.5363299 0.5590082 0.5363299 0.5701727 0.5363299 0.5701727 0.4308828 0.7199037 0.4177284 0.7199037 0.4177284 0.7199037 0.4177284 0.5306943 0.4308828 0.5306943 0.4308828 0.5306943 0 0 0 0 0 0 0.625 0.6912249 0.625 0.7007845 0.625 0.7007845 0.5493749 0.7199037 0.5363299 0.7199037 0.5363299 0.7199037 0.4703459 0.5306943 0.5033379 0.5306943 0.5033379 0.5306943 0 0 0 0 0 0 0.6250001 0.6816654 0.625 0.6912249 0.625 0.6912249 0.4177284 0.5306943 0.4308828 0.5306943 0.4308828 0.5306943 0.4440371 0.6816652 0.4703459 0.6816653 0.4703459 0.6816653 0.5363299 0.5590082 0.5363299 0.5701727 0.5363299 0.5701727 0.4703458 0.5701727 0.4440371 0.5701727 0.4440371 0.5701727 0.4440371 0.7199037 0.4308828 0.7199037 0.4308828 0.7199037 0.5033379 0.5306943 0.5363299 0.5306943 0.5363299 0.5306943 0.5363298 0.5478437 0.5363299 0.5590082 0.5363299 0.5590082 0.4703459 0.6816653 0.5033379 0.6816653 0.5033379 0.6816653 0.5363299 0.5306943 0.5363299 0.5392408 0.5363299 0.5392408 0.5363299 0.5701727 0.5033379 0.5701727 0.5033379 0.5701727 0.5363299 0.7199037 0.5033378 0.7199037 0.5033378 0.7199037 0.4177284 0.7199037 0.375 0.7199037 0.375 0.7199037 0.4440371 0.5701727 0.4308828 0.5701727 0.4308828 0.5701727 0.4308827 0.6816652 0.4440371 0.6816652 0.4440371 0.6816652 0.375 0.6816653 0.4177284 0.6816653 0.4177284 0.6816653 0.5363299 0.5392408 0.5363298 0.5478437 0.5363298 0.5478437 0.6022918 0.6816653 0.6250001 0.6816654 0.6250001 0.6816654 0.4308828 0.7199037 0.4177284 0.7199037 0.4177284 0.7199037 0.4177284 0.5701727 0.375 0.5701727 0.375 0.5701727 0.625 0.7199037 0.6022918 0.7199037 0.6022918 0.7199037 0.5363299 0.6816654 0.5493749 0.6816654 0.5493749 0.6816654 0.4308828 0.5701727 0.4177284 0.5701727 0.4177284 0.5701727 0.5493749 0.6816654 0.6022918 0.6816653 0.6022918 0.6816653 0.4703458 0.7199037 0.4440371 0.7199037 0.4440371 0.7199037 0.375 0.5306943 0.4177284 0.5306943 0.4177284 0.5306943 0.6022918 0.7199037 0.5493749 0.7199037 0.5493749 0.7199037 0.5033378 0.7199037 0.4703458 0.7199037 0.4703458 0.7199037 0.5033379 0.5701727 0.4703458 0.5701727 0.4703458 0.5701727 0.625 0.710344 0.625 0.7199037 0.625 0.7199037 0.5033379 0.6816653 0.5363299 0.6816654 0.5363299 0.6816654 0.4440371 0.5306943 0.4703459 0.5306943 0.4703459 0.5306943 0.625 0.7007845 0.625 0.710344 0.625 0.710344 0.4177284 0.6816653 0.4308827 0.6816652 0.4308827 0.6816652 0.4440371 0.6816652 0.4703459 0.6816653 0.4703459 0.6816653 0.6250001 0.6816654 0.625 0.6912249 0.625 0.6912249 0.4177284 0.5306943 0.4308828 0.5306943 0.4308828 0.5306943 0.4440371 0.6816652 0.4703459 0.6816653 0.4703459 0.6816653 0.5363299 0.5590082 0.5363299 0.5701727 0.5363299 0.5701727 0.4703458 0.5701727 0.4440371 0.5701727 0.4440371 0.5701727 0.4440371 0.7199037 0.4308828 0.7199037 0.4308828 0.7199037 0.5033379 0.5306943 0.5363299 0.5306943 0.5363299 0.5306943 0.5363298 0.5478437 0.5363299 0.5590082 0.5363299 0.5590082 0.4703459 0.6816653 0.5033379 0.6816653 0.5033379 0.6816653 0.5363299 0.5306943 0.5363299 0.5392408 0.5363299 0.5392408 0.5363299 0.5701727 0.5033379 0.5701727 0.5033379 0.5701727 0.5363299 0.7199037 0.5033378 0.7199037 0.5033378 0.7199037 0.4177284 0.7199037 0.375 0.7199037 0.375 0.7199037 0.4440371 0.5701727 0.4308828 0.5701727 0.4308828 0.5701727 0.4308827 0.6816652 0.4440371 0.6816652 0.4440371 0.6816652 0.375 0.6816653 0.4177284 0.6816653 0.4177284 0.6816653 0.5363299 0.5392408 0.5363298 0.5478437 0.5363298 0.5478437 0.6022918 0.6816653 0.6250001 0.6816654 0.6250001 0.6816654 0.4308828 0.7199037 0.4177284 0.7199037 0.4177284 0.7199037 0.4177284 0.5701727 0.375 0.5701727 0.375 0.5701727 0.625 0.7199037 0.6022918 0.7199037 0.6022918 0.7199037 0.5363299 0.6816654 0.5493749 0.6816654 0.5493749 0.6816654 0.4308828 0.5701727 0.4177284 0.5701727 0.4177284 0.5701727 0.5493749 0.6816654 0.6022918 0.6816653 0.6022918 0.6816653 0.4703458 0.7199037 0.4440371 0.7199037 0.4440371 0.7199037 0.375 0.5306943 0.4177284 0.5306943 0.4177284 0.5306943 0.6022918 0.7199037 0.5493749 0.7199037 0.5493749 0.7199037 0.5033378 0.7199037 0.4703458 0.7199037 0.4703458 0.7199037 0.5033379 0.5701727 0.4703458 0.5701727 0.4703458 0.5701727 0.625 0.710344 0.625 0.7199037 0.625 0.7199037 0.5033379 0.6816653 0.5363299 0.6816654 0.5363299 0.6816654 0.4440371 0.5306943 0.4703459 0.5306943 0.4703459 0.5306943 0.625 0.7007845 0.625 0.710344 0.625 0.710344 0.4177284 0.6816653 0.4308827 0.6816652 0.4308827 0.6816652 0.4308828 0.5306943 0.4440371 0.5306943 0.4440371 0.5306943 0.625 0.6912249 0.625 0.7007845 0.625 0.7007845 0.5493749 0.7199037 0.5363299 0.7199037 0.5363299 0.7199037 0.4703459 0.5306943 0.5033379 0.5306943 0.5033379 0.5306943 0.375 0.6816653 0.375 0.7199037 0.4177284 0.6816653 0.375 0.7199037 0.4177284 0.7199037 0.4177284 0.6816653 0.4177284 0.7199037 0.4308828 0.7199037 0.4440371 0.7199037 0.4440371 0.7199037 0.4703458 0.7199037 0.5033378 0.7199037 0.5363299 0.7199037 0.5493749 0.7199037 0.6022918 0.7199037 0.4440371 0.7199037 0.5033378 0.7199037 0.625 0.7007845 0.5033378 0.7199037 0.5363299 0.7199037 0.625 0.710344 0.4440371 0.7199037 0.625 0.7007845 0.5363299 0.6816654 0.4177284 0.7199037 0.4440371 0.7199037 0.4177284 0.6816653 0.4440371 0.6816652 0.4308827 0.6816652 0.4703459 0.6816653 0.4308827 0.6816652 0.4177284 0.6816653 0.4440371 0.7199037 0.4703459 0.6816653 0.4308827 0.6816652 0.4440371 0.7199037 0.5363299 0.7199037 0.6022918 0.7199037 0.625 0.7199037 0.5033378 0.7199037 0.625 0.710344 0.625 0.7007845 0.625 0.7199037 0.625 0.710344 0.5363299 0.7199037 0.625 0.7007845 0.625 0.6912249 0.5363299 0.6816654 0.625 0.6912249 0.6250001 0.6816654 0.5363299 0.6816654 0.6250001 0.6816654 0.6022918 0.6816653 0.5493749 0.6816654 0.5493749 0.6816654 0.5363299 0.6816654 0.6250001 0.6816654 0.5363299 0.6816654 0.5033379 0.6816653 0.4703459 0.6816653 0.5363299 0.5590082 0.5363299 0.5701727 0.5363299 0.5701727 0.4703458 0.5701727 0.4440371 0.5701727 0.4440371 0.5701727 0.4440371 0.7199037 0.4308828 0.7199037 0.4308828 0.7199037 0.5033379 0.5306943 0.5363299 0.5306943 0.5363299 0.5306943 0.5363298 0.5478437 0.5363299 0.5590082 0.5363299 0.5590082 0.4703459 0.6816653 0.5033379 0.6816653 0.5033379 0.6816653 0.5363299 0.5306943 0.5363299 0.5392408 0.5363299 0.5392408 0.5363299 0.5701727 0.5033379 0.5701727 0.5033379 0.5701727 0.5363299 0.7199037 0.5033378 0.7199037 0.5033378 0.7199037 0.4177284 0.7199037 0.375 0.7199037 0.375 0.7199037 0.4440371 0.5701727 0.4308828 0.5701727 0.4308828 0.5701727 0.4308827 0.6816652 0.4440371 0.6816652 0.4440371 0.6816652 0.375 0.6816653 0.4177284 0.6816653 0.4177284 0.6816653 0.5363299 0.5392408 0.5363298 0.5478437 0.5363298 0.5478437 0.6022918 0.6816653 0.6250001 0.6816654 0.6250001 0.6816654 0.4308828 0.7199037 0.4177284 0.7199037 0.4177284 0.7199037 0.4177284 0.5701727 0.375 0.5701727 0.375 0.5701727 0.625 0.7199037 0.6022918 0.7199037 0.6022918 0.7199037 0.5363299 0.6816654 0.5493749 0.6816654 0.5493749 0.6816654 0.4308828 0.5701727 0.4177284 0.5701727 0.4177284 0.5701727 0.5493749 0.6816654 0.6022918 0.6816653 0.6022918 0.6816653 0.4703458 0.7199037 0.4440371 0.7199037 0.4440371 0.7199037 0.375 0.5306943 0.4177284 0.5306943 0.4177284 0.5306943 0.6022918 0.7199037 0.5493749 0.7199037 0.5493749 0.7199037 0.5033378 0.7199037 0.4703458 0.7199037 0.4703458 0.7199037 0.5033379 0.5701727 0.4703458 0.5701727 0.4703458 0.5701727 0.625 0.710344 0.625 0.7199037 0.625 0.7199037 0.5033379 0.6816653 0.5363299 0.6816654 0.5363299 0.6816654 0.4440371 0.5306943 0.4703459 0.5306943 0.4703459 0.5306943 0.625 0.7007845 0.625 0.710344 0.625 0.710344 0.4177284 0.6816653 0.4308827 0.6816652 0.4308827 0.6816652 0.4308828 0.5306943 0.4440371 0.5306943 0.4440371 0.5306943 0.625 0.6912249 0.625 0.7007845 0.625 0.7007845 0.5493749 0.7199037 0.5363299 0.7199037 0.5363299 0.7199037 0.4703459 0.5306943 0.5033379 0.5306943 0.5033379 0.5306943 0 0 0 0 0 0 0.6250001 0.6816654 0.625 0.6912249 0.625 0.6912249 0.4177284 0.5306943 0.4308828 0.5306943 0.4308828 0.5306943 0.4177284 0.5306943 0.4177284 0.5306943 0.4308828 0.5306943 0.4177284 0.5701727 0.375 0.5701727 0.375 0.5701727 0.5363299 0.5590082 0.5363299 0.5590082 0.5363299 0.5701727 0.4308828 0.5701727 0.4177284 0.5701727 0.4177284 0.5701727 0.5033379 0.5306943 0.5363299 0.5306943 0.5363299 0.5306943 0.375 0.5306943 0.375 0.5306943 0.4177284 0.5306943 0.4703458 0.5701727 0.4440371 0.5701727 0.4440371 0.5701727 0.5363299 0.5306943 0.5363299 0.5392408 0.5363299 0.5392408 0.5033379 0.5701727 0.4703458 0.5701727 0.4703458 0.5701727 0.5363298 0.5478437 0.5363299 0.5590082 0.5363299 0.5590082 0.4440371 0.5306943 0.4440371 0.5306943 0.4703459 0.5306943 0.5363299 0.5701727 0.5033379 0.5701727 0.5033379 0.5701727 0.4308828 0.5306943 0.4308828 0.5306943 0.4440371 0.5306943 0.4440371 0.5701727 0.4308828 0.5701727 0.4308828 0.5701727 0.4703459 0.5306943 0.4703459 0.5306943 0.5033379 0.5306943 0.3724904 0.5187286 0.37008 0.5259653 0.37008 0.5259653 0.366952 0.5353568 0.366952 0.5353568 0.363824 0.5447484 0.4308828 0.5701727 0.4308828 0.5701727 0.4177284 0.5701727 0.3605049 0.4936996 0.3605049 0.4936996 0.374885 0.5115393 0.375 0.5306943 0.4177284 0.5306943 0.4177284 0.5306943 0.8049024 0.4331585 0.8049024 0.4331585 0.7785938 0.4331585 0.374885 0.5115393 0.374885 0.5115393 0.3724904 0.5187286 0.8378946 0.4331585 0.8378946 0.4331585 0.8049024 0.4331585 0.37008 0.5259653 0.37008 0.5259653 0.366952 0.5353568 0.3346579 0.4616338 0.346125 0.4758597 0.346125 0.4758597 0.363824 0.5447484 0.363824 0.5447484 0.349444 0.5269086 0.3289244 0.4545208 0.3346579 0.4616338 0.3346579 0.4616338 0.7785938 0.4331585 0.7785938 0.4331585 0.7654394 0.4331585 0.346125 0.4758597 0.346125 0.4758597 0.3605049 0.4936996 0.3724904 0.5187286 0.3724904 0.5187286 0.37008 0.5259653 0.4177284 0.5306943 0.4308828 0.5306943 0.4308828 0.5306943 0.4177284 0.5701727 0.4177284 0.5701727 0.375 0.5701727 0.3178634 0.4877299 0.3235969 0.4948428 0.3231909 0.4474078 0.3235969 0.4948428 0.3350639 0.5090688 0.366952 0.5353568 0.3231909 0.4474078 0.366952 0.5353568 0.3289244 0.4545208 0.3350639 0.5090688 0.349444 0.5269086 0.366952 0.5353568 0.349444 0.5269086 0.363824 0.5447484 0.366952 0.5353568 0.366952 0.5353568 0.37008 0.5259653 0.3289244 0.4545208 0.37008 0.5259653 0.3724904 0.5187286 0.3346579 0.4616338 0.3724904 0.5187286 0.374885 0.5115393 0.3346579 0.4616338 0.374885 0.5115393 0.3605049 0.4936996 0.346125 0.4758597 0.346125 0.4758597 0.3346579 0.4616338 0.374885 0.5115393 0.3346579 0.4616338 0.3289244 0.4545208 0.37008 0.5259653 0.3231909 0.4474078 0.3045671 0.4243033 0.3178634 0.4877299 0.3045671 0.4243033 0.2935062 0.4575123 0.3121299 0.4806169 0.3235969 0.4948428 0.366952 0.5353568 0.3231909 0.4474078 0.375 0.375 0.375 0.875 0.375 0.6816653 0.375 0.875 0.375 0.8003732 0 0 0.375 0.375 0.375 0.6816653 0.375 0.5701727 0.375 0.8003732 0.375 0.7616246 0.375 0.75 0.375 0.8003732 0.375 0.75 0.375 0.7412745 0.375 0.4104368 0.375 0.375 0.375 0.5306943 0.375 0.5306943 0.375 0.4412353 0.375 0.4104368 0.375 0.5701727 0.375 0.5306943 0.375 0.375 0.375 0.8003732 0.375 0.7412745 0 0 0.375 0.7412745 0.375 0.7199037 0 0 0.375 0.6816653 0.375 0.6816653 0.375 0.6816653 0.375 0.6816653 0.375 0.6720401 0.375 0.6816653 0.375 0.6720401 0.375 0.6608859 0.375 0.6816653 0.375 0.6608859 0.375 0.6440995 0.375 0.6816653 0.375 0.627313 0.375 0.5987429 0.375 0.5701727 0.375 0.5987429 0.375 0.5819579 0.375 0.5701727 0.375 0.6816653 0.375 0.6816653 0.375 0.6816653 0.375 0.6816653 0.375 0.6816653 0.375 0.6816653 0.375 0.6816653 0.375 0.6440995 0.375 0.627313 0.375 0.6816653 0.375 0.627313 0.375 0.5701727 0.375 0.7199037 0.375 0.7199037 0 0 0.375 0.7199037 0.375 0.7199037 0.375 0.7199037 0.375 0.7199037 0.375 0.7199037 0 0 0.375 0.875 0 0 0.375 0.6816653 0.375 0.5701727 0.375 0.5701727 0.375 0.5819579 0.375 0.5701727 0.375 0.5701727 0.375 0.5701727 0.375 0.5701727 0.375 0.5819579 0.375 0.5701727 0.375 0.5701727 0.375 0.5701727 0.375 0.5701727 0.375 0.5701727 0.375 0.5701727 0.375 0.5701727 0.375 0.4412353 0.375 0.4496269 0.4177285 0.4496269 0.375 0.4412353 0.375 0.5306943 0.375 0.4496269 0.375 0.5306943 0.375 0.5306943 0.375 0.5255149 0.375 0.4496269 0.375 0.5306943 0.375 0.4883754 0.375 0.4883754 0.375 0.5306943 0.375 0.5161137 0.375 0.4883754 0.375 0.4561875 0.375 0.4496269 0.375 0.5067127 0.375 0.5 0.375 0.4883754 0.375 0.5161137 0.375 0.5067127 0.375 0.4883754 0.375 0.5161137 0.375 0.5306943 0.375 0.5255149 0.375 0.5306943 0.375 0.5255149 0.375 0.5306943 0.375 0.5306943 0.375 0.5306943 0.375 0.5306943 0.375 0.5306943 0.375 0.5306943 0.375 0.5306943 0.375 0.5306943 0.375 0.5306943 0.375 0.5306943 0.5 0.25 0.625 0.25 0.625 0 0.5 0.5 0.625 0.5 0.625 0.25 0.5 0.75 0.625 0.75 0.625 0.5 0.5 0.75 0.5 1 0.625 1 0.125 0.75 0.375 0.75 0.375 0.5 0.625 0.75 0.875 0.75 0.875 0.5 0.375 1 0.5 1 0.5 0.75 0.375 0.75 0.5 0.75 0.5 0.5 0.375 0.25 0.375 0.5 0.5 0.5 0.375 0.25 0.5 0.25 0.5 0 0.375 0.5 0.625 0.5 0.625 0.25 0.375 0.75 0.625 0.75 0.625 0.5 0.375 1 0.625 1 0.625 0.75 0.125 0.75 0.375 0.75 0.375 0.5 0.625 0.75 0.875 0.75 0.875 0.5 0.375 0.5 0.625 0.5 0.625 0.25 0.375 0.5 0.375 0.75 0.625 0.75 0.375 1 0.625 1 0.625 0.75 0.125 0.75 0.375 0.75 0.375 0.5 0.625 0.75 0.875 0.75 0.875 0.5 0.375 0.25 0.375 0.5 0.625 0.5 0.375 0.5 0.375 0.75 0.625 0.75 0.375 1 0.625 1 0.625 0.75 0.125 0.75 0.375 0.75 0.375 0.5 0.625 0.75 0.875 0.75 0.875 0.5 0.375 0.5 0.625 0.5 0.625 0.25 0.375 0.5 0.375 0.75 0.625 0.75 0.375 1 0.625 1 0.625 0.75 0.125 0.75 0.375 0.75 0.375 0.5 0.625 0.75 0.875 0.75 0.875 0.5 0.375 0.5 0.625 0.5 0.625 0.25 0.375 0.75 0.625 0.75 0.625 0.5 0.375 1 0.625 1 0.625 0.75 0.125 0.75 0.375 0.75 0.375 0.5 0.625 0.75 0.875 0.75 0.875 0.5 0.375 0.5 0.625 0.5 0.625 0.25 0.375 0.5 0.375 0.75 0.625 0.75 0.375 1 0.625 1 0.625 0.75 0.125 0.75 0.375 0.75 0.375 0.5 0.625 0.75 0.875 0.75 0.875 0.5 0.5466946 0.5439116 0.5842092 0.5413959 0.5874337 0.5573372 0.3810186 0.6093411 0.3822321 0.6204395 0.4174588 0.6165876 0.4144349 0.6352222 0.4288315 0.6064333 0.4089481 0.6086664 0.4288315 0.6064333 0.414102 0.5990673 0.4089481 0.6086664 0.3763561 0.5667008 0.3773779 0.5760462 0.4126046 0.5721943 0.5919235 0.5679774 0.6241115 0.5679774 0.6241114 0.5594307 0.359391 0.5918208 0.37887 0.589691 0.3779409 0.581195 0.379805 0.5982428 0.4150317 0.5943909 0.4140966 0.585839 0.5449387 0.5484559 0.5874337 0.5573372 0.6092345 0.6186507 0.3389831 0.5854548 0.339912 0.5939508 0.359391 0.5918208 0.3732522 0.5786392 0.3582385 0.5711311 0.3438417 0.5999199 0.3985229 0.5944714 0.405924 0.5944715 0.4067871 0.5668064 0.5919235 0.5765802 0.6241117 0.5765802 0.6241115 0.5679774 0.5919235 0.5989091 0.6241115 0.5989091 0.6241116 0.5877447 0.5181846 0.6220072 0.5011693 0.5640091 0.5449387 0.5484559 0.3603261 0.6003727 0.379805 0.5982428 0.37887 0.589691 0.356877 0.5688306 0.3578989 0.578176 0.3773779 0.5760462 0.3615397 0.6114709 0.3627531 0.6225693 0.3822321 0.6204395 0.5011693 0.5640091 0.500049 0.5446833 0.5466946 0.5439116 0.5066136 0.659013 0.5181846 0.6220072 0.5714685 0.6264321 0.383795 0.5950878 0.3818256 0.5829265 0.3588555 0.6074281 0.3818256 0.5829265 0.3732522 0.5786392 0.3588555 0.6074281 0.5650869 0.6630217 0.5714685 0.6264321 0.6092345 0.6186507 0.5070822 0.6589664 0.5154708 0.6213076 0.5723475 0.6262493 0.4892181 0.5711078 0.4822532 0.5509372 0.4670737 0.5539628 0.4888359 0.5833789 0.508431 0.5833789 0.508431 0.5722144 0.3373981 0.5709607 0.33842 0.580306 0.3578989 0.578176 0.3408471 0.6025027 0.3603261 0.6003727 0.359391 0.5918208 0.4931665 0.5918291 0.4892181 0.5711078 0.4642357 0.5521627 0.3738692 0.6149362 0.3994224 0.6277148 0.4089481 0.6086663 0.3773779 0.5760462 0.3779409 0.581195 0.4131677 0.5773431 0.4888359 0.5722144 0.508431 0.5722144 0.508431 0.56105 0.5919235 0.5594307 0.6241114 0.5594307 0.6241115 0.5542513 0.3578989 0.578176 0.3584619 0.5833248 0.3779409 0.581195 0.33842 0.580306 0.3389831 0.5854548 0.3584619 0.5833248 0.379805 0.5982428 0.3810186 0.6093411 0.4162452 0.6054893 0.5919235 0.5877447 0.6241116 0.5877447 0.6241117 0.5765802 0.3603261 0.6003727 0.3615397 0.6114709 0.3810186 0.6093411 0.3779409 0.581195 0.37887 0.589691 0.4140966 0.585839</float_array>
          <technique_common>
            <accessor source="#Куб_007-mesh-map-0-array" count="11424" stride="2">
              <param name="S" type="float"/>
              <param name="T" type="float"/>
            </accessor>
          </technique_common>
        </source>
        <vertices id="Куб_007-mesh-vertices">
          <input semantic="POSITION" source="#Куб_007-mesh-positions"/>
        </vertices>
        <triangles material="Материал_002-material" count="168">
          <input semantic="VERTEX" source="#Куб_007-mesh-vertices" offset="0"/>
          <input semantic="NORMAL" source="#Куб_007-mesh-normals" offset="1"/>
          <input semantic="TEXCOORD" source="#Куб_007-mesh-map-0" offset="2" set="0"/>
          <p>67 87 96 546 88 97 64 89 98 65 99 108 609 100 109 138 101 110 91 108 117 526 109 118 54 110 119 132 123 132 525 124 133 610 125 134 80 132 141 531 133 142 602 134 143 139 147 156 612 148 157 48 149 158 48 240 327 528 241 328 52 242 329 72 243 330 619 244 331 594 245 332 524 1034 1218 610 1035 1219 525 1036 1220 533 1037 1221 605 1038 1222 606 1039 1223 544 1040 1224 609 1040 1225 545 1040 1226 540 1080 1266 546 1081 1267 541 1082 1268 611 1086 1272 542 1087 1273 613 1088 1274 608 1089 1275 529 1090 1276 612 1091 1277 50 1107 1293 611 1108 1294 613 1109 1295 50 1116 1302 542 1117 1303 66 1118 1304 49 1125 1311 566 1126 1312 68 1127 1313 49 1137 1323 596 1138 1324 614 1139 1325 69 1149 1335 548 1150 1336 70 1151 1337 51 1155 1341 586 1156 1342 82 1157 1343 71 1170 1356 615 1171 1357 51 1172 1358 74 1191 1377 599 1192 1378 597 1193 1379 76 1197 1383 601 1198 1384 598 1199 1385 78 1212 1398 603 1213 1399 600 1214 1400 83 1224 1410 616 1225 1411 149 1226 1412 85 1236 1422 589 1237 1423 86 1238 1424 87 1248 1434 591 1249 1435 88 1250 1436 89 1260 1446 593 1261 1447 90 1262 1448 766 1554 1950 803 1554 1951 764 1554 1952 845 1554 2037 883 1554 2038 843 1554 2039 805 1554 2049 843 1554 2050 803 1554 2051 885 1554 2379 923 1554 2380 883 1554 2381 983 1716 2496 991 1716 2497 990 1716 2498 985 1717 2499 992 1718 2500 991 1719 2501 989 1720 2502 993 1721 2503 992 1722 2504 993 1723 2505 983 1724 2506 990 1725 2507 988 1726 2508 982 1726 2509 984 1727 2510 985 1728 2511 987 1729 2512 989 1730 2513 993 1723 2514 982 1731 2515 986 1732 2516 992 1733 2517 986 1734 2518 988 1735 2519 984 1736 2520 992 1718 2521 988 1737 2522 990 1738 2523 984 1738 2524 982 1738 2525 1612 1977 2826 1182 1978 2827 1179 1979 2828 1675 1989 2838 1180 1990 2839 1253 1991 2840 1592 1998 2847 1206 1999 2848 1169 2000 2849 1247 2013 2862 1591 2014 2863 1170 2015 2864 1195 2022 2871 1597 2023 2872 1168 2024 2873 1678 2037 2886 1254 2038 2887 1163 2039 2888 1594 2127 3057 1163 2128 3058 1167 2129 3059 1187 2130 3060 1685 2131 3061 1263 2132 3062 1676 2871 3951 1590 2872 3952 1591 2873 3953 1599 2874 3954 1671 2875 3955 1598 2876 3956 1610 2877 3957 1611 2877 3958 1675 2877 3959 1606 2917 3999 1612 2918 4000 1613 2919 4001 1677 2923 4005 1608 2924 4006 1609 2925 4007 1678 2926 4008 1595 2927 4009 1674 2928 4010 1165 2944 4026 1677 2945 4027 1248 2946 4028 1608 2953 4035 1165 2954 4036 1181 2955 4037 1632 2962 4044 1164 2963 4045 1183 2964 4046 1164 2974 4056 1662 2975 4057 1188 2976 4058 1614 2986 4068 1184 2987 4069 1185 2988 4070 1652 2992 4074 1166 2993 4075 1197 2994 4076 1681 3007 4089 1186 3008 4090 1166 3009 4091 1189 3028 4110 1665 3029 4111 1192 3030 4112 1191 3034 4116 1667 3035 4117 1194 3036 4118 1193 3049 4131 1669 3050 4132 1196 3051 4133 1682 3061 4143 1198 3062 4144 1264 3063 4145 1655 3073 4155 1200 3074 4156 1201 3075 4157 1657 3085 4167 1202 3086 4168 1203 3087 4169 1659 3097 4179 1204 3098 4180 1205 3099 4181 1863 1554 4683 1826 1554 4684 1824 1554 4685 1943 1554 4770 1905 1554 4771 1903 1554 4772 1903 1554 4782 1865 1554 4783 1863 1554 4784 1983 1554 5112 1945 1554 5113 1943 1554 5114 2051 3541 5229 2043 3541 5230 2050 3541 5231 2052 3542 5232 2045 3543 5233 2051 3544 5234 2053 3545 5235 2049 3546 5236 2052 3547 5237 2053 3548 5238 2043 1724 5239 2047 1732 5240 2042 3549 5241 2048 3549 5242 2044 3550 5243 2047 3551 5244 2045 3552 5245 2049 3553 5246 2042 3554 5247 2053 3548 5248 2046 3555 5249 2046 3556 5250 2052 3557 5251 2048 3558 5252 2044 1736 5253 2052 3542 5254 2051 3544 5255 2044 3559 5256 2050 3559 5257 2042 3559 5258 67 87 5574 541 3680 5575 546 88 5576 65 99 5586 545 3684 5587 609 100 5588 91 108 5595 592 3687 5596 526 109 5597 132 123 5610 55 3691 5611 525 124 5612 80 132 5619 53 3693 5620 531 133 5621 139 147 5634 608 3697 5635 612 148 5636 48 240 5805 612 3709 5806 528 241 5807 72 243 5808 148 3710 5809 619 244 5810 524 1034 6720 607 3945 6721 610 1035 6722 533 1037 6723 532 3946 6724 605 1038 6725 540 1080 6765 547 3960 6766 546 1081 6767 611 1086 6771 543 3962 6772 542 1087 6773 604 3963 6774 529 1090 6775 608 1089 6776 529 1090 6777 528 3964 6778 612 1091 6779 50 1107 6795 133 3970 6796 611 1108 6797 50 1116 6804 613 3973 6805 542 1117 6806 49 1125 6813 614 3976 6814 566 1126 6815 49 1137 6825 73 3980 6826 596 1138 6827 69 1149 6837 569 3984 6838 548 1150 6839 51 1155 6843 615 3986 6844 586 1156 6845 71 1170 6858 551 3991 6859 615 1171 6860 74 1191 6879 77 3998 6880 599 1192 6881 76 1197 6885 79 4000 6886 601 1198 6887 78 1212 6900 81 4005 6901 603 1213 6902 83 1224 6912 585 4009 6913 616 1225 6914 85 1236 6924 587 4013 6925 589 1237 6926 87 1248 6936 588 4017 6937 591 1249 6938 89 1260 6948 590 4021 6949 593 1261 6950 766 1554 7449 805 1554 7450 803 1554 7451 845 1554 7536 885 1554 7537 883 1554 7538 805 1554 7548 845 1554 7549 843 1554 7550 885 1554 7935 925 1554 7936 923 1554 7937 983 1716 8208 985 1716 8209 991 1716 8210 985 1717 8211 989 4205 8212 992 1718 8213 989 1720 8214 987 4206 8215 993 1721 8216 993 1723 8217 987 1732 8218 983 1724 8219 988 1726 8220 986 1727 8221 982 1726 8222 985 1728 8223 983 4207 8224 987 1729 8225 993 1723 8226 990 1725 8227 982 1731 8228 992 1733 8229 993 4208 8230 986 1734 8231 984 1736 8232 991 1719 8233 992 1718 8234 990 1738 8235 991 1738 8236 984 1738 8237 1612 1977 8556 1607 4278 8557 1182 1978 8558 1675 1989 8568 1611 4282 8569 1180 1990 8570 1592 1998 8577 1658 4285 8578 1206 1999 8579 1247 2013 8592 1676 4290 8593 1591 2014 8594 1195 2022 8601 1668 4292 8602 1597 2023 8603 1678 2037 8616 1674 4296 8617 1254 2038 8618 1594 2127 8787 1678 4310 8788 1163 2128 8789 1187 2130 8790 1660 4311 8791 1685 2131 8792 1676 2871 9699 1673 4553 9700 1590 2872 9701 1599 2874 9702 1672 4554 9703 1671 2875 9704 1606 2917 9744 1607 4568 9745 1612 2918 9746 1677 2923 9750 1679 4570 9751 1608 2924 9752 1594 4571 9753 1595 2927 9754 1678 2926 9755 1595 2927 9756 1670 4572 9757 1674 2928 9758 1165 2944 9774 1679 4578 9775 1677 2945 9776 1608 2953 9783 1679 4581 9784 1165 2954 9785 1632 2962 9792 1680 4584 9793 1164 2963 9794 1164 2974 9804 1680 4588 9805 1662 2975 9806 1614 2986 9816 1635 4592 9817 1184 2987 9818 1652 2992 9822 1681 4594 9823 1166 2993 9824 1681 3007 9837 1617 4599 9838 1186 3008 9839 1189 3028 9858 1663 4606 9859 1665 3029 9860 1191 3034 9864 1664 4608 9865 1667 3035 9866 1193 3049 9879 1666 4613 9880 1669 3050 9881 1682 3061 9891 1651 4617 9892 1198 3062 9893 1655 3073 9903 1653 4621 9904 1200 3074 9905 1657 3085 9915 1654 4625 9916 1202 3086 9917 1659 3097 9927 1656 4629 9928 1204 3098 9929 1863 1554 10428 1865 1554 10429 1826 1554 10430 1943 1554 10515 1945 1554 10516 1905 1554 10517 1903 1554 10527 1905 1554 10528 1865 1554 10529 1983 1554 10914 1985 1554 10915 1945 1554 10916 2051 3541 11187 2045 3541 11188 2043 3541 11189 2052 3542 11190 2049 4810 11191 2045 3543 11192 2053 3545 11193 2047 4811 11194 2049 3546 11195 2053 3548 11196 2050 4812 11197 2043 1724 11198 2042 3549 11199 2046 3550 11200 2048 3549 11201 2047 3551 11202 2043 4813 11203 2045 3552 11204 2042 3554 11205 2050 4812 11206 2053 3548 11207 2046 3556 11208 2053 4814 11209 2052 3557 11210 2044 1736 11211 2048 1737 11212 2052 3542 11213 2044 3559 11214 2051 3559 11215 2050 3559 11216</p>
        </triangles>
        <triangles material="Материал_001-material" count="1800">
          <input semantic="VERTEX" source="#Куб_007-mesh-vertices" offset="0"/>
          <input semantic="NORMAL" source="#Куб_007-mesh-normals" offset="1"/>
          <input semantic="TEXCOORD" source="#Куб_007-mesh-map-0" offset="2" set="0"/>
          <p>3 0 0 24 1 1 23 2 2 17 12 12 23 13 13 26 14 14 36 21 21 25 22 22 37 23 23 0 59 66 37 60 67 24 61 68 39 68 75 40 69 76 41 70 77 44 71 78 39 72 79 45 73 80 44 74 81 42 75 82 43 76 83 46 77 84 42 78 85 47 79 86 121 84 93 598 85 94 576 86 95 148 90 99 618 91 100 619 92 101 70 93 102 549 94 103 93 95 104 101 96 105 574 97 106 123 98 107 147 102 111 617 103 112 570 104 113 102 105 114 579 106 115 558 107 116 145 111 120 616 112 121 552 113 122 148 114 123 116 115 124 146 116 125 64 117 126 547 118 127 134 119 128 117 120 129 597 121 130 572 122 131 147 126 135 97 127 136 144 128 137 98 129 138 575 130 139 554 131 140 65 135 144 544 136 145 545 137 146 115 138 147 549 139 148 568 140 149 145 141 150 84 142 151 149 143 152 73 144 153 567 145 154 596 146 155 66 150 159 543 151 160 141 152 161 56 153 162 58 154 163 59 155 164 60 156 165 62 157 166 63 158 167 93 159 168 95 160 169 92 161 170 97 127 171 99 162 172 96 163 173 100 164 174 102 165 175 103 166 176 104 167 177 106 168 178 107 169 179 108 170 180 110 171 181 111 172 182 112 173 183 114 174 184 115 175 185 117 176 186 119 177 187 116 115 188 121 178 189 123 179 190 120 180 191 125 181 192 127 182 193 124 183 194 128 184 195 130 185 196 131 186 197 134 187 198 136 188 199 137 189 200 141 190 201 143 191 202 140 192 203 55 193 204 61 194 205 60 156 206 52 195 207 59 155 208 53 196 209 63 158 210 58 154 211 57 197 212 111 172 213 61 194 214 108 170 215 128 184 216 58 154 217 129 198 218 67 199 219 141 190 220 140 192 221 65 200 222 134 187 223 137 189 224 70 201 225 92 161 226 71 202 227 144 128 228 96 163 229 145 141 230 101 203 231 99 162 232 98 204 233 102 165 234 104 167 235 103 166 236 110 171 237 107 169 238 106 168 239 112 173 240 69 205 241 68 206 242 146 116 243 119 177 244 147 126 245 120 180 246 118 207 247 117 176 248 124 183 249 122 208 250 121 178 251 131 186 252 126 209 253 125 181 254 94 210 255 115 175 256 114 174 257 98 204 258 119 177 259 118 207 260 122 208 261 101 203 262 123 179 263 126 209 264 105 211 265 127 182 266 111 172 267 130 185 268 129 198 269 83 212 270 92 161 271 95 160 272 85 213 273 96 163 274 99 162 275 103 166 276 86 214 277 100 164 278 107 169 279 88 215 280 104 167 281 91 216 282 109 217 283 108 170 284 113 218 285 73 219 286 72 220 287 74 221 288 116 115 289 75 222 290 76 223 291 120 180 292 77 224 293 78 225 294 124 183 295 79 226 296 80 227 297 131 186 298 81 228 299 136 188 300 57 197 301 56 153 302 63 158 303 142 229 304 60 156 305 136 188 306 138 230 307 137 189 308 142 229 309 133 231 310 132 232 311 135 233 312 140 192 313 143 191 314 114 234 315 584 235 316 94 236 317 113 218 318 147 126 319 114 174 320 94 210 321 145 141 322 95 160 323 72 237 324 595 238 325 113 239 326 154 246 333 156 247 334 165 248 335 171 249 336 153 250 337 155 251 338 170 252 339 164 253 340 171 254 341 169 255 342 162 256 343 170 257 344 168 258 345 161 259 346 169 260 347 166 261 348 160 262 349 168 263 350 165 264 351 159 265 352 166 266 353 169 267 354 194 268 355 161 269 356 170 270 357 190 271 358 162 272 359 168 276 363 198 277 364 160 278 365 171 291 378 186 292 379 164 293 380 195 306 393 212 307 394 194 308 395 191 309 396 210 310 397 190 311 398 199 315 402 214 316 403 198 317 404 203 318 405 216 319 406 202 320 407 207 324 411 218 325 412 206 326 413 165 327 414 206 328 415 156 329 416 166 333 420 202 334 421 159 335 422 184 336 423 186 337 424 185 338 425 189 339 426 190 340 427 188 341 428 193 342 429 194 343 430 192 344 431 197 345 432 198 346 433 196 347 434 201 348 435 202 349 436 200 350 437 205 351 438 206 352 439 204 353 440 191 355 444 210 356 445 211 355 446 195 357 447 212 358 448 213 357 449 199 359 450 214 360 451 215 359 452 192 367 465 213 367 466 193 367 467 213 368 468 212 368 469 193 368 470 196 376 483 215 376 484 197 376 485 215 377 486 214 377 487 197 377 488 188 378 489 211 378 490 189 378 491 211 379 492 210 379 493 189 379 494 656 380 495 232 381 496 451 382 497 458 383 498 226 384 499 459 385 500 473 392 507 221 393 508 450 394 509 405 401 516 253 402 517 330 403 518 418 440 555 338 441 556 422 442 557 436 446 561 259 447 562 336 448 563 266 458 573 404 459 574 340 460 575 261 461 576 329 462 577 338 463 578 221 467 582 460 468 583 450 469 584 670 482 597 466 483 598 672 484 599 511 494 609 279 495 610 513 496 611 430 497 612 276 498 613 428 499 614 222 500 615 296 501 616 267 502 617 246 506 621 284 507 622 225 508 623 359 509 624 285 510 625 223 511 626 297 512 627 231 513 628 276 498 629 290 514 630 229 515 631 237 516 632 279 495 633 286 517 634 222 518 635 292 519 636 237 520 637 244 521 638 443 522 639 980 523 640 981 524 641 223 525 642 292 526 643 244 527 644 417 528 645 293 529 646 246 530 647 674 531 648 294 532 649 248 533 650 323 540 657 299 541 658 314 542 659 361 543 660 315 544 661 362 545 662 305 546 663 317 547 664 320 548 665 307 552 669 320 553 670 322 554 671 447 555 672 306 556 673 321 557 674 300 558 675 322 559 676 315 560 677 419 561 678 308 562 679 323 563 680 412 569 687 323 570 688 353 571 689 441 575 693 321 576 694 351 577 695 320 584 702 347 585 703 350 586 704 363 590 708 315 591 709 345 592 710 353 593 711 314 594 712 344 595 713 308 607 729 329 608 730 299 609 731 387 610 732 335 611 733 302 612 734 337 615 738 391 616 739 393 617 740 440 618 741 336 619 742 306 620 743 330 621 744 307 622 745 300 623 746 415 624 747 338 625 748 308 626 749 512 602 753 298 629 754 511 494 755 426 600 756 297 512 757 430 497 758 286 630 759 356 598 760 296 501 761 293 634 765 344 635 766 284 636 767 360 637 768 345 638 769 285 639 770 357 587 771 283 640 772 297 512 773 350 641 774 287 642 775 290 643 776 298 629 777 346 583 778 286 517 779 292 644 780 350 645 781 290 646 782 351 577 783 291 647 784 980 648 785 285 649 786 352 650 787 292 651 788 411 652 789 353 571 790 293 653 791 679 654 792 294 655 793 676 656 794 295 657 795 363 658 796 360 659 797 405 660 798 330 661 799 300 662 800 355 663 801 362 664 802 363 665 803 310 666 804 362 667 805 325 668 806 295 669 807 359 670 808 264 671 809 375 687 825 461 688 826 455 689 827 260 699 837 497 700 838 483 701 839 368 702 840 370 703 841 374 704 842 260 705 843 377 706 844 371 707 845 368 708 846 468 709 847 456 710 848 485 714 852 380 715 853 492 716 854 383 723 861 378 724 862 379 725 863 383 726 864 462 727 865 463 728 866 384 729 867 381 730 868 385 731 869 385 732 870 500 733 871 499 734 872 404 769 909 405 769 910 406 769 911 405 770 912 402 771 913 403 772 914 397 773 915 401 774 916 396 775 917 505 776 918 402 777 919 509 778 920 291 784 927 412 785 928 411 786 929 306 787 930 422 788 931 415 789 932 351 790 933 419 791 934 412 785 935 321 792 936 415 793 937 419 794 938 238 795 939 411 796 940 417 797 941 336 798 942 418 799 943 422 800 944 349 813 957 430 814 958 289 815 959 289 815 969 428 823 970 234 824 971 451 828 975 424 829 976 478 830 977 348 844 993 439 845 994 288 846 995 333 847 996 440 618 997 303 848 998 318 849 999 441 575 1000 348 844 1001 303 850 1002 447 555 1003 318 851 1004 227 852 1005 439 853 1006 443 854 1007 256 857 1011 436 858 1012 333 859 1013 474 865 1020 508 866 1021 504 867 1022 396 871 1026 476 872 1027 397 873 1028 382 879 1035 470 880 1036 378 881 1037 493 882 1038 462 883 1039 492 884 1040 375 887 1044 462 888 1045 379 889 1046 486 890 1047 468 891 1048 498 892 1049 247 893 1050 467 894 1051 370 895 1052 485 901 1059 461 902 1060 491 903 1061 488 934 1095 459 935 1096 489 936 1097 261 943 1104 489 944 1105 252 945 1106 376 981 1143 491 982 1144 366 983 1145 369 986 1149 498 987 1150 377 988 1151 384 991 1155 492 992 1156 380 993 1157 475 1005 1170 509 1006 1171 476 1007 1172 499 1009 1176 470 1010 1177 469 1011 1178 455 1012 1179 492 716 1180 462 888 1181 483 930 1182 467 1013 1183 453 397 1184 343 589 1188 511 494 1189 283 640 1190 283 640 1194 513 496 1195 231 513 1196 106 1101 1287 583 1102 1288 562 1103 1289 71 1104 1290 550 1105 1291 551 1106 1292 120 1110 1296 599 1111 1297 77 1112 1298 105 1113 1299 578 1114 1300 127 1115 1301 111 1119 1305 539 1120 1306 536 1121 1307 95 1122 1308 552 1123 1309 553 1124 1310 125 1128 1314 600 1129 1315 580 1130 1316 110 1131 1317 582 1132 1318 130 1133 1319 98 1134 1320 555 1135 1321 101 1136 1322 124 1140 1326 601 1141 1327 79 1142 1328 95 1143 1329 585 1144 1330 83 1145 1331 99 1146 1332 556 1147 1333 557 1148 1334 102 1152 1338 559 1153 1339 105 1154 1340 128 1158 1344 602 1159 1345 538 1160 1346 92 1161 1347 586 1162 1348 550 1163 1349 103 1164 1350 560 1165 1351 561 1166 1352 55 1167 1353 524 1168 1354 525 1169 1355 131 1173 1359 603 1174 1360 81 1175 1361 85 1176 1362 557 1177 1363 587 1178 1364 106 1179 1365 563 1180 1366 110 1181 1367 136 1182 1368 529 1183 1369 604 1184 1370 107 1185 1371 564 1186 1372 565 1187 1373 54 1188 1374 527 1189 1375 61 1190 1376 135 1194 1380 532 1195 1381 57 1196 1382 143 1200 1386 533 1201 1387 606 1202 1388 87 1203 1389 561 1204 1390 588 1205 1391 68 1206 1392 567 1207 1393 112 1208 1394 56 1209 1395 528 1210 1396 529 1211 1397 142 1215 1401 524 1216 1402 60 1217 1403 69 1218 1404 568 1219 1405 569 1220 1406 59 1221 1407 531 1222 1408 53 1223 1409 139 1227 1413 604 1228 1414 608 1229 1415 86 1230 1416 556 1231 1417 100 1232 1418 63 1233 1419 532 1234 1420 533 1235 1421 89 1239 1425 565 1240 1426 590 1241 1427 114 1242 1428 570 1243 1429 571 1244 1430 62 1245 1431 535 1246 1432 58 1247 1433 138 1251 1437 544 1252 1438 137 1253 1439 117 1254 1440 573 1255 1441 120 1256 1442 111 1257 1443 534 1258 1444 62 1259 1445 88 1263 1449 560 1264 1450 104 1265 1451 118 1266 1452 574 1267 1453 575 1268 1454 108 1269 1455 527 1270 1456 537 1271 1457 94 1272 1458 617 1273 1459 144 1274 1460 132 1275 1461 607 1276 1462 142 1277 1463 91 1278 1464 537 1279 1465 592 1280 1466 121 1281 1467 577 1282 1468 124 1283 1469 128 1284 1470 530 1285 1471 59 1286 1472 133 1287 1473 543 1288 1474 611 1289 1475 122 1290 1476 578 1291 1477 579 1292 1478 129 1293 1479 535 1294 1480 539 1295 1481 113 1296 1482 618 1297 1483 146 1298 1484 135 1299 1485 606 1300 1486 605 1301 1487 90 1302 1488 564 1303 1489 109 1304 1490 125 1305 1491 581 1306 1492 131 1307 1493 67 1308 1494 540 1309 1495 541 1310 1496 134 1311 1497 540 1312 1498 140 1313 1499 126 1314 1500 582 1315 1501 583 1316 1502 236 1317 1503 635 1318 1504 621 1319 1505 252 1320 1506 634 1321 1507 629 1322 1508 489 1323 1509 633 1324 1510 634 1321 1511 520 1325 1512 632 1326 1513 635 1327 1514 243 1328 1515 631 1329 1516 628 1330 1517 344 1331 1518 622 1332 1519 284 1333 1520 225 1343 1530 622 1344 1531 620 1345 1532 329 1346 1533 629 1347 1534 623 1348 1535 459 1349 1536 624 1350 1537 633 1351 1538 445 1352 1539 627 1353 1540 632 1354 1541 236 1355 1542 631 1356 1543 407 1357 1544 226 1358 1545 628 1359 1546 624 1360 1547 249 1366 1557 665 1367 1558 464 1368 1559 248 1369 1560 663 1370 1561 645 1371 1562 294 1380 1572 641 1376 1573 663 1370 1574 466 1387 1581 661 1388 1582 656 1389 1583 642 1409 1605 672 1410 1606 665 503 1607 625 1431 1629 676 1432 1630 622 1433 1631 620 1345 1641 676 1436 1642 674 531 1643 266 1452 1662 706 1453 1663 696 1454 1664 356 1455 1665 701 1456 1666 296 1457 1667 355 1461 1671 700 1462 1672 708 1463 1673 310 1464 1674 704 1465 1675 702 1466 1676 268 1479 1689 710 1480 1690 460 1481 1691 325 1488 1698 708 1489 1699 704 1490 1700 295 1491 1701 695 1492 1702 700 1493 1703 296 1503 1713 697 1504 1714 267 1505 1715 709 1509 1719 724 1510 1720 701 1511 1721 700 1512 1722 718 1513 1723 723 1514 1724 698 1515 1725 733 1516 1726 710 1517 1727 701 1511 1731 720 1521 1732 697 1522 1733 708 1528 1740 723 1514 1741 731 1529 1742 704 1538 1755 731 1529 1756 727 1539 1757 702 1540 1758 727 1539 1759 725 1541 1760 696 1518 1773 729 1547 1774 719 1550 1775 732 1554 1788 747 1554 1789 724 1554 1790 718 1554 1791 746 1554 1792 723 1554 1793 721 1554 1794 756 1554 1795 733 1554 1796 724 1554 1800 743 1554 1801 720 1554 1802 723 1554 1809 754 1554 1810 731 1554 1811 731 1554 1824 750 1554 1825 727 1554 1826 727 1554 1827 748 1554 1828 725 1554 1829 729 1554 1842 742 1554 1843 719 1554 1844 755 1563 1860 770 1564 1861 747 1565 1862 746 1566 1863 764 1567 1864 769 1568 1865 744 1569 1866 779 1570 1867 756 1571 1868 747 1565 1872 766 1575 1873 743 1576 1874 754 1581 1881 769 1582 1882 777 1583 1883 750 1596 1896 777 1597 1897 773 1598 1898 748 1599 1899 773 1600 1900 771 1601 1901 752 1614 1914 765 1615 1915 742 1616 1916 773 1554 1941 810 1554 1942 771 1554 1943 289 1617 1944 792 1554 1945 349 1617 1946 778 1554 1974 806 1554 1975 770 1554 1976 663 1554 1992 797 1554 1993 645 1554 1994 777 1554 1995 811 1554 1996 773 1554 1997 775 1554 2007 816 1554 2008 765 1554 2009 764 1554 2010 804 1554 2011 769 1554 2012 234 1617 2016 795 1554 2017 289 1617 2018 770 1554 2019 805 1554 2020 766 1554 2021 767 1554 2025 821 1554 2026 779 1554 2027 769 1554 2031 807 1554 2032 777 1554 2033 641 1554 2034 796 1554 2035 663 1554 2036 800 1554 2055 836 1554 2056 796 1554 2057 807 1554 2067 851 1554 2068 811 1554 2069 812 1554 2085 856 1554 2086 816 1554 2087 803 1554 2088 844 1554 2089 804 1554 2090 806 1554 2097 845 1554 2098 805 1554 2099 818 1554 2103 861 1554 2104 821 1554 2105 804 1554 2106 847 1554 2107 807 1554 2108 794 1554 2109 835 1554 2110 795 1554 2111 795 1554 2118 832 1619 2119 792 1554 2120 811 1554 2124 850 1554 2125 810 1554 2126 796 1554 2127 837 1554 2128 797 1554 2129 814 1554 2151 846 1554 2152 806 1554 2153 840 1554 2160 876 1554 2161 836 1554 2162 847 1554 2172 891 1554 2173 851 1554 2174 852 1554 2190 896 1554 2191 856 1554 2192 843 1554 2193 884 1554 2194 844 1554 2195 846 1554 2202 885 1554 2203 845 1554 2204 858 1554 2208 901 1554 2209 861 1554 2210 844 1554 2211 887 1554 2212 847 1554 2213 834 1554 2214 875 1554 2215 835 1554 2216 835 1554 2223 872 1618 2224 832 1619 2225 851 1554 2229 890 1554 2230 850 1554 2231 836 1554 2232 877 1554 2233 837 1554 2234 854 1554 2256 886 1554 2257 846 1554 2258 939 1620 2271 929 1621 2272 931 1622 2273 887 1554 2280 931 1554 2281 891 1554 2282 892 1554 2298 936 1554 2299 896 1554 2300 883 1554 2301 924 1554 2302 884 1554 2303 886 1554 2310 925 1554 2311 885 1554 2312 898 1554 2316 941 1554 2317 901 1554 2318 884 1554 2319 927 1554 2320 887 1554 2321 874 1554 2322 915 1617 2323 875 1554 2324 875 1554 2331 912 1617 2332 872 1618 2333 891 1554 2337 930 1554 2338 890 1554 2339 876 1554 2340 917 1554 2341 877 1554 2342 894 1554 2364 926 1554 2365 886 1554 2366 880 1554 2385 916 1554 2386 876 1554 2387 916 1623 2388 960 1624 2389 956 1625 2390 914 1626 2391 955 1627 2392 915 1628 2393 915 1628 2397 952 1632 2398 912 1633 2399 917 1637 2403 956 1625 2404 957 1638 2405 952 1668 2439 972 1669 2440 969 1670 2441 956 1674 2445 974 1675 2446 957 1676 2447 960 1696 2478 973 1704 2479 956 1674 2480 955 1705 2481 971 1706 2482 972 1669 2483 914 1710 2487 234 1554 2488 428 1711 2489 981 1712 2490 291 1713 2491 238 1714 2492 797 1554 2493 917 1554 2494 957 1715 2495 997 1739 2526 1000 1740 2527 996 1741 2528 1001 1742 2529 998 1742 2530 1000 1742 2531 999 1743 2532 994 1744 2533 998 1745 2534 1000 1746 2535 994 1747 2536 996 1748 2537 997 1749 2538 999 1750 2539 1001 1751 2540 1005 1752 2541 1008 1753 2542 1004 1754 2543 1008 1742 2544 1007 1742 2545 1006 1742 2546 1007 1755 2547 1002 1756 2548 1006 1757 2549 1008 1758 2550 1002 1758 2551 1004 1758 2552 1005 1759 2553 1007 1759 2554 1009 1760 2555 1012 1761 2556 1017 1762 2557 1016 1763 2558 1016 1764 2559 1015 1765 2560 1014 1766 2561 1015 1767 2562 1010 1768 2563 1014 1767 2564 1016 1769 2565 1010 1770 2566 1012 1771 2567 1013 1759 2568 1015 1759 2569 1017 1759 2570 1021 1772 2571 1024 1773 2572 1020 1774 2573 1024 1742 2574 1023 1742 2575 1022 1742 2576 1023 1775 2577 1018 1776 2578 1022 1777 2579 1024 1770 2580 1018 1770 2581 1020 1770 2582 1021 1778 2583 1023 1779 2584 1025 1780 2585 1029 1781 2586 1032 1782 2587 1028 1783 2588 1033 1784 2589 1030 1785 2590 1032 1786 2591 1031 1787 2592 1026 1788 2593 1030 1789 2594 1032 1790 2595 1026 1791 2596 1028 1792 2597 1029 1793 2598 1031 1794 2599 1033 1795 2600 1037 1796 2601 1040 1796 2602 1036 1796 2603 1040 1742 2604 1039 1742 2605 1038 1742 2606 1039 1797 2607 1034 1798 2608 1038 1799 2609 1040 1800 2610 1034 1801 2611 1036 1802 2612 1037 1803 2613 1039 1804 2614 1041 1805 2615 1139 1889 2730 1118 1890 2731 1138 1891 2732 1138 1901 2742 1132 1902 2743 1141 1903 2744 1140 1910 2751 1151 1911 2752 1152 1912 2753 1152 1949 2796 1115 1950 2797 1139 1951 2798 1154 1958 2805 1156 1959 2806 1155 1960 2807 1159 1961 2808 1154 1962 2809 1155 1963 2810 1157 1964 2811 1159 1965 2812 1158 1966 2813 1161 1967 2814 1157 1968 2815 1158 1969 2816 1236 1974 2823 1664 1975 2824 1191 1976 2825 1263 1980 2829 1684 1981 2830 1261 1982 2831 1615 1983 2832 1185 1984 2833 1208 1985 2834 1640 1986 2835 1216 1987 2836 1238 1988 2837 1262 1992 2841 1683 1993 2842 1259 1994 2843 1217 1995 2844 1645 1996 2845 1237 1997 2846 1260 2001 2850 1682 2002 2851 1264 2003 2852 1231 2004 2853 1263 2005 2854 1261 2006 2855 1613 2007 2856 1179 2008 2857 1249 2009 2858 1232 2010 2859 1663 2011 2860 1189 2012 2861 1212 2016 2865 1262 2017 2866 1259 2018 2867 1213 2019 2868 1641 2020 2869 1233 2021 2870 1180 2025 2874 1610 2026 2875 1252 2027 2876 1230 2028 2877 1615 2029 2878 1208 2030 2879 1199 2031 2880 1260 2032 2881 1264 2033 2882 1188 2034 2883 1633 2035 2884 1227 2036 2885 1609 2040 2889 1181 2041 2890 1256 2042 2891 1171 2043 2892 1173 2044 2893 1172 2045 2894 1175 2046 2895 1177 2047 2896 1176 2048 2897 1210 2049 2898 1208 2050 2899 1207 2051 2900 1214 2052 2901 1212 2016 2902 1211 2053 2903 1215 2054 2904 1217 2055 2905 1216 2056 2906 1219 2057 2907 1221 2058 2908 1220 2059 2909 1223 2060 2910 1225 2061 2911 1224 2062 2912 1227 2063 2913 1229 2064 2914 1228 2065 2915 1234 2066 2916 1232 2067 2917 1231 2004 2918 1238 2068 2919 1236 2069 2920 1235 2070 2921 1242 2071 2922 1240 2072 2923 1239 2073 2924 1243 2074 2925 1245 2075 2926 1244 2076 2927 1249 2077 2928 1251 2078 2929 1250 2079 2930 1258 2080 2931 1256 2081 2932 1255 2082 2933 1176 2048 2934 1170 2083 2935 1175 2046 2936 1167 2084 2937 1174 2085 2938 1171 2043 2939 1173 2044 2940 1178 2086 2941 1172 2045 2942 1226 2087 2943 1176 2048 2944 1177 2047 2945 1243 2074 2946 1173 2044 2947 1174 2085 2948 1256 2081 2949 1182 2088 2950 1255 2082 2951 1249 2077 2952 1180 2089 2953 1252 2090 2954 1185 2091 2955 1207 2051 2956 1208 2050 2957 1259 2018 2958 1211 2053 2959 1212 2016 2960 1214 2052 2961 1216 2056 2962 1213 2092 2963 1217 2055 2964 1219 2057 2965 1220 2059 2966 1222 2093 2967 1225 2061 2968 1221 2058 2969 1184 2094 2970 1227 2063 2971 1183 2095 2972 1261 2006 2973 1234 2066 2974 1231 2004 2975 1233 2096 2976 1235 2070 2977 1232 2067 2978 1237 2097 2979 1239 2073 2980 1236 2069 2981 1241 2098 2982 1246 2099 2983 1240 2072 2984 1230 2100 2985 1209 2101 2986 1229 2064 2987 1234 2066 2988 1213 2092 2989 1233 2096 2990 1237 2097 2991 1216 2056 2992 1217 2055 2993 1241 2098 2994 1220 2059 2995 1221 2058 2996 1245 2075 2997 1226 2087 2998 1244 2076 2999 1207 2051 3000 1198 2102 3001 1210 2049 3002 1211 2053 3003 1200 2103 3004 1214 2052 3005 1218 2104 3006 1201 2105 3007 1202 2106 3008 1222 2093 3009 1203 2107 3010 1204 2108 3011 1224 2062 3012 1206 2109 3013 1223 2060 3014 1188 2110 3015 1228 2065 3016 1187 2111 3017 1189 2112 3018 1231 2004 3019 1232 2067 3020 1191 2113 3021 1235 2070 3022 1236 2069 3023 1193 2114 3024 1239 2073 3025 1240 2072 3026 1195 2115 3027 1246 2099 3028 1243 2074 3029 1172 2045 3030 1251 2078 3031 1171 2043 3032 1178 2086 3033 1257 2116 3034 1258 2080 3035 1251 2078 3036 1253 2117 3037 1254 2118 3038 1248 2119 3039 1257 2116 3040 1247 2120 3041 1255 2082 3042 1250 2079 3043 1258 2080 3044 1650 2121 3045 1229 2122 3046 1209 2123 3047 1228 2065 3048 1262 2017 3049 1261 2006 3050 1209 2101 3051 1260 2032 3052 1259 2018 3053 1661 2124 3054 1187 2125 3055 1228 2126 3056 156 247 3063 1267 2133 3064 1272 2134 3065 153 2135 3066 1278 2136 3067 1268 2137 3068 164 2138 3069 1277 2139 3070 1278 2140 3071 162 256 3072 1276 2141 3073 1277 2142 3074 161 2143 3075 1275 2144 3076 1276 2145 3077 160 262 3078 1273 2146 3079 1275 2147 3080 159 2148 3081 1272 2149 3082 1273 2150 3083 194 268 3084 1276 2151 3085 161 269 3086 190 271 3087 1277 2152 3088 162 272 3089 198 277 3093 1275 2155 3094 160 278 3095 186 292 3108 1278 2167 3109 164 293 3110 195 2179 3123 1301 2180 3124 1290 2181 3125 191 2182 3126 1299 2183 3127 1288 2184 3128 199 2187 3132 1303 2188 3133 1292 2189 3134 203 2190 3135 1305 2191 3136 1294 2192 3137 207 2195 3141 1307 2196 3142 1296 2197 3143 206 328 3144 1272 2198 3145 156 329 3146 202 334 3150 1273 2201 3151 159 335 3152 1285 2202 3153 186 2203 3154 187 2204 3155 1288 2184 3156 190 2205 3157 191 2182 3158 1290 2181 3159 194 2206 3160 195 2179 3161 1292 2189 3162 198 2207 3163 199 2187 3164 1294 2192 3165 202 2208 3166 203 2190 3167 1296 2197 3168 206 2209 3169 207 2195 3170 1299 2212 3174 191 2212 3175 1300 2212 3176 1301 2213 3177 195 2213 3178 1302 2213 3179 1303 2214 3180 199 2214 3181 1304 2214 3182 1289 2219 3195 1290 2219 3196 1302 2219 3197 1302 2220 3198 1290 2220 3199 1301 2220 3200 1291 2229 3213 1292 2229 3214 1304 2229 3215 1304 2230 3216 1292 2230 3217 1303 2230 3218 1287 2231 3219 1288 2231 3220 1300 2231 3221 1300 2232 3222 1288 2232 3223 1299 2232 3224 187 2233 3225 1297 2225 3226 1285 2224 3227 1721 2234 3228 1316 2235 3229 1726 2236 3230 1526 2237 3231 1314 2238 3232 1326 2239 3233 1541 2245 3240 1309 2246 3241 1358 2247 3242 1474 2254 3249 1336 2255 3250 1472 2256 3251 1410 2293 3288 1487 2294 3289 1491 2295 3290 1504 2299 3294 1340 2300 3295 1514 2301 3296 1473 2311 3306 1347 2312 3307 1412 2313 3308 1403 2314 3309 1342 2315 3310 1410 2316 3311 1528 2320 3315 1309 2321 3316 1518 2322 3317 1534 2335 3330 1735 2336 3331 1737 2337 3332 1359 2346 3342 1577 2347 3343 1579 2348 3344 1356 2349 3345 1498 2350 3346 1496 2351 3347 1310 2352 3348 1374 2353 3349 1366 2354 3350 1329 2358 3354 1364 2359 3355 1371 2360 3356 1429 2361 3357 1365 2362 3358 1430 2363 3359 1315 2364 3360 1375 2365 3361 1356 2349 3362 229 515 3363 1368 2366 3364 1320 2367 3365 1359 2346 3366 1366 2368 3367 1376 2369 3368 1320 2370 3369 1370 2371 3370 1327 2372 3371 1511 2373 3372 2040 2374 3373 1507 2375 3374 1311 2376 3375 1370 2377 3376 1365 2378 3377 1486 2379 3378 1371 2380 3379 1480 2381 3380 1739 2382 3381 1372 2383 3382 1741 2384 3383 1397 2391 3390 1377 2392 3391 1384 2393 3392 1391 2394 3393 1431 2395 3394 1432 2396 3395 317 2397 3396 1381 2398 3397 1394 2399 3398 1394 2403 3402 1383 2404 3403 1396 2405 3404 1515 2406 3405 1382 2407 3406 1508 2408 3407 1396 2409 3408 1378 2410 3409 1391 2411 3410 1488 2412 3411 1384 2413 3412 1484 2414 3413 1481 2420 3420 1397 2421 3421 1488 2422 3422 1509 2426 3426 1395 2427 3427 1515 2428 3428 347 2435 3435 1394 2436 3436 1420 2437 3437 1433 2441 3441 1391 2442 3442 1432 2443 3443 1423 2444 3444 1390 2445 3445 1397 2446 3446 1384 2458 3462 1403 2459 3463 1410 2460 3464 1457 2461 3465 302 612 3466 1407 2462 3467 1463 2465 3471 1461 2466 3472 1409 2467 3473 1508 2468 3474 1408 2469 3475 1504 2470 3476 1383 2471 3477 1404 2472 3478 1378 2473 3479 1484 2474 3480 1410 2475 3481 1491 2476 3482 1376 2369 3486 1578 2453 3487 1577 2347 3488 1375 2365 3489 1495 2451 3490 1498 2350 3491 1366 2354 3492 1426 2479 3493 1418 2447 3494 1371 2483 3498 1416 2484 3499 1423 2485 3500 1430 2486 3501 1417 2487 3502 1433 2488 3503 1363 2489 3504 1427 2438 3505 1375 2365 3506 287 2490 3507 1420 2491 3508 1368 2492 3509 1376 2369 3510 1418 2493 3511 1428 2432 3512 1370 2494 3513 1420 2495 3514 1422 2496 3515 2040 2497 3516 1421 2498 3517 1509 2426 3518 1365 2499 3519 1422 2500 3520 1417 2501 3521 1480 2502 3522 1423 2503 3523 1481 2420 3524 1372 2504 3525 1744 2505 3526 1741 2506 3527 1373 2507 3528 1433 2508 3529 1425 2509 3530 1378 2510 3531 1404 2511 3532 1474 2512 3533 1425 2513 3534 1432 2514 3535 1399 2515 3536 1432 2516 3537 1386 2517 3538 1399 2518 3539 1429 2519 3540 1373 2520 3541 1345 2521 3542 1529 2537 3558 1445 2538 3559 1523 2539 3560 1564 2549 3570 1341 2550 3571 1550 2551 3572 1438 2552 3573 1440 2553 3574 1330 2554 3575 1341 2555 3576 1447 2556 3577 1439 2557 3578 1536 2558 3579 1438 2559 3580 1524 2560 3581 1552 2564 3585 1450 2565 3586 1446 2566 3587 1453 2573 3594 1448 2574 3595 1452 2575 3596 1530 2576 3597 1453 2577 3598 1531 2578 3599 1451 2579 3600 1454 2580 3601 1455 2581 3602 1567 2582 3603 1455 2583 3604 1566 2584 3605 1473 2618 3642 1475 2618 3643 1474 2618 3644 1471 2619 3645 1474 2620 3646 1472 2621 3647 1467 2622 3648 1470 2623 3649 1469 2624 3650 1571 2625 3651 1471 2626 3652 1472 2627 3653 1369 2633 3660 1481 2634 3661 1421 2635 3662 1382 2636 3663 1491 2637 3664 1408 2638 3665 1421 2635 3666 1488 2639 3667 1395 2640 3668 1395 2641 3669 1484 2642 3670 1382 2643 3671 1321 2644 3672 1480 2645 3673 1369 2646 3674 1408 2647 3675 1487 2648 3676 1340 2649 3677 1498 2662 3690 1419 2663 3691 1367 2664 3692 1496 2672 3702 1367 2664 3703 1317 2673 3704 1519 2676 3708 1493 2677 3709 1316 2678 3710 1507 2692 3726 348 844 3727 288 846 3728 1508 2468 3729 333 847 3730 303 848 3731 1509 2426 3732 318 849 3733 348 844 3734 1515 2406 3735 303 850 3736 318 851 3737 227 2693 3738 1507 2694 3739 288 2695 3740 1504 2698 3744 256 857 3745 333 859 3746 1574 2702 3753 474 2703 3754 504 2704 3755 1466 2708 3759 1543 2709 3760 1542 2710 3761 1452 2716 3768 1538 2717 3769 1537 2718 3770 1560 2719 3771 1530 2720 3772 1531 2721 3773 1445 2724 3777 1530 2725 3778 1523 2726 3779 1553 2727 3780 1536 2728 3781 1524 2248 3782 1330 2729 3783 1535 2730 3784 1521 2731 3785 1552 2737 3792 1529 2738 3793 1523 2739 3794 1555 2770 3828 1527 2771 3829 1526 2772 3830 1342 2779 3837 1556 2780 3838 1555 2781 3839 1446 2817 3876 1558 2818 3877 1552 2819 3878 1439 2822 3882 1565 2823 3883 1553 2824 3884 1454 2827 3888 1559 2828 3889 1560 2829 3890 1542 2841 3903 1575 2842 3904 1571 2843 3905 1538 2845 3909 1566 2846 3910 1537 2847 3911 1523 2726 3912 1559 2848 3913 1552 2564 3914 1535 2849 3915 1550 2766 3916 1521 2250 3917 1577 2347 3921 1415 2853 3922 1363 2489 3923 1579 2348 3927 1363 2489 3928 1315 2364 3929 1221 2938 4020 1649 2939 4021 1241 2940 4022 1186 2941 4023 1616 2942 4024 1207 2943 4025 1665 2947 4029 1235 2948 4030 1192 2949 4031 1644 2950 4032 1220 2951 4033 1242 2952 4034 1226 2956 4038 1605 2957 4039 1244 2958 4040 1210 2959 4041 1618 2960 4042 1260 2961 4043 1240 2965 4047 1666 2966 4048 1193 2967 4049 1648 2968 4050 1225 2969 4051 1245 2970 4052 1621 2971 4053 1213 2972 4054 1216 2973 4055 1667 2977 4059 1239 2978 4060 1194 2979 4061 1651 2980 4062 1210 2981 4063 1198 2982 4064 1214 2983 4065 1622 2984 4066 1215 2985 4067 1625 2989 4071 1217 2990 4072 1220 2991 4073 1243 2995 4077 1668 2996 4078 1195 2997 4079 1207 2998 4080 1652 2999 4081 1197 3000 4082 1218 3001 4083 1626 3002 4084 1219 3003 4085 1170 3004 4086 1590 3005 4087 1175 3006 4088 1669 3010 4092 1246 3011 4093 1196 3012 4094 1200 3013 4095 1623 3014 4096 1214 3015 4097 1629 3016 4098 1221 3017 4099 1225 3018 4100 1251 3019 4101 1595 3020 4102 1171 3021 4103 1222 3022 4104 1630 3023 4105 1224 3024 4106 1593 3025 4107 1169 3026 4108 1176 3027 4109 1598 3031 4113 1250 3032 4114 1172 3033 4115 1258 3037 4119 1599 3038 4120 1178 3039 4121 1202 3040 4122 1627 3041 4123 1218 3042 4124 1633 3043 4125 1183 3044 4126 1227 3045 4127 1171 3046 4128 1594 3047 4129 1167 3048 4130 1590 3052 4134 1257 3053 4135 1175 3054 4136 1184 3055 4137 1634 3056 4138 1230 3057 4139 1597 3058 4140 1174 3059 4141 1168 3060 4142 1254 3064 4146 1670 3065 4147 1251 3066 4148 1622 3067 4149 1201 3068 4150 1215 3069 4151 1178 3070 4152 1598 3071 4153 1172 3072 4154 1204 3076 4158 1631 3077 4159 1222 3078 4160 1229 3079 4161 1636 3080 4162 1262 3081 4163 1601 3082 4164 1177 3083 4165 1173 3084 4166 1610 3088 4170 1253 3089 4171 1252 3090 4172 1639 3091 4173 1232 3092 4174 1235 3093 4175 1600 3094 4176 1226 3095 4177 1177 3096 4178 1626 3100 4182 1203 3101 4183 1219 3102 4184 1233 3103 4185 1640 3104 4186 1238 3105 4187 1223 3106 4188 1593 3107 4189 1176 3108 4190 1683 3109 4191 1209 3110 4192 1259 3111 4193 1673 3112 4194 1247 3113 4195 1257 3114 4196 1206 3115 4197 1603 3116 4198 1223 3117 4199 1643 3118 4200 1236 3119 4201 1239 3120 4202 1596 3121 4203 1243 3122 4204 1174 3123 4205 1248 3124 4206 1609 3125 4207 1256 3126 4208 1237 3127 4209 1644 3128 4210 1242 3129 4211 1244 3130 4212 1601 3131 4213 1173 3132 4214 1684 3133 4215 1228 3134 4216 1261 3135 4217 1250 3136 4218 1672 3137 4219 1258 3138 4220 1630 3139 4221 1205 3140 4222 1224 3141 4223 1647 3142 4224 1240 3143 4225 1246 3144 4226 1182 3145 4227 1606 3146 4228 1255 3147 4229 1606 3148 4230 1249 3149 4231 1255 3150 4232 1241 3151 4233 1648 3152 4234 1245 3153 4235 1319 3154 4236 1700 3155 4237 1586 3156 4238 1335 3157 4239 1699 3158 4240 1556 3159 4241 1556 3159 4242 1698 3160 4243 1527 3161 4244 1586 3162 4245 1697 3163 4246 1513 3164 4247 1326 3165 4248 1696 3166 4249 1476 3167 4250 1688 3168 4251 1416 3169 4252 1364 3170 4253 1313 3180 4263 1688 3181 4264 1364 3182 4265 1403 3183 4266 1694 3184 4267 1335 3185 4268 1527 3186 4269 1690 3187 4270 1314 3188 4271 1513 3189 4272 627 1353 4273 228 3190 4274 1696 3191 4275 1319 3192 4276 1476 3193 4277 1314 3194 4278 1693 3195 4279 1326 3196 4280 1730 3202 4290 1332 3203 4291 1532 3204 4292 1331 3205 4293 1728 3206 4294 1372 3207 4295 1372 3207 4305 1706 3216 4306 1424 3211 4307 1534 3223 4314 1726 3224 4315 1352 3225 4316 1737 3245 4338 1707 3246 4339 1730 2356 4340 1741 3267 4362 1691 3268 4363 1688 3269 4364 1686 3273 4374 1741 2384 4375 1688 3181 4376 1347 3290 4395 1766 3291 4396 1412 3292 4397 1761 3293 4398 1426 3294 4399 1374 3295 4400 1425 3299 4404 1760 3300 4405 1373 3301 4406 1386 3302 4407 1764 3303 4408 1399 3304 4409 1770 3317 4422 1349 3318 4423 1528 3319 4424 1399 3326 4431 1768 3327 4432 1425 3328 4433 1373 3329 4434 1755 3330 4435 1345 3331 4436 1757 3341 4446 1374 3342 4447 1348 3343 4448 1784 3347 4452 1769 3348 4453 1761 3349 4454 1760 3350 4455 1778 3351 4456 1755 3352 4457 1793 3353 4458 1758 3354 4459 1770 3355 4460 1780 3359 4464 1761 3349 4465 1757 3360 4466 1768 3366 4473 1783 3367 4474 1760 3350 4475 1764 3375 4488 1791 3376 4489 1768 3366 4490 1762 3377 4491 1787 3378 4492 1764 3375 4493 1756 3357 4506 1789 3387 4507 1766 3383 4508 1807 1554 4521 1792 1554 4522 1784 1554 4523 1806 1554 4524 1778 1554 4525 1783 1554 4526 1816 1554 4527 1781 1554 4528 1793 1554 4529 1803 1554 4533 1784 1554 4534 1780 1554 4535 1814 1554 4542 1783 1554 4543 1791 1554 4544 1810 1554 4557 1791 1554 4558 1787 1554 4559 1808 1554 4560 1787 1554 4561 1785 1554 4562 1802 1554 4575 1789 1554 4576 1779 1554 4577 1830 3400 4593 1815 3399 4594 1807 3401 4595 1806 1566 4596 1824 1567 4597 1801 3402 4598 1839 3403 4599 1804 3404 4600 1816 3405 4601 1826 3409 4605 1807 3401 4606 1803 3410 4607 1814 1581 4614 1829 1582 4615 1806 3415 4616 1810 1596 4629 1837 1597 4630 1814 3428 4631 1808 1599 4632 1833 1600 4633 1810 3429 4634 1825 3442 4647 1812 3443 4648 1802 3444 4649 1870 1554 4674 1833 1554 4675 1831 1554 4676 1852 1617 4677 1367 1617 4678 1419 1617 4679 1866 1554 4707 1838 1554 4708 1830 1554 4709 1857 1554 4725 1728 1554 4726 1710 1554 4727 1871 1554 4728 1837 1554 4729 1833 1554 4730 1876 1554 4740 1835 1554 4741 1825 1554 4742 1864 1554 4743 1824 1554 4744 1829 1554 4745 1855 1617 4749 1317 1617 4750 1367 1617 4751 1865 1554 4752 1830 1554 4753 1826 1554 4754 1881 1554 4758 1827 1554 4759 1839 1554 4760 1867 1554 4764 1829 1554 4765 1837 1554 4766 1856 1554 4767 1706 1554 4768 1728 1554 4769 1896 1554 4788 1860 1554 4789 1856 1554 4790 1911 1554 4800 1867 1554 4801 1871 1554 4802 1916 1554 4818 1872 1554 4819 1876 1554 4820 1904 1554 4821 1863 1554 4822 1864 1554 4823 1905 1554 4830 1866 1554 4831 1865 1554 4832 1921 1554 4836 1878 1554 4837 1881 1554 4838 1907 1554 4839 1864 1554 4840 1867 1554 4841 1895 1617 4842 1854 1554 4843 1855 1617 4844 1892 1617 4851 1855 1617 4852 1852 1617 4853 1910 1554 4857 1871 1554 4858 1870 1554 4859 1897 1554 4860 1856 1554 4861 1857 1554 4862 1906 1554 4884 1874 1554 4885 1866 1554 4886 1936 1554 4893 1900 1554 4894 1896 1554 4895 1951 1554 4905 1907 1554 4906 1911 1554 4907 1956 1554 4923 1912 1554 4924 1916 1554 4925 1944 1554 4926 1903 1554 4927 1904 1554 4928 1945 1554 4935 1906 1554 4936 1905 1554 4937 1961 1554 4941 1918 1554 4942 1921 1554 4943 1947 1554 4944 1904 1554 4945 1907 1554 4946 1935 1617 4947 1894 1554 4948 1895 1617 4949 1932 1617 4956 1895 1617 4957 1892 1617 4958 1950 1554 4962 1911 1554 4963 1910 1554 4964 1937 1554 4965 1896 1554 4966 1897 1554 4967 1946 1554 4989 1914 1554 4990 1906 1554 4991 1989 3445 5004 1999 3446 5005 1991 3447 5006 1991 1554 5013 1947 1554 5014 1951 1554 5015 1996 1554 5031 1952 1554 5032 1956 1554 5033 1984 1554 5034 1943 1554 5035 1944 1554 5036 1985 1554 5043 1946 1554 5044 1945 1554 5045 2001 1554 5049 1958 1554 5050 1961 1554 5051 1987 1554 5052 1944 1554 5053 1947 1554 5054 1975 1617 5055 1934 1554 5056 1935 1617 5057 1972 1617 5064 1935 1617 5065 1932 1617 5066 1990 1554 5070 1951 1554 5071 1950 1554 5072 1977 1554 5073 1936 1554 5074 1937 1554 5075 1986 1554 5097 1954 1554 5098 1946 1554 5099 1976 1554 5118 1940 1554 5119 1936 1554 5120 1976 3448 5121 2020 3449 5122 1980 3450 5123 2015 3451 5124 1974 3452 5125 1975 3453 5126 2012 3457 5130 1975 3453 5131 1972 3458 5132 1977 3462 5136 2016 3463 5137 1976 3448 5138 2012 3493 5172 2032 3494 5173 2015 3495 5174 2034 3499 5178 2016 3500 5179 2017 3501 5180 2033 3529 5211 2020 3521 5212 2016 3500 5213 2015 3495 5214 2031 3530 5215 2014 3531 5216 1317 3535 5220 1974 1554 5221 2014 3536 5222 2041 3537 5223 1369 3538 5224 2040 3539 5225 2017 3540 5226 1977 1554 5227 1857 1554 5228 2060 1740 5259 2057 1739 5260 2056 1741 5261 2058 3560 5262 2061 3560 5263 2060 3560 5264 2054 1744 5265 2059 1743 5266 2058 1745 5267 2054 1747 5268 2060 1746 5269 2056 1748 5270 2059 1750 5271 2057 1749 5272 2061 1751 5273 2068 1753 5274 2065 1752 5275 2064 1754 5276 2068 3560 5277 2067 3560 5278 2069 3560 5279 2062 1756 5280 2067 1755 5281 2066 1757 5282 2062 1758 5283 2068 1758 5284 2064 1758 5285 2067 1759 5286 2065 1759 5287 2069 1760 5288 2072 1761 5289 2077 1762 5290 2073 3561 5291 2076 3562 5292 2075 3563 5293 2077 3564 5294 2070 3565 5295 2075 3566 5296 2074 3567 5297 2070 1770 5298 2076 1769 5299 2072 1771 5300 2075 1759 5301 2073 1759 5302 2077 1759 5303 2084 1773 5304 2081 1772 5305 2080 1774 5306 2084 3560 5307 2083 3560 5308 2085 3560 5309 2078 1776 5310 2083 1775 5311 2082 1777 5312 2078 1770 5313 2084 1770 5314 2080 1770 5315 2083 1779 5316 2081 1778 5317 2085 1780 5318 2092 1782 5319 2089 1781 5320 2088 1783 5321 2090 3568 5322 2093 3569 5323 2092 3560 5324 2086 1788 5325 2091 1787 5326 2090 1789 5327 2086 1791 5328 2092 1790 5329 2088 1792 5330 2091 1794 5331 2089 1793 5332 2093 1795 5333 2100 1796 5334 2097 1796 5335 2096 1796 5336 2100 3560 5337 2099 3560 5338 2101 3560 5339 2094 1798 5340 2099 1797 5341 2098 1799 5342 2094 1801 5343 2100 1800 5344 2096 1802 5345 2099 1804 5346 2097 1803 5347 2101 1805 5348 3 0 5463 0 3648 5464 24 1 5465 17 12 5478 3 3653 5479 23 13 5480 36 21 5487 5 3656 5488 25 22 5489 0 59 5532 36 3666 5533 37 60 5534 44 71 5547 40 3671 5548 39 72 5549 44 74 5550 45 3672 5551 42 75 5552 46 77 5553 43 3673 5554 42 78 5555 121 84 5571 76 3679 5572 598 85 5573 148 90 5577 146 3681 5578 618 91 5579 70 93 5580 548 3682 5581 549 94 5582 101 96 5583 555 3683 5584 574 97 5585 147 102 5589 144 3685 5590 617 103 5591 102 105 5592 122 3686 5593 579 106 5594 145 111 5598 149 3688 5599 616 112 5600 148 114 5601 75 222 5602 116 115 5603 64 117 5604 546 3689 5605 547 118 5606 117 120 5607 74 3690 5608 597 121 5609 147 126 5613 119 177 5614 97 127 5615 98 129 5616 118 3692 5617 575 130 5618 65 135 5622 137 3694 5623 544 136 5624 115 138 5625 93 3695 5626 549 139 5627 145 141 5628 96 163 5629 84 142 5630 73 144 5631 112 3696 5632 567 145 5633 66 150 5637 542 3698 5638 543 151 5639 56 153 5640 57 197 5641 58 154 5642 60 156 5643 61 194 5644 62 157 5645 93 159 5646 94 210 5647 95 160 5648 97 127 5649 98 204 5650 99 162 5651 100 164 5652 101 203 5653 102 165 5654 104 167 5655 105 211 5656 106 168 5657 108 170 5658 109 217 5659 110 171 5660 112 173 5661 113 218 5662 114 174 5663 117 176 5664 118 207 5665 119 177 5666 121 178 5667 122 208 5668 123 179 5669 125 181 5670 126 209 5671 127 182 5672 128 184 5673 129 198 5674 130 185 5675 134 187 5676 135 233 5677 136 188 5678 141 190 5679 142 229 5680 143 191 5681 55 193 5682 54 3699 5683 61 194 5684 52 195 5685 56 153 5686 59 155 5687 63 158 5688 62 157 5689 58 154 5690 111 172 5691 62 157 5692 61 194 5693 128 184 5694 59 155 5695 58 154 5696 67 199 5697 66 3700 5698 141 190 5699 65 200 5700 64 3701 5701 134 187 5702 70 201 5703 93 159 5704 92 161 5705 144 128 5706 97 127 5707 96 163 5708 101 203 5709 100 164 5710 99 162 5711 102 165 5712 105 211 5713 104 167 5714 110 171 5715 109 217 5716 107 169 5717 112 173 5718 115 175 5719 69 205 5720 146 116 5721 116 115 5722 119 177 5723 120 180 5724 123 179 5725 118 207 5726 124 183 5727 127 182 5728 122 208 5729 131 186 5730 130 185 5731 126 209 5732 94 210 5733 93 159 5734 115 175 5735 98 204 5736 97 127 5737 119 177 5738 122 208 5739 102 165 5740 101 203 5741 126 209 5742 106 168 5743 105 211 5744 111 172 5745 110 171 5746 130 185 5747 83 212 5748 82 3702 5749 92 161 5750 85 213 5751 84 142 5752 96 163 5753 103 166 5754 87 3703 5755 86 214 5756 107 169 5757 89 3704 5758 88 215 5759 91 216 5760 90 3705 5761 109 217 5762 113 218 5763 112 173 5764 73 219 5765 74 221 5766 117 176 5767 116 115 5768 76 223 5769 121 178 5770 120 180 5771 78 225 5772 125 181 5773 124 183 5774 80 227 5775 128 184 5776 131 186 5777 136 188 5778 135 233 5779 57 197 5780 63 158 5781 143 191 5782 142 229 5783 136 188 5784 139 3706 5785 138 230 5786 142 229 5787 141 190 5788 133 231 5789 135 233 5790 134 187 5791 140 192 5792 114 234 5793 571 3707 5794 584 235 5795 113 218 5796 146 116 5797 147 126 5798 94 210 5799 144 128 5800 145 141 5801 72 237 5802 594 3708 5803 595 238 5804 154 246 5811 150 3711 5812 156 247 5813 171 249 5814 164 3712 5815 153 250 5816 170 252 5817 162 3713 5818 164 253 5819 169 255 5820 161 3714 5821 162 256 5822 168 258 5823 160 3715 5824 161 259 5825 166 261 5826 159 3716 5827 160 262 5828 165 264 5829 156 3717 5830 159 265 5831 169 267 5832 192 3718 5833 194 268 5834 170 270 5835 188 3719 5836 190 271 5837 168 276 5841 196 3720 5842 198 277 5843 171 291 5856 185 3724 5857 186 292 5858 195 3727 5871 193 3727 5872 212 3728 5873 191 3729 5874 189 3729 5875 210 3730 5876 199 3731 5880 197 3731 5881 214 3732 5882 203 3733 5883 201 3733 5884 216 3734 5885 207 3735 5889 205 375 5890 218 374 5891 165 327 5892 204 3736 5893 206 328 5894 166 333 5898 200 3737 5899 202 334 5900 184 336 5901 187 3738 5902 186 337 5903 189 339 5904 191 3739 5905 190 340 5906 193 342 5907 195 3740 5908 194 343 5909 197 345 5910 199 3741 5911 198 346 5912 201 348 5913 203 3742 5914 202 349 5915 205 351 5916 207 3743 5917 206 352 5918 187 3738 5922 184 336 5923 208 371 5924 656 380 5925 661 3745 5926 232 381 5927 458 383 5928 243 3746 5929 226 384 5930 473 392 5937 278 3748 5938 221 393 5939 405 401 5946 403 3751 5947 253 402 5948 418 440 5982 261 3763 5983 338 441 5984 436 446 5988 446 3765 5989 259 447 5990 266 458 6000 402 3769 6001 404 459 6002 261 461 6003 252 3770 6004 329 462 6005 221 467 6009 268 3772 6010 460 468 6011 670 482 6024 271 3777 6025 466 483 6026 511 494 6036 298 629 6037 279 495 6038 430 497 6039 297 512 6040 276 498 6041 222 500 6042 286 630 6043 296 501 6044 246 506 6048 293 3780 6049 284 507 6050 359 509 6051 360 3781 6052 285 510 6053 297 512 6054 283 640 6055 231 513 6056 290 514 6057 287 3782 6058 229 515 6059 279 495 6060 298 629 6061 286 517 6062 292 519 6063 290 3783 6064 237 520 6065 443 522 6066 439 3784 6067 980 523 6068 223 525 6069 285 3785 6070 292 526 6071 417 528 6072 411 3786 6073 293 529 6074 674 531 6075 676 1436 6076 294 532 6077 323 540 6084 308 3788 6085 299 541 6086 361 543 6087 300 3789 6088 315 544 6089 305 546 6090 302 3790 6091 317 547 6092 307 552 6096 305 3791 6097 320 553 6098 447 555 6099 440 3792 6100 306 556 6101 300 558 6102 307 3793 6103 322 559 6104 419 561 6105 415 3794 6106 308 562 6107 412 569 6114 419 3795 6115 323 570 6116 441 575 6120 447 3797 6121 321 576 6122 320 584 6129 317 3800 6130 347 585 6131 363 590 6135 362 3802 6136 315 591 6137 353 593 6138 323 3803 6139 314 594 6140 308 607 6156 338 3806 6157 329 608 6158 387 610 6159 388 3807 6160 335 611 6161 335 611 6162 332 3808 6163 302 612 6164 302 612 6165 305 3809 6166 387 610 6167 305 3809 6168 386 3810 6169 387 610 6170 395 3812 6174 386 3813 6175 305 3814 6176 335 3815 6177 388 3816 6178 394 3817 6179 394 3817 6180 390 765 6181 335 3815 6182 390 765 6183 389 3818 6184 335 3815 6185 395 3812 6186 305 3814 6187 307 3819 6188 392 749 6189 395 3812 6190 307 3819 6191 337 615 6192 335 3815 6193 391 616 6194 335 3815 6195 389 3818 6196 391 616 6197 392 749 6198 307 3819 6199 393 617 6200 307 3819 6201 337 615 6202 393 617 6203 440 618 6204 436 3820 6205 336 619 6206 330 621 6207 337 3821 6208 307 622 6209 415 624 6210 422 3822 6211 338 625 6212 512 602 6216 358 581 6217 298 629 6218 426 600 6219 357 587 6220 297 512 6221 286 630 6222 346 596 6223 356 598 6224 293 634 6228 353 3824 6229 344 635 6230 360 637 6231 363 3825 6232 345 638 6233 357 587 6234 343 589 6235 283 640 6236 350 641 6237 347 3826 6238 287 642 6239 298 629 6240 358 581 6241 346 583 6242 292 644 6243 352 3827 6244 350 645 6245 980 648 6246 439 845 6247 441 575 6248 441 575 6249 351 577 6250 980 648 6251 285 649 6252 345 3828 6253 352 650 6254 411 652 6255 412 569 6256 353 571 6257 679 654 6258 354 3829 6259 294 655 6260 295 657 6261 355 3830 6262 363 658 6263 300 662 6264 361 3831 6265 405 660 6266 361 3831 6267 406 3832 6268 405 660 6269 355 663 6270 325 3833 6271 362 664 6272 310 666 6273 361 3834 6274 362 667 6275 295 669 6276 360 3835 6277 359 670 6278 375 687 6306 365 3845 6307 461 688 6308 260 699 6321 371 3850 6322 497 700 6323 368 702 6324 247 3851 6325 370 703 6326 260 705 6327 369 3852 6328 377 706 6329 368 708 6330 374 3853 6331 468 709 6332 485 714 6336 376 3855 6337 380 715 6338 383 723 6345 382 3858 6346 378 724 6347 383 726 6348 379 3859 6349 462 727 6350 384 729 6351 380 3860 6352 381 730 6353 385 732 6354 381 3861 6355 500 733 6356 405 770 6405 404 3874 6406 402 771 6407 397 773 6408 400 3875 6409 401 774 6410 505 776 6411 403 3876 6412 402 777 6413 291 784 6420 351 790 6421 412 785 6422 306 787 6423 336 3878 6424 422 788 6425 351 790 6426 321 3879 6427 419 791 6428 321 792 6429 306 3880 6430 415 793 6431 238 795 6432 291 3881 6433 411 796 6434 336 798 6435 259 3882 6436 418 799 6437 349 813 6450 426 820 6451 430 814 6452 289 815 6462 430 814 6463 428 823 6464 451 828 6468 232 3890 6469 424 829 6470 348 844 6486 441 575 6487 439 845 6488 333 847 6489 436 3820 6490 440 618 6491 318 849 6492 447 3797 6493 441 575 6494 303 850 6495 440 3792 6496 447 555 6497 227 852 6498 288 3894 6499 439 853 6500 256 857 6504 446 3895 6505 436 858 6506 474 865 6513 479 3897 6514 508 866 6515 396 871 6519 475 3899 6520 476 872 6521 382 879 6528 469 3900 6529 470 880 6530 493 882 6531 463 3901 6532 462 883 6533 375 887 6537 455 1012 6538 462 888 6539 486 890 6540 456 396 6541 468 891 6542 247 893 6543 453 3902 6544 467 894 6545 485 901 6552 455 3904 6553 461 902 6554 488 934 6597 458 3917 6598 459 935 6599 261 943 6606 488 3920 6607 489 944 6608 376 981 6645 485 3932 6646 491 982 6647 369 986 6651 486 3933 6652 498 987 6653 384 991 6657 493 3934 6658 492 992 6659 475 1005 6672 505 3938 6673 509 1006 6674 499 1009 6678 500 3939 6679 470 1010 6680 455 1012 6681 485 714 6682 492 716 6683 483 930 6684 497 3940 6685 467 1013 6686 343 589 6690 512 602 6691 511 494 6692 283 640 6696 511 494 6697 513 496 6698 106 1101 6789 126 3968 6790 583 1102 6791 71 1104 6792 92 3969 6793 550 1105 6794 120 1110 6798 573 3971 6799 599 1111 6800 105 1113 6801 559 3972 6802 578 1114 6803 111 1119 6807 129 3974 6808 539 1120 6809 95 1122 6810 145 3975 6811 552 1123 6812 125 1128 6816 78 3977 6817 600 1129 6818 110 1131 6819 563 3978 6820 582 1132 6821 98 1134 6822 554 3979 6823 555 1135 6824 124 1140 6828 577 3981 6829 601 1141 6830 95 1143 6831 553 3982 6832 585 1144 6833 99 1146 6834 100 3983 6835 556 1147 6836 102 1152 6840 558 3985 6841 559 1153 6842 128 1158 6846 80 3987 6847 602 1159 6848 92 1161 6849 82 3988 6850 586 1162 6851 103 1164 6852 104 3989 6853 560 1165 6854 55 1167 6855 60 3990 6856 524 1168 6857 131 1173 6861 581 3992 6862 603 1174 6863 85 1176 6864 99 3993 6865 557 1177 6866 106 1179 6867 562 3994 6868 563 1180 6869 136 1182 6870 56 3995 6871 529 1183 6872 107 1185 6873 109 3996 6874 564 1186 6875 54 1188 6876 526 3997 6877 527 1189 6878 135 1194 6882 605 3999 6883 532 1195 6884 143 1200 6888 63 4001 6889 533 1201 6890 87 1203 6891 103 4002 6892 561 1204 6893 68 1206 6894 566 4003 6895 567 1207 6896 56 1209 6897 52 4004 6898 528 1210 6899 142 1215 6903 607 4006 6904 524 1216 6905 69 1218 6906 115 4007 6907 568 1219 6908 59 1221 6909 530 4008 6910 531 1222 6911 139 1227 6915 136 4010 6916 604 1228 6917 86 1230 6918 589 4011 6919 556 1231 6920 63 1233 6921 57 4012 6922 532 1234 6923 89 1239 6927 107 4014 6928 565 1240 6929 114 1242 6930 147 4015 6931 570 1243 6932 62 1245 6933 534 4016 6934 535 1246 6935 138 1251 6939 609 4018 6940 544 1252 6941 117 1254 6942 572 4019 6943 573 1255 6944 111 1257 6945 536 4020 6946 534 1258 6947 88 1263 6951 591 4022 6952 560 1264 6953 118 1266 6954 123 4023 6955 574 1267 6956 108 1269 6957 61 4024 6958 527 1270 6959 94 1272 6960 584 4025 6961 617 1273 6962 132 1275 6963 610 4026 6964 607 1276 6965 91 1278 6966 108 4027 6967 537 1279 6968 121 1281 6969 576 4028 6970 577 1282 6971 128 1284 6972 538 4029 6973 530 1285 6974 133 1287 6975 141 4030 6976 543 1288 6977 122 1290 6978 127 4031 6979 578 1291 6980 129 1293 6981 58 4032 6982 535 1294 6983 113 1296 6984 595 4033 6985 618 1297 6986 135 1299 6987 143 4034 6988 606 1300 6989 90 1302 6990 593 4035 6991 564 1303 6992 125 1305 6993 580 4036 6994 581 1306 6995 67 1308 6996 140 4037 6997 540 1309 6998 134 1311 6999 547 4038 7000 540 1312 7001 126 1314 7002 130 4039 7003 582 1315 7004 236 1317 7005 520 4040 7006 635 1318 7007 252 1320 7008 489 1323 7009 634 1321 7010 489 1323 7011 459 4041 7012 633 1324 7013 520 1325 7014 445 4042 7015 632 1326 7016 243 1328 7017 407 4043 7018 631 1329 7019 344 1331 7020 625 4044 7021 622 1332 7022 225 1343 7032 284 4048 7033 622 1344 7034 329 1346 7035 252 4049 7036 629 1347 7037 459 1349 7038 226 4050 7039 624 1350 7040 445 1352 7041 228 3190 7042 627 1353 7043 236 1355 7044 621 4051 7045 631 1356 7046 226 1358 7047 243 4052 7048 628 1359 7049 249 1366 7056 642 4055 7057 665 1367 7058 248 1369 7059 294 1380 7060 663 1370 7061 294 1380 7071 354 1375 7072 641 1376 7073 466 1387 7080 271 4060 7081 661 1388 7082 642 1409 7104 670 4066 7105 672 1410 7106 625 1431 7128 679 4072 7129 676 1432 7130 620 1345 7140 622 1344 7141 676 1436 7142 266 1452 7161 340 4080 7162 706 1453 7163 356 1455 7164 709 4081 7165 701 1456 7166 355 1461 7170 295 4083 7171 700 1462 7172 310 1464 7173 325 4084 7174 704 1465 7175 268 1479 7188 698 4089 7189 710 1480 7190 325 1488 7197 355 4092 7198 708 1489 7199 295 1491 7200 264 4093 7201 695 1492 7202 296 1503 7212 701 4097 7213 697 1504 7214 709 1509 7218 732 1553 7219 724 1510 7220 700 1512 7221 695 4099 7222 718 1513 7223 698 1515 7224 721 1527 7225 733 1516 7226 701 1511 7230 724 1510 7231 720 1521 7232 708 1528 7239 700 1512 7240 723 1514 7241 704 1538 7254 708 1528 7255 731 1529 7256 702 1540 7257 704 1538 7258 727 1539 7259 696 1518 7272 706 1546 7273 729 1547 7274 732 1554 7287 755 1554 7288 747 1554 7289 718 1554 7290 741 1554 7291 746 1554 7292 721 1554 7293 744 1554 7294 756 1554 7295 724 1554 7299 747 1554 7300 743 1554 7301 723 1554 7308 746 1554 7309 754 1554 7310 731 1554 7323 754 1554 7324 750 1554 7325 727 1554 7326 750 1554 7327 748 1554 7328 729 1554 7341 752 1554 7342 742 1554 7343 755 1563 7359 778 1562 7360 770 1564 7361 746 1566 7362 741 3402 7363 764 1567 7364 744 1569 7365 767 4103 7366 779 1570 7367 747 1565 7371 770 1564 7372 766 1575 7373 754 1581 7380 746 3415 7381 769 1582 7382 750 1596 7395 754 3428 7396 777 1597 7397 748 1599 7398 750 3429 7399 773 1600 7400 752 1614 7413 775 4115 7414 765 1615 7415 773 1554 7440 811 1554 7441 810 1554 7442 289 1617 7443 795 1554 7444 792 1554 7445 778 1554 7473 814 1554 7474 806 1554 7475 663 1554 7491 796 1554 7492 797 1554 7493 777 1554 7494 807 1554 7495 811 1554 7496 775 1554 7506 812 1554 7507 816 1554 7508 764 1554 7509 803 1554 7510 804 1554 7511 234 1617 7515 794 1554 7516 795 1554 7517 770 1554 7518 806 1554 7519 805 1554 7520 767 1554 7524 818 1554 7525 821 1554 7526 769 1554 7530 804 1554 7531 807 1554 7532 641 1554 7533 800 1554 7534 796 1554 7535 800 1554 7554 840 1554 7555 836 1554 7556 807 1554 7566 847 1554 7567 851 1554 7568 812 1554 7584 852 1554 7585 856 1554 7586 803 1554 7587 843 1554 7588 844 1554 7589 806 1554 7596 846 1554 7597 845 1554 7598 818 1554 7602 858 1554 7603 861 1554 7604 804 1554 7605 844 1554 7606 847 1554 7607 794 1554 7608 834 1554 7609 835 1554 7610 795 1554 7617 835 1554 7618 832 1619 7619 811 1554 7623 851 1554 7624 850 1554 7625 796 1554 7626 836 1554 7627 837 1554 7628 814 1554 7650 854 1554 7651 846 1554 7652 840 1554 7659 880 1554 7660 876 1554 7661 847 1554 7671 887 1554 7672 891 1554 7673 852 1554 7689 892 1554 7690 896 1554 7691 843 1554 7692 883 1554 7693 884 1554 7694 846 1554 7701 886 1554 7702 885 1554 7703 858 1554 7707 898 1554 7708 901 1554 7709 844 1554 7710 884 1554 7711 887 1554 7712 834 1554 7713 874 1554 7714 875 1554 7715 835 1554 7722 875 1554 7723 872 1618 7724 851 1554 7728 891 1554 7729 890 1554 7730 836 1554 7731 876 1554 7732 877 1554 7733 854 1554 7755 894 1554 7756 886 1554 7757 924 4116 7770 923 4117 7771 926 4118 7772 923 4117 7773 925 4119 7774 926 4118 7775 926 4118 7776 934 4120 7777 931 1622 7778 934 4120 7779 940 4121 7780 939 1620 7781 931 1622 7782 927 4122 7783 924 4116 7784 932 4123 7785 930 4124 7786 931 1622 7787 943 4125 7788 935 4126 7789 936 4127 7790 936 4127 7791 932 4123 7792 944 4128 7793 932 4123 7794 931 1622 7795 945 4129 7796 944 4128 7797 932 4123 7798 945 4129 7799 931 1622 7800 924 4116 7801 926 4118 7802 934 4120 7803 939 1620 7804 931 1622 7805 939 1620 7806 933 4130 7807 929 1621 7808 929 1621 7809 928 4131 7810 938 4132 7811 928 4131 7812 941 4133 7813 938 4132 7814 929 1621 7815 938 4132 7816 937 4134 7817 937 4134 7818 945 4129 7819 929 1621 7820 929 1621 7821 945 4129 7822 931 1622 7823 944 4128 7824 942 4135 7825 936 4127 7826 942 4135 7827 943 4125 7828 936 4127 7829 887 1554 7836 927 1554 7837 931 1554 7838 892 1554 7854 932 1554 7855 936 1554 7856 883 1554 7857 923 1554 7858 924 1554 7859 886 1554 7866 926 1554 7867 925 1554 7868 898 1554 7872 938 1554 7873 941 1554 7874 884 1554 7875 924 1554 7876 927 1554 7877 874 1554 7878 914 1617 7879 915 1617 7880 875 1554 7887 915 1617 7888 912 1617 7889 891 1554 7893 931 1554 7894 930 1554 7895 876 1554 7896 916 1554 7897 917 1554 7898 894 1554 7920 934 1554 7921 926 1554 7922 880 1554 7941 920 1554 7942 916 1554 7943 916 1623 7944 920 1657 7945 960 1624 7946 914 1626 7947 954 4136 7948 955 1627 7949 915 1628 7953 955 1627 7954 952 1632 7955 917 1637 7959 916 1623 7960 956 1625 7961 952 1668 7995 955 1705 7996 972 1669 7997 956 1674 8001 973 1704 8002 974 1675 8003 960 1696 8034 977 1695 8035 973 1704 8036 955 1705 8037 954 4155 8038 971 1706 8039 237 4170 8082 229 4171 8083 764 4172 8084 229 4171 8085 227 4173 8086 766 4174 8087 766 4174 8088 227 4173 8089 971 4175 8090 443 4176 8091 981 4177 8092 974 4178 8093 227 4173 8094 443 4176 8095 974 4178 8096 971 4175 8097 227 4173 8098 974 4178 8099 223 4179 8100 244 4180 8101 237 4170 8102 359 4181 8103 223 4179 8104 237 4170 8105 764 4172 8106 229 4171 8107 766 4174 8108 264 4182 8109 359 4181 8110 764 4172 8111 359 4181 8112 237 4170 8113 764 4172 8114 222 4183 8115 267 4184 8116 766 4174 8117 267 4184 8118 697 4185 8119 720 4186 8120 766 4174 8121 267 4184 8122 720 4186 8123 428 1711 8124 276 4187 8125 971 4175 8126 276 4187 8127 231 4188 8128 971 4175 8129 741 4189 8130 718 1554 8131 695 4190 8132 764 4172 8133 741 4189 8134 264 4182 8135 741 4189 8136 695 4190 8137 264 4182 8138 766 4174 8139 971 4175 8140 231 4188 8141 971 4175 8142 954 4191 8143 428 1711 8144 720 4186 8145 743 1554 8146 766 4174 8147 279 4192 8148 222 4183 8149 766 4174 8150 513 4193 8151 279 4192 8152 766 4174 8153 231 4188 8154 513 4193 8155 766 4174 8156 914 1710 8157 874 1554 8158 834 1554 8159 428 1711 8160 954 4191 8161 914 1710 8162 834 1554 8163 794 1554 8164 234 1554 8165 914 1710 8166 834 1554 8167 234 1554 8168 981 1712 8169 980 4194 8170 291 1713 8171 957 1715 8172 974 4195 8173 248 4196 8174 974 4195 8175 981 4197 8176 238 4198 8177 246 4199 8178 974 4195 8179 238 4198 8180 238 4198 8181 417 4200 8182 246 4199 8183 246 4199 8184 225 4201 8185 620 4202 8186 974 4195 8187 246 4199 8188 674 4203 8189 246 4199 8190 620 4202 8191 674 4203 8192 974 4195 8193 674 4203 8194 248 4196 8195 957 1715 8196 248 4196 8197 645 4204 8198 837 1554 8199 877 1554 8200 917 1554 8201 957 1715 8202 645 4204 8203 797 1554 8204 797 1554 8205 837 1554 8206 917 1554 8207 997 1739 8238 1001 4209 8239 1000 1740 8240 1001 1742 8241 999 1742 8242 998 1742 8243 999 1743 8244 995 4210 8245 994 1744 8246 1000 1746 8247 998 4211 8248 994 1747 8249 997 1749 8250 995 4212 8251 999 1750 8252 1005 1752 8253 1009 4213 8254 1008 1753 8255 1008 1742 8256 1009 1742 8257 1007 1742 8258 1007 1755 8259 1003 4214 8260 1002 1756 8261 1008 1758 8262 1006 1758 8263 1002 1758 8264 1005 1759 8265 1003 1760 8266 1007 1759 8267 1012 1761 8268 1013 3561 8269 1017 1762 8270 1016 1764 8271 1017 4215 8272 1015 1765 8273 1015 1767 8274 1011 4216 8275 1010 1768 8276 1016 1769 8277 1014 4217 8278 1010 1770 8279 1013 1759 8280 1011 1759 8281 1015 1759 8282 1021 1772 8283 1025 4218 8284 1024 1773 8285 1024 1742 8286 1025 1742 8287 1023 1742 8288 1023 1775 8289 1019 4219 8290 1018 1776 8291 1024 1770 8292 1022 4220 8293 1018 1770 8294 1021 1778 8295 1019 4221 8296 1023 1779 8297 1029 1781 8298 1033 4222 8299 1032 1782 8300 1033 1784 8301 1031 4223 8302 1030 1785 8303 1031 1787 8304 1027 4224 8305 1026 1788 8306 1032 1790 8307 1030 4225 8308 1026 1791 8309 1029 1793 8310 1027 4226 8311 1031 1794 8312 1037 1796 8313 1041 4227 8314 1040 1796 8315 1040 1742 8316 1041 1742 8317 1039 1742 8318 1039 1797 8319 1035 4228 8320 1034 1798 8321 1040 1800 8322 1038 4229 8323 1034 1801 8324 1037 1803 8325 1035 4230 8326 1039 1804 8327 1139 1889 8445 1115 4248 8446 1118 1890 8447 1138 1901 8460 1118 4253 8461 1132 1902 8462 1140 1910 8469 1120 4256 8470 1151 1911 8471 1152 1949 8514 1151 4264 8515 1115 1950 8516 1159 1961 8529 1160 4269 8530 1154 1962 8531 1157 1964 8532 1160 4270 8533 1159 1965 8534 1161 1967 8535 1162 4271 8536 1157 1968 8537 1236 1974 8553 1642 4277 8554 1664 1975 8555 1263 1980 8559 1685 4279 8560 1684 1981 8561 1615 1983 8562 1614 4280 8563 1185 1984 8564 1640 1986 8565 1621 4281 8566 1216 1987 8567 1262 1992 8571 1636 4283 8572 1683 1993 8573 1217 1995 8574 1624 4284 8575 1645 1996 8576 1260 2001 8580 1618 4286 8581 1682 2002 8582 1231 2004 8583 1190 4287 8584 1263 2005 8585 1613 2007 8586 1612 4288 8587 1179 2008 8588 1232 2010 8589 1638 4289 8590 1663 2011 8591 1212 2016 8595 1234 2066 8596 1262 2017 8597 1213 2019 8598 1620 4291 8599 1641 2020 8600 1180 2025 8604 1611 4293 8605 1610 2026 8606 1230 2028 8607 1634 4294 8608 1615 2029 8609 1199 2031 8610 1211 2053 8611 1260 2032 8612 1188 2034 8613 1662 4295 8614 1633 2035 8615 1609 2040 8619 1608 4297 8620 1181 2041 8621 1171 2043 8622 1174 2085 8623 1173 2044 8624 1175 2046 8625 1178 2086 8626 1177 2047 8627 1210 2049 8628 1209 2101 8629 1208 2050 8630 1214 2052 8631 1213 2092 8632 1212 2016 8633 1215 2054 8634 1218 2104 8635 1217 2055 8636 1219 2057 8637 1222 2093 8638 1221 2058 8639 1223 2060 8640 1226 2087 8641 1225 2061 8642 1227 2063 8643 1230 2100 8644 1229 2064 8645 1234 2066 8646 1233 2096 8647 1232 2067 8648 1238 2068 8649 1237 2097 8650 1236 2069 8651 1242 2071 8652 1241 2098 8653 1240 2072 8654 1243 2074 8655 1246 2099 8656 1245 2075 8657 1249 2077 8658 1252 2090 8659 1251 2078 8660 1258 2080 8661 1257 2116 8662 1256 2081 8663 1176 2048 8664 1169 4298 8665 1170 2083 8666 1167 2084 8667 1168 4299 8668 1174 2085 8669 1173 2044 8670 1177 2047 8671 1178 2086 8672 1226 2087 8673 1223 2060 8674 1176 2048 8675 1243 2074 8676 1244 2076 8677 1173 2044 8678 1256 2081 8679 1181 4300 8680 1182 2088 8681 1249 2077 8682 1179 4301 8683 1180 2089 8684 1185 2091 8685 1186 4302 8686 1207 2051 8687 1259 2018 8688 1260 2032 8689 1211 2053 8690 1214 2052 8691 1215 2054 8692 1216 2056 8693 1217 2055 8694 1218 2104 8695 1219 2057 8696 1222 2093 8697 1224 2062 8698 1225 2061 8699 1184 2094 8700 1230 2100 8701 1227 2063 8702 1261 2006 8703 1262 2017 8704 1234 2066 8705 1233 2096 8706 1238 2068 8707 1235 2070 8708 1237 2097 8709 1242 2071 8710 1239 2073 8711 1241 2098 8712 1245 2075 8713 1246 2099 8714 1230 2100 8715 1208 2050 8716 1209 2101 8717 1234 2066 8718 1212 2016 8719 1213 2092 8720 1237 2097 8721 1238 2068 8722 1216 2056 8723 1241 2098 8724 1242 2071 8725 1220 2059 8726 1245 2075 8727 1225 2061 8728 1226 2087 8729 1207 2051 8730 1197 4303 8731 1198 2102 8732 1211 2053 8733 1199 2031 8734 1200 2103 8735 1218 2104 8736 1215 2054 8737 1201 2105 8738 1222 2093 8739 1219 2057 8740 1203 2107 8741 1224 2062 8742 1205 4304 8743 1206 2109 8744 1188 2110 8745 1227 2063 8746 1228 2065 8747 1189 2112 8748 1190 4287 8749 1231 2004 8750 1191 2113 8751 1192 4305 8752 1235 2070 8753 1193 2114 8754 1194 4306 8755 1239 2073 8756 1195 2115 8757 1196 4307 8758 1246 2099 8759 1172 2045 8760 1250 2079 8761 1251 2078 8762 1178 2086 8763 1175 2046 8764 1257 2116 8765 1251 2078 8766 1252 2090 8767 1253 2117 8768 1248 2119 8769 1256 2081 8770 1257 2116 8771 1255 2082 8772 1249 2077 8773 1250 2079 8774 1650 2121 8775 1637 4308 8776 1229 2122 8777 1228 2065 8778 1229 2064 8779 1262 2017 8780 1209 2101 8781 1210 2049 8782 1260 2032 8783 1661 2124 8784 1660 4309 8785 1187 2125 8786 156 247 8793 150 3711 8794 1267 2133 8795 153 2135 8796 164 4312 8797 1278 2136 8798 164 2138 8799 162 4313 8800 1277 2139 8801 162 256 8802 161 3714 8803 1276 2141 8804 161 2143 8805 160 4314 8806 1275 2144 8807 160 262 8808 159 3716 8809 1273 2146 8810 159 2148 8811 156 4315 8812 1272 2149 8813 194 268 8814 1289 4316 8815 1276 2151 8816 190 271 8817 1287 4317 8818 1277 2152 8819 198 277 8823 1291 4319 8824 1275 2155 8825 186 292 8838 1286 4324 8839 1278 2167 8840 195 4329 8853 194 4330 8854 1301 4330 8855 191 4331 8856 190 4332 8857 1299 4332 8858 199 4334 8862 198 4335 8863 1303 4335 8864 203 4336 8865 202 4337 8866 1305 4337 8867 207 4339 8871 206 4340 8872 1307 4341 8873 206 328 8874 1295 4342 8875 1272 2198 8876 202 334 8880 1293 4344 8881 1273 2201 8882 1285 2202 8883 1286 2221 8884 186 2203 8885 1288 2184 8886 1287 4345 8887 190 2205 8888 1290 2181 8889 1289 4346 8890 194 2206 8891 1292 2189 8892 1291 4347 8893 198 2207 8894 1294 2192 8895 1293 4348 8896 202 2208 8897 1296 2197 8898 1295 2226 8899 206 2209 8900 1721 2234 8904 1519 4352 8905 1316 2235 8906 1526 2237 8907 1527 4353 8908 1314 2238 8909 1541 2245 8916 1518 4355 8917 1309 2246 8918 1474 2254 8925 1404 4358 8926 1336 2255 8927 1410 2293 8961 1342 4370 8962 1487 2294 8963 1504 2299 8967 1408 4372 8968 1340 2300 8969 1473 2311 8979 1471 4376 8980 1347 2312 8981 1403 2314 8982 1335 4377 8983 1342 2315 8984 1528 2320 8988 1349 4379 8989 1309 2321 8990 1534 2335 9003 1352 4383 9004 1735 2336 9005 1359 2346 9015 1376 2369 9016 1577 2347 9017 1356 2349 9018 1375 2365 9019 1498 2350 9020 1310 2352 9021 1348 4387 9022 1374 2353 9023 1329 2358 9027 1313 4388 9028 1364 2359 9029 1429 2361 9030 1311 4389 9031 1365 2362 9032 1315 2364 9033 1363 2489 9034 1375 2365 9035 229 515 9036 287 3782 9037 1368 2366 9038 1359 2346 9039 1310 4390 9040 1366 2368 9041 1320 2370 9042 1368 4391 9043 1370 2371 9044 1511 2373 9045 2041 4392 9046 2040 2374 9047 1311 2376 9048 1327 4393 9049 1370 2377 9050 1486 2379 9051 1329 4394 9052 1371 2380 9053 1739 2382 9054 1331 4395 9055 1372 2383 9056 1397 2391 9063 1390 4398 9064 1377 2392 9065 1391 2394 9066 1378 4399 9067 1431 2395 9068 317 2397 9069 302 4400 9070 1381 2398 9071 1394 2403 9075 1381 4402 9076 1383 2404 9077 1515 2406 9078 1395 4403 9079 1382 2407 9080 1396 2409 9081 1383 4404 9082 1378 2410 9083 1488 2412 9084 1397 4405 9085 1384 2413 9086 1481 2420 9093 1423 2503 9094 1397 2421 9095 1509 2426 9099 1421 2498 9100 1395 2427 9101 347 2435 9108 317 4409 9109 1394 2436 9110 1433 2441 9114 1417 4410 9115 1391 2442 9116 1423 2444 9117 1416 4411 9118 1390 2445 9119 1384 2458 9135 1377 4413 9136 1403 2459 9137 1407 2462 9138 1458 4414 9139 1457 2461 9140 1457 2461 9141 1456 4415 9142 1381 4416 9143 1381 4416 9144 302 612 9145 1457 2461 9146 302 612 9147 332 3808 9148 1407 2462 9149 1381 4417 9153 1456 4418 9154 1465 4419 9155 1383 4420 9156 1381 4417 9157 1465 4419 9158 1464 4421 9159 1458 4422 9160 1407 4423 9161 1459 2613 9162 1460 2612 9163 1407 4423 9164 1460 2612 9165 1464 4421 9166 1407 4423 9167 1409 2467 9168 1383 4420 9169 1463 2465 9170 1383 4420 9171 1465 4419 9172 1462 2597 9173 1383 4420 9174 1462 2597 9175 1463 2465 9176 1459 2613 9177 1407 4423 9178 1461 2466 9179 1407 4423 9180 1409 2467 9181 1461 2466 9182 1508 2468 9183 1382 4424 9184 1408 2469 9185 1383 2471 9186 1409 4425 9187 1404 2472 9188 1484 2474 9189 1384 4426 9190 1410 2475 9191 1376 2369 9195 1428 2432 9196 1578 2453 9197 1375 2365 9198 1427 2438 9199 1495 2451 9200 1366 2354 9201 1374 2353 9202 1426 2479 9203 1371 2483 9207 1364 4428 9208 1416 2484 9209 1430 2486 9210 1365 4429 9211 1417 2487 9212 1363 2489 9213 1415 2853 9214 1427 2438 9215 287 2490 9216 347 4430 9217 1420 2491 9218 1376 2369 9219 1366 2368 9220 1418 2493 9221 1370 2494 9222 1368 4431 9223 1420 2495 9224 1509 2426 9225 1507 2692 9226 2040 2497 9227 2040 2497 9228 1369 4432 9229 1421 2498 9230 1365 2499 9231 1370 4433 9232 1422 2500 9233 1480 2502 9234 1371 4434 9235 1423 2503 9236 1372 2504 9237 1424 4435 9238 1744 2505 9239 1373 2507 9240 1430 4436 9241 1433 2508 9242 1475 4437 9243 1431 4438 9244 1474 2512 9245 1431 4438 9246 1378 2510 9247 1474 2512 9248 1425 2513 9249 1433 4439 9250 1432 2514 9251 1432 2516 9252 1431 4440 9253 1386 2517 9254 1429 2519 9255 1430 4441 9256 1373 2520 9257 1529 2537 9285 1435 4451 9286 1445 2538 9287 1564 2549 9300 1441 4456 9301 1341 2550 9302 1438 2552 9303 1444 4457 9304 1440 2553 9305 1341 2555 9306 1441 4458 9307 1447 2556 9308 1536 2558 9309 1444 4459 9310 1438 2559 9311 1552 2564 9315 1559 2848 9316 1450 2565 9317 1453 2573 9324 1449 4463 9325 1448 2574 9326 1530 2576 9327 1449 4464 9328 1453 2577 9329 1451 2579 9330 1450 4465 9331 1454 2580 9332 1567 2582 9333 1451 4466 9334 1455 2583 9335 1471 2619 9384 1473 4480 9385 1474 2620 9386 1467 2622 9387 1466 4481 9388 1470 2623 9389 1571 2625 9390 1575 4482 9391 1471 2626 9392 1369 2633 9399 1480 4484 9400 1481 2634 9401 1382 2636 9402 1484 4485 9403 1491 2637 9404 1421 2635 9405 1481 2634 9406 1488 2639 9407 1395 2641 9408 1488 4486 9409 1484 2642 9410 1321 2644 9411 1486 4487 9412 1480 2645 9413 1408 2647 9414 1491 4488 9415 1487 2648 9416 1498 2662 9429 1495 2668 9430 1419 2663 9431 1496 2672 9441 1498 2662 9442 1367 2664 9443 1519 2676 9447 1545 4495 9448 1493 2677 9449 1507 2692 9465 1509 2426 9466 348 844 9467 1508 2468 9468 1504 2470 9469 333 847 9470 1509 2426 9471 1515 2428 9472 318 849 9473 1515 2406 9474 1508 2408 9475 303 850 9476 227 2693 9477 1511 4499 9478 1507 2694 9479 1504 2698 9483 1514 4500 9484 256 857 9485 1574 2702 9492 1546 4502 9493 474 2703 9494 1466 2708 9498 1467 4504 9499 1543 2709 9500 1452 2716 9507 1448 4506 9508 1538 2717 9509 1560 2719 9510 1559 4507 9511 1530 2720 9512 1445 2724 9516 1449 4508 9517 1530 2725 9518 1553 2727 9519 1565 4509 9520 1536 2728 9521 1330 2729 9522 1440 4510 9523 1535 2730 9524 1552 2737 9531 1558 4512 9532 1529 2738 9533 1555 2770 9576 1556 4525 9577 1527 2771 9578 1342 2779 9585 1335 4528 9586 1556 2780 9587 1446 2817 9624 1436 4540 9625 1558 2818 9626 1439 2822 9630 1447 4541 9631 1565 2823 9632 1454 2827 9636 1450 4542 9637 1559 2828 9638 1542 2841 9651 1543 4546 9652 1575 2842 9653 1538 2845 9657 1567 4547 9658 1566 2846 9659 1523 2726 9660 1530 2725 9661 1559 2848 9662 1535 2849 9663 1564 4548 9664 1550 2766 9665 1577 2347 9669 1578 2453 9670 1415 2853 9671 1579 2348 9675 1577 2347 9676 1363 2489 9677 1221 2938 9768 1628 4576 9769 1649 2939 9770 1186 2941 9771 1617 4577 9772 1616 2942 9773 1665 2947 9777 1639 4579 9778 1235 2948 9779 1644 2950 9780 1625 4580 9781 1220 2951 9782 1226 2956 9786 1602 4582 9787 1605 2957 9788 1210 2959 9789 1619 4583 9790 1618 2960 9791 1240 2965 9795 1646 4585 9796 1666 2966 9797 1648 2968 9798 1629 4586 9799 1225 2969 9800 1621 2971 9801 1620 4587 9802 1213 2972 9803 1667 2977 9807 1643 4589 9808 1239 2978 9809 1651 2980 9810 1619 4590 9811 1210 2981 9812 1214 2983 9813 1623 4591 9814 1622 2984 9815 1625 2989 9819 1624 4593 9820 1217 2990 9821 1243 2995 9825 1604 4595 9826 1668 2996 9827 1207 2998 9828 1616 4596 9829 1652 2999 9830 1218 3001 9831 1627 4597 9832 1626 3002 9833 1170 3004 9834 1591 4598 9835 1590 3005 9836 1669 3010 9840 1647 4600 9841 1246 3011 9842 1200 3013 9843 1653 4601 9844 1623 3014 9845 1629 3016 9846 1628 4602 9847 1221 3017 9848 1251 3019 9849 1670 4603 9850 1595 3020 9851 1222 3022 9852 1631 4604 9853 1630 3023 9854 1593 3025 9855 1592 4605 9856 1169 3026 9857 1598 3031 9861 1671 4607 9862 1250 3032 9863 1258 3037 9867 1672 4609 9868 1599 3038 9869 1202 3040 9870 1654 4610 9871 1627 3041 9872 1633 3043 9873 1632 4611 9874 1183 3044 9875 1171 3046 9876 1595 4612 9877 1594 3047 9878 1590 3052 9882 1673 4614 9883 1257 3053 9884 1184 3055 9885 1635 4615 9886 1634 3056 9887 1597 3058 9888 1596 4616 9889 1174 3059 9890 1254 3064 9894 1674 4618 9895 1670 3065 9896 1622 3067 9897 1655 4619 9898 1201 3068 9899 1178 3070 9900 1599 4620 9901 1598 3071 9902 1204 3076 9906 1656 4622 9907 1631 3077 9908 1229 3079 9909 1637 4623 9910 1636 3080 9911 1601 3082 9912 1600 4624 9913 1177 3083 9914 1610 3088 9918 1675 4626 9919 1253 3089 9920 1639 3091 9921 1638 4627 9922 1232 3092 9923 1600 3094 9924 1602 4628 9925 1226 3095 9926 1626 3100 9930 1657 4630 9931 1203 3101 9932 1233 3103 9933 1641 4631 9934 1640 3104 9935 1223 3106 9936 1603 4632 9937 1593 3107 9938 1683 3109 9939 1650 4633 9940 1209 3110 9941 1673 3112 9942 1676 4634 9943 1247 3113 9944 1206 3115 9945 1658 4635 9946 1603 3116 9947 1643 3118 9948 1642 4636 9949 1236 3119 9950 1596 3121 9951 1604 4637 9952 1243 3122 9953 1248 3124 9954 1677 4638 9955 1609 3125 9956 1237 3127 9957 1645 4639 9958 1644 3128 9959 1244 3130 9960 1605 4640 9961 1601 3131 9962 1684 3133 9963 1661 4641 9964 1228 3134 9965 1250 3136 9966 1671 4642 9967 1672 3137 9968 1630 3139 9969 1659 4643 9970 1205 3140 9971 1647 3142 9972 1646 4644 9973 1240 3143 9974 1182 3145 9975 1607 4645 9976 1606 3146 9977 1606 3148 9978 1613 4646 9979 1249 3149 9980 1241 3151 9981 1649 4647 9982 1648 3152 9983 1319 3154 9984 1687 4648 9985 1700 3155 9986 1335 3157 9987 1694 4649 9988 1699 3158 9989 1556 3159 9990 1699 3158 9991 1698 3160 9992 1586 3162 9993 1700 4650 9994 1697 3163 9995 1326 3165 9996 1693 4651 9997 1696 3166 9998 1688 3168 9999 1691 4652 10000 1416 3169 10001 1313 3180 10011 1686 3273 10012 1688 3181 10013 1403 3183 10014 1689 4655 10015 1694 3184 10016 1527 3186 10017 1698 4656 10018 1690 3187 10019 1513 3189 10020 1697 4657 10021 627 1353 10022 1696 3191 10023 1687 4658 10024 1319 3192 10025 1314 3194 10026 1690 4659 10027 1693 3195 10028 1730 3202 10035 1707 4662 10036 1332 3203 10037 1331 3205 10038 1710 4663 10039 1728 3206 10040 1372 3207 10050 1728 3206 10051 1706 3216 10052 1534 3223 10059 1721 4667 10060 1726 3224 10061 1737 3245 10083 1735 4673 10084 1707 3246 10085 1741 3267 10107 1744 4680 10108 1691 3268 10109 1686 3273 10119 1739 2382 10120 1741 2384 10121 1347 3290 10140 1756 4685 10141 1766 3291 10142 1761 3293 10143 1769 4686 10144 1426 3294 10145 1425 3299 10149 1768 4688 10150 1760 3300 10151 1386 3302 10152 1762 4689 10153 1764 3303 10154 1770 3317 10167 1758 4694 10168 1349 3318 10169 1399 3326 10176 1764 4697 10177 1768 3327 10178 1373 3329 10179 1760 4698 10180 1755 3330 10181 1757 3341 10191 1761 4702 10192 1374 3342 10193 1784 3347 10197 1792 3390 10198 1769 3348 10199 1760 3350 10200 1783 3367 10201 1778 3351 10202 1793 3353 10203 1781 3364 10204 1758 3354 10205 1780 3359 10209 1784 3347 10210 1761 3349 10211 1768 3366 10218 1791 3376 10219 1783 3367 10220 1764 3375 10233 1787 3378 10234 1791 3376 10235 1762 3377 10236 1785 3384 10237 1787 3378 10238 1756 3357 10251 1779 4704 10252 1789 3387 10253 1807 1554 10266 1815 1554 10267 1792 1554 10268 1806 1554 10269 1801 1554 10270 1778 1554 10271 1816 1554 10272 1804 1554 10273 1781 1554 10274 1803 1554 10278 1807 1554 10279 1784 1554 10280 1814 1554 10287 1806 1554 10288 1783 1554 10289 1810 1554 10302 1814 1554 10303 1791 1554 10304 1808 1554 10305 1810 1554 10306 1787 1554 10307 1802 1554 10320 1812 1554 10321 1789 1554 10322 1830 3400 10338 1838 3397 10339 1815 3399 10340 1806 1566 10341 1829 1568 10342 1824 1567 10343 1839 3403 10344 1827 4709 10345 1804 3404 10346 1826 3409 10350 1830 3400 10351 1807 3401 10352 1814 1581 10359 1837 1583 10360 1829 1582 10361 1810 1596 10374 1833 1598 10375 1837 1597 10376 1808 1599 10377 1831 1601 10378 1833 1600 10379 1825 3442 10392 1835 4720 10393 1812 3443 10394 1870 1554 10419 1871 1554 10420 1833 1554 10421 1852 1617 10422 1855 1617 10423 1367 1617 10424 1866 1554 10452 1874 1554 10453 1838 1554 10454 1857 1554 10470 1856 1554 10471 1728 1554 10472 1871 1554 10473 1867 1554 10474 1837 1554 10475 1876 1554 10485 1872 1554 10486 1835 1554 10487 1864 1554 10488 1863 1554 10489 1824 1554 10490 1855 1617 10494 1854 1554 10495 1317 1617 10496 1865 1554 10497 1866 1554 10498 1830 1554 10499 1881 1554 10503 1878 1554 10504 1827 1554 10505 1867 1554 10509 1864 1554 10510 1829 1554 10511 1856 1554 10512 1860 1554 10513 1706 1554 10514 1896 1554 10533 1900 1554 10534 1860 1554 10535 1911 1554 10545 1907 1554 10546 1867 1554 10547 1916 1554 10563 1912 1554 10564 1872 1554 10565 1904 1554 10566 1903 1554 10567 1863 1554 10568 1905 1554 10575 1906 1554 10576 1866 1554 10577 1921 1554 10581 1918 1554 10582 1878 1554 10583 1907 1554 10584 1904 1554 10585 1864 1554 10586 1895 1617 10587 1894 1554 10588 1854 1554 10589 1892 1617 10596 1895 1617 10597 1855 1617 10598 1910 1554 10602 1911 1554 10603 1871 1554 10604 1897 1554 10605 1896 1554 10606 1856 1554 10607 1906 1554 10629 1914 1554 10630 1874 1554 10631 1936 1554 10638 1940 1554 10639 1900 1554 10640 1951 1554 10650 1947 1554 10651 1907 1554 10652 1956 1554 10668 1952 1554 10669 1912 1554 10670 1944 1554 10671 1943 1554 10672 1903 1554 10673 1945 1554 10680 1946 1554 10681 1906 1554 10682 1961 1554 10686 1958 1554 10687 1918 1554 10688 1947 1554 10689 1944 1554 10690 1904 1554 10691 1935 1617 10692 1934 1554 10693 1894 1554 10694 1932 1617 10701 1935 1617 10702 1895 1617 10703 1950 1554 10707 1951 1554 10708 1911 1554 10709 1937 1554 10710 1936 1554 10711 1896 1554 10712 1946 1554 10734 1954 1554 10735 1914 1554 10736 1985 4721 10749 1983 4722 10750 1986 4723 10751 1983 4722 10752 1984 4724 10753 1986 4723 10754 1984 4724 10755 1987 4725 10756 1991 3447 10757 1991 3447 10758 1990 4726 10759 1992 4727 10760 1996 4728 10761 1995 4729 10762 2003 4730 10763 1991 3447 10764 1992 4727 10765 2005 4731 10766 1992 4727 10767 1996 4728 10768 2004 4732 10769 1991 3447 10770 2005 4731 10771 1989 3445 10772 1984 4724 10773 1991 3447 10774 1986 4723 10775 2000 4733 10776 1994 4734 10777 1999 3446 10778 1994 4734 10779 1986 4723 10780 1991 3447 10781 1999 3446 10782 1994 4734 10783 1991 3447 10784 1996 4728 10785 2003 4730 10786 2002 4735 10787 1992 4727 10788 2004 4732 10789 2005 4731 10790 2002 4735 10791 2004 4732 10792 1996 4728 10793 2005 4731 10794 1997 4736 10795 1989 3445 10796 1997 4736 10797 1998 4737 10798 1989 3445 10799 1998 4737 10800 2001 4738 10801 1988 4739 10802 1988 4739 10803 1989 3445 10804 1998 4737 10805 1989 3445 10806 1993 4740 10807 1999 3446 10808 1991 1554 10815 1987 1554 10816 1947 1554 10817 1996 1554 10833 1992 1554 10834 1952 1554 10835 1984 1554 10836 1983 1554 10837 1943 1554 10838 1985 1554 10845 1986 1554 10846 1946 1554 10847 2001 1554 10851 1998 1554 10852 1958 1554 10853 1987 1554 10854 1984 1554 10855 1944 1554 10856 1975 1617 10857 1974 1617 10858 1934 1554 10859 1972 1617 10866 1975 1617 10867 1935 1617 10868 1990 1554 10872 1991 1554 10873 1951 1554 10874 1977 1554 10875 1976 1554 10876 1936 1554 10877 1986 1554 10899 1994 1554 10900 1954 1554 10901 1976 1554 10920 1980 1554 10921 1940 1554 10922 1976 3448 10923 2016 3463 10924 2020 3449 10925 2015 3451 10926 2014 4741 10927 1974 3452 10928 2012 3457 10932 2015 3451 10933 1975 3453 10934 1977 3462 10938 2017 4744 10939 2016 3463 10940 2012 3493 10974 2029 3522 10975 2032 3494 10976 2034 3499 10980 2033 3529 10981 2016 3500 10982 2033 3529 11013 2037 3520 11014 2020 3521 11015 2015 3495 11016 2032 3494 11017 2031 3530 11018 227 4775 11061 229 4776 11062 1826 4777 11063 229 4776 11064 1320 4778 11065 1824 4779 11066 227 4775 11067 1826 4777 11068 2031 4780 11069 1320 4778 11070 1327 4781 11071 1311 4782 11072 1320 4778 11073 1311 4782 11074 1429 4783 11075 1511 4784 11076 227 4775 11077 2034 4785 11078 2034 4785 11079 2041 4786 11080 1511 4784 11081 2031 4780 11082 2034 4785 11083 227 4775 11084 1320 4778 11085 1429 4783 11086 1824 4779 11087 1429 4783 11088 1345 4787 11089 1824 4779 11090 1757 4788 11091 1348 4789 11092 1803 4790 11093 1348 4789 11094 1310 4791 11095 1826 4777 11096 1310 4791 11097 1359 4792 11098 1826 4777 11099 1359 4792 11100 1579 4793 11101 1826 4777 11102 1315 4794 11103 1356 4795 11104 2031 4780 11105 1356 4795 11106 1496 4796 11107 2031 4780 11108 1803 4790 11109 1780 1554 11110 1757 4788 11111 1826 4777 11112 1803 4790 11113 1348 4789 11114 1826 4777 11115 1579 4793 11116 1315 4794 11117 1826 4777 11118 1315 4794 11119 2031 4780 11120 1778 4797 11121 1801 1554 11122 1824 4779 11123 1345 4787 11124 1755 4798 11125 1778 4797 11126 1345 4787 11127 1778 4797 11128 1824 4779 11129 229 4776 11130 1824 4779 11131 1826 4777 11132 2014 3536 11133 2031 4780 11134 1496 4796 11135 1317 3535 11136 1854 1554 11137 1894 1554 11138 2014 3536 11139 1496 4796 11140 1317 3535 11141 1894 1554 11142 1934 1554 11143 1974 1554 11144 1317 3535 11145 1894 1554 11146 1974 1554 11147 2041 3537 11148 1321 4799 11149 1369 3538 11150 2041 4800 11151 2034 4801 11152 1321 4802 11153 2034 4801 11154 2017 3540 11155 1331 4803 11156 1321 4802 11157 2034 4801 11158 1329 4804 11159 1329 4804 11160 2034 4801 11161 1739 4805 11162 1329 4804 11163 1486 4806 11164 1321 4802 11165 1686 4807 11166 1313 4808 11167 1329 4804 11168 1739 4805 11169 1686 4807 11170 1329 4804 11171 1739 4805 11172 2034 4801 11173 1331 4803 11174 1710 4809 11175 1331 4803 11176 2017 3540 11177 1977 1554 11178 1937 1554 11179 1897 1554 11180 1857 1554 11181 1710 4809 11182 2017 3540 11183 1977 1554 11184 1897 1554 11185 1857 1554 11186 2060 1740 11217 2061 4209 11218 2057 1739 11219 2058 3560 11220 2059 3560 11221 2061 3560 11222 2054 1744 11223 2055 4210 11224 2059 1743 11225 2054 1747 11226 2058 4211 11227 2060 1746 11228 2059 1750 11229 2055 4212 11230 2057 1749 11231 2068 1753 11232 2069 4213 11233 2065 1752 11234 2068 3560 11235 2066 3560 11236 2067 3560 11237 2062 1756 11238 2063 4214 11239 2067 1755 11240 2062 1758 11241 2066 1758 11242 2068 1758 11243 2067 1759 11244 2063 1760 11245 2065 1759 11246 2072 1761 11247 2076 1763 11248 2077 1762 11249 2076 3562 11250 2074 4815 11251 2075 3563 11252 2070 3565 11253 2071 4216 11254 2075 3566 11255 2070 1770 11256 2074 4217 11257 2076 1769 11258 2075 1759 11259 2071 1759 11260 2073 1759 11261 2084 1773 11262 2085 4218 11263 2081 1772 11264 2084 3560 11265 2082 3560 11266 2083 3560 11267 2078 1776 11268 2079 4219 11269 2083 1775 11270 2078 1770 11271 2082 4220 11272 2084 1770 11273 2083 1779 11274 2079 4221 11275 2081 1778 11276 2092 1782 11277 2093 4222 11278 2089 1781 11279 2090 3568 11280 2091 4816 11281 2093 3569 11282 2086 1788 11283 2087 4224 11284 2091 1787 11285 2086 1791 11286 2090 4225 11287 2092 1790 11288 2091 1794 11289 2087 4226 11290 2089 1793 11291 2100 1796 11292 2101 4227 11293 2097 1796 11294 2100 3560 11295 2098 3560 11296 2099 3560 11297 2094 1798 11298 2095 4228 11299 2099 1797 11300 2094 1801 11301 2098 4229 11302 2100 1800 11303 2099 1804 11304 2095 4230 11305 2097 1803 11306</p>
        </triangles>
        <triangles material="Материал_003-material" count="44">
          <input semantic="VERTEX" source="#Куб_007-mesh-vertices" offset="0"/>
          <input semantic="NORMAL" source="#Куб_007-mesh-normals" offset="1"/>
          <input semantic="TEXCOORD" source="#Куб_007-mesh-map-0" offset="2" set="0"/>
          <p>678 434 549 464 435 550 687 436 551 602 1031 1215 530 1032 1216 538 1033 1217 537 1041 1227 526 1042 1228 592 1043 1229 539 1044 1230 534 1045 1231 536 1046 1232 558 1053 1239 578 1054 1240 559 1055 1241 562 1056 1242 582 1057 1243 563 1058 1244 561 1062 1248 591 1063 1249 588 1064 1250 590 1065 1251 564 1066 1252 593 1067 1253 576 1074 1260 601 1075 1261 577 1076 1262 580 1077 1263 603 1078 1264 581 1079 1265 633 1440 1647 678 434 1648 687 436 1649 1532 2287 3282 1743 2288 3283 1751 2289 3284 1596 2868 3948 1668 2869 3949 1604 2870 3950 1592 2878 3960 1603 2879 3961 1658 2880 3962 1600 2881 3963 1605 2882 3964 1602 2883 3965 1624 2890 3972 1644 2891 3973 1645 2892 3974 1628 2893 3975 1648 2894 3976 1649 2895 3977 1657 2899 3981 1627 2900 3982 1654 2901 3983 1656 2902 3984 1630 2903 3985 1631 2904 3986 1642 2911 3993 1667 2912 3994 1664 2913 3995 1646 2914 3996 1669 2915 3997 1666 2916 3998 1698 3277 4380 1743 2288 4381 1690 3278 4382 678 434 5976 249 3761 5977 464 435 5978 602 1031 6717 531 3944 6718 530 1032 6719 537 1041 6726 527 3947 6727 526 1042 6728 539 1044 6729 535 3948 6730 534 1045 6731 558 1053 6738 579 3951 6739 578 1054 6740 562 1056 6741 583 3952 6742 582 1057 6743 561 1062 6747 560 3954 6748 591 1063 6749 590 1065 6750 565 3955 6751 564 1066 6752 576 1074 6759 598 3958 6760 601 1075 6761 580 1077 6762 600 3959 6763 603 1078 6764 633 1440 7146 624 4075 7147 678 434 7148 1532 2287 8955 1332 4368 8956 1743 2288 8957 1596 2868 9696 1597 4552 9697 1668 2869 9698 1592 2878 9705 1593 4555 9706 1603 2879 9707 1600 2881 9708 1601 4556 9709 1605 2882 9710 1624 2890 9717 1625 4559 9718 1644 2891 9719 1628 2893 9720 1629 4560 9721 1648 2894 9722 1657 2899 9726 1626 4562 9727 1627 2900 9728 1656 2902 9729 1659 4563 9730 1630 2903 9731 1642 2911 9738 1643 4566 9739 1667 2912 9740 1646 2914 9741 1647 4567 9742 1669 2915 9743 1698 3277 10125 1751 2289 10126 1743 2288 10127</p>
        </triangles>
        <triangles material="Материал_004-material" count="12">
          <input semantic="VERTEX" source="#Куб_007-mesh-vertices" offset="0"/>
          <input semantic="NORMAL" source="#Куб_007-mesh-normals" offset="1"/>
          <input semantic="TEXCOORD" source="#Куб_007-mesh-map-0" offset="2" set="0"/>
          <p>554 1050 1236 574 1051 1237 555 1052 1238 587 1059 1245 556 1060 1246 589 1061 1247 572 1071 1257 599 1072 1258 573 1073 1259 1620 2887 3969 1640 2888 3970 1641 2889 3971 1653 2896 3978 1622 2897 3979 1623 2898 3980 1638 2908 3990 1665 2909 3991 1663 2910 3992 554 1050 6735 575 3950 6736 574 1051 6737 587 1059 6744 557 3953 6745 556 1060 6746 572 1071 6756 597 3957 6757 599 1072 6758 1620 2887 9714 1621 4558 9715 1640 2888 9716 1653 2896 9723 1655 4561 9724 1622 2897 9725 1638 2908 9735 1639 4565 9736 1665 2909 9737</p>
        </triangles>
        <triangles material="Стекло-material" count="178">
          <input semantic="VERTEX" source="#Куб_007-mesh-vertices" offset="0"/>
          <input semantic="NORMAL" source="#Куб_007-mesh-normals" offset="1"/>
          <input semantic="TEXCOORD" source="#Куб_007-mesh-map-0" offset="2" set="0"/>
          <p>551 1047 1233 586 1048 1234 615 1049 1235 569 1068 1254 549 1069 1255 548 1070 1256 566 1083 1269 596 1084 1270 567 1085 1271 553 1092 1278 616 1093 1279 585 1094 1280 571 1095 1281 617 1096 1282 584 1097 1283 594 1098 1284 618 1099 1285 595 1100 1286 1056 1806 2616 1070 1807 2617 1069 1808 2618 1097 1809 2619 1044 1810 2620 1067 1811 2621 1066 1812 2622 1064 1813 2623 1090 1814 2624 1113 1815 2625 1050 1816 2626 1071 1817 2627 1102 1818 2628 1106 1819 2629 1094 1820 2630 1103 1821 2631 1110 1822 2632 1104 1823 2633 1107 1824 2634 1072 1825 2635 1109 1826 2636 1074 1827 2637 1069 1808 2638 1077 1828 2639 1095 1829 2640 1110 1822 2641 1105 1830 2642 1075 1831 2643 1062 1832 2644 1058 1833 2645 1089 1834 2646 1048 1835 2647 1086 1836 2648 1108 1837 2649 1055 1838 2650 1106 1819 2651 1048 1839 2652 1088 1839 2653 1091 1839 2654 1098 1840 2655 1049 1841 2656 1099 1842 2657 1084 1843 2658 1069 1808 2659 1080 1844 2660 1109 1826 2661 1083 1845 2662 1110 1822 2663 1114 1846 2664 1071 1817 2665 1082 1847 2666 1096 1848 2667 1067 1811 2668 1078 1849 2669 1080 1844 2670 1070 1807 2671 1081 1850 2672 1079 1851 2673 1077 1828 2674 1084 1843 2675 1087 1852 2676 1059 1853 2677 1076 1854 2678 1068 1855 2679 1074 1827 2680 1077 1828 2681 1046 1856 2682 1084 1843 2683 1073 1857 2684 1057 1858 2685 1081 1859 2686 1045 1860 2687 1096 1861 2688 1047 1862 2689 1100 1863 2690 1111 1864 2691 1082 1865 2692 1051 1866 2693 1110 1822 2694 1054 1867 2695 1105 1830 2696 1073 1868 2697 1080 1844 2698 1057 1869 2699 1090 1870 2700 1059 1871 2701 1087 1872 2702 1071 1873 2703 1093 1874 2704 1103 1821 2705 1083 1875 2706 1100 1876 2707 1054 1877 2708 1060 1878 2709 1094 1820 2710 1052 1879 2711 1082 1880 2712 1103 1821 2713 1104 1823 2714 1051 1881 2715 1104 1882 2716 1095 1883 2717 1072 1884 2718 1101 1885 2719 1097 1809 2720 1061 1886 2721 1099 1887 2722 1055 1838 2723 1083 1888 2724 1097 1809 2725 1096 1848 2726 1103 1821 2727 1107 1824 2728 1109 1826 2729 1652 2884 3966 1617 2885 3967 1681 2886 3968 1615 2905 3987 1635 2906 3988 1614 2907 3989 1632 2920 4002 1662 2921 4003 1680 2922 4004 1682 2929 4011 1619 2930 4012 1651 2931 4013 1683 2932 4014 1637 2933 4015 1650 2934 4016 1684 2935 4017 1660 2936 4018 1661 2937 4019 2124 3570 5349 1056 3571 5350 2123 3572 5351 2149 3573 5352 1044 1810 5353 1101 1885 5354 2143 3574 5355 2118 3575 5356 2120 3576 5357 2162 3577 5358 1050 1816 5359 1112 3578 5360 2157 3579 5361 2153 3580 5362 2146 3581 5363 2160 3582 5364 2154 3583 5365 2155 3584 5366 2126 3585 5367 1107 1824 5368 2159 3586 5369 2123 3572 5370 1074 3587 5371 2130 3588 5372 2147 3589 5373 2160 3582 5374 2155 3584 5375 2128 3590 5376 2116 3591 5377 2129 3592 5378 2105 3593 5379 2142 3594 5380 2139 3595 5381 2110 3596 5382 2158 3597 5383 2157 3579 5384 2105 3598 5385 2144 3598 5386 2141 3598 5387 2106 3599 5388 2150 3600 5389 2151 3601 5390 2137 3602 5391 2123 3572 5392 2130 3588 5393 2136 3603 5394 2159 3586 5395 2160 3582 5396 2163 3604 5397 2125 3605 5398 2162 3577 5399 2148 3606 5400 2121 3607 5401 2149 3573 5402 2133 3608 5403 2124 3570 5404 2123 3572 5405 2132 3609 5406 2130 3588 5407 2122 3610 5408 2129 3611 5409 2113 3612 5410 2140 3613 5411 2122 3610 5412 1074 3587 5413 1042 3614 5414 2103 3615 5415 2137 3602 5416 2132 3616 5417 2111 3617 5418 2134 3618 5419 2133 3619 5420 2104 3620 5421 2148 3621 5422 2152 3622 5423 2161 3623 5424 2135 3624 5425 2163 3625 5426 2109 3626 5427 2160 3582 5428 2156 3627 5429 2127 3628 5430 2133 3608 5431 2137 3602 5432 2113 3629 5433 2143 3630 5434 2140 3631 5435 2125 3632 5436 1093 3633 5437 1050 3634 5438 2152 3635 5439 2136 3636 5440 2109 3637 5441 2146 3581 5442 2114 3638 5443 2108 3639 5444 2135 3640 5445 2154 3583 5446 2125 3632 5447 2107 3641 5448 2155 3584 5449 2135 3642 5450 2126 3643 5451 1101 1885 5452 1053 3644 5453 2151 3645 5454 2115 3646 5455 2110 3596 5456 2136 3647 5457 2149 3573 5458 2126 3643 5459 2154 3583 5460 1107 1824 5461 1093 3633 5462 551 1047 6732 550 3949 6733 586 1048 6734 569 1068 6753 568 3956 6754 549 1069 6755 566 1083 6768 614 3961 6769 596 1084 6770 553 1092 6780 552 3965 6781 616 1093 6782 571 1095 6783 570 3966 6784 617 1096 6785 594 1098 6786 619 3967 6787 618 1099 6788 1056 1806 8328 1043 4231 8329 1070 1807 8330 1097 1809 8331 1101 1885 8332 1044 1810 8333 1085 4232 8334 1065 4233 8335 1090 1814 8336 1065 4233 8337 1066 1812 8338 1090 1814 8339 1113 1815 8340 1112 3578 8341 1050 1816 8342 1102 1818 8343 1108 1837 8344 1106 1819 8345 1103 1821 8346 1109 1826 8347 1110 1822 8348 1107 1824 8349 1053 4234 8350 1072 1825 8351 1074 1827 8352 1056 1806 8353 1069 1808 8354 1095 1829 8355 1104 1823 8356 1110 1822 8357 1075 1831 8358 1076 4235 8359 1062 1832 8360 1089 1834 8361 1088 4236 8362 1048 1835 8363 1108 1837 8364 1061 1886 8365 1055 1838 8366 1098 1840 8367 1063 4237 8368 1049 1841 8369 1084 1843 8370 1077 1828 8371 1069 1808 8372 1109 1826 8373 1072 1825 8374 1083 1845 8375 1114 1846 8376 1113 1815 8377 1071 1817 8378 1096 1848 8379 1097 1809 8380 1067 1811 8381 1080 1844 8382 1069 1808 8383 1070 1807 8384 1079 1851 8385 1068 1855 8386 1077 1828 8387 1075 4238 8388 1092 4239 8389 1076 1854 8390 1092 4239 8391 1087 1852 8392 1076 1854 8393 1068 1855 8394 1042 3614 8395 1074 1827 8396 1046 1856 8397 1079 1851 8398 1084 1843 8399 1057 1858 8400 1080 4240 8401 1081 1859 8402 1096 1861 8403 1078 4241 8404 1047 1862 8405 1111 1864 8406 1114 4242 8407 1082 1865 8408 1110 1822 8409 1083 1845 8410 1054 1867 8411 1073 1868 8412 1084 1843 8413 1080 1844 8414 1090 1870 8415 1064 4243 8416 1059 1871 8417 1071 1873 8418 1050 4244 8419 1093 1874 8420 1083 1875 8421 1096 4245 8422 1100 1876 8423 1060 1878 8424 1102 1818 8425 1094 1820 8426 1082 1880 8427 1071 1873 8428 1103 1821 8429 1051 1881 8430 1082 4246 8431 1104 1882 8432 1072 1884 8433 1053 3644 8434 1101 1885 8435 1061 1886 8436 1098 4247 8437 1099 1887 8438 1083 1888 8439 1072 1884 8440 1097 1809 8441 1103 1821 8442 1093 1874 8443 1107 1824 8444 1652 2884 9711 1616 4557 9712 1617 2885 9713 1615 2905 9732 1634 4564 9733 1635 2906 9734 1632 2920 9747 1633 4569 9748 1662 2921 9749 1682 2929 9759 1618 4573 9760 1619 2930 9761 1683 2932 9762 1636 4574 9763 1637 2933 9764 1684 2935 9765 1685 4575 9766 1660 2936 9767 2124 3570 11307 1043 4817 11308 1056 3571 11309 2149 3573 11310 2121 3607 11311 1044 1810 11312 2120 3576 11313 2119 4818 11314 2143 3574 11315 2119 4818 11316 2138 4819 11317 2143 3574 11318 2162 3577 11319 2125 3605 11320 1050 1816 11321 2157 3579 11322 2158 3597 11323 2153 3580 11324 2160 3582 11325 2159 3586 11326 2154 3583 11327 2126 3585 11328 1053 4234 11329 1107 1824 11330 2123 3572 11331 1056 3571 11332 1074 3587 11333 2147 3589 11334 2156 3627 11335 2160 3582 11336 2128 3590 11337 2112 4820 11338 2116 3591 11339 2105 3593 11340 2141 4821 11341 2142 3594 11342 2110 3596 11343 2115 3646 11344 2158 3597 11345 2106 3599 11346 2117 4822 11347 2150 3600 11348 2137 3602 11349 2133 3608 11350 2123 3572 11351 2136 3603 11352 2126 3585 11353 2159 3586 11354 2163 3604 11355 2135 4823 11356 2125 3605 11357 2148 3606 11358 2131 1849 11359 2121 3607 11360 2133 3608 11361 2134 4824 11362 2124 3570 11363 2132 3609 11364 2137 3602 11365 2130 3588 11366 2140 3613 11367 2145 4825 11368 2129 3611 11369 2145 4825 11370 2128 4826 11371 2129 3611 11372 2122 3610 11373 2130 3588 11374 1074 3587 11375 2103 3615 11376 2127 3628 11377 2137 3602 11378 2111 3617 11379 2102 4827 11380 2134 3618 11381 2104 3620 11382 2131 4828 11383 2148 3621 11384 2161 3623 11385 2107 4829 11386 2135 3624 11387 2109 3626 11388 2136 3603 11389 2160 3582 11390 2127 3628 11391 2111 4830 11392 2133 3608 11393 2113 3629 11394 2118 4831 11395 2143 3630 11396 2125 3632 11397 2154 3583 11398 1093 3633 11399 2152 3635 11400 2148 4832 11401 2136 3636 11402 2146 3581 11403 2153 3580 11404 2114 3638 11405 2135 3640 11406 2155 3584 11407 2154 3583 11408 2107 3641 11409 2147 3589 11410 2155 3584 11411 2126 3643 11412 2149 3573 11413 1101 1885 11414 2151 3645 11415 2150 4833 11416 2115 3646 11417 2136 3647 11418 2148 3606 11419 2149 3573 11420 2154 3583 11421 2159 3586 11422 1107 1824 11423</p>
        </triangles>
        <triangles material="Материал-material" count="1606">
          <input semantic="VERTEX" source="#Куб_007-mesh-vertices" offset="0"/>
          <input semantic="NORMAL" source="#Куб_007-mesh-normals" offset="1"/>
          <input semantic="TEXCOORD" source="#Куб_007-mesh-map-0" offset="2" set="0"/>
          <p>15 3 3 2 4 4 14 5 5 20 6 6 15 7 7 21 8 8 40 9 9 1 10 10 0 11 11 31 15 15 7 16 16 16 17 17 36 18 18 6 19 19 5 20 20 32 24 24 13 25 25 34 26 26 18 27 27 9 28 28 12 29 29 9 28 30 11 30 31 12 29 32 31 31 33 10 32 34 32 33 35 21 34 36 9 35 37 22 36 38 15 37 39 8 38 40 9 35 41 38 39 42 25 40 43 29 41 44 27 42 45 24 43 46 28 44 47 27 45 48 2 46 49 4 47 50 38 48 51 7 49 52 33 50 53 2 51 54 38 52 55 33 53 56 24 54 57 38 55 58 28 56 59 14 57 60 32 33 61 8 38 62 8 58 63 34 26 64 11 30 65 14 62 69 33 63 70 31 64 71 47 65 72 35 66 73 36 67 74 19 80 87 39 68 88 41 70 89 30 81 90 23 82 91 4 83 92 180 273 360 199 274 361 215 275 362 183 279 366 185 280 367 171 281 368 181 282 369 195 283 370 213 284 371 179 285 372 200 286 373 166 287 374 181 288 375 192 289 376 169 290 377 178 294 381 204 295 382 165 296 383 180 297 384 196 298 385 168 299 386 182 300 387 188 301 388 170 302 389 179 303 390 203 304 391 217 305 392 178 312 399 207 313 400 219 314 401 183 321 408 187 322 409 209 323 410 182 330 417 191 331 418 211 332 419 187 354 441 208 354 442 209 354 443 203 361 453 216 362 454 217 361 455 207 363 456 218 364 457 219 363 458 200 365 459 217 365 460 201 365 461 217 366 462 216 366 463 201 366 464 185 338 471 209 369 472 184 336 473 209 370 474 208 371 475 184 336 476 204 353 477 219 372 478 205 351 479 219 373 480 218 374 481 205 375 482 401 386 501 224 387 502 396 388 503 438 389 504 220 390 505 444 391 506 247 395 510 456 396 511 453 397 512 657 398 513 241 399 514 416 400 515 414 404 519 235 405 520 420 406 521 421 407 522 240 408 523 408 409 524 520 410 525 452 411 526 523 412 527 281 413 528 221 414 529 278 415 530 465 416 531 397 417 532 476 418 533 661 419 534 245 420 535 232 421 536 471 422 537 638 423 538 639 424 539 477 425 540 243 426 541 458 427 542 678 428 543 251 429 544 249 430 545 675 431 546 409 432 547 685 433 548 683 437 552 339 438 553 677 439 554 330 443 558 367 444 559 337 445 560 337 449 564 366 450 565 335 451 566 342 452 567 254 453 568 331 454 569 366 455 570 332 456 571 335 457 572 653 464 579 263 465 580 650 466 581 221 470 585 269 471 586 268 472 587 331 473 588 270 474 589 341 475 590 670 476 591 273 477 592 271 478 593 667 479 594 410 480 595 671 481 596 431 485 600 421 486 601 435 487 602 449 488 603 275 489 604 438 490 605 515 491 606 280 492 607 414 493 608 665 503 618 673 504 619 666 505 620 316 534 651 311 535 652 326 536 653 666 537 654 669 538 655 644 539 656 328 549 666 301 550 667 316 551 668 684 564 681 309 565 682 324 566 683 679 567 684 324 566 685 354 568 686 315 572 690 352 573 691 345 574 692 322 578 696 350 579 697 352 580 698 358 581 699 316 582 700 346 583 701 357 587 705 313 588 706 343 589 707 346 596 714 326 597 715 356 598 716 425 599 717 357 587 718 426 600 719 514 601 720 358 581 721 512 602 722 301 603 723 341 475 724 311 535 725 262 604 726 640 605 727 339 606 728 312 613 735 331 614 736 301 550 737 680 627 750 339 628 751 309 565 752 249 631 762 646 632 763 642 633 764 406 672 810 310 673 811 404 674 812 471 675 813 662 676 814 638 677 815 399 678 816 413 679 817 423 680 818 398 681 819 442 682 820 448 683 821 374 684 822 413 685 823 375 686 824 371 690 828 484 691 829 497 692 830 367 693 831 377 694 832 366 695 833 372 696 834 472 697 835 457 698 836 373 711 849 384 712 850 385 713 851 377 717 855 380 718 856 376 719 857 239 720 858 463 721 859 472 722 860 374 735 873 470 736 874 468 737 875 372 738 876 383 739 877 239 740 878 487 741 879 385 742 880 499 743 881 374 744 882 379 745 883 378 746 884 152 747 885 395 748 886 392 749 887 167 750 888 394 751 889 388 752 890 167 753 891 152 754 892 163 755 893 157 756 894 391 757 895 389 758 896 158 759 897 387 760 898 386 761 899 151 762 900 167 753 901 163 755 902 157 763 903 389 764 904 390 765 905 151 766 906 393 767 907 391 768 908 265 779 921 397 780 922 263 781 923 423 680 924 364 782 925 401 783 926 685 801 945 251 802 946 682 803 947 236 804 948 477 805 949 452 806 950 414 807 951 242 808 952 281 809 953 416 810 954 429 811 955 245 812 956 304 816 960 433 817 961 434 818 962 319 819 963 426 820 964 349 813 965 304 821 966 425 822 967 319 819 968 233 825 972 449 826 973 437 827 974 416 831 978 431 832 979 435 833 980 245 834 981 424 835 982 232 836 983 334 837 984 432 838 985 433 839 986 437 827 987 522 840 988 516 841 989 448 683 990 518 842 991 521 843 992 449 488 1008 517 855 1009 522 856 1010 228 860 1014 479 861 1015 474 862 1016 517 863 1017 444 391 1018 519 864 1019 481 868 1023 478 869 1024 507 870 1025 372 874 1029 469 875 1030 382 876 1031 468 737 1032 500 877 1033 498 878 1034 472 722 1041 493 885 1042 502 886 1043 457 698 1053 502 896 1054 487 897 1055 370 898 1056 454 899 1057 364 900 1058 471 904 1062 501 905 1063 637 906 1064 652 907 1065 715 908 1066 716 909 1067 672 484 1068 496 910 1069 673 911 1070 450 912 1071 490 913 1072 480 914 1073 662 915 1074 224 916 1075 638 917 1076 687 918 1077 494 919 1078 688 920 1079 506 921 1080 458 922 1081 488 923 1082 501 924 1083 636 925 1084 484 926 1085 495 927 1086 476 928 1087 509 929 1088 453 397 1089 486 890 1090 483 930 1091 503 931 1092 450 932 1093 480 933 1094 649 937 1098 451 938 1099 481 939 1100 660 940 1101 481 941 1102 257 942 1103 503 946 1107 254 947 1108 282 948 1109 483 930 1110 369 949 1111 260 950 1112 508 951 1113 259 952 1114 446 953 1115 266 954 1116 509 955 1117 402 956 1118 501 957 1119 367 958 1120 253 959 1121 506 960 1122 261 961 1123 418 962 1124 688 963 1125 262 964 1126 683 965 1127 250 966 1128 664 967 1129 409 968 1130 480 969 1131 270 970 1132 254 971 1133 673 972 1134 274 973 1135 669 974 1136 311 975 1137 705 976 1138 326 977 1139 403 978 1140 637 979 1141 253 980 1142 487 897 1146 258 984 1147 373 985 1148 502 886 1152 384 989 1153 258 990 1154 498 878 1158 381 994 1159 377 995 1160 482 996 1161 418 997 1162 259 998 1163 257 999 1164 507 1000 1165 432 1001 1166 504 1002 1167 446 1003 1168 256 1004 1169 457 1008 1173 499 743 1174 469 875 1175 497 1014 1185 454 1015 1186 467 1016 1187 343 589 1191 514 601 1192 512 602 1193 408 1017 1197 510 1018 1198 515 1019 1199 277 1020 1200 519 864 1201 240 1021 1202 522 856 1203 277 1022 1204 431 1023 1205 521 843 1206 365 1024 1207 399 1025 1208 516 841 1209 431 1026 1210 241 1027 1211 445 1028 1212 523 1029 1213 479 1030 1214 299 1334 1521 623 1335 1522 626 1336 1523 344 1337 1524 630 1338 1525 625 1339 1526 314 1340 1527 626 1341 1528 630 1342 1529 224 1361 1548 454 1362 1549 636 1363 1550 253 1364 1551 637 1364 1552 501 1364 1553 638 423 1554 636 1365 1555 639 424 1556 324 1372 1563 647 1373 1564 643 1374 1565 354 1375 1566 643 1374 1567 641 1376 1568 339 1377 1569 647 1378 1570 309 1379 1571 464 1381 1575 666 1382 1576 494 1383 1577 494 1384 1578 644 1385 1579 262 1386 1580 272 1390 1584 657 1391 1585 410 1392 1586 271 1393 1587 658 1394 1588 661 1395 1589 269 1396 1590 652 1397 1591 268 1398 1592 655 1399 1593 651 1400 1594 652 1401 1595 654 1402 1596 650 466 1597 651 1400 1598 496 1403 1599 656 1404 1600 649 1405 1601 274 1406 1602 649 1407 1603 660 1408 1604 648 1411 1608 671 1412 1609 664 1413 1610 642 1414 1611 668 1415 1612 670 1416 1613 621 1417 1614 689 1418 1615 675 1419 1616 629 1420 1617 688 1421 1618 683 1422 1619 634 1423 1620 687 1424 1621 688 1425 1622 635 1426 1623 686 1427 1624 689 1428 1625 631 1429 1626 682 803 1627 628 1430 1628 626 1336 1632 677 1434 1633 680 627 1634 625 1435 1635 684 564 1636 679 567 1637 630 1342 1638 680 627 1639 684 564 1640 623 1437 1644 683 1438 1645 677 1439 1646 632 1441 1650 681 1442 1651 686 1427 1652 621 1443 1653 685 1444 1654 631 1445 1655 624 1446 1656 682 1447 1657 678 1448 1658 490 1449 1659 710 1450 1660 712 1451 1661 490 1458 1668 699 1459 1669 270 1460 1670 263 1467 1677 711 1468 1678 694 1469 1679 326 1470 1680 709 1471 1681 356 1472 1682 340 1473 1683 702 1474 1684 706 1475 1685 341 1476 1686 703 1477 1687 311 1478 1688 270 1482 1692 707 1483 1693 341 1484 1694 266 1485 1695 713 1486 1696 495 1487 1697 650 1494 1704 694 1495 1705 714 1496 1706 465 1497 1707 713 1498 1708 711 1499 1709 652 1500 1710 698 1501 1711 268 1502 1712 651 1506 1716 714 1507 1717 715 1508 1718 696 1518 1728 736 1519 1729 713 1520 1730 694 1523 1734 734 1524 1735 717 1525 1736 716 1526 1737 721 1527 1738 698 1515 1739 710 1517 1743 735 1530 1744 712 1531 1745 703 1532 1746 728 1533 1747 705 1534 1748 712 1531 1749 722 1535 1750 699 1536 1751 711 1537 1752 736 1519 1753 734 1524 1754 714 1542 1761 717 1525 1762 737 1543 1763 707 1544 1764 726 1545 1765 703 1532 1766 706 1546 1767 725 1541 1768 729 1547 1769 715 1548 1770 737 1543 1771 738 1549 1772 699 1536 1776 730 1551 1777 707 1544 1778 715 1548 1779 739 1552 1780 716 1526 1781 705 1534 1782 732 1553 1783 709 1509 1784 728 1554 1785 755 1554 1786 732 1554 1787 719 1554 1797 759 1554 1798 736 1554 1799 734 1554 1803 740 1554 1804 717 1554 1805 739 1554 1806 744 1554 1807 721 1554 1808 733 1554 1812 758 1554 1813 735 1554 1814 726 1554 1815 751 1554 1816 728 1554 1817 735 1554 1818 745 1554 1819 722 1554 1820 736 1554 1821 757 1554 1822 734 1554 1823 717 1554 1830 760 1554 1831 737 1554 1832 730 1554 1833 749 1554 1834 726 1554 1835 725 1554 1836 752 1554 1837 729 1554 1838 737 1554 1839 761 1554 1840 738 1554 1841 722 1554 1845 753 1554 1846 730 1554 1847 738 1554 1848 762 1554 1849 739 1554 1850 745 1555 1851 776 1556 1852 753 1557 1853 761 1558 1854 785 1559 1855 762 1560 1856 751 1561 1857 778 1562 1858 755 1563 1859 742 1572 1869 782 1573 1870 759 1574 1871 757 1577 1875 763 1578 1876 740 1577 1877 762 1579 1878 767 1580 1879 744 1579 1880 756 1584 1884 781 1585 1885 758 1586 1886 749 1587 1887 774 1588 1888 751 1589 1889 758 1590 1890 768 1591 1891 745 1592 1892 759 1593 1893 780 1594 1894 757 1595 1895 740 1602 1902 783 1603 1903 760 1604 1904 753 1605 1905 772 1606 1906 749 1607 1907 748 1608 1908 775 1609 1909 752 1610 1910 760 1611 1911 784 1612 1912 761 1613 1913 780 1554 1917 822 1554 1918 763 1554 1919 799 1554 1920 840 1554 1921 800 1554 1922 647 1554 1923 799 1554 1924 643 1554 1925 644 1554 1926 801 1554 1927 640 1554 1928 781 1554 1929 809 1554 1930 768 1554 1931 660 1554 1932 789 1554 1933 274 1554 1934 779 1554 1935 808 1554 1936 781 1554 1937 319 1617 1938 786 1554 1939 304 1617 1940 782 1554 1947 823 1554 1948 780 1554 1949 771 1554 1953 812 1554 1954 775 1554 1955 763 1554 1956 824 1554 1957 783 1554 1958 669 1554 1959 802 1554 1960 644 1554 1961 768 1554 1962 813 1554 1963 776 1554 1964 783 1554 1965 825 1554 1966 784 1554 1967 274 1554 1968 793 1554 1969 669 1554 1970 349 1617 1971 787 1618 1972 319 1617 1973 784 1554 1977 817 1554 1978 785 1554 1979 765 1554 1980 815 1554 1981 782 1554 1982 785 1554 1983 818 1554 1984 767 1554 1985 772 1554 1986 820 1554 1987 774 1554 1988 334 1554 1989 790 1554 1990 257 1554 1991 776 1554 1998 819 1554 1999 772 1554 2000 304 1617 2001 791 1554 2002 334 1554 2003 643 1554 2004 800 1554 2005 641 1554 2006 774 1554 2013 814 1554 2014 778 1554 2015 640 1554 2022 798 1554 2023 647 1554 2024 257 1554 2028 788 1554 2029 660 1554 2030 825 1554 2040 857 1554 2041 817 1554 2042 816 1554 2043 855 1554 2044 815 1554 2045 801 1554 2046 838 1554 2047 798 1554 2048 817 1554 2052 858 1554 2053 818 1554 2054 819 1554 2058 860 1554 2059 820 1554 2060 790 1554 2061 828 1554 2062 788 1554 2063 787 1618 2064 826 1554 2065 786 1554 2066 802 1554 2070 841 1554 2071 801 1554 2072 788 1554 2073 829 1554 2074 789 1554 2075 813 1554 2076 859 1554 2077 819 1554 2078 793 1554 2079 842 1554 2080 802 1554 2081 791 1554 2082 830 1554 2083 790 1554 2084 792 1554 2091 827 1554 2092 787 1618 2093 820 1554 2094 854 1554 2095 814 1554 2096 789 1554 2100 833 1554 2101 793 1554 2102 823 1554 2112 862 1554 2113 822 1554 2114 808 1554 2115 849 1554 2116 809 1554 2117 821 1554 2121 848 1554 2122 808 1554 2123 815 1554 2130 863 1554 2131 823 1554 2132 810 1554 2133 852 1554 2134 812 1554 2135 786 1554 2136 831 1554 2137 791 1554 2138 822 1554 2139 864 1554 2140 824 1554 2141 809 1554 2142 853 1554 2143 813 1554 2144 798 1554 2145 839 1554 2146 799 1554 2147 824 1554 2148 865 1554 2149 825 1554 2150 899 1554 2154 940 1554 2155 900 1554 2156 857 1554 2157 898 1554 2158 858 1554 2159 859 1554 2163 900 1554 2164 860 1554 2165 830 1554 2166 868 1554 2167 828 1554 2168 827 1554 2169 866 1554 2170 826 1554 2171 842 1554 2175 881 1554 2176 841 1554 2177 828 1554 2178 869 1554 2179 829 1554 2180 853 1554 2181 899 1554 2182 859 1554 2183 833 1554 2184 882 1554 2185 842 1554 2186 831 1554 2187 870 1554 2188 830 1554 2189 832 1619 2196 867 1618 2197 827 1554 2198 860 1554 2199 894 1554 2200 854 1554 2201 829 1554 2205 873 1554 2206 833 1554 2207 863 1554 2217 902 1554 2218 862 1554 2219 848 1554 2220 889 1554 2221 849 1554 2222 861 1554 2226 888 1554 2227 848 1554 2228 855 1554 2235 903 1554 2236 863 1554 2237 850 1554 2238 892 1554 2239 852 1554 2240 826 1554 2241 871 1554 2242 831 1554 2243 862 1554 2244 904 1554 2245 864 1554 2246 849 1554 2247 893 1554 2248 853 1554 2249 838 1554 2250 879 1554 2251 839 1554 2252 864 1554 2253 905 1554 2254 865 1554 2255 839 1554 2259 880 1554 2260 840 1554 2261 865 1554 2262 897 1554 2263 857 1554 2264 856 1554 2265 895 1554 2266 855 1554 2267 841 1554 2268 878 1554 2269 838 1554 2270 870 1554 2274 908 1554 2275 868 1554 2276 867 1618 2277 906 1617 2278 866 1554 2279 882 1554 2283 921 1554 2284 881 1554 2285 868 1554 2286 909 1554 2287 869 1554 2288 893 1554 2289 939 1554 2290 899 1554 2291 873 1554 2292 922 1554 2293 882 1554 2294 871 1554 2295 910 1554 2296 870 1554 2297 872 1618 2304 907 1617 2305 867 1618 2306 900 1554 2307 934 1554 2308 894 1554 2309 869 1554 2313 913 1554 2314 873 1554 2315 903 1554 2325 942 1554 2326 902 1554 2327 888 1554 2328 929 1554 2329 889 1554 2330 901 1554 2334 928 1554 2335 888 1554 2336 895 1554 2343 943 1554 2344 903 1554 2345 890 1554 2346 932 1554 2347 892 1554 2348 866 1554 2349 911 1554 2350 871 1554 2351 902 1554 2352 944 1554 2353 904 1554 2354 889 1554 2355 933 1554 2356 893 1554 2357 878 1554 2358 919 1554 2359 879 1554 2360 904 1554 2361 945 1554 2362 905 1554 2363 879 1554 2367 920 1554 2368 880 1554 2369 905 1554 2370 937 1554 2371 897 1554 2372 896 1554 2373 935 1554 2374 895 1554 2375 881 1554 2376 918 1554 2377 878 1554 2378 897 1554 2382 938 1554 2383 898 1554 2384 908 1629 2394 950 1630 2395 948 1631 2396 922 1634 2400 961 1635 2401 921 1636 2402 907 1639 2406 946 1640 2407 906 1641 2408 913 1642 2409 962 1643 2410 922 1644 2411 906 1645 2412 951 1646 2413 911 1647 2414 908 1648 2415 949 1649 2416 909 1650 2417 919 1651 2418 958 1652 2419 959 1653 2420 911 1654 2421 950 1655 2422 910 1656 2423 920 1657 2424 959 1653 2425 960 1624 2426 912 1633 2427 947 1658 2428 907 1639 2429 918 1659 2430 961 1660 2431 958 1661 2432 909 1662 2433 953 1663 2434 913 1664 2435 948 1665 2436 967 1666 2437 965 1667 2438 961 1671 2442 979 1672 2443 978 1673 2444 946 1677 2448 964 1678 2449 963 1679 2450 962 1680 2451 970 1681 2452 979 1682 2453 951 1683 2454 963 1684 2455 968 1685 2456 949 1686 2457 965 1687 2458 966 1688 2459 958 1689 2460 976 1690 2461 959 1691 2462 950 1692 2463 968 1693 2464 967 1694 2465 959 1691 2466 977 1695 2467 960 1696 2468 947 1697 2469 969 1670 2470 964 1678 2471 958 1698 2472 978 1699 2473 975 1700 2474 953 1701 2475 966 1702 2476 970 1703 2477 974 1707 2484 973 1708 2485 969 1709 2486 1130 1892 2733 1117 1893 2734 1119 1894 2735 1130 1895 2736 1135 1896 2737 1136 1897 2738 1115 1898 2739 1116 1899 2740 1155 1900 2741 1146 1904 2745 1122 1905 2746 1148 1906 2747 1151 1907 2748 1121 1908 2749 1150 1909 2750 1128 1913 2754 1147 1914 2755 1149 1915 2756 1133 1916 2757 1124 1917 2758 1137 1918 2759 1126 1919 2760 1124 1917 2761 1127 1920 2762 1125 1921 2763 1146 1922 2764 1147 1923 2765 1124 1924 2766 1136 1925 2767 1137 1926 2768 1123 1927 2769 1130 1928 2770 1124 1924 2771 1153 1929 2772 1140 1930 2773 1152 1931 2774 1142 1932 2775 1139 1933 2776 1138 1934 2777 1117 1935 2778 1142 1936 2779 1119 1937 2780 1122 1938 2781 1153 1939 2782 1148 1940 2783 1117 1941 2784 1153 1942 2785 1143 1943 2786 1153 1944 2787 1139 1945 2788 1143 1946 2789 1147 1923 2790 1129 1947 2791 1123 1927 2792 1149 1915 2793 1123 1948 2794 1126 1919 2795 1129 1952 2799 1148 1953 2800 1117 1954 2801 1151 1955 2802 1150 1956 2803 1162 1957 2804 1134 1970 2817 1156 1959 2818 1154 1958 2819 1145 1971 2820 1119 1972 2821 1138 1973 2822 1281 2153 3090 199 274 3091 174 2154 3092 1286 2156 3096 1284 2157 3097 1278 2158 3098 1282 2159 3099 195 283 3100 175 2160 3101 1293 2161 3102 1280 2162 3103 1273 2163 3104 1289 2164 3105 1282 2165 3106 1276 2166 3107 1295 2168 3111 1279 2169 3112 1272 2170 3113 1291 2171 3114 1281 2172 3115 1275 2173 3116 1287 2174 3117 1283 2175 3118 1277 2176 3119 1280 2177 3120 203 304 3121 173 2178 3122 1279 2185 3129 207 313 3130 172 2186 3131 1284 2193 3138 187 322 3139 177 2194 3140 1283 2199 3147 191 331 3148 176 2200 3149 1297 2210 3171 187 2211 3172 1298 2211 3173 1305 2215 3183 203 2215 3184 1306 2215 3185 1307 2216 3186 207 2216 3187 1308 2216 3188 1293 2217 3189 1294 2217 3190 1306 2217 3191 1306 2218 3192 1294 2218 3193 1305 2218 3194 1286 2221 3201 1285 2202 3202 1298 2222 3203 1298 2223 3204 1285 2224 3205 1297 2225 3206 1295 2226 3207 1296 2197 3208 1308 2227 3209 1308 2228 3210 1296 2197 3211 1307 2196 3212 1312 2240 3234 1470 2241 3235 1466 2242 3236 1506 2243 3237 220 390 3238 275 2244 3239 1524 2248 3243 1330 2249 3244 1521 2250 3245 1722 2251 3246 1324 2252 3247 1724 2253 3248 1483 2257 3252 1318 2258 3253 1360 2259 3254 1490 2260 3255 1323 2261 3256 1357 2262 3257 1520 2263 3258 1586 2264 3259 1589 2265 3260 1309 2266 3261 1361 2267 3262 1358 2268 3263 1533 2269 3264 1467 2270 3265 1344 2271 3266 1726 2272 3267 1328 2273 3268 1723 2274 3269 1539 2275 3270 1704 2276 3271 1703 2277 3272 1544 2278 3273 1326 2279 3274 1476 2280 3275 1743 2281 3276 1334 2282 3277 1746 2283 3278 1478 2284 3279 1740 2285 3280 1749 2286 3281 1411 2290 3285 1747 2291 3286 1742 2292 3287 1404 2296 3291 1437 2297 3292 1336 2298 3293 1409 2302 3297 1436 2303 3298 1437 2304 3299 1414 2305 3300 1337 2306 3301 1362 2307 3302 332 2308 3303 1436 2309 3304 1407 2310 3305 1344 2317 3312 1718 2318 3313 1715 2319 3314 1309 2323 3318 1350 2324 3319 1325 2325 3320 1405 2326 3321 1351 2327 3322 1337 2328 3323 1735 2329 3324 1354 2330 3325 1733 2331 3326 1479 2332 3327 1732 2333 3328 1736 2334 3329 1490 2338 3333 1499 2339 3334 1503 2340 3335 1517 2341 3336 275 489 3337 427 2342 3338 1581 2343 3339 1360 2344 3340 1576 2345 3341 1738 2355 3351 1730 2356 3352 1731 2357 3353 1392 2385 3384 1387 2386 3385 1379 2387 3386 1734 2388 3387 1731 2389 3388 1709 2390 3389 1402 2400 3399 1379 2401 3400 1388 2402 3401 1748 2415 3414 1385 2416 3415 1745 2417 3416 1744 2418 3417 1398 2419 3418 1748 2415 3419 1422 2423 3423 1391 2424 3424 1417 2425 3425 1420 2429 3429 1396 2430 3430 1422 2431 3431 1428 2432 3432 1392 2433 3433 1402 2434 3434 1427 2438 3438 1389 2439 3439 1401 2440 3440 1418 2447 3447 1400 2448 3448 1392 2449 3449 1427 2438 3450 1494 2450 3451 1495 2451 3452 1428 2432 3453 1580 2452 3454 1578 2453 3455 1379 2387 3456 1413 2454 3457 1405 2326 3458 1705 2455 3459 1343 2456 3460 1411 2457 3461 1388 2402 3468 1405 2463 3469 1414 2464 3470 1745 2417 3483 1411 2477 3484 1742 2478 3485 1332 2480 3495 1711 2481 3496 1334 2482 3497 1473 2522 3543 1386 2523 3544 1475 2524 3545 1539 2525 3546 1703 2526 3547 1727 2527 3548 1482 2528 3549 1468 2529 3550 1492 2530 3551 1510 2531 3552 398 2532 3553 1516 2533 3554 1434 2534 3555 1440 2535 3556 1444 2536 3557 1551 2540 3561 1441 2541 3562 1564 2542 3563 1436 2543 3564 1447 2544 3565 1437 2545 3566 1540 2546 3567 1442 2547 3568 1525 2548 3569 1443 2561 3582 1454 2562 3583 1339 2563 3584 1450 2567 3588 1447 2568 3589 1446 2569 3590 1531 2570 3591 1322 2571 3592 1540 2572 3593 1538 2585 3606 1444 2586 3607 1536 2587 3608 1453 2588 3609 1442 2589 3610 1322 2590 3611 1554 2591 3612 1455 2592 3613 1443 2593 3614 1444 2594 3615 1449 2595 3616 1445 2596 3617 1462 2597 3618 1266 2598 3619 1271 2599 3620 1458 2600 3621 1274 2601 3622 1270 2602 3623 1266 2603 3624 1274 2604 3625 1271 1732 3626 1461 2605 3627 1269 2606 3628 1459 2607 3629 1456 2608 3630 1270 2609 3631 1266 2610 3632 1265 762 3633 1274 2604 3634 1269 2611 3635 1460 2612 3636 1459 2613 3637 1269 2614 3638 1463 2615 3639 1265 2616 3640 1461 2617 3641 1467 2628 3654 1346 2629 3655 1344 2630 3656 1434 2631 3657 1492 2530 3658 1470 2632 3659 1334 2650 3678 1749 2651 3679 1746 2652 3680 1544 2653 3681 1319 2654 3682 1520 2655 3683 1325 2656 3684 1483 2657 3685 1361 2658 3686 1497 2659 3687 1485 2660 3688 1328 2661 3689 1380 2665 3693 1501 2666 3694 1406 2667 3695 1495 2668 3696 1393 2669 3697 1419 2663 3698 1494 2670 3699 1380 2671 3700 1393 2669 3701 1517 2674 3705 233 825 3706 1505 2675 3707 1485 2679 3711 1499 2680 3712 1324 2681 3713 1493 2682 3714 1328 2683 3715 1316 2684 3716 1406 2685 3717 1500 2686 3718 1338 2687 3719 1588 2688 3720 1505 2675 3721 1582 2689 3722 1584 2690 3723 1516 2533 3724 1587 2691 3725 1583 2696 3741 1517 2341 3742 1588 2697 3743 1546 2699 3747 228 860 3748 474 862 3749 1583 2700 3750 1512 2701 3751 1506 2243 3752 1548 2705 3756 1545 2706 3757 1519 2707 3758 1442 2711 3762 1537 2712 3763 1525 2713 3764 1567 2714 3765 1536 2587 3766 1565 2715 3767 1560 2722 3774 1540 2572 3775 1569 2723 3776 1569 2732 3786 1525 2548 3787 1554 2733 3788 1440 2734 3789 1522 2735 3790 1535 2736 3791 1702 2740 3795 1539 2741 3796 1542 2742 3797 1717 2743 3798 1775 2744 3799 1716 2745 3800 1563 2746 3801 1737 2337 3802 1738 2747 3803 1557 2748 3804 1518 2749 3805 1547 2750 3806 1312 2751 3807 1727 2752 3808 1703 2753 3809 1561 2754 3810 1751 2755 3811 1752 2756 3812 1572 2757 3813 1526 2758 3814 1544 2759 3815 1704 2760 3816 1539 2761 3817 1568 2762 3818 1562 2763 3819 1543 2764 3820 1533 2765 3821 1553 2727 3822 1521 2250 3823 1550 2766 3824 1570 2767 3825 1518 2768 3826 1541 2769 3827 1714 2773 3831 1519 2774 3832 1721 2775 3833 1725 2776 3834 1548 2777 3835 1714 2778 3836 1337 2782 3840 1570 2783 3841 1362 2784 3842 1439 2785 3843 1550 2766 3844 1341 2786 3845 1340 2787 3846 1574 2788 3847 1514 2789 3848 1347 2790 3849 1575 2791 3850 1562 2792 3851 1437 2793 3852 1568 2794 3853 1336 2795 3854 1342 2796 3855 1572 2797 3856 1487 2798 3857 1343 2799 3858 1752 2800 3859 1747 2801 3860 1729 2802 3861 1333 2803 3862 1478 2804 3863 1351 2805 3864 1547 2806 3865 1337 2807 3866 1355 2808 3867 1738 2809 3868 1734 2810 3869 1765 2811 3870 1387 2812 3871 1400 2813 3872 1472 2814 3873 1702 2815 3874 1571 2816 3875 1339 2820 3879 1554 2733 3880 1443 2821 3881 1454 2825 3885 1569 2723 3886 1339 2826 3887 1451 2830 3891 1565 2715 3892 1447 2831 3893 1487 2832 3894 1549 2833 3895 1340 2834 3896 1338 2835 3897 1573 2836 3898 1548 2837 3899 1514 2838 3900 504 2839 3901 256 2840 3902 1525 2713 3906 1566 2844 3907 1554 2591 3908 1522 2850 3918 1564 2851 3919 1535 2852 3920 1415 2853 3924 1580 2452 3925 1389 2439 3926 1477 2854 3930 1576 2855 3931 1323 2856 3932 1357 2857 3933 1585 2858 3934 1583 2700 3935 1357 2859 3936 1588 2697 3937 1499 2860 3938 1435 2861 3939 1587 2691 3940 1468 2862 3941 1499 2863 3942 1582 2689 3943 1324 2864 3944 1589 2865 3945 1513 2866 3946 1546 2867 3947 1377 3171 4254 1689 3172 4255 1403 3173 4256 1416 3174 4257 1695 3175 4258 1390 3176 4259 1390 3177 4260 1692 3178 4261 1377 3179 4262 1522 3197 4281 1312 3198 4282 1701 3199 4283 1336 3200 4284 1568 3200 4285 1702 3200 4286 1701 3201 4287 1703 2277 4288 1704 2276 4289 1398 3208 4296 1712 3209 4297 1385 3210 4298 1424 3211 4299 1708 3212 4300 1398 3208 4301 1712 3213 4302 1411 3214 4303 1385 3215 4304 1731 3217 4308 1532 3218 4309 1561 3219 4310 1709 3220 4311 1561 3221 4312 1343 3222 4313 1722 3226 4317 1353 3227 4318 1479 3228 4319 1352 3229 4320 1723 3230 4321 1354 3231 4322 1717 3232 4323 1350 3233 4324 1349 3234 4325 1716 3235 4326 1720 3236 4327 1717 3237 4328 1715 2319 4329 1719 3238 4330 1716 3235 4331 1563 3239 4332 1721 3240 4333 1534 3241 4334 1355 3242 4335 1714 3243 4336 1563 3244 4337 1736 3247 4341 1713 3248 4342 1729 3249 4343 1707 3250 4344 1733 3251 4345 1711 3252 4346 1687 3253 4347 1753 3254 4348 1700 3255 4349 1694 3256 4350 1752 3257 4351 1699 3258 4352 1699 3259 4353 1751 3260 4354 1698 3261 4355 1700 3262 4356 1750 3263 4357 1697 3264 4358 1746 2652 4359 1696 3265 4360 1693 3266 4361 1692 3270 4365 1742 2478 4366 1689 3172 4367 1691 3271 4368 1748 2415 4369 1695 3272 4370 1695 3272 4371 1745 2417 4372 1692 3270 4373 1689 3274 4377 1747 3275 4378 1694 3276 4379 1697 3264 4383 681 3279 4384 627 3280 4385 1749 3281 4386 1687 3282 4387 1696 3283 4388 1690 3284 4389 1746 3285 4390 1693 3286 4391 1557 3287 4392 1770 3288 4393 1528 3289 4394 1759 3296 4401 1557 3297 4402 1351 3298 4403 1344 3305 4410 1771 3306 4411 1533 3307 4412 1769 3308 4413 1400 3309 4414 1426 3310 4415 1412 3311 4416 1762 3312 4417 1386 3313 4418 1763 3314 4419 1413 3315 4420 1387 3316 4421 1767 3320 4425 1351 3321 4426 1413 3322 4427 1773 3323 4428 1347 3324 4429 1562 3325 4430 1715 3332 4437 1754 3333 4438 1344 3334 4439 1533 3335 4440 1773 3336 4441 1562 3337 4442 1758 3338 4443 1717 3339 4444 1349 3340 4445 1716 3344 4449 1774 3345 4450 1715 3346 4451 1796 3356 4461 1756 3357 4462 1773 3358 4463 1754 3361 4467 1794 3362 4468 1771 3363 4469 1781 3364 4470 1776 3365 4471 1758 3354 4472 1795 3368 4476 1770 3355 4477 1772 3369 4478 1788 3370 4479 1763 3371 4480 1765 3372 4481 1782 3373 4482 1772 3369 4483 1759 3374 4484 1771 3363 4485 1796 3356 4486 1773 3358 4487 1774 3379 4494 1777 3380 4495 1754 3361 4496 1786 3381 4497 1767 3382 4498 1763 3371 4499 1766 3383 4500 1785 3384 4501 1762 3377 4502 1775 3385 4503 1797 3386 4504 1774 3379 4505 1790 3388 4509 1759 3374 4510 1767 3382 4511 1799 3389 4512 1775 3385 4513 1776 3365 4514 1792 3390 4515 1765 3372 4516 1769 3348 4517 1815 1554 4518 1788 1554 4519 1792 1554 4520 1819 1554 4530 1779 1554 4531 1796 1554 4532 1800 1554 4536 1794 1554 4537 1777 1554 4538 1804 1554 4539 1799 1554 4540 1781 1554 4541 1818 1554 4545 1793 1554 4546 1795 1554 4547 1811 1554 4548 1786 1554 4549 1788 1554 4550 1805 1554 4551 1795 1554 4552 1782 1554 4553 1817 1554 4554 1796 1554 4555 1794 1554 4556 1820 1554 4563 1777 1554 4564 1797 1554 4565 1809 1554 4566 1790 1554 4567 1786 1554 4568 1812 1554 4569 1785 1554 4570 1789 1554 4571 1821 1554 4572 1797 1554 4573 1798 1554 4574 1813 1554 4578 1782 1554 4579 1790 1554 4580 1822 1554 4581 1798 1554 4582 1799 1554 4583 1836 3391 4584 1805 3392 4585 1813 3393 4586 1845 3394 4587 1821 3395 4588 1822 3396 4589 1838 3397 4590 1811 3398 4591 1815 3399 4592 1842 3406 4602 1802 3407 4603 1819 3408 4604 1823 3411 4608 1817 3412 4609 1800 3412 4610 1827 3413 4611 1822 3414 4612 1804 3414 4613 1841 3416 4617 1816 3417 4618 1818 3418 4619 1834 3419 4620 1809 3420 4621 1811 3421 4622 1828 3422 4623 1818 3423 4624 1805 3424 4625 1840 3425 4626 1819 3426 4627 1817 3427 4628 1843 3430 4635 1800 3431 4636 1820 3432 4637 1832 3433 4638 1813 3434 4639 1809 3435 4640 1835 3436 4641 1808 3437 4642 1812 3438 4643 1844 3439 4644 1820 3440 4645 1821 3441 4646 1882 1554 4650 1840 1554 4651 1823 1554 4652 1900 1554 4653 1859 1554 4654 1860 1554 4655 1859 1554 4656 1712 1554 4657 1708 1554 4658 1861 1554 4659 1709 1554 4660 1705 1554 4661 1869 1554 4662 1841 1554 4663 1828 1554 4664 1849 1554 4665 1725 1554 4666 1355 1554 4667 1868 1554 4668 1839 1554 4669 1841 1554 4670 1846 1617 4671 1393 1617 4672 1380 1617 4673 1883 1554 4680 1842 1554 4681 1840 1554 4682 1872 1554 4686 1831 1554 4687 1835 1554 4688 1884 1554 4689 1823 1554 4690 1843 1554 4691 1862 1554 4692 1734 1554 4693 1709 1554 4694 1873 1554 4695 1828 1554 4696 1836 1554 4697 1885 1554 4698 1843 1554 4699 1844 1554 4700 1853 1554 4701 1355 1554 4702 1734 1554 4703 1847 1617 4704 1419 1617 4705 1393 1617 4706 1877 1554 4710 1844 1554 4711 1845 1554 4712 1875 1554 4713 1825 1554 4714 1842 1554 4715 1878 1554 4716 1845 1554 4717 1827 1554 4718 1880 1554 4719 1832 1554 4720 1834 1554 4721 1850 1554 4722 1406 1554 4723 1338 1554 4724 1879 1554 4731 1836 1554 4732 1832 1554 4733 1851 1554 4734 1380 1617 4735 1406 1554 4736 1860 1554 4737 1708 1554 4738 1706 1554 4739 1874 1554 4746 1834 1554 4747 1838 1554 4748 1858 1554 4755 1705 1554 4756 1712 1554 4757 1848 1554 4761 1338 1554 4762 1725 1554 4763 1917 1554 4773 1885 1554 4774 1877 1554 4775 1915 1554 4776 1876 1554 4777 1875 1554 4778 1898 1554 4779 1861 1554 4780 1858 1554 4781 1918 1554 4785 1877 1554 4786 1878 1554 4787 1920 1554 4791 1879 1554 4792 1880 1554 4793 1888 1554 4794 1850 1554 4795 1848 1554 4796 1886 1617 4797 1847 1617 4798 1846 1617 4799 1901 1554 4803 1862 1554 4804 1861 1554 4805 1889 1554 4806 1848 1554 4807 1849 1554 4808 1919 1554 4809 1873 1554 4810 1879 1554 4811 1902 1554 4812 1853 1554 4813 1862 1554 4814 1890 1554 4815 1851 1554 4816 1850 1554 4817 1887 1617 4824 1852 1617 4825 1847 1617 4826 1914 1554 4827 1880 1554 4828 1874 1554 4829 1893 1554 4833 1849 1554 4834 1853 1554 4835 1922 1554 4845 1883 1554 4846 1882 1554 4847 1909 1554 4848 1868 1554 4849 1869 1554 4850 1908 1554 4854 1881 1554 4855 1868 1554 4856 1923 1554 4863 1875 1554 4864 1883 1554 4865 1912 1554 4866 1870 1554 4867 1872 1554 4868 1891 1554 4869 1846 1617 4870 1851 1554 4871 1924 1554 4872 1882 1554 4873 1884 1554 4874 1913 1554 4875 1869 1554 4876 1873 1554 4877 1899 1554 4878 1858 1554 4879 1859 1554 4880 1925 1554 4881 1884 1554 4882 1885 1554 4883 2000 1554 4887 1959 1554 4888 1960 1554 4889 1958 1554 4890 1917 1554 4891 1918 1554 4892 1960 1554 4896 1919 1554 4897 1920 1554 4898 1928 1554 4899 1890 1554 4900 1888 1554 4901 1926 1617 4902 1887 1617 4903 1886 1617 4904 1941 1554 4908 1902 1554 4909 1901 1554 4910 1929 1554 4911 1888 1554 4912 1889 1554 4913 1959 1554 4914 1913 1554 4915 1919 1554 4916 1942 1554 4917 1893 1554 4918 1902 1554 4919 1930 1554 4920 1891 1554 4921 1890 1554 4922 1927 1617 4929 1892 1617 4930 1887 1617 4931 1954 1554 4932 1920 1554 4933 1914 1554 4934 1933 1554 4938 1889 1554 4939 1893 1554 4940 1962 1554 4950 1923 1554 4951 1922 1554 4952 1949 1554 4953 1908 1554 4954 1909 1554 4955 1948 1554 4959 1921 1554 4960 1908 1554 4961 1963 1554 4968 1915 1554 4969 1923 1554 4970 1952 1554 4971 1910 1554 4972 1912 1554 4973 1931 1554 4974 1886 1617 4975 1891 1554 4976 1964 1554 4977 1922 1554 4978 1924 1554 4979 1953 1554 4980 1909 1554 4981 1913 1554 4982 1939 1554 4983 1898 1554 4984 1899 1554 4985 1965 1554 4986 1924 1554 4987 1925 1554 4988 1940 1554 4992 1899 1554 4993 1900 1554 4994 1957 1554 4995 1925 1554 4996 1917 1554 4997 1955 1554 4998 1916 1554 4999 1915 1554 5000 1938 1554 5001 1901 1554 5002 1898 1554 5003 1968 1554 5007 1930 1554 5008 1928 1554 5009 1966 1617 5010 1927 1617 5011 1926 1617 5012 1981 1554 5016 1942 1554 5017 1941 1554 5018 1969 1554 5019 1928 1554 5020 1929 1554 5021 1999 1554 5022 1953 1554 5023 1959 1554 5024 1982 1554 5025 1933 1554 5026 1942 1554 5027 1970 1554 5028 1931 1554 5029 1930 1554 5030 1967 1617 5037 1932 1617 5038 1927 1617 5039 1994 1554 5040 1960 1554 5041 1954 1554 5042 1973 1554 5046 1929 1554 5047 1933 1554 5048 2002 1554 5058 1963 1554 5059 1962 1554 5060 1989 1554 5061 1948 1554 5062 1949 1554 5063 1988 1554 5067 1961 1554 5068 1948 1554 5069 2003 1554 5076 1955 1554 5077 1963 1554 5078 1992 1554 5079 1950 1554 5080 1952 1554 5081 1971 1554 5082 1926 1617 5083 1931 1554 5084 2004 1554 5085 1962 1554 5086 1964 1554 5087 1993 1554 5088 1949 1554 5089 1953 1554 5090 1979 1554 5091 1938 1554 5092 1939 1554 5093 2005 1554 5094 1964 1554 5095 1965 1554 5096 1980 1554 5100 1939 1554 5101 1940 1554 5102 1997 1554 5103 1965 1554 5104 1957 1554 5105 1995 1554 5106 1956 1554 5107 1955 1554 5108 1978 1554 5109 1941 1554 5110 1938 1554 5111 1998 1554 5115 1957 1554 5116 1958 1554 5117 1968 3454 5127 2010 3455 5128 1970 3456 5129 2021 3459 5133 1982 3460 5134 1981 3461 5135 2006 3464 5139 1967 3465 5140 1966 3466 5141 2022 3467 5142 1973 3468 5143 1982 3469 5144 2011 3470 5145 1966 3471 5146 1971 3472 5147 2009 3473 5148 1968 3474 5149 1969 3475 5150 1979 3476 5151 2018 3477 5152 1978 3478 5153 2010 3479 5154 1971 3480 5155 1970 3481 5156 1980 3450 5157 2019 3482 5158 1979 3476 5159 2007 3483 5160 1972 3458 5161 1967 3465 5162 1978 3484 5163 2021 3485 5164 1981 3486 5165 2013 3487 5166 1969 3488 5167 1973 3489 5168 2008 3490 5169 2027 3491 5170 2010 3492 5171 2021 3496 5175 2039 3497 5176 2022 3498 5177 2006 3502 5181 2024 3503 5182 2007 3504 5183 2022 3505 5184 2030 3506 5185 2013 3507 5186 2011 3508 5187 2023 3509 5188 2006 3510 5189 2009 3511 5190 2025 3512 5191 2008 3513 5192 2036 3514 5193 2018 3515 5194 2019 3516 5195 2010 3517 5196 2028 3518 5197 2011 3519 5198 2037 3520 5199 2019 3516 5200 2020 3521 5201 2007 3504 5202 2029 3522 5203 2012 3493 5204 2018 3523 5205 2038 3524 5206 2021 3525 5207 2013 3526 5208 2026 3527 5209 2009 3528 5210 2032 3532 5217 2029 3533 5218 2034 3534 5219 15 3 5466 4 3649 5467 2 4 5468 20 6 5469 4 3650 5470 15 7 5471 0 11 5472 3 3651 5473 40 9 5474 3 3651 5475 41 3652 5476 40 9 5477 31 15 5481 33 3654 5482 7 16 5483 36 18 5484 35 3655 5485 6 19 5486 32 24 5490 10 3657 5491 13 25 5492 18 27 5493 22 3658 5494 9 28 5495 9 28 5496 8 58 5497 11 30 5498 31 31 5499 16 3659 5500 10 32 5501 21 34 5502 15 37 5503 9 35 5504 15 37 5505 14 57 5506 8 38 5507 38 39 5508 37 3660 5509 25 40 5510 27 42 5511 23 3661 5512 24 43 5513 27 45 5514 28 3662 5515 2 46 5516 38 48 5517 29 3663 5518 7 49 5519 2 51 5520 28 3664 5521 38 52 5522 24 54 5523 37 3665 5524 38 55 5525 14 57 5526 31 31 5527 32 33 5528 8 58 5529 32 24 5530 34 26 5531 14 62 5535 2 3667 5536 33 63 5537 36 67 5538 0 3668 5539 47 65 5540 0 3668 5541 1 3669 5542 46 3670 5543 47 65 5544 0 3668 5545 46 3670 5546 3 3674 5556 17 3675 5557 41 70 5558 17 3675 5559 19 80 5560 41 70 5561 20 3676 5562 30 81 5563 4 83 5564 30 81 5565 26 3677 5566 23 82 5567 4 83 5568 23 82 5569 27 3678 5570 180 273 5838 174 2154 5839 199 274 5840 183 279 5844 209 3721 5845 185 280 5846 181 282 5847 175 2160 5848 195 283 5849 179 285 5850 217 3722 5851 200 286 5852 181 288 5853 213 3723 5854 192 289 5855 178 294 5859 219 3725 5860 204 295 5861 180 297 5862 215 3725 5863 196 298 5864 182 300 5865 211 3726 5866 188 301 5867 179 303 5868 173 2178 5869 203 304 5870 178 312 5877 172 2186 5878 207 313 5879 183 321 5886 177 2194 5887 187 322 5888 182 330 5895 176 2200 5896 191 331 5897 187 3744 5919 186 3744 5920 208 3744 5921 401 386 5931 364 3747 5932 224 387 5933 438 389 5934 275 2244 5935 220 390 5936 247 395 5940 368 3749 5941 456 396 5942 657 398 5943 659 3750 5944 241 399 5945 414 404 5949 280 3752 5950 235 405 5951 421 407 5952 277 3753 5953 240 408 5954 520 410 5955 236 3754 5956 452 411 5957 281 413 5958 242 3755 5959 221 414 5960 465 416 5961 263 3756 5962 397 417 5963 661 419 5964 658 3757 5965 245 420 5966 477 425 5967 407 3758 5968 243 426 5969 678 428 5970 682 3759 5971 251 429 5972 675 431 5973 250 3760 5974 409 432 5975 683 437 5979 262 3762 5980 339 438 5981 330 443 5985 253 3764 5986 367 444 5987 337 449 5991 367 3766 5992 366 450 5993 342 452 5994 282 3767 5995 254 453 5996 366 455 5997 255 3768 5998 332 456 5999 653 464 6006 265 3771 6007 263 465 6008 221 470 6012 242 3773 6013 269 471 6014 331 473 6015 254 3774 6016 270 474 6017 670 476 6018 668 3775 6019 273 477 6020 667 479 6021 272 3776 6022 410 480 6023 431 485 6027 277 3778 6028 421 486 6029 449 488 6030 427 2342 6031 275 489 6032 515 491 6033 510 3779 6034 280 492 6035 665 503 6045 672 1410 6046 673 504 6047 316 534 6078 301 603 6079 311 535 6080 666 537 6081 673 3787 6082 669 538 6083 328 549 6093 312 613 6094 301 550 6095 684 564 6108 680 627 6109 309 565 6110 679 567 6111 684 564 6112 324 566 6113 315 572 6117 322 3796 6118 352 573 6119 322 578 6123 320 3798 6124 350 579 6125 358 581 6126 328 3799 6127 316 582 6128 357 587 6132 327 3801 6133 313 588 6134 346 596 6141 316 3804 6142 326 597 6143 425 599 6144 327 3801 6145 357 587 6146 514 601 6147 328 3799 6148 358 581 6149 301 603 6150 331 473 6151 341 475 6152 262 604 6153 644 3805 6154 640 605 6155 312 613 6171 342 3811 6172 331 614 6173 680 627 6213 677 1434 6214 339 628 6215 249 631 6225 251 3823 6226 646 632 6227 361 3836 6279 310 673 6280 406 672 6281 310 673 6282 340 3837 6283 404 674 6284 471 675 6285 475 3838 6286 662 676 6287 475 3838 6288 396 3839 6289 662 676 6290 399 678 6291 365 3840 6292 413 679 6293 398 681 6294 230 3841 6295 442 682 6296 374 684 6297 370 3842 6298 364 3843 6299 364 3843 6300 413 685 6301 374 684 6302 413 685 6303 365 3844 6304 375 686 6305 371 690 6309 367 3846 6310 484 691 6311 371 3847 6312 377 694 6313 367 693 6314 377 694 6315 376 3848 6316 366 695 6317 372 696 6318 239 3849 6319 472 697 6320 373 711 6333 258 3854 6334 384 712 6335 377 717 6339 381 3856 6340 380 718 6341 239 720 6342 383 3857 6343 463 721 6344 374 735 6357 378 3862 6358 470 736 6359 372 738 6360 382 3863 6361 383 739 6362 487 741 6363 373 3864 6364 385 742 6365 374 744 6366 375 3865 6367 379 745 6368 392 749 6369 393 617 6370 163 3866 6371 163 3866 6372 152 747 6373 392 749 6374 388 752 6375 387 3867 6376 158 3868 6377 158 3868 6378 167 750 6379 388 752 6380 167 753 6381 158 1732 6382 152 754 6383 157 756 6384 151 3869 6385 391 757 6386 386 761 6387 395 3870 6388 152 3871 6389 152 3871 6390 158 759 6391 386 761 6392 151 762 6393 157 2611 6394 167 753 6395 394 3817 6396 167 3872 6397 390 765 6398 167 3872 6399 157 763 6400 390 765 6401 151 766 6402 163 3873 6403 393 767 6404 265 779 6414 400 3877 6415 397 780 6416 423 680 6417 413 679 6418 364 782 6419 685 801 6438 409 3883 6439 251 802 6440 236 804 6441 407 3884 6442 477 805 6443 414 807 6444 420 3885 6445 242 808 6446 416 810 6447 435 3886 6448 429 811 6449 304 816 6453 334 3887 6454 433 817 6455 319 819 6456 425 822 6457 426 820 6458 304 821 6459 434 3888 6460 425 822 6461 233 825 6465 427 3889 6466 449 826 6467 416 831 6471 241 3891 6472 431 832 6473 245 834 6474 429 3892 6475 424 835 6476 334 837 6477 257 3893 6478 432 838 6479 437 827 6480 449 826 6481 522 840 6482 448 683 6483 442 682 6484 518 842 6485 449 488 6501 438 490 6502 517 855 6503 228 860 6507 445 3896 6508 479 861 6509 517 863 6510 438 389 6511 444 391 6512 481 868 6516 451 3898 6517 478 869 6518 372 874 6522 457 1008 6523 469 875 6524 468 737 6525 470 736 6526 500 877 6527 472 722 6534 463 721 6535 493 885 6536 457 698 6546 472 697 6547 502 896 6548 370 898 6549 467 3903 6550 454 899 6551 637 906 6555 505 3905 6556 475 3906 6557 475 3906 6558 471 904 6559 637 906 6560 652 907 6561 651 3907 6562 715 908 6563 672 484 6564 466 483 6565 496 910 6566 450 912 6567 460 3908 6568 490 913 6569 662 915 6570 396 3909 6571 224 916 6572 687 918 6573 464 3910 6574 494 919 6575 506 921 6576 477 3911 6577 458 922 6578 501 924 6579 471 3912 6580 639 3913 6581 636 925 6582 454 3914 6583 484 926 6584 501 924 6585 639 3913 6586 636 925 6587 495 927 6588 465 3915 6589 476 928 6590 453 397 6591 456 396 6592 486 890 6593 503 931 6594 473 3916 6595 450 932 6596 649 937 6600 656 3918 6601 451 938 6602 660 940 6603 649 3919 6604 481 941 6605 503 946 6609 480 3921 6610 254 947 6611 483 930 6612 486 890 6613 369 949 6614 508 951 6615 482 3922 6616 259 952 6617 266 954 6618 495 3923 6619 509 955 6620 501 957 6621 484 3924 6622 367 958 6623 506 960 6624 488 3925 6625 261 961 6626 688 963 6627 494 3926 6628 262 964 6629 250 966 6630 648 3927 6631 664 967 6632 480 969 6633 490 3928 6634 270 970 6635 673 972 6636 496 3929 6637 274 973 6638 311 975 6639 703 3930 6640 705 976 6641 403 978 6642 505 3931 6643 637 979 6644 487 897 6648 502 896 6649 258 984 6650 502 886 6654 493 885 6655 384 989 6656 498 878 6660 500 877 6661 381 994 6662 482 996 6663 506 3935 6664 418 997 6665 257 999 6666 481 3936 6667 507 1000 6668 504 1002 6669 508 3937 6670 446 1003 6671 457 1008 6675 487 741 6676 499 743 6677 497 1014 6687 484 3941 6688 454 1015 6689 343 589 6693 313 588 6694 514 601 6695 408 1017 6699 240 3942 6700 510 1018 6701 277 1020 6702 517 863 6703 519 864 6704 522 856 6705 517 855 6706 277 1022 6707 521 843 6708 518 842 6709 365 1024 6710 516 841 6711 522 840 6712 431 1026 6713 445 1028 6714 520 3943 6715 523 1029 6716 299 1334 7023 329 4045 7024 623 1335 7025 344 1337 7026 314 4046 7027 630 1338 7028 314 1340 7029 299 4047 7030 626 1341 7031 224 1361 7050 364 4053 7051 454 1362 7052 638 423 7053 224 4054 7054 636 1365 7055 324 1372 7062 309 4056 7063 647 1373 7064 354 1375 7065 324 1372 7066 643 1374 7067 339 1377 7068 640 4057 7069 647 1378 7070 464 1381 7074 665 4058 7075 666 1382 7076 494 1384 7077 666 4059 7078 644 1385 7079 272 1390 7083 659 4061 7084 657 1391 7085 271 1393 7086 273 4062 7087 658 1394 7088 269 1396 7089 655 4063 7090 652 1397 7091 655 1399 7092 654 1402 7093 651 1400 7094 654 1402 7095 653 464 7096 650 466 7097 496 1403 7098 466 4064 7099 656 1404 7100 274 1406 7101 496 4065 7102 649 1407 7103 648 1411 7107 667 4067 7108 671 1412 7109 642 1414 7110 646 4068 7111 668 1415 7112 621 1417 7113 635 4069 7114 689 1418 7115 629 1420 7116 634 4070 7117 688 1421 7118 634 1423 7119 633 4071 7120 687 1424 7121 635 1426 7122 632 1441 7123 686 1427 7124 631 1429 7125 685 801 7126 682 803 7127 626 1336 7131 623 1335 7132 677 1434 7133 625 1435 7134 630 4073 7135 684 564 7136 630 1342 7137 626 1341 7138 680 627 7139 623 1437 7143 629 4074 7144 683 1438 7145 632 1441 7149 627 4076 7150 681 1442 7151 621 1443 7152 675 4077 7153 685 1444 7154 624 1446 7155 628 4078 7156 682 1447 7157 490 1449 7158 460 4079 7159 710 1450 7160 490 1458 7167 712 4082 7168 699 1459 7169 263 1467 7176 465 4085 7177 711 1468 7178 326 1470 7179 705 4086 7180 709 1471 7181 340 1473 7182 310 4087 7183 702 1474 7184 341 1476 7185 707 4088 7186 703 1477 7187 270 1482 7191 699 4090 7192 707 1483 7193 266 1485 7194 696 4091 7195 713 1486 7196 650 1494 7203 263 4094 7204 694 1495 7205 465 1497 7206 495 4095 7207 713 1498 7208 652 1500 7209 716 4096 7210 698 1501 7211 651 1506 7215 650 4098 7216 714 1507 7217 696 1518 7227 719 1550 7228 736 1519 7229 694 1523 7233 711 1537 7234 734 1524 7235 716 1526 7236 739 1552 7237 721 1527 7238 710 1517 7242 733 1516 7243 735 1530 7244 703 1532 7245 726 1545 7246 728 1533 7247 712 1531 7248 735 1530 7249 722 1535 7250 711 1537 7251 713 1520 7252 736 1519 7253 714 1542 7260 694 1523 7261 717 1525 7262 707 1544 7263 730 1551 7264 726 1545 7265 706 1546 7266 702 1540 7267 725 1541 7268 715 1548 7269 714 1542 7270 737 1543 7271 699 1536 7275 722 1535 7276 730 1551 7277 715 1548 7278 738 1549 7279 739 1552 7280 705 1534 7281 728 1533 7282 732 1553 7283 728 1554 7284 751 1554 7285 755 1554 7286 719 1554 7296 742 1554 7297 759 1554 7298 734 1554 7302 757 1554 7303 740 1554 7304 739 1554 7305 762 1554 7306 744 1554 7307 733 1554 7311 756 1554 7312 758 1554 7313 726 1554 7314 749 1554 7315 751 1554 7316 735 1554 7317 758 1554 7318 745 1554 7319 736 1554 7320 759 1554 7321 757 1554 7322 717 1554 7329 740 1554 7330 760 1554 7331 730 1554 7332 753 1554 7333 749 1554 7334 725 1554 7335 748 1554 7336 752 1554 7337 737 1554 7338 760 1554 7339 761 1554 7340 722 1554 7344 745 1554 7345 753 1554 7346 738 1554 7347 761 1554 7348 762 1554 7349 745 1555 7350 768 4100 7351 776 1556 7352 761 1558 7353 784 4101 7354 785 1559 7355 751 1561 7356 774 4102 7357 778 1562 7358 742 1572 7368 765 4104 7369 782 1573 7370 757 1577 7374 780 4105 7375 763 1578 7376 762 1579 7377 785 4106 7378 767 1580 7379 756 1584 7383 779 4107 7384 781 1585 7385 749 1587 7386 772 4108 7387 774 1588 7388 758 1590 7389 781 4109 7390 768 1591 7391 759 1593 7392 782 4110 7393 780 1594 7394 740 1602 7401 763 4111 7402 783 1603 7403 753 1605 7404 776 4112 7405 772 1606 7406 748 1608 7407 771 4113 7408 775 1609 7409 760 1611 7410 783 4114 7411 784 1612 7412 780 1554 7416 823 1554 7417 822 1554 7418 799 1554 7419 839 1554 7420 840 1554 7421 647 1554 7422 798 1554 7423 799 1554 7424 644 1554 7425 802 1554 7426 801 1554 7427 781 1554 7428 808 1554 7429 809 1554 7430 660 1554 7431 788 1554 7432 789 1554 7433 779 1554 7434 821 1554 7435 808 1554 7436 319 1617 7437 787 1618 7438 786 1554 7439 782 1554 7446 815 1554 7447 823 1554 7448 771 1554 7452 810 1554 7453 812 1554 7454 763 1554 7455 822 1554 7456 824 1554 7457 669 1554 7458 793 1554 7459 802 1554 7460 768 1554 7461 809 1554 7462 813 1554 7463 783 1554 7464 824 1554 7465 825 1554 7466 274 1554 7467 789 1554 7468 793 1554 7469 349 1617 7470 792 1554 7471 787 1618 7472 784 1554 7476 825 1554 7477 817 1554 7478 765 1554 7479 816 1554 7480 815 1554 7481 785 1554 7482 817 1554 7483 818 1554 7484 772 1554 7485 819 1554 7486 820 1554 7487 334 1554 7488 791 1554 7489 790 1554 7490 776 1554 7497 813 1554 7498 819 1554 7499 304 1617 7500 786 1554 7501 791 1554 7502 643 1554 7503 799 1554 7504 800 1554 7505 774 1554 7512 820 1554 7513 814 1554 7514 640 1554 7521 801 1554 7522 798 1554 7523 257 1554 7527 790 1554 7528 788 1554 7529 825 1554 7539 865 1554 7540 857 1554 7541 816 1554 7542 856 1554 7543 855 1554 7544 801 1554 7545 841 1554 7546 838 1554 7547 817 1554 7551 857 1554 7552 858 1554 7553 819 1554 7557 859 1554 7558 860 1554 7559 790 1554 7560 830 1554 7561 828 1554 7562 787 1618 7563 827 1554 7564 826 1554 7565 802 1554 7569 842 1554 7570 841 1554 7571 788 1554 7572 828 1554 7573 829 1554 7574 813 1554 7575 853 1554 7576 859 1554 7577 793 1554 7578 833 1554 7579 842 1554 7580 791 1554 7581 831 1554 7582 830 1554 7583 792 1554 7590 832 1619 7591 827 1554 7592 820 1554 7593 860 1554 7594 854 1554 7595 789 1554 7599 829 1554 7600 833 1554 7601 823 1554 7611 863 1554 7612 862 1554 7613 808 1554 7614 848 1554 7615 849 1554 7616 821 1554 7620 861 1554 7621 848 1554 7622 815 1554 7629 855 1554 7630 863 1554 7631 810 1554 7632 850 1554 7633 852 1554 7634 786 1554 7635 826 1554 7636 831 1554 7637 822 1554 7638 862 1554 7639 864 1554 7640 809 1554 7641 849 1554 7642 853 1554 7643 798 1554 7644 838 1554 7645 839 1554 7646 824 1554 7647 864 1554 7648 865 1554 7649 899 1554 7653 939 1554 7654 940 1554 7655 857 1554 7656 897 1554 7657 898 1554 7658 859 1554 7662 899 1554 7663 900 1554 7664 830 1554 7665 870 1554 7666 868 1554 7667 827 1554 7668 867 1618 7669 866 1554 7670 842 1554 7674 882 1554 7675 881 1554 7676 828 1554 7677 868 1554 7678 869 1554 7679 853 1554 7680 893 1554 7681 899 1554 7682 833 1554 7683 873 1554 7684 882 1554 7685 831 1554 7686 871 1554 7687 870 1554 7688 832 1619 7695 872 1618 7696 867 1618 7697 860 1554 7698 900 1554 7699 894 1554 7700 829 1554 7704 869 1554 7705 873 1554 7706 863 1554 7716 903 1554 7717 902 1554 7718 848 1554 7719 888 1554 7720 889 1554 7721 861 1554 7725 901 1554 7726 888 1554 7727 855 1554 7734 895 1554 7735 903 1554 7736 850 1554 7737 890 1554 7738 892 1554 7739 826 1554 7740 866 1554 7741 871 1554 7742 862 1554 7743 902 1554 7744 904 1554 7745 849 1554 7746 889 1554 7747 893 1554 7748 838 1554 7749 878 1554 7750 879 1554 7751 864 1554 7752 904 1554 7753 905 1554 7754 839 1554 7758 879 1554 7759 880 1554 7760 865 1554 7761 905 1554 7762 897 1554 7763 856 1554 7764 896 1554 7765 895 1554 7766 841 1554 7767 881 1554 7768 878 1554 7769 870 1554 7830 910 1554 7831 908 1554 7832 867 1618 7833 907 1617 7834 906 1617 7835 882 1554 7839 922 1554 7840 921 1554 7841 868 1554 7842 908 1554 7843 909 1554 7844 893 1554 7845 933 1554 7846 939 1554 7847 873 1554 7848 913 1554 7849 922 1554 7850 871 1554 7851 911 1554 7852 910 1554 7853 872 1618 7860 912 1617 7861 907 1617 7862 900 1554 7863 940 1554 7864 934 1554 7865 869 1554 7869 909 1554 7870 913 1554 7871 903 1554 7881 943 1554 7882 942 1554 7883 888 1554 7884 928 1554 7885 929 1554 7886 901 1554 7890 941 1554 7891 928 1554 7892 895 1554 7899 935 1554 7900 943 1554 7901 890 1554 7902 930 1554 7903 932 1554 7904 866 1554 7905 906 1617 7906 911 1554 7907 902 1554 7908 942 1554 7909 944 1554 7910 889 1554 7911 929 1554 7912 933 1554 7913 878 1554 7914 918 1554 7915 919 1554 7916 904 1554 7917 944 1554 7918 945 1554 7919 879 1554 7923 919 1554 7924 920 1554 7925 905 1554 7926 945 1554 7927 937 1554 7928 896 1554 7929 936 1554 7930 935 1554 7931 881 1554 7932 921 1554 7933 918 1554 7934 897 1554 7938 937 1554 7939 938 1554 7940 908 1629 7950 910 4137 7951 950 1630 7952 922 1634 7956 962 4138 7957 961 1635 7958 907 1639 7962 947 1658 7963 946 1640 7964 913 1642 7965 953 4139 7966 962 1643 7967 906 1645 7968 946 4140 7969 951 1646 7970 908 1648 7971 948 4141 7972 949 1649 7973 919 1651 7974 918 4142 7975 958 1652 7976 911 1654 7977 951 4143 7978 950 1655 7979 920 1657 7980 919 1651 7981 959 1653 7982 912 1633 7983 952 1632 7984 947 1658 7985 918 1659 7986 921 4144 7987 961 1660 7988 909 1662 7989 949 4145 7990 953 1663 7991 948 1665 7992 950 4146 7993 967 1666 7994 961 1671 7998 962 4147 7999 979 1672 8000 946 1677 8004 947 1697 8005 964 1678 8006 962 1680 8007 953 4148 8008 970 1681 8009 951 1683 8010 946 4149 8011 963 1684 8012 949 1686 8013 948 4150 8014 965 1687 8015 958 1689 8016 975 4151 8017 976 1690 8018 950 1692 8019 951 4152 8020 968 1693 8021 959 1691 8022 976 1690 8023 977 1695 8024 947 1697 8025 952 1668 8026 969 1670 8027 958 1698 8028 961 4153 8029 978 1699 8030 953 1701 8031 949 4154 8032 966 1702 8033 963 4156 8040 964 4157 8041 965 4158 8042 964 4157 8043 969 1709 8044 973 1708 8045 965 4158 8046 973 1708 8047 977 4159 8048 972 4160 8049 971 4161 8050 974 1707 8051 973 1708 8052 965 4158 8053 964 4157 8054 969 1709 8055 972 4160 8056 974 1707 8057 967 4162 8058 968 4163 8059 965 4158 8060 968 4163 8061 963 4156 8062 965 4158 8063 966 4164 8064 965 4158 8065 977 4159 8066 979 4165 8067 970 4166 8068 976 4167 8069 970 4166 8070 966 4164 8071 976 4167 8072 976 4167 8073 966 4164 8074 977 4159 8075 975 4168 8076 978 4169 8077 979 4165 8078 976 4167 8079 975 4168 8080 979 4165 8081 1130 1892 8448 1129 4249 8449 1117 1893 8450 1130 1895 8451 1119 4250 8452 1135 1896 8453 1156 4251 8454 1118 4252 8455 1155 1900 8456 1118 4252 8457 1115 1898 8458 1155 1900 8459 1146 1904 8463 1131 4254 8464 1122 1905 8465 1151 1907 8466 1120 4255 8467 1121 1908 8468 1128 1913 8472 1125 4257 8473 1147 1914 8474 1133 1916 8475 1127 1920 8476 1124 1917 8477 1126 1919 8478 1123 1948 8479 1124 1917 8480 1125 1921 8481 1131 4258 8482 1146 1922 8483 1124 1924 8484 1130 1928 8485 1136 1925 8486 1123 1927 8487 1129 1947 8488 1130 1928 8489 1153 1929 8490 1144 4259 8491 1140 1930 8492 1142 1932 8493 1143 4260 8494 1139 1933 8495 1117 1935 8496 1143 1554 8497 1142 1936 8498 1122 1938 8499 1144 4261 8500 1153 1939 8501 1117 1941 8502 1148 4262 8503 1153 1942 8504 1153 1944 8505 1152 4263 8506 1139 1945 8507 1147 1923 8508 1146 1922 8509 1129 1947 8510 1149 1915 8511 1147 1914 8512 1123 1948 8513 1129 1952 8517 1146 4265 8518 1148 1953 8519 1116 4266 8520 1115 4267 8521 1161 4268 8522 1115 4267 8523 1151 1955 8524 1162 1957 8525 1161 4268 8526 1115 4267 8527 1162 1957 8528 1134 1970 8538 1132 4272 8539 1156 1959 8540 1132 4272 8541 1118 4273 8542 1156 1959 8543 1141 4274 8544 1145 1971 8545 1138 1973 8546 1145 1971 8547 1135 4275 8548 1119 1972 8549 1138 1973 8550 1119 1972 8551 1142 4276 8552 1281 2153 8820 1304 4318 8821 199 274 8822 1286 2156 8826 1298 4320 8827 1284 2157 8828 1282 2159 8829 1302 4321 8830 195 283 8831 1293 2161 8832 1306 4322 8833 1280 2162 8834 1289 2164 8835 1302 4323 8836 1282 2165 8837 1295 2168 8841 1308 4325 8842 1279 2169 8843 1291 2171 8844 1304 4326 8845 1281 2172 8846 1287 2174 8847 1300 4327 8848 1283 2175 8849 1280 2177 8850 1306 4328 8851 203 304 8852 1279 2185 8859 1308 4333 8860 207 313 8861 1284 2193 8868 1298 4338 8869 187 322 8870 1283 2199 8877 1300 4343 8878 191 331 8879 1297 4349 8901 186 4350 8902 187 4351 8903 1312 2240 8910 1434 4354 8911 1470 2241 8912 1506 2243 8913 1512 2701 8914 220 390 8915 1524 2248 8919 1438 4356 8920 1330 2249 8921 1722 2251 8922 1485 4357 8923 1324 2252 8924 1483 2257 8928 1489 4359 8929 1318 2258 8930 1490 2260 8931 1477 4360 8932 1323 2261 8933 1520 2263 8934 1319 4361 8935 1586 2264 8936 1309 2266 8937 1325 4362 8938 1361 2267 8939 1533 2269 8940 1543 4363 8941 1467 2270 8942 1726 2272 8943 1316 4364 8944 1328 2273 8945 1544 2278 8946 1526 4365 8947 1326 2279 8948 1743 2281 8949 1332 4366 8950 1334 2282 8951 1478 2284 8952 1333 4367 8953 1740 2285 8954 1411 2290 8958 1343 4369 8959 1747 2291 8960 1404 2296 8964 1409 4371 8965 1437 2297 8966 1409 2302 8970 1407 4373 8971 1436 2303 8972 1414 2305 8973 1405 4374 8974 1337 2306 8975 332 2308 8976 255 4375 8977 1436 2309 8978 1344 2317 8985 1346 4378 8986 1718 2318 8987 1309 2323 8991 1349 4380 8992 1350 2324 8993 1405 2326 8994 1413 2454 8995 1351 2327 8996 1735 2329 8997 1352 4381 8998 1354 2330 8999 1479 2332 9000 1353 4382 9001 1732 2333 9002 1490 2338 9006 1357 4384 9007 1499 2339 9008 1517 2341 9009 1506 4385 9010 275 489 9011 1581 2343 9012 1483 4386 9013 1360 2344 9014 1738 2355 9024 1737 3245 9025 1730 2356 9026 1392 2385 9057 1400 4396 9058 1387 2386 9059 1734 2388 9060 1738 4397 9061 1731 2389 9062 1402 2400 9072 1392 4401 9073 1379 2401 9074 1748 2415 9087 1398 2419 9088 1385 2416 9089 1744 2418 9090 1424 4406 9091 1398 2419 9092 1422 2423 9096 1396 4407 9097 1391 2424 9098 1420 2429 9102 1394 4408 9103 1396 2430 9104 1428 2432 9105 1418 2493 9106 1392 2433 9107 1427 2438 9111 1415 2853 9112 1389 2439 9113 1418 2447 9120 1426 2479 9121 1400 2448 9122 1427 2438 9123 1401 2440 9124 1494 2450 9125 1428 2432 9126 1402 2434 9127 1580 2452 9128 1379 2387 9129 1387 2386 9130 1413 2454 9131 1705 2455 9132 1709 4412 9133 1343 2456 9134 1388 2402 9150 1379 2401 9151 1405 2463 9152 1745 2417 9192 1385 2416 9193 1411 2477 9194 1332 2480 9204 1707 4427 9205 1711 2481 9206 1412 4442 9258 1386 2523 9259 1473 2522 9260 1386 2523 9261 1431 4443 9262 1475 2524 9263 1466 4444 9264 1542 4445 9265 1727 2527 9266 1542 4445 9267 1539 2525 9268 1727 2527 9269 1482 2528 9270 1435 4446 9271 1468 2529 9272 1510 2531 9273 230 4447 9274 398 2532 9275 1444 2536 9276 1445 4448 9277 1482 4449 9278 1445 4448 9279 1435 4450 9280 1482 4449 9281 1482 4449 9282 1434 2534 9283 1444 2536 9284 1551 2540 9288 1437 4452 9289 1441 2541 9290 1446 4453 9291 1447 2544 9292 1436 2543 9293 1447 2544 9294 1441 4454 9295 1437 2545 9296 1540 2546 9297 1322 4455 9298 1442 2547 9299 1443 2561 9312 1455 4460 9313 1454 2562 9314 1450 2567 9318 1451 4461 9319 1447 2568 9320 1531 2570 9321 1453 4462 9322 1322 2571 9323 1538 2585 9336 1448 4467 9337 1444 2586 9338 1453 2588 9339 1452 4468 9340 1442 2589 9341 1554 2591 9342 1566 2844 9343 1455 2592 9344 1444 2594 9345 1448 4469 9346 1449 2595 9347 1271 2599 9348 1463 4470 9349 1462 2597 9350 1462 2597 9351 1465 4419 9352 1266 2598 9353 1270 2602 9354 1457 4471 9355 1458 2600 9356 1458 2600 9357 1464 4472 9358 1274 2601 9359 1266 2603 9360 1270 4473 9361 1274 2604 9362 1461 2605 9363 1265 4474 9364 1269 2606 9365 1266 2610 9366 1465 4475 9367 1456 2608 9368 1456 2608 9369 1457 4476 9370 1270 2609 9371 1265 762 9372 1271 1732 9373 1274 2604 9374 1269 2614 9375 1274 4477 9376 1460 2612 9377 1274 4477 9378 1464 4478 9379 1460 2612 9380 1463 2615 9381 1271 4479 9382 1265 2616 9383 1467 2628 9393 1469 4483 9394 1346 2629 9395 1434 2631 9396 1482 2528 9397 1492 2530 9398 1334 2650 9417 1478 4489 9418 1749 2651 9419 1544 2653 9420 1476 4490 9421 1319 2654 9422 1325 2656 9423 1489 4491 9424 1483 2657 9425 1497 2659 9426 1503 4492 9427 1485 2660 9428 1380 2665 9432 1502 4493 9433 1501 2666 9434 1495 2668 9435 1494 2670 9436 1393 2669 9437 1494 2670 9438 1502 4494 9439 1380 2671 9440 1517 2674 9444 427 3889 9445 233 825 9446 1485 2679 9450 1503 4496 9451 1499 2680 9452 1493 2682 9453 1497 4497 9454 1328 2683 9455 1406 2685 9456 1501 4498 9457 1500 2686 9458 1588 2688 9459 1517 2674 9460 1505 2675 9461 1584 2690 9462 1510 2531 9463 1516 2533 9464 1583 2696 9480 1506 4385 9481 1517 2341 9482 1546 2699 9486 1513 4501 9487 228 860 9488 1583 2700 9489 1585 2858 9490 1512 2701 9491 1548 2705 9495 1573 4503 9496 1545 2706 9497 1442 2711 9501 1452 4505 9502 1537 2712 9503 1567 2714 9504 1538 2585 9505 1536 2587 9506 1560 2722 9513 1531 2570 9514 1540 2572 9515 1569 2732 9525 1540 2546 9526 1525 2548 9527 1440 2734 9528 1434 4511 9529 1522 2735 9530 1542 2742 9534 1571 4513 9535 1702 2740 9536 1702 2740 9537 1568 4514 9538 1539 2741 9539 1717 2743 9540 1776 4515 9541 1775 2744 9542 1563 2746 9543 1534 2335 9544 1737 2337 9545 1557 2748 9546 1528 4516 9547 1518 2749 9548 1312 2751 9549 1466 4517 9550 1727 2752 9551 1561 2754 9552 1532 4518 9553 1751 2755 9554 1572 2757 9555 1555 4519 9556 1526 2758 9557 1568 2762 9558 1551 4520 9559 1701 4521 9560 1551 4520 9561 1522 4522 9562 1701 4521 9563 1701 4521 9564 1704 2760 9565 1568 2762 9566 1562 2763 9567 1575 4523 9568 1543 2764 9569 1553 2727 9570 1524 2248 9571 1521 2250 9572 1570 2767 9573 1547 4524 9574 1518 2768 9575 1714 2773 9579 1548 4526 9580 1519 2774 9581 1725 2776 9582 1338 4527 9583 1548 2777 9584 1337 2782 9588 1547 4529 9589 1570 2783 9590 1439 2785 9591 1553 2727 9592 1550 2766 9593 1340 2787 9594 1549 4530 9595 1574 2788 9596 1347 2790 9597 1471 4531 9598 1575 2791 9599 1437 2793 9600 1551 4532 9601 1568 2794 9602 1342 2796 9603 1555 4533 9604 1572 2797 9605 1343 2799 9606 1561 4534 9607 1752 2800 9608 1729 2802 9609 1713 4535 9610 1333 2803 9611 1351 2805 9612 1557 4536 9613 1547 2806 9614 1355 2808 9615 1563 4537 9616 1738 2809 9617 1765 2811 9618 1763 4538 9619 1387 2812 9620 1472 2814 9621 1336 4539 9622 1702 2815 9623 1339 2820 9627 1569 2732 9628 1554 2733 9629 1454 2825 9633 1560 2722 9634 1569 2723 9635 1451 2830 9639 1567 2714 9640 1565 2715 9641 1487 2832 9642 1572 4543 9643 1549 2833 9644 1338 2835 9645 1500 4544 9646 1573 2836 9647 1514 2838 9648 1574 4545 9649 504 2839 9650 1525 2713 9654 1537 2712 9655 1566 2844 9656 1522 2850 9666 1551 4549 9667 1564 2851 9668 1415 2853 9672 1578 2453 9673 1580 2452 9674 1477 2854 9678 1581 4550 9679 1576 2855 9680 1357 2857 9681 1323 1021 9682 1585 2858 9683 1357 2859 9684 1583 2696 9685 1588 2697 9686 1435 2861 9687 1584 2690 9688 1587 2691 9689 1499 2863 9690 1588 2688 9691 1582 2689 9692 1589 2865 9693 1586 4551 9694 1513 2866 9695 1377 3171 10002 1692 3270 10003 1689 3172 10004 1416 3174 10005 1691 4653 10006 1695 3175 10007 1390 3177 10008 1695 4654 10009 1692 3178 10010 1522 3197 10029 1434 4660 10030 1312 3198 10031 1701 3201 10032 1312 4661 10033 1703 2277 10034 1398 3208 10041 1708 3212 10042 1712 3209 10043 1424 3211 10044 1706 3216 10045 1708 3212 10046 1712 3213 10047 1705 4664 10048 1411 3214 10049 1731 3217 10053 1730 4665 10054 1532 3218 10055 1709 3220 10056 1731 4666 10057 1561 3221 10058 1722 3226 10062 1724 4668 10063 1353 3227 10064 1352 3229 10065 1726 4669 10066 1723 3230 10067 1717 3232 10068 1720 4670 10069 1350 3233 10070 1716 3235 10071 1719 3238 10072 1720 3236 10073 1715 2319 10074 1718 2318 10075 1719 3238 10076 1563 3239 10077 1714 4671 10078 1721 3240 10079 1355 3242 10080 1725 4672 10081 1714 3243 10082 1736 3247 10086 1732 4674 10087 1713 3248 10088 1707 3250 10089 1735 4675 10090 1733 3251 10091 1687 3253 10092 1740 4676 10093 1753 3254 10094 1694 3256 10095 1747 4677 10096 1752 3257 10097 1699 3259 10098 1752 4678 10099 1751 3260 10100 1700 3262 10101 1753 4679 10102 1750 3263 10103 1746 2652 10104 1749 2651 10105 1696 3265 10106 1692 3270 10110 1745 2417 10111 1742 2478 10112 1691 3271 10113 1744 2418 10114 1748 2415 10115 1695 3272 10116 1748 2415 10117 1745 2417 10118 1689 3274 10122 1742 4681 10123 1747 3275 10124 1697 3264 10128 1750 3263 10129 681 3279 10130 1749 3281 10131 1740 4682 10132 1687 3282 10133 1690 3284 10134 1743 4683 10135 1746 3285 10136 1557 3287 10137 1772 4684 10138 1770 3288 10139 1759 3296 10146 1772 4687 10147 1557 3297 10148 1344 3305 10155 1754 4690 10156 1771 3306 10157 1769 3308 10158 1765 4691 10159 1400 3309 10160 1412 3311 10161 1766 4692 10162 1762 3312 10163 1763 3314 10164 1767 4693 10165 1413 3315 10166 1767 3320 10170 1759 4695 10171 1351 3321 10172 1773 3323 10173 1756 4696 10174 1347 3324 10175 1715 3332 10182 1774 4699 10183 1754 3333 10184 1533 3335 10185 1771 4700 10186 1773 3336 10187 1758 3338 10188 1776 4701 10189 1717 3339 10190 1716 3344 10194 1775 4703 10195 1774 3345 10196 1796 3356 10206 1779 4704 10207 1756 3357 10208 1754 3361 10212 1777 3380 10213 1794 3362 10214 1781 3364 10215 1799 3389 10216 1776 3365 10217 1795 3368 10221 1793 3353 10222 1770 3355 10223 1788 3370 10224 1786 3381 10225 1763 3371 10226 1782 3373 10227 1795 3368 10228 1772 3369 10229 1771 3363 10230 1794 3362 10231 1796 3356 10232 1774 3379 10239 1797 3386 10240 1777 3380 10241 1786 3381 10242 1790 3388 10243 1767 3382 10244 1766 3383 10245 1789 3387 10246 1785 3384 10247 1775 3385 10248 1798 4705 10249 1797 3386 10250 1790 3388 10254 1782 3373 10255 1759 3374 10256 1799 3389 10257 1798 4705 10258 1775 3385 10259 1792 3390 10260 1788 3370 10261 1765 3372 10262 1815 1554 10263 1811 1554 10264 1788 1554 10265 1819 1554 10275 1802 1554 10276 1779 1554 10277 1800 1554 10281 1817 1554 10282 1794 1554 10283 1804 1554 10284 1822 1554 10285 1799 1554 10286 1818 1554 10290 1816 1554 10291 1793 1554 10292 1811 1554 10293 1809 1554 10294 1786 1554 10295 1805 1554 10296 1818 1554 10297 1795 1554 10298 1817 1554 10299 1819 1554 10300 1796 1554 10301 1820 1554 10308 1800 1554 10309 1777 1554 10310 1809 1554 10311 1813 1554 10312 1790 1554 10313 1812 1554 10314 1808 1554 10315 1785 1554 10316 1821 1554 10317 1820 1554 10318 1797 1554 10319 1813 1554 10323 1805 1554 10324 1782 1554 10325 1822 1554 10326 1821 1554 10327 1798 1554 10328 1836 3391 10329 1828 4706 10330 1805 3392 10331 1845 3394 10332 1844 4707 10333 1821 3395 10334 1838 3397 10335 1834 4708 10336 1811 3398 10337 1842 3406 10347 1825 4710 10348 1802 3407 10349 1823 3411 10353 1840 3411 10354 1817 3412 10355 1827 3413 10356 1845 4711 10357 1822 3414 10358 1841 3416 10362 1839 4712 10363 1816 3417 10364 1834 3419 10365 1832 4713 10366 1809 3420 10367 1828 3422 10368 1841 4714 10369 1818 3423 10370 1840 3425 10371 1842 4715 10372 1819 3426 10373 1843 3430 10380 1823 4716 10381 1800 3431 10382 1832 3433 10383 1836 4717 10384 1813 3434 10385 1835 3436 10386 1831 4718 10387 1808 3437 10388 1844 3439 10389 1843 4719 10390 1820 3440 10391 1882 1554 10395 1883 1554 10396 1840 1554 10397 1900 1554 10398 1899 1554 10399 1859 1554 10400 1859 1554 10401 1858 1554 10402 1712 1554 10403 1861 1554 10404 1862 1554 10405 1709 1554 10406 1869 1554 10407 1868 1554 10408 1841 1554 10409 1849 1554 10410 1848 1554 10411 1725 1554 10412 1868 1554 10413 1881 1554 10414 1839 1554 10415 1846 1617 10416 1847 1617 10417 1393 1617 10418 1883 1554 10425 1875 1554 10426 1842 1554 10427 1872 1554 10431 1870 1554 10432 1831 1554 10433 1884 1554 10434 1882 1554 10435 1823 1554 10436 1862 1554 10437 1853 1554 10438 1734 1554 10439 1873 1554 10440 1869 1554 10441 1828 1554 10442 1885 1554 10443 1884 1554 10444 1843 1554 10445 1853 1554 10446 1849 1554 10447 1355 1554 10448 1847 1617 10449 1852 1617 10450 1419 1617 10451 1877 1554 10455 1885 1554 10456 1844 1554 10457 1875 1554 10458 1876 1554 10459 1825 1554 10460 1878 1554 10461 1877 1554 10462 1845 1554 10463 1880 1554 10464 1879 1554 10465 1832 1554 10466 1850 1554 10467 1851 1554 10468 1406 1554 10469 1879 1554 10476 1873 1554 10477 1836 1554 10478 1851 1554 10479 1846 1617 10480 1380 1617 10481 1860 1554 10482 1859 1554 10483 1708 1554 10484 1874 1554 10491 1880 1554 10492 1834 1554 10493 1858 1554 10500 1861 1554 10501 1705 1554 10502 1848 1554 10506 1850 1554 10507 1338 1554 10508 1917 1554 10518 1925 1554 10519 1885 1554 10520 1915 1554 10521 1916 1554 10522 1876 1554 10523 1898 1554 10524 1901 1554 10525 1861 1554 10526 1918 1554 10530 1917 1554 10531 1877 1554 10532 1920 1554 10536 1919 1554 10537 1879 1554 10538 1888 1554 10539 1890 1554 10540 1850 1554 10541 1886 1617 10542 1887 1617 10543 1847 1617 10544 1901 1554 10548 1902 1554 10549 1862 1554 10550 1889 1554 10551 1888 1554 10552 1848 1554 10553 1919 1554 10554 1913 1554 10555 1873 1554 10556 1902 1554 10557 1893 1554 10558 1853 1554 10559 1890 1554 10560 1891 1554 10561 1851 1554 10562 1887 1617 10569 1892 1617 10570 1852 1617 10571 1914 1554 10572 1920 1554 10573 1880 1554 10574 1893 1554 10578 1889 1554 10579 1849 1554 10580 1922 1554 10590 1923 1554 10591 1883 1554 10592 1909 1554 10593 1908 1554 10594 1868 1554 10595 1908 1554 10599 1921 1554 10600 1881 1554 10601 1923 1554 10608 1915 1554 10609 1875 1554 10610 1912 1554 10611 1910 1554 10612 1870 1554 10613 1891 1554 10614 1886 1617 10615 1846 1617 10616 1924 1554 10617 1922 1554 10618 1882 1554 10619 1913 1554 10620 1909 1554 10621 1869 1554 10622 1899 1554 10623 1898 1554 10624 1858 1554 10625 1925 1554 10626 1924 1554 10627 1884 1554 10628 2000 1554 10632 1999 1554 10633 1959 1554 10634 1958 1554 10635 1957 1554 10636 1917 1554 10637 1960 1554 10641 1959 1554 10642 1919 1554 10643 1928 1554 10644 1930 1554 10645 1890 1554 10646 1926 1617 10647 1927 1617 10648 1887 1617 10649 1941 1554 10653 1942 1554 10654 1902 1554 10655 1929 1554 10656 1928 1554 10657 1888 1554 10658 1959 1554 10659 1953 1554 10660 1913 1554 10661 1942 1554 10662 1933 1554 10663 1893 1554 10664 1930 1554 10665 1931 1554 10666 1891 1554 10667 1927 1617 10674 1932 1617 10675 1892 1617 10676 1954 1554 10677 1960 1554 10678 1920 1554 10679 1933 1554 10683 1929 1554 10684 1889 1554 10685 1962 1554 10695 1963 1554 10696 1923 1554 10697 1949 1554 10698 1948 1554 10699 1908 1554 10700 1948 1554 10704 1961 1554 10705 1921 1554 10706 1963 1554 10713 1955 1554 10714 1915 1554 10715 1952 1554 10716 1950 1554 10717 1910 1554 10718 1931 1554 10719 1926 1617 10720 1886 1617 10721 1964 1554 10722 1962 1554 10723 1922 1554 10724 1953 1554 10725 1949 1554 10726 1909 1554 10727 1939 1554 10728 1938 1554 10729 1898 1554 10730 1965 1554 10731 1964 1554 10732 1924 1554 10733 1940 1554 10737 1939 1554 10738 1899 1554 10739 1957 1554 10740 1965 1554 10741 1925 1554 10742 1955 1554 10743 1956 1554 10744 1916 1554 10745 1938 1554 10746 1941 1554 10747 1901 1554 10748 1968 1554 10809 1970 1554 10810 1930 1554 10811 1966 1617 10812 1967 1617 10813 1927 1617 10814 1981 1554 10818 1982 1554 10819 1942 1554 10820 1969 1554 10821 1968 1554 10822 1928 1554 10823 1999 1554 10824 1993 1554 10825 1953 1554 10826 1982 1554 10827 1973 1554 10828 1933 1554 10829 1970 1554 10830 1971 1554 10831 1931 1554 10832 1967 1617 10839 1972 1617 10840 1932 1617 10841 1994 1554 10842 2000 1554 10843 1960 1554 10844 1973 1554 10848 1969 1554 10849 1929 1554 10850 2002 1554 10860 2003 1554 10861 1963 1554 10862 1989 1554 10863 1988 1554 10864 1948 1554 10865 1988 1554 10869 2001 1554 10870 1961 1554 10871 2003 1554 10878 1995 1554 10879 1955 1554 10880 1992 1554 10881 1990 1554 10882 1950 1554 10883 1971 1554 10884 1966 1617 10885 1926 1617 10886 2004 1554 10887 2002 1554 10888 1962 1554 10889 1993 1554 10890 1989 1554 10891 1949 1554 10892 1979 1554 10893 1978 1554 10894 1938 1554 10895 2005 1554 10896 2004 1554 10897 1964 1554 10898 1980 1554 10902 1979 1554 10903 1939 1554 10904 1997 1554 10905 2005 1554 10906 1965 1554 10907 1995 1554 10908 1996 1554 10909 1956 1554 10910 1978 1554 10911 1981 1554 10912 1941 1554 10913 1998 1554 10917 1997 1554 10918 1957 1554 10919 1968 3454 10929 2008 4742 10930 2010 3455 10931 2021 3459 10935 2022 4743 10936 1982 3460 10937 2006 3464 10941 2007 3483 10942 1967 3465 10943 2022 3467 10944 2013 4745 10945 1973 3468 10946 2011 3470 10947 2006 4746 10948 1966 3471 10949 2009 3473 10950 2008 4747 10951 1968 3474 10952 1979 3476 10953 2019 3482 10954 2018 3477 10955 2010 3479 10956 2011 4748 10957 1971 3480 10958 1980 3450 10959 2020 3449 10960 2019 3482 10961 2007 3483 10962 2012 3457 10963 1972 3458 10964 1978 3484 10965 2018 4749 10966 2021 3485 10967 2013 3487 10968 2009 4750 10969 1969 3488 10970 2008 3490 10971 2025 4751 10972 2027 3491 10973 2021 3496 10977 2038 4752 10978 2039 3497 10979 2006 3502 10983 2023 4753 10984 2024 3503 10985 2022 3505 10986 2039 4754 10987 2030 3506 10988 2011 3508 10989 2028 4755 10990 2023 3509 10991 2009 3511 10992 2026 4756 10993 2025 3512 10994 2036 3514 10995 2035 4757 10996 2018 3515 10997 2010 3517 10998 2027 4758 10999 2028 3518 11000 2037 3520 11001 2036 3514 11002 2019 3516 11003 2007 3504 11004 2024 3503 11005 2029 3522 11006 2018 3523 11007 2035 4759 11008 2038 3524 11009 2013 3526 11010 2030 4760 11011 2026 3527 11012 2029 3533 11019 2024 4761 11020 2033 4762 11021 2024 4761 11022 2023 4763 11023 2025 4764 11024 2033 4762 11025 2025 4764 11026 2037 4765 11027 2023 4763 11028 2028 4766 11029 2025 4764 11030 2028 4766 11031 2027 4767 11032 2025 4764 11033 2025 4764 11034 2026 4768 11035 2037 4765 11036 2026 4768 11037 2030 4769 11038 2036 4770 11039 2030 4769 11040 2039 4771 11041 2036 4770 11042 2039 4771 11043 2038 4772 11044 2035 4773 11045 2035 4773 11046 2036 4770 11047 2039 4771 11048 2036 4770 11049 2037 4765 11050 2026 4768 11051 2033 4762 11052 2034 3534 11053 2029 3533 11054 2034 3534 11055 2031 4774 11056 2032 3532 11057 2024 4761 11058 2025 4764 11059 2033 4762 11060</p>
        </triangles>
      </mesh>
    </geometry>
  </library_geometries>
  <library_visual_scenes>
    <visual_scene id="Scene" name="Scene">
      <node id="Кузов" name="Кузов" type="NODE">
        <matrix sid="transform">0.4421779 0 0 0 0 0.4421779 -7.20399e-8 0.6767011 0 7.20399e-8 0.4421779 3.075914 0 0 0 1</matrix>
        <instance_geometry url="#Куб_007-mesh" name="Кузов">
          <bind_material>
            <technique_common>
              <instance_material symbol="Материал_002-material" target="#Материал_002-material">
                <bind_vertex_input semantic="UVКарта" input_semantic="TEXCOORD" input_set="0"/>
              </instance_material>
              <instance_material symbol="Материал_001-material" target="#Материал_001-material">
                <bind_vertex_input semantic="UVКарта" input_semantic="TEXCOORD" input_set="0"/>
              </instance_material>
              <instance_material symbol="Материал_003-material" target="#Материал_003-material">
                <bind_vertex_input semantic="UVКарта" input_semantic="TEXCOORD" input_set="0"/>
              </instance_material>
              <instance_material symbol="Материал_004-material" target="#Материал_004-material">
                <bind_vertex_input semantic="UVКарта" input_semantic="TEXCOORD" input_set="0"/>
              </instance_material>
              <instance_material symbol="Стекло-material" target="#Стекло-material">
                <bind_vertex_input semantic="UVКарта" input_semantic="TEXCOORD" input_set="0"/>
              </instance_material>
              <instance_material symbol="Материал-material" target="#Материал-material">
                <bind_vertex_input semantic="UVКарта" input_semantic="TEXCOORD" input_set="0"/>
              </instance_material>
              <instance_material symbol="Материал_006-material" target="#Материал_006-material">
                <bind_vertex_input semantic="UVКарта" input_semantic="TEXCOORD" input_set="0"/>
              </instance_material>
            </technique_common>
          </bind_material>
        </instance_geometry>
      </node>
    </visual_scene>
  </library_visual_scenes>
  <scene>
    <instance_visual_scene url="#Scene"/>
  </scene>
</COLLADA>