<?xml version="1.0" encoding="utf-8"?>
<COLLADA xmlns="http://www.collada.org/2005/11/COLLADASchema" version="1.4.1" xmlns:xsi="http://www.w3.org/2001/XMLSchema-instance">
  <asset>
    <contributor>
      <author>Blender User</author>
      <authoring_tool>Blender 3.6.0 commit date:2023-06-27, commit time:08:08, hash:c7fc78b81ecb</authoring_tool>
    </contributor>
    <created>2025-10-23T20:51:37</created>
    <modified>2025-10-23T20:51:37</modified>
    <unit name="meter" meter="1"/>
    <up_axis>Z_UP</up_axis>
  </asset>
  <library_effects>
    <effect id="Material_002-effect">
      <profile_COMMON>
        <newparam sid="ojo2_png-surface">
          <surface type="2D">
            <init_from>ojo2_png</init_from>
          </surface>
        </newparam>
        <newparam sid="ojo2_png-sampler">
          <sampler2D>
            <source>ojo2_png-surface</source>
          </sampler2D>
        </newparam>
        <technique sid="common">
          <lambert>
            <emission>
              <color sid="emission">0 0 0 1</color>
            </emission>
            <diffuse>
              <texture texture="ojo2_png-sampler" texcoord="UVMap"/>
            </diffuse>
            <index_of_refraction>
              <float sid="ior">1.45</float>
            </index_of_refraction>
          </lambert>
        </technique>
      </profile_COMMON>
    </effect>
    <effect id="Material_001-effect">
      <profile_COMMON>
        <newparam sid="amarilla_png-surface">
          <surface type="2D">
            <init_from>amarilla_png</init_from>
          </surface>
        </newparam>
        <newparam sid="amarilla_png-sampler">
          <sampler2D>
            <source>amarilla_png-surface</source>
          </sampler2D>
        </newparam>
        <technique sid="common">
          <lambert>
            <emission>
              <color sid="emission">1 0.9516399 0.001673268 1</color>
            </emission>
            <diffuse>
              <texture texture="amarilla_png-sampler" texcoord="UVMap"/>
            </diffuse>
            <index_of_refraction>
              <float sid="ior">1.45</float>
            </index_of_refraction>
          </lambert>
        </technique>
      </profile_COMMON>
    </effect>
  </library_effects>
  <library_images>
    <image id="amarilla_png" name="amarilla_png">
      <init_from>amarilla.png</init_from>
    </image>
    <image id="ojo2_png" name="ojo2_png">
      <init_from>ojo2.png</init_from>
    </image>
  </library_images>
  <library_materials>
    <material id="Material_002-material" name="Material.002">
      <instance_effect url="#Material_002-effect"/>
    </material>
    <material id="Material_001-material" name="Material.001">
      <instance_effect url="#Material_001-effect"/>
    </material>
  </library_materials>
  <library_geometries>
    <geometry id="Cube_003-mesh" name="Cube.003">
      <mesh>
        <source id="Cube_003-mesh-positions">
          <float_array id="Cube_003-mesh-positions-array" count="6324">0.47861 0.7052896 -0.4393355 0.47861 0.7052896 0.3524188 0.3193538 0.7052896 -0.4393355 0.3193538 0.7052896 0.3524188 0.5051527 0.7601668 -0.04345828 0.2928112 0.7601668 -0.04345828 0.4960594 0.591389 -0.4682524 0.490225 0.6585279 -0.4585837 0.5045844 0.7565785 0.08641332 0.5006061 0.7449766 0.2037612 0.4907934 0.7255244 0.2966637 0.490225 0.6585279 0.3716671 0.4960594 0.591389 0.3813357 0.4462252 0.7209327 0.371667 0.3989819 0.7286823 0.3813357 0.3517386 0.7209327 0.371667 0.3077389 0.6585279 0.3716671 0.3019044 0.591389 0.3813357 0.2933794 0.7565785 -0.17333 0.2973578 0.7449766 -0.2906779 0.3071705 0.7255244 -0.3835803 0.3077389 0.6585279 -0.4585837 0.3019044 0.591389 -0.4682524 0.3517386 0.7209327 -0.4585837 0.3989819 0.7286823 -0.4682524 0.4462252 0.7209327 -0.4585837 0.4907934 0.7255244 -0.3835803 0.5006061 0.7449766 -0.2906779 0.5045844 0.7565785 -0.17333 0.3071705 0.7255244 0.2966638 0.2973578 0.7449766 0.2037612 0.2933794 0.7565785 0.08641338 0.4570441 0.8066247 -0.04345828 0.3989819 0.8221107 -0.04345828 0.3409197 0.8066247 -0.04345828 0.2629506 0.6853179 -0.04345828 0.2529971 0.5949832 -0.04345828 0.5350132 0.6853179 -0.04345828 0.5449668 0.5949832 -0.04345828 0.5441988 0.5942221 0.08676975 0.5342932 0.6830047 0.08659154 0.5388227 0.5928223 0.2066122 0.5292531 0.6759752 0.2051867 0.524261 0.5917844 0.3066506 0.5157981 0.6654663 0.3019902 0.4520366 0.5914269 0.4267985 0.4493319 0.6618598 0.4128534 0.3989819 0.5915712 0.4420206 0.3989819 0.6651449 0.4267985 0.3459272 0.5914269 0.4267985 0.3486319 0.6618598 0.4128534 0.2537651 0.5942221 -0.1736864 0.2636706 0.6830047 -0.1735082 0.2591412 0.5928223 -0.2935289 0.2687107 0.6759752 -0.2921034 0.2737029 0.5917844 -0.3935672 0.2821658 0.6654663 -0.3889068 0.3459272 0.5914269 -0.5137152 0.3486319 0.6618598 -0.49977 0.3989819 0.5915712 -0.5289373 0.3989819 0.6651449 -0.5137151 0.4520366 0.5914269 -0.5137152 0.4493319 0.6618598 -0.49977 0.3412327 0.8022442 -0.1735082 0.3989819 0.8174636 -0.1736864 0.4567311 0.8022443 -0.1735082 0.3434235 0.7877601 -0.2921034 0.3989819 0.8019781 -0.2935289 0.4545403 0.7877601 -0.2921034 0.348319 0.761569 -0.3889068 0.3989819 0.7735514 -0.3935672 0.4496449 0.761569 -0.3889068 0.348319 0.761569 0.3019902 0.3989819 0.7735514 0.3066506 0.4496449 0.761569 0.3019902 0.3434235 0.7877601 0.2051867 0.3989819 0.8019782 0.2066122 0.4545403 0.7877601 0.2051867 0.3412327 0.8022442 0.08659154 0.3989819 0.8174636 0.0867697 0.4567311 0.8022443 0.08659154 0.2737029 0.5917844 0.3066506 0.2821658 0.6654663 0.3019902 0.2591412 0.5928223 0.2066122 0.2687107 0.6759752 0.2051867 0.2537651 0.5942221 0.08676975 0.2636706 0.6830047 0.08659154 0.524261 0.5917844 -0.3935672 0.5157981 0.6654663 -0.3889068 0.5388227 0.5928223 -0.2935289 0.5292531 0.6759752 -0.2921034 0.5441988 0.5942221 -0.1736864 0.5342932 0.6830047 -0.1735082 -0.47861 0.7052896 -0.4393355 -0.47861 0.7052896 0.3524188 -0.3193538 0.7052896 -0.4393355 -0.3193538 0.7052896 0.3524188 -0.5051527 0.7601668 -0.04345828 -0.2928112 0.7601668 -0.04345828 -0.4960594 0.591389 -0.4682524 -0.490225 0.6585279 -0.4585837 -0.5045844 0.7565785 0.08641332 -0.5006061 0.7449766 0.2037612 -0.4907934 0.7255244 0.2966637 -0.490225 0.6585279 0.3716671 -0.4960594 0.591389 0.3813357 -0.4462252 0.7209327 0.371667 -0.3989819 0.7286823 0.3813357 -0.3517386 0.7209327 0.371667 -0.3077389 0.6585279 0.3716671 -0.3019044 0.591389 0.3813357 -0.2933794 0.7565785 -0.17333 -0.2973578 0.7449766 -0.2906779 -0.3071705 0.7255244 -0.3835803 -0.3077389 0.6585279 -0.4585837 -0.3019044 0.591389 -0.4682524 -0.3517386 0.7209327 -0.4585837 -0.3989819 0.7286823 -0.4682524 -0.4462252 0.7209327 -0.4585837 -0.4907934 0.7255244 -0.3835803 -0.5006061 0.7449766 -0.2906779 -0.5045844 0.7565785 -0.17333 -0.3071705 0.7255244 0.2966638 -0.2973578 0.7449766 0.2037612 -0.2933794 0.7565785 0.08641338 -0.4570441 0.8066247 -0.04345828 -0.3989819 0.8221107 -0.04345828 -0.3409197 0.8066247 -0.04345828 -0.2629506 0.6853179 -0.04345828 -0.2529971 0.5949832 -0.04345828 -0.5350132 0.6853179 -0.04345828 -0.5449668 0.5949832 -0.04345828 -0.5441988 0.5942221 0.08676975 -0.5342932 0.6830047 0.08659154 -0.5388227 0.5928223 0.2066122 -0.5292531 0.6759752 0.2051867 -0.524261 0.5917844 0.3066506 -0.5157981 0.6654663 0.3019902 -0.4520366 0.5914269 0.4267985 -0.4493319 0.6618598 0.4128534 -0.3989819 0.5915712 0.4420206 -0.3989819 0.6651449 0.4267985 -0.3459272 0.5914269 0.4267985 -0.3486319 0.6618598 0.4128534 -0.2537651 0.5942221 -0.1736864 -0.2636706 0.6830047 -0.1735082 -0.2591412 0.5928223 -0.2935289 -0.2687107 0.6759752 -0.2921034 -0.2737029 0.5917844 -0.3935672 -0.2821658 0.6654663 -0.3889068 -0.3459272 0.5914269 -0.5137152 -0.3486319 0.6618598 -0.49977 -0.3989819 0.5915712 -0.5289373 -0.3989819 0.6651449 -0.5137151 -0.4520366 0.5914269 -0.5137152 -0.4493319 0.6618598 -0.49977 -0.3412327 0.8022442 -0.1735082 -0.3989819 0.8174636 -0.1736864 -0.4567311 0.8022443 -0.1735082 -0.3434235 0.7877601 -0.2921034 -0.3989819 0.8019781 -0.2935289 -0.4545403 0.7877601 -0.2921034 -0.348319 0.761569 -0.3889068 -0.3989819 0.7735514 -0.3935672 -0.4496449 0.761569 -0.3889068 -0.348319 0.761569 0.3019902 -0.3989819 0.7735514 0.3066506 -0.4496449 0.761569 0.3019902 -0.3434235 0.7877601 0.2051867 -0.3989819 0.8019782 0.2066122 -0.4545403 0.7877601 0.2051867 -0.3412327 0.8022442 0.08659154 -0.3989819 0.8174636 0.0867697 -0.4567311 0.8022443 0.08659154 -0.2737029 0.5917844 0.3066506 -0.2821658 0.6654663 0.3019902 -0.2591412 0.5928223 0.2066122 -0.2687107 0.6759752 0.2051867 -0.2537651 0.5942221 0.08676975 -0.2636706 0.6830047 0.08659154 -0.524261 0.5917844 -0.3935672 -0.5157981 0.6654663 -0.3889068 -0.5388227 0.5928223 -0.2935289 -0.5292531 0.6759752 -0.2921034 -0.5441988 0.5942221 -0.1736864 -0.5342932 0.6830047 -0.1735082 0.7642895 0.3786561 0.995804 0 0.6884632 0.004061639 0 0.4492315 1.960313 0.8353436 0.1074842 1.148518 0 0.2305719 2.463768 1.297396 0.3404956 -0.6513755 2.226848 0.2375862 0.3553119 1.476751 -0.06228268 -0.6655197 2.454657 0.04281753 0.4575251 0 0.2858886 -1.476281 1.490463 0.04991102 -1.875508 0 -0.1560773 -1.667758 1.613268 -0.1906563 -2.03725 1.315915 0.08253204 0.8818935 0.6107164 0.6134473 -0.4287926 1.184616 0.3477156 0.7367995 0.4053105 0.2241255 -1.603128 0.4143533 -0.1712165 -1.829528 0.9765965 0.5136889 -0.5499821 1.202468 0.08794057 -1.945569 1.332666 -0.2104737 -2.249009 2.189543 0.06651157 0.710707 1.925823 0.2937112 0.5364962 1.514662 -0.09815829 -1.048867 0 0.546209 -0.9932352 1.337983 0.2579733 -1.033261 0.4809993 0.5001115 -0.9808405 0.9742606 0.4067587 -1.013648 0.6976503 0.503836 0.6783778 1.645942 0.3087063 -0.2329318 1.835803 -0.02428042 -0.259448 0.9334183 0.5106874 0.3735023 1.310727 0.4575875 0.01346683 0.3293319 0.4269555 1.656103 0.3442841 0.1882655 2.011704 0.7672098 0.5980988 0.007474064 1.070211 0.5199091 -0.3047575 0.4481468 0.5944021 0.573862 1.370454 0.3412811 -0.522114 1.549555 -0.05174088 -0.5528756 -0.7642894 0.3786562 0.9958041 -0.8353436 0.1074842 1.148518 -1.297396 0.3404956 -0.6513755 -2.226848 0.2375862 0.3553119 -1.47675 -0.06228268 -0.6655197 -2.454657 0.04281753 0.4575251 -1.490463 0.04991102 -1.875508 -1.613268 -0.1906563 -2.03725 -1.315915 0.08253204 0.8818935 -0.6107164 0.6134474 -0.4287926 -1.184616 0.3477156 0.7367995 -0.4053105 0.2241256 -1.603128 -0.4143533 -0.1712165 -1.829528 -0.9765964 0.513689 -0.5499822 -1.202468 0.08794057 -1.945569 -1.332666 -0.2104737 -2.249009 -2.189543 0.06651157 0.710707 -1.925824 0.2937112 0.5364962 -1.514662 -0.09815829 -1.048867 -1.337983 0.2579732 -1.033261 -0.4809992 0.5001115 -0.9808405 -0.9742606 0.4067587 -1.013648 -0.6976503 0.5038361 0.6783778 -1.645942 0.3087063 -0.2329318 -1.835803 -0.02428042 -0.259448 -0.9334183 0.5106874 0.3735022 -1.310727 0.4575875 0.01346683 -0.3293319 0.4269556 1.656103 -0.3442841 0.1882655 2.011704 -0.7672098 0.5980988 0.007474064 -1.070211 0.5199092 -0.3047575 -0.4481468 0.5944021 0.573862 -1.370454 0.3412811 -0.5221141 -1.549555 -0.05174088 -0.5528756 0.7642894 -0.1873144 1.04877 0 -0.675755 0.1317321 0 -0.07770437 2.009626 1.297396 -0.4554427 -0.5768876 2.226848 -0.1675343 0.3932252 0 -0.5548411 -1.397601 1.490463 -0.3970358 -1.83368 0.6107164 -0.6823557 -0.3075248 1.184616 -0.2049682 0.7885226 0.4053105 -0.5176866 -1.533706 0.9765964 -0.6068156 -0.4451196 1.202468 -0.4474045 -1.895468 1.925824 -0.1890668 0.581677 0 -0.7210146 -0.874642 1.337983 -0.4452103 -0.9674537 0.4809992 -0.6734176 -0.8710157 0.9742606 -0.5877732 -0.9205749 0.6976503 -0.3692176 0.7600827 1.645942 -0.3465652 -0.1716082 0.9334183 -0.4325181 0.4617722 1.310727 -0.4471431 0.09813612 0.3293319 -0.1122599 1.706565 0.7672098 -0.5863265 0.1183186 1.070211 -0.5674276 -0.202999 0.4481468 -0.4776034 0.6741858 1.370454 -0.4322308 -0.4497249 -0.7642895 -0.1873144 1.04877 -1.297396 -0.4554427 -0.5768876 -2.226848 -0.1675343 0.3932252 -1.490463 -0.3970358 -1.83368 -0.6107164 -0.6823557 -0.3075248 -1.184616 -0.2049681 0.7885226 -0.4053105 -0.5176865 -1.533706 -0.9765965 -0.6068156 -0.4451196 -1.202468 -0.4474045 -1.895468 -1.925823 -0.1890668 0.581677 -1.337983 -0.4452103 -0.9674538 -0.4809993 -0.6734176 -0.8710157 -0.9742606 -0.5877732 -0.9205749 -0.6976503 -0.3692176 0.7600827 -1.645942 -0.3465652 -0.1716082 -0.9334183 -0.4325181 0.4617722 -1.310727 -0.4471431 0.09813612 -0.3293319 -0.1122599 1.706565 -0.7672098 -0.5863265 0.1183186 -1.070211 -0.5674276 -0.202999 -0.4481468 -0.4776035 0.6741858 -1.370454 -0.4322308 -0.4497249 0.8289325 0.1841996 1.133496 0.8123261 0.2567668 1.103023 0.7894649 0.3224858 1.057119 0.234881 0.4365183 1.78794 0.1508169 0.4434999 1.883144 0.0736773 0.4477784 1.940881 0 0.5136966 1.587423 0 0.5794875 1.124452 0 0.6407318 0.6065302 0.7056052 0.4859819 0.7453964 0.7202585 0.4585701 0.8339005 0.7404279 0.4234552 0.9199591 0 0.3902146 2.215217 0 0.3356311 2.36703 0 0.2831831 2.441348 0.2419857 0.2058729 2.199847 0.1535965 0.2191939 2.342188 0.07448005 0.2276272 2.432303 1.366599 0.2579415 -0.6653355 1.423676 0.1596431 -0.672446 1.462452 0.05107653 -0.6725574 1.804209 0.2924442 -0.07553225 1.976935 0.2735046 0.09686499 2.129567 0.2536365 0.2523841 1.16041 0.0856359 0.9150592 1.040684 0.08959662 0.9573817 0.9384312 0.09626311 1.028616 2.305144 0.2052957 0.3919951 2.385117 0.1574983 0.4269268 2.436899 0.102102 0.4479048 1.059285 0.485314 -0.5783115 1.14154 0.4502103 -0.6059998 1.221523 0.4035477 -0.6310276 1.998219 -0.008390069 -0.08965176 2.177762 0.009840726 0.105153 2.341037 0.02778548 0.2969006 1.051067 0.3563006 0.7788215 0.9464289 0.3632928 0.826386 0.8558028 0.3702315 0.8939085 1.493098 -0.08260458 -0.8826686 1.479981 -0.07247674 -0.7744479 1.474726 -0.06622076 -0.7075999 0 0.1882845 -1.55935 0 0.07863497 -1.622925 0 -0.03787922 -1.661046 1.334264 0.0688737 -1.978619 1.419714 0.05807697 -1.972497 1.468723 0.05256032 -1.929983 1.529204 0.005743563 -1.939151 1.57157 -0.0554974 -1.998665 1.601883 -0.1224019 -2.03136 1.477495 -0.2140569 -2.287297 1.564043 -0.2124506 -2.270134 1.605053 -0.2049016 -2.189469 0 0.4942652 -1.138049 0 0.4359835 -1.266115 0 0.3677344 -1.378502 1.311528 0.2946193 -0.8716761 1.2974 0.3185021 -0.7646637 1.293417 0.3327511 -0.6964788 1.980913 0.07033741 0.7515879 1.74845 0.07460027 0.7971386 1.518126 0.07882392 0.8422704 0.1998379 0.681904 -0.2109678 0.35331 0.6629081 -0.3191787 0.489923 0.638979 -0.385259 1.747375 0.3084222 0.5844923 1.550535 0.3229911 0.636806 1.356037 0.3364211 0.6890406 0.06959068 0.2820619 -1.48206 0.1518762 0.2705373 -1.502262 0.2595512 0.2512476 -1.541186 0.06296205 -0.1568082 -1.675569 0.1421746 -0.1592881 -1.702067 0.2538882 -0.1639474 -1.751853 0.509907 0.5431956 -0.8276594 0.5410985 0.576053 -0.6857891 0.5746696 0.5992736 -0.5534326 0.4036034 0.1314403 -1.708689 0.4070585 0.03258705 -1.781861 0.4119004 -0.06933242 -1.822267 0.7286075 0.6103826 -0.09208995 0.6888239 0.6178426 -0.1981078 0.6491099 0.6192677 -0.3104014 1.237833 0.2893846 0.797445 1.279333 0.2245645 0.8408125 1.3063 0.1550242 0.8684471 0.7158108 0.5885786 -0.4636871 0.808826 0.5641915 -0.4942472 0.8942564 0.5394928 -0.5223775 0.5952767 0.1899161 -1.688927 0.8092838 0.1526121 -1.785578 1.020594 0.1170186 -1.876613 0.6314441 -0.1811429 -1.935596 0.8795308 -0.1922406 -2.05418 1.124607 -0.2026406 -2.165308 2.492177 0.05301696 0.5665112 2.454957 0.05929034 0.6335453 2.351309 0.06325083 0.6758649 2.215287 0.2503999 0.4022688 2.165174 0.2652739 0.4523922 2.067717 0.2795327 0.4948831 2.04288 0.2408024 0.6187967 2.125106 0.1848192 0.6706728 2.17362 0.1264822 0.6990134 0.9528521 0.4536425 -0.8422936 0.9497105 0.484216 -0.7167301 0.9594281 0.5027935 -0.6237092 1.256064 0.006076514 -2.097387 1.297125 -0.07032036 -2.192178 1.323407 -0.1421904 -2.239525 1.043445 0.5236705 -0.3634269 1.018977 0.5238372 -0.4226292 0.9967229 0.5204848 -0.4842019 1.600519 -0.1696879 -1.813194 1.574988 -0.1448772 -1.54808 1.543946 -0.1198316 -1.280456 0 0.6727254 -0.3969978 0 0.6376632 -0.6361716 0 0.5944523 -0.8289894 1.463088 0.09183424 -1.725537 1.421772 0.1490405 -1.500813 1.377092 0.2073303 -1.254875 0.4150448 0.3079936 -1.467374 0.4320293 0.3822051 -1.310888 0.4545766 0.4463733 -1.14495 1.139623 0.1749289 -1.733973 1.074979 0.2615666 -1.487179 1.017028 0.3410959 -1.2366 1.260544 0.3122408 -1.027643 1.17477 0.3517505 -1.023711 1.079672 0.381568 -1.019651 0.8583496 0.4314125 -1.004621 0.7349564 0.4557153 -0.9944213 0.6079 0.4788782 -0.9856329 0.3572714 0.5185673 -0.9816901 0.2365247 0.533163 -0.9860715 0.1177655 0.5427573 -0.9909362 1.40699 0.1855984 -1.041443 1.463123 0.09863108 -1.049313 1.500856 0.002301871 -1.053059 0.5237239 0.5668627 0.6258847 0.5932362 0.5408241 0.6574711 0.654415 0.5187484 0.6722739 1.403592 0.3368013 -0.4838756 1.453017 0.3303523 -0.4300428 1.530033 0.321224 -0.34995 1.58455 -0.04844856 -0.5176958 1.636454 -0.043513 -0.4649569 1.716471 -0.03582626 -0.3828204 1.122853 0.3982565 0.6586278 1.057115 0.4415752 0.567866 0.9923291 0.4787071 0.4707466 1.776313 0.3427846 0.420761 1.610717 0.3870984 0.2840918 1.4489 0.4256878 0.1428674 1.214514 0.4774253 0.09938138 1.11674 0.4932592 0.1896659 1.021632 0.5045322 0.2818598 0.8556478 0.5116803 0.4621424 0.7891599 0.5095149 0.545368 0.734575 0.5064327 0.6206508 1.569037 0.3624787 -0.1916167 1.487872 0.4030486 -0.1348664 1.401939 0.4336676 -0.06554913 1.717765 0.2397162 -0.2570837 1.778346 0.1584417 -0.2669051 1.82019 0.06905275 -0.266369 0.6607077 0.3896209 1.140561 0.5487482 0.4022398 1.31296 0.43582 0.4151418 1.491856 0.7177364 0.12438 1.329058 0.5904096 0.1451569 1.551069 0.4627849 0.1672928 1.787602 0.8839359 0.5383998 0.2807959 0.8419458 0.562122 0.1910124 0.8041398 0.5819798 0.1009668 1.211038 0.4821594 -0.0915817 1.144576 0.5000731 -0.1751523 1.101061 0.5123242 -0.2439693 0.1667902 0.669766 0.2417554 0.2755115 0.6465644 0.3908477 0.3667935 0.6212192 0.4980298 1.307487 0.3444318 -0.6157217 1.323161 0.3455222 -0.5843376 1.344216 0.3442956 -0.5541571 1.485526 -0.05931341 -0.6337914 1.50075 -0.05678325 -0.6067553 1.522176 -0.0543673 -0.5809403 1.438508 0.2595603 -0.546756 1.495622 0.1635076 -0.5585696 1.534927 0.05808621 -0.5598457 0.9964722 0.5448022 -0.2337349 0.922891 0.5660467 -0.1584824 0.8472195 0.5837699 -0.07830959 0.6820095 0.6086981 0.101955 0.5963484 0.6133812 0.2178028 0.5163523 0.6094989 0.3700833 1.297452 0.4051809 -0.4832167 1.221999 0.4536656 -0.4320948 1.145712 0.4906151 -0.3716434 0.3291891 0.370954 1.828355 0.3346043 0.3124105 1.935622 0.3411214 0.2514669 1.99203 0.3390755 0.4798308 1.413163 0.3608089 0.5272268 1.12753 0.3965075 0.5663489 0.8356235 -0.8289325 0.1841996 1.133496 -0.8123261 0.2567668 1.103023 -0.7894648 0.3224858 1.057118 -0.234881 0.4365183 1.78794 -0.1508169 0.4434999 1.883144 -0.0736773 0.4477783 1.940881 -0.7056053 0.4859819 0.7453964 -0.7202586 0.4585701 0.8339005 -0.7404279 0.4234552 0.9199591 -0.2419857 0.2058729 2.199847 -0.1535965 0.2191939 2.342188 -0.07448005 0.2276272 2.432302 -1.366599 0.2579415 -0.6653355 -1.423676 0.1596432 -0.672446 -1.462452 0.05107653 -0.6725575 -1.804209 0.2924442 -0.07553225 -1.976935 0.2735046 0.09686499 -2.129567 0.2536365 0.2523841 -1.16041 0.0856359 0.9150592 -1.040684 0.08959662 0.9573817 -0.9384312 0.09626317 1.028616 -2.305144 0.2052957 0.3919951 -2.385117 0.1574983 0.4269267 -2.436899 0.102102 0.4479048 -1.059285 0.485314 -0.5783114 -1.14154 0.4502103 -0.6059998 -1.221523 0.4035477 -0.6310276 -1.998219 -0.008390069 -0.08965176 -2.177761 0.009840726 0.105153 -2.341038 0.02778548 0.2969006 -1.051067 0.3563006 0.7788215 -0.9464288 0.3632928 0.826386 -0.8558028 0.3702315 0.8939084 -1.493098 -0.08260458 -0.8826686 -1.479981 -0.07247674 -0.7744479 -1.474727 -0.06622076 -0.7075999 -1.334264 0.06887376 -1.978619 -1.419714 0.05807697 -1.972497 -1.468723 0.05256032 -1.929983 -1.529204 0.005743622 -1.939152 -1.57157 -0.0554974 -1.998665 -1.601883 -0.1224019 -2.03136 -1.477495 -0.2140569 -2.287297 -1.564042 -0.2124507 -2.270134 -1.605053 -0.2049016 -2.189469 -1.311528 0.2946194 -0.871676 -1.2974 0.3185021 -0.7646637 -1.293417 0.3327511 -0.6964788 -1.980913 0.07033741 0.7515878 -1.74845 0.07460027 0.7971386 -1.518126 0.07882392 0.8422704 -0.1998379 0.681904 -0.2109678 -0.3533099 0.6629081 -0.3191787 -0.489923 0.638979 -0.385259 -1.747375 0.3084223 0.5844923 -1.550535 0.3229911 0.636806 -1.356037 0.3364211 0.6890406 -0.06959068 0.2820619 -1.48206 -0.1518762 0.2705373 -1.502262 -0.2595512 0.2512476 -1.541186 -0.06296205 -0.1568082 -1.675569 -0.1421746 -0.1592881 -1.702067 -0.2538882 -0.1639474 -1.751853 -0.5099071 0.5431956 -0.8276594 -0.5410985 0.576053 -0.6857892 -0.5746697 0.5992736 -0.5534326 -0.4036034 0.1314403 -1.708689 -0.4070585 0.03258705 -1.781861 -0.4119004 -0.06933242 -1.822267 -0.7286075 0.6103825 -0.09208995 -0.6888239 0.6178426 -0.1981078 -0.6491098 0.6192678 -0.3104014 -1.237833 0.2893846 0.797445 -1.279333 0.2245645 0.8408126 -1.3063 0.1550242 0.8684472 -0.7158108 0.5885787 -0.463687 -0.808826 0.5641915 -0.4942473 -0.8942564 0.5394929 -0.5223775 -0.5952767 0.1899161 -1.688927 -0.8092839 0.1526121 -1.785577 -1.020594 0.1170186 -1.876613 -0.6314442 -0.1811429 -1.935596 -0.8795308 -0.1922406 -2.05418 -1.124607 -0.2026405 -2.165308 -2.492176 0.05301696 0.5665111 -2.454957 0.05929034 0.6335453 -2.351309 0.06325083 0.6758649 -2.215287 0.2504 0.4022688 -2.165174 0.2652739 0.4523921 -2.067717 0.2795327 0.4948831 -2.04288 0.2408024 0.6187967 -2.125106 0.1848192 0.6706728 -2.17362 0.1264822 0.6990134 -0.952852 0.4536426 -0.8422936 -0.9497106 0.4842161 -0.7167301 -0.9594282 0.5027935 -0.6237092 -1.256064 0.006076514 -2.097387 -1.297125 -0.07032036 -2.192178 -1.323407 -0.1421904 -2.239525 -1.043445 0.5236705 -0.3634269 -1.018977 0.5238371 -0.4226292 -0.9967229 0.5204848 -0.4842019 -1.600519 -0.1696879 -1.813194 -1.574988 -0.1448772 -1.54808 -1.543945 -0.1198316 -1.280456 -1.463088 0.09183424 -1.725537 -1.421772 0.1490405 -1.500813 -1.377092 0.2073302 -1.254875 -0.4150447 0.3079935 -1.467374 -0.4320293 0.3822051 -1.310888 -0.4545766 0.4463733 -1.14495 -1.139623 0.1749289 -1.733973 -1.07498 0.2615666 -1.487179 -1.017028 0.3410959 -1.2366 -1.260544 0.3122408 -1.027643 -1.17477 0.3517505 -1.023711 -1.079671 0.381568 -1.019651 -0.8583497 0.4314124 -1.004621 -0.7349563 0.4557153 -0.9944213 -0.6079 0.4788781 -0.9856329 -0.3572714 0.5185673 -0.9816901 -0.2365247 0.533163 -0.9860715 -0.1177655 0.5427573 -0.9909362 -1.40699 0.1855984 -1.041443 -1.463123 0.09863108 -1.049313 -1.500856 0.002301871 -1.053059 -0.5237239 0.5668627 0.6258847 -0.5932362 0.540824 0.657471 -0.6544149 0.5187484 0.6722739 -1.403592 0.3368013 -0.4838756 -1.453017 0.3303523 -0.4300428 -1.530033 0.321224 -0.34995 -1.58455 -0.04844856 -0.5176958 -1.636454 -0.043513 -0.4649569 -1.716471 -0.03582626 -0.3828205 -1.122853 0.3982565 0.6586278 -1.057115 0.4415752 0.5678659 -0.992329 0.4787071 0.4707466 -1.776313 0.3427846 0.420761 -1.610717 0.3870985 0.2840918 -1.4489 0.4256878 0.1428674 -1.214514 0.4774254 0.09938138 -1.11674 0.4932592 0.1896659 -1.021632 0.5045322 0.2818598 -0.8556479 0.5116803 0.4621424 -0.7891598 0.5095149 0.545368 -0.7345749 0.5064327 0.6206508 -1.569037 0.3624788 -0.1916167 -1.487872 0.4030486 -0.1348664 -1.401939 0.4336676 -0.06554913 -1.717765 0.2397162 -0.2570837 -1.778346 0.1584417 -0.2669051 -1.820189 0.06905275 -0.2663689 -0.6607077 0.3896209 1.140561 -0.5487482 0.4022399 1.31296 -0.43582 0.4151418 1.491856 -0.7177364 0.12438 1.329058 -0.5904096 0.1451569 1.551069 -0.4627848 0.1672928 1.787602 -0.8839359 0.5383999 0.2807959 -0.8419458 0.5621219 0.1910124 -0.8041399 0.5819798 0.1009668 -1.211038 0.4821595 -0.0915817 -1.144576 0.500073 -0.1751523 -1.101061 0.5123243 -0.2439693 -0.1667901 0.669766 0.2417553 -0.2755115 0.6465644 0.3908477 -0.3667935 0.6212192 0.4980297 -1.307487 0.3444318 -0.6157217 -1.323161 0.3455222 -0.5843376 -1.344216 0.3442956 -0.5541571 -1.485526 -0.05931341 -0.6337914 -1.50075 -0.05678319 -0.6067553 -1.522176 -0.0543673 -0.5809403 -1.438508 0.2595603 -0.546756 -1.495622 0.1635076 -0.5585695 -1.534927 0.05808621 -0.5598458 -0.9964723 0.5448021 -0.2337349 -0.922891 0.5660467 -0.1584824 -0.8472196 0.5837698 -0.07830959 -0.6820094 0.6086981 0.1019549 -0.5963484 0.6133812 0.2178028 -0.5163523 0.609499 0.3700834 -1.297452 0.4051809 -0.4832167 -1.221999 0.4536657 -0.4320948 -1.145712 0.4906151 -0.3716434 -0.3291891 0.370954 1.828355 -0.3346044 0.3124105 1.935622 -0.3411214 0.2514669 1.99203 -0.3390755 0.4798308 1.413163 -0.3608088 0.5272268 1.12753 -0.3965075 0.5663489 0.8356235 0.8289325 0.02931362 1.147991 0.8123261 -0.04764771 1.131511 0.7894648 -0.1207428 1.098598 0.234881 -0.09719496 1.837887 0.1508169 -0.08639049 1.932734 0.0736773 -0.07988178 1.990262 0 -0.210238 1.655172 0 -0.3607884 1.212448 0 -0.5170673 0.714883 0.7056053 -0.3392385 0.8226248 0.7202586 -0.2958812 0.9045059 0.7404279 -0.2454082 0.9825547 0 0.02758401 2.249154 0 0.1093877 2.388203 0 0.1747144 2.451499 1.366599 -0.3769123 -0.6059227 1.423676 -0.2816402 -0.6311485 1.462452 -0.1749794 -0.651402 1.804209 -0.3013808 -0.01995909 1.976935 -0.2507826 0.1459304 2.129567 -0.2024036 0.2950627 2.305144 -0.1289981 0.4232801 2.385117 -0.0755493 0.4487366 2.436899 -0.01722246 0.4590718 1.059285 -0.5841897 -0.4782218 1.14154 -0.5548331 -0.5119428 1.221523 -0.5136246 -0.545194 1.051067 -0.2056071 0.8314077 0.9464288 -0.2036526 0.8794437 0.8558028 -0.1979423 0.947081 0 -0.474345 -1.497338 0 -0.3783954 -1.580153 0 -0.2709776 -1.639232 1.334264 -0.4348009 -1.931482 1.419714 -0.4230558 -1.92747 1.468723 -0.4097467 -1.886718 1.529204 -0.3654441 -1.904414 1.57157 -0.3163089 -1.974257 1.601883 -0.2566325 -2.018798 0 -0.6968422 -1.026579 0 -0.6633344 -1.163235 0 -0.6171234 -1.286334 1.311528 -0.4512388 -0.8018748 1.2974 -0.4548512 -0.6922894 1.293417 -0.4562014 -0.6226446 0.1998379 -0.7092073 -0.08078056 0.3533099 -0.7106192 -0.1906369 0.489923 -0.6993665 -0.2600098 1.747375 -0.194617 0.6315692 1.550535 -0.1992263 0.6856777 1.356037 -0.2027312 0.7394973 0.06959068 -0.5521531 -1.40399 0.1518762 -0.5445771 -1.42598 0.2595512 -0.5328444 -1.467807 0.5099071 -0.6873317 -0.7125004 0.5410985 -0.6932951 -0.5669971 0.5746697 -0.6915544 -0.4326303 0.4036034 -0.4461969 -1.654631 0.4070585 -0.3626369 -1.744874 0.4119004 -0.2699842 -1.803488 0.7286075 -0.6168705 0.02276259 0.6888239 -0.6438722 -0.08003014 0.6491098 -0.6661081 -0.1901094 1.237833 -0.1363975 0.8372919 1.279333 -0.06465643 0.8678794 1.3063 0.008803784 0.8821312 0.7158108 -0.6643933 -0.3464275 0.808826 -0.6460999 -0.3809821 0.8942564 -0.6270496 -0.4132065 0.5952767 -0.4999907 -1.624362 0.8092839 -0.4812674 -1.726256 1.020594 -0.4631832 -1.822315 2.215287 -0.1714128 0.4417442 2.165174 -0.1767284 0.493757 2.067717 -0.1828556 0.5381558 2.04288 -0.1218063 0.6527314 2.125106 -0.05716991 0.6933194 2.17362 0.005412578 0.7103438 0.952852 -0.6020489 -0.7434966 0.9497106 -0.6087939 -0.6144407 0.9594282 -0.6097891 -0.519588 1.256064 -0.3951311 -2.05984 1.297125 -0.3376488 -2.16716 1.323407 -0.2758116 -2.22702 1.043445 -0.5820095 -0.2599518 1.018977 -0.5931579 -0.3180952 0.9967229 -0.6012883 -0.3792207 0 -0.7347051 -0.2652833 0 -0.7446292 -0.5068096 0 -0.737945 -0.7042969 1.463088 -0.4104046 -1.678535 1.421772 -0.4249212 -1.447099 1.377092 -0.4365662 -1.194616 0.4150447 -0.5749096 -1.384747 0.4320293 -0.6187973 -1.217209 0.4545766 -0.6510623 -1.042246 1.139623 -0.4936217 -1.671406 1.07498 -0.5329636 -1.412823 1.017028 -0.5646182 -1.151839 1.260544 -0.4974931 -0.9518638 1.17477 -0.5355873 -0.9406695 1.079671 -0.5641337 -0.9311475 0.8583497 -0.6103239 -0.9071303 0.7349563 -0.6323122 -0.8925981 0.6079 -0.6534421 -0.8796645 0.3572714 -0.6917106 -0.8684261 0.2365247 -0.7068659 -0.8700233 0.1177655 -0.7171962 -0.8730233 1.40699 -0.3756104 -0.9889224 1.463123 -0.2916134 -1.012792 1.500856 -0.1976519 -1.034346 0.5237239 -0.4408897 0.7201954 0.5932362 -0.4094424 0.7464017 0.6544149 -0.3850035 0.7568516 1.403592 -0.4207338 -0.4129816 1.453017 -0.4044083 -0.3612802 1.530033 -0.3805778 -0.2842718 1.122853 -0.2691358 0.7210857 1.057115 -0.3285428 0.6399375 0.992329 -0.38305 0.5513942 1.776313 -0.2587623 0.4770568 1.610717 -0.327665 0.350983 1.4489 -0.3917877 0.2193709 1.214514 -0.4506955 0.1862397 1.11674 -0.4495025 0.2778944 1.021632 -0.4434736 0.370579 0.8556479 -0.417047 0.5490574 0.7891598 -0.3994772 0.6304361 0.7345749 -0.3824801 0.7038398 1.569037 -0.3917382 -0.1210332 1.487872 -0.4210737 -0.05774086 1.401939 -0.4382996 0.01605391 1.717765 -0.2832543 -0.2081415 1.778346 -0.2052134 -0.2328724 1.820189 -0.1172772 -0.2489312 0.6607077 -0.1712299 1.193048 0.5487482 -0.1516419 1.364795 0.43582 -0.1311265 1.542978 0.8839359 -0.4769506 0.3758176 0.8419458 -0.5169197 0.2919946 0.8041399 -0.5531402 0.207197 1.211038 -0.4907797 -5.29104e-4 1.144576 -0.5238883 -0.07932472 1.101061 -0.5486955 -0.1446737 0.1667901 -0.6132795 0.3618292 0.2755115 -0.5628173 0.5040278 0.3667935 -0.5180252 0.604646 1.307487 -0.4526952 -0.5411224 1.323161 -0.4479435 -0.5100811 1.344216 -0.4411383 -0.4806522 1.438508 -0.3565012 -0.4891018 1.495622 -0.2643083 -0.5185323 1.534927 -0.1609542 -0.5393469 0.9964723 -0.5787104 -0.1285908 0.922891 -0.5856233 -0.05070322 0.8472196 -0.588163 0.03136581 0.6820094 -0.5792112 0.2131256 0.5963484 -0.562318 0.3278308 0.5163523 -0.5302483 0.4767467 1.297452 -0.4878038 -0.3996466 1.221999 -0.5259612 -0.3404163 1.145712 -0.5510526 -0.2741588 0.3291891 -0.02527022 1.865436 0.3346044 0.0521596 1.959978 0.3411214 0.1225111 2.004098 0.3390755 -0.2092933 1.477654 0.3608088 -0.3088641 1.205776 0.3965075 -0.4014688 0.9261968 -0.8289325 0.02931362 1.147991 -0.8123261 -0.04764765 1.131511 -0.7894649 -0.1207427 1.098598 -0.234881 -0.09719496 1.837887 -0.1508169 -0.08639049 1.932734 -0.0736773 -0.07988184 1.990262 -0.7056052 -0.3392385 0.8226248 -0.7202585 -0.2958812 0.9045059 -0.7404279 -0.2454082 0.9825547 -1.366599 -0.3769123 -0.6059227 -1.423676 -0.2816402 -0.6311485 -1.462452 -0.1749794 -0.6514019 -1.804209 -0.3013808 -0.01995909 -1.976935 -0.2507826 0.1459304 -2.129567 -0.2024036 0.2950627 -2.305144 -0.1289981 0.4232801 -2.385117 -0.0755493 0.4487366 -2.436899 -0.01722246 0.4590718 -1.059285 -0.5841897 -0.4782218 -1.14154 -0.5548331 -0.5119428 -1.221523 -0.5136245 -0.545194 -1.051067 -0.2056071 0.8314077 -0.9464289 -0.2036525 0.8794437 -0.8558028 -0.1979423 0.947081 -1.334264 -0.4348009 -1.931482 -1.419714 -0.4230558 -1.92747 -1.468723 -0.4097467 -1.886718 -1.529204 -0.3654441 -1.904414 -1.57157 -0.3163088 -1.974257 -1.601883 -0.2566325 -2.018798 -1.311528 -0.4512388 -0.8018749 -1.2974 -0.4548512 -0.6922894 -1.293417 -0.4562014 -0.6226446 -0.1998379 -0.7092072 -0.08078056 -0.35331 -0.7106192 -0.1906369 -0.489923 -0.6993665 -0.2600098 -1.747375 -0.194617 0.6315692 -1.550535 -0.1992263 0.6856777 -1.356037 -0.2027312 0.7394973 -0.06959068 -0.5521531 -1.40399 -0.1518762 -0.5445771 -1.42598 -0.2595512 -0.5328444 -1.467807 -0.509907 -0.6873316 -0.7125004 -0.5410985 -0.6932951 -0.5669971 -0.5746696 -0.6915543 -0.4326303 -0.4036034 -0.4461969 -1.654631 -0.4070585 -0.3626369 -1.744874 -0.4119004 -0.2699842 -1.803489 -0.7286075 -0.6168705 0.02276259 -0.6888239 -0.6438722 -0.08003008 -0.6491099 -0.666108 -0.1901094 -1.237833 -0.1363975 0.8372919 -1.279333 -0.06465643 0.8678793 -1.3063 0.008803784 0.8821312 -0.7158108 -0.6643932 -0.3464276 -0.808826 -0.6460999 -0.380982 -0.8942564 -0.6270495 -0.4132065 -0.5952767 -0.4999907 -1.624362 -0.8092838 -0.4812674 -1.726256 -1.020594 -0.4631832 -1.822315 -2.215287 -0.1714128 0.4417442 -2.165174 -0.1767284 0.493757 -2.067717 -0.1828557 0.5381558 -2.04288 -0.1218063 0.6527314 -2.125106 -0.05716985 0.6933194 -2.17362 0.005412578 0.7103438 -0.9528521 -0.6020489 -0.7434967 -0.9497105 -0.6087938 -0.6144407 -0.9594281 -0.6097891 -0.519588 -1.256064 -0.3951311 -2.05984 -1.297125 -0.3376487 -2.16716 -1.323407 -0.2758116 -2.22702 -1.043445 -0.5820095 -0.2599518 -1.018977 -0.593158 -0.3180951 -0.9967229 -0.6012883 -0.3792207 -1.463088 -0.4104046 -1.678535 -1.421772 -0.4249212 -1.447099 -1.377092 -0.4365662 -1.194616 -0.4150448 -0.5749096 -1.384747 -0.4320293 -0.6187973 -1.217209 -0.4545766 -0.6510623 -1.042247 -1.139623 -0.4936217 -1.671406 -1.074979 -0.5329635 -1.412823 -1.017028 -0.5646182 -1.151839 -1.260544 -0.4974931 -0.9518637 -1.17477 -0.5355873 -0.9406695 -1.079672 -0.5641338 -0.9311476 -0.8583496 -0.6103239 -0.9071303 -0.7349564 -0.6323122 -0.8925981 -0.6079 -0.6534422 -0.8796645 -0.3572714 -0.6917106 -0.8684261 -0.2365247 -0.7068658 -0.8700233 -0.1177655 -0.7171962 -0.8730233 -1.40699 -0.3756104 -0.9889224 -1.463123 -0.2916134 -1.012792 -1.500856 -0.1976519 -1.034346 -0.5237239 -0.4408897 0.7201954 -0.5932362 -0.4094424 0.7464018 -0.654415 -0.3850035 0.7568516 -1.403592 -0.4207338 -0.4129816 -1.453017 -0.4044083 -0.3612802 -1.530033 -0.3805778 -0.2842718 -1.122853 -0.2691358 0.7210857 -1.057115 -0.3285428 0.6399375 -0.9923291 -0.3830499 0.5513942 -1.776313 -0.2587623 0.4770568 -1.610717 -0.3276649 0.350983 -1.4489 -0.3917877 0.2193709 -1.214514 -0.4506955 0.1862397 -1.11674 -0.4495025 0.2778944 -1.021632 -0.4434736 0.370579 -0.8556478 -0.417047 0.5490574 -0.7891599 -0.3994772 0.6304361 -0.734575 -0.3824801 0.7038398 -1.569037 -0.3917381 -0.1210332 -1.487872 -0.4210738 -0.0577408 -1.401939 -0.4382996 0.01605391 -1.717765 -0.2832544 -0.2081415 -1.778346 -0.2052134 -0.2328724 -1.82019 -0.1172772 -0.2489312 -0.6607077 -0.1712299 1.193048 -0.5487482 -0.1516419 1.364795 -0.43582 -0.1311265 1.542978 -0.8839359 -0.4769505 0.3758175 -0.8419458 -0.5169197 0.2919946 -0.8041398 -0.5531402 0.207197 -1.211038 -0.4907796 -5.291e-4 -1.144576 -0.5238884 -0.07932472 -1.101061 -0.5486955 -0.1446737 -0.1667902 -0.6132795 0.3618293 -0.2755115 -0.5628174 0.5040278 -0.3667935 -0.5180252 0.604646 -1.307487 -0.4526952 -0.5411224 -1.323161 -0.4479435 -0.5100811 -1.344216 -0.4411383 -0.4806522 -1.438508 -0.3565012 -0.4891018 -1.495622 -0.2643084 -0.5185324 -1.534927 -0.1609542 -0.5393468 -0.9964722 -0.5787104 -0.1285908 -0.922891 -0.5856233 -0.05070322 -0.8472195 -0.5881631 0.03136581 -0.6820095 -0.5792112 0.2131256 -0.5963484 -0.562318 0.3278308 -0.5163523 -0.5302482 0.4767467 -1.297452 -0.4878038 -0.3996466 -1.221999 -0.5259612 -0.3404163 -1.145712 -0.5510526 -0.2741588 -0.3291891 -0.02527022 1.865436 -0.3346043 0.05215966 1.959978 -0.3411214 0.1225111 2.004098 -0.3390755 -0.2092933 1.477654 -0.3608089 -0.3088641 1.205776 -0.3965075 -0.4014688 0.9261968 0.4396023 0.4646684 1.298957 0.5437839 0.4491629 1.167783 0.6459378 0.4348994 1.036017 0.4542629 0.5071755 1.072718 0.5478128 0.487721 0.9984683 0.6376306 0.4708715 0.9155032 0.4816483 0.5416104 0.8395417 0.5631949 0.5183006 0.822426 0.6385622 0.4989055 0.7899027 0.232305 0.3796535 1.991515 0.1479239 0.3856421 2.113087 0.07187813 0.3891018 2.189007 0.2351568 0.3227515 2.115763 0.1492491 0.3299878 2.251533 0.0723679 0.3342406 2.3372 0.2396469 0.2650716 2.179075 0.1520531 0.2750131 2.320546 0.07371306 0.2811104 2.410088 1.982207 0.0762822 -0.09679758 1.939266 0.1571781 -0.09964853 1.877171 0.2304928 -0.09412086 2.16122 0.08490103 0.09747874 2.11623 0.1561931 0.09028881 2.05077 0.2201802 0.08726203 2.323834 0.09383261 0.2883002 2.275454 0.1558932 0.2742905 2.203669 0.2103601 0.256821 1.151891 0.1605834 0.9013279 1.128582 0.2321251 0.8741946 1.09385 0.2980884 0.8334344 1.032975 0.1662568 0.9433755 1.012271 0.2391094 0.9163892 0.9822099 0.3056297 0.8771502 0.9313789 0.1736078 1.014221 0.9127395 0.2468718 0.9863479 0.8862888 0.3133237 0.9459319 1.119305 0.4941003 -0.4214515 1.195816 0.4571226 -0.4743825 1.271334 0.4085751 -0.5195183 1.096095 0.4943965 -0.471014 1.173622 0.4578337 -0.515755 1.249873 0.409694 -0.5543602 1.076087 0.4914767 -0.5225583 1.155502 0.4555969 -0.5587736 1.233218 0.4081479 -0.590583 1.467257 -0.1499809 -2.277707 1.438252 -0.08223903 -2.230162 1.393052 -0.009700179 -2.134047 1.553266 -0.1497554 -2.260992 1.523231 -0.08426749 -2.215373 1.477451 -0.01545321 -2.122976 1.593982 -0.1408486 -2.181535 1.563912 -0.07600337 -2.140881 1.519952 -0.0116744 -2.060114 1.478979 0.02364677 -0.8881727 1.440315 0.1254877 -0.8864469 1.382651 0.2175885 -0.8800838 1.465722 0.03761374 -0.7807852 1.426741 0.1430867 -0.7801822 1.368735 0.2385226 -0.774266 1.460431 0.04611843 -0.714409 1.421496 0.1537109 -0.7142662 1.363849 0.2510804 -0.7080101 0.3274158 0.4664887 -1.135681 0.2994148 0.4054064 -1.284505 0.2759122 0.3340747 -1.421796 0.2118406 0.4815479 -1.134219 0.1878922 0.4222485 -1.271268 0.1670979 0.3527499 -1.394767 0.1039894 0.4909929 -1.136397 0.09043079 0.4325135 -1.266648 0.07849586 0.3639822 -1.381824 0.8854308 0.3674244 -1.216196 0.9258856 0.2898721 -1.45038 0.9731333 0.2044913 -1.679683 0.7416923 0.3950302 -1.190221 0.7587763 0.3215215 -1.402297 0.7825324 0.2393338 -1.608224 0.5950088 0.4219881 -1.164523 0.5890312 0.353353 -1.352581 0.5893322 0.27524 -1.532989 0.06269997 -0.03966999 -1.668854 0.0628156 0.07588642 -1.630659 0.06466156 0.1848131 -1.566541 0.14151 -0.04527574 -1.695303 0.1412108 0.06746828 -1.656794 0.1438189 0.1742904 -1.590971 0.2525401 -0.05504649 -1.744928 0.2507653 0.05312144 -1.705729 0.2519676 0.1565539 -1.636925 0.4449433 0.6353443 0.2687872 0.5368904 0.635459 0.107926 0.6340415 0.6258122 -0.005689561 0.3654082 0.658436 0.1422879 0.4734238 0.6531793 -0.0178703 0.5842031 0.6379768 -0.1231201 0.2780879 0.6765156 -0.01589536 0.4091526 0.6638755 -0.1606894 0.5350577 0.6431338 -0.2498934 1.966475 0.1334477 0.7394667 1.922949 0.1947312 0.7113057 1.85002 0.2533391 0.6615118 1.735696 0.1409729 0.7845429 1.697945 0.2052156 0.7564658 1.635969 0.2662485 0.7086423 1.507049 0.1483882 0.8292124 1.475079 0.2154382 0.8012644 1.424111 0.2785804 0.7555119 2.474229 0.1090197 0.5561023 2.420516 0.1619828 0.5304446 2.332445 0.2096682 0.4820979 2.437248 0.1149374 0.6225898 2.383439 0.1685265 0.5946081 2.292724 0.2188972 0.54097 2.33428 0.1204996 0.664524 2.282246 0.1761236 0.6359641 2.193819 0.2293696 0.5821296 1.305526 0.255504 -1.25153 1.35981 0.1887525 -1.502054 1.415383 0.1194851 -1.738557 1.224336 0.2900528 -1.250759 1.286936 0.2160214 -1.508172 1.354271 0.1367172 -1.759518 1.129453 0.3167298 -1.247267 1.194345 0.2383153 -1.505522 1.265496 0.1533887 -1.760454 0.627397 -0.08791416 -1.927793 0.6176376 0.006329357 -1.885618 0.6057397 0.09960156 -1.806764 0.8736215 -0.1082951 -2.045735 0.857919 -0.02229464 -2.001542 0.8354607 0.06494599 -1.916517 1.116862 -0.1274092 -2.156257 1.095287 -0.04920458 -2.110205 1.062368 0.03219676 -2.019531 0.8147843 0.5923714 -0.1679478 0.8939049 0.5721445 -0.2376117 0.9690861 0.5493586 -0.3023489 0.7818404 0.5964109 -0.2618072 0.865277 0.5739672 -0.3193479 0.9430255 0.5499599 -0.3723989 0.7487339 0.595332 -0.360262 0.83694 0.571366 -0.4045925 0.9181341 0.5466551 -0.4452776 1.215456 0.3949636 -0.680657 1.217762 0.379305 -0.752921 1.231703 0.352941 -0.8633923 1.132538 0.4408254 -0.6621122 1.132157 0.4240078 -0.7402583 1.144775 0.3956765 -0.8557031 1.046562 0.4751607 -0.6425585 1.042251 0.4573863 -0.7278151 1.051554 0.4276392 -0.8486548 0.8720579 0.5278682 -0.6067128 0.8554912 0.5085619 -0.7077839 0.8493304 0.477701 -0.8367127 0.781457 0.5518096 -0.5904547 0.7577106 0.5316439 -0.7003212 0.7410548 0.500633 -0.8321943 0.6836519 0.575363 -0.5732547 0.6537772 0.5539712 -0.6933277 0.6279416 0.5224581 -0.8290669 0.4513161 0.6237236 -0.5281347 0.4178004 0.5978898 -0.6764186 0.3870667 0.5625376 -0.8279917 0.313512 0.6466442 -0.4898135 0.2848777 0.617448 -0.6628379 0.2603324 0.5788648 -0.8288471 0.1620554 0.6648834 -0.435137 0.1444169 0.6319485 -0.6453624 0.1308619 0.5902013 -0.8290703 1.588589 -0.09448808 -1.81009 1.556854 -0.02194261 -1.787541 1.51197 0.04279333 -1.750898 1.562375 -0.06110084 -1.547909 1.528483 0.01935195 -1.534762 1.479385 0.09134238 -1.514837 1.530668 -0.02720099 -1.282759 1.494622 0.06165117 -1.275647 1.441505 0.1415741 -1.26434 1.273862 0.3878424 0.6008763 1.4444 0.3744852 0.5392795 1.61753 0.3591457 0.47789 1.185031 0.4328283 0.4978063 1.328265 0.4202603 0.4247381 1.474324 0.4047306 0.3522902 1.098102 0.4716383 0.3885582 1.214816 0.4599678 0.3044457 1.334429 0.4444121 0.2215138 0.8246594 0.4157935 0.8315181 0.908156 0.4104281 0.765123 1.003433 0.4052687 0.7108235 0.7946444 0.4519268 0.7612186 0.8689844 0.4487812 0.6955837 0.9534816 0.4462184 0.6326805 0.766175 0.481341 0.6873103 0.8296578 0.4809488 0.6207399 0.9035231 0.4810544 0.5483818 1.906422 0.3258939 0.3705214 2.003969 0.3070895 0.3241056 2.071435 0.2842611 0.280182 1.727366 0.3676307 0.2231582 1.823853 0.3442231 0.1700521 1.903749 0.3140169 0.125941 1.551877 0.4038735 0.07145541 1.643764 0.3764959 0.009602606 1.726849 0.3404237 -0.04036998 1.569748 0.05913436 -0.5245801 1.529997 0.1624161 -0.5231165 1.472283 0.256578 -0.5104876 1.621434 0.0609222 -0.4717871 1.581114 0.1611531 -0.4704364 1.522605 0.2525172 -0.4576175 1.701183 0.06403368 -0.3896542 1.660167 0.1598008 -0.3889068 1.600693 0.247017 -0.3768985 1.4712 0.05415868 -0.6409183 1.432488 0.1628758 -0.6406173 1.375785 0.2614346 -0.632386 1.48636 0.05605655 -0.6138787 1.447578 0.1642382 -0.6132696 1.390984 0.2624855 -0.603799 1.507685 0.05721682 -0.5880007 1.468703 0.1642693 -0.587041 1.411968 0.2616691 -0.5763353 0.9619243 0.5317948 0.1843537 1.043459 0.5199539 0.08901524 1.127008 0.5032758 -0.003527283 0.9162645 0.5538135 0.09434413 0.9913295 0.5405436 5.20582e-4 1.06736 0.5225507 -0.08959823 0.8796856 0.5710009 0.008050024 0.9534431 0.5556879 -0.08043849 1.026779 0.536107 -0.1644584 0.6920425 0.5302844 0.5690065 0.7462047 0.5366784 0.4726365 0.8112109 0.5396668 0.3769512 0.6400699 0.5553703 0.5171442 0.7001891 0.5631093 0.3974813 0.7688436 0.5652567 0.29067 0.5813148 0.5822554 0.4520373 0.6505684 0.5889024 0.3135792 0.7264828 0.5883372 0.1999782 1.294153 0.4563774 -0.1732192 1.375501 0.4231986 -0.2455663 1.454366 0.3792665 -0.3055132 1.222937 0.4727282 -0.2548988 1.301359 0.4376506 -0.3260658 1.378501 0.391354 -0.3854986 1.177165 0.4837855 -0.3184271 1.254006 0.4474558 -0.3852726 1.330007 0.3996795 -0.441443 0.6793112 0.3339754 1.221107 0.5601814 0.3468294 1.420521 0.4406244 0.3596286 1.631043 0.6978379 0.2696431 1.277861 0.5739554 0.284328 1.492291 0.4498279 0.2991432 1.720237 0.7120566 0.1989895 1.313089 0.5855412 0.2165117 1.533923 0.4587687 0.2346948 1.769176 0.07932221 0.5110604 1.579505 0.1607655 0.503882 1.551445 0.2465228 0.4932006 1.497296 0.09086239 0.574561 1.136808 0.1809995 0.562295 1.154924 0.2702626 0.54601 1.154474 0.1130937 0.6315773 0.6618392 0.2160815 0.6125594 0.7458803 0.3091354 0.5903089 0.805462 -0.4396023 0.4646685 1.298958 -0.4542629 0.5071755 1.072718 -0.4816483 0.5416104 0.8395417 -0.543784 0.4491629 1.167782 -0.5478128 0.487721 0.9984684 -0.5631949 0.5183006 0.8224261 -0.6459378 0.4348994 1.036017 -0.6376307 0.4708715 0.9155033 -0.6385622 0.4989055 0.7899027 -0.232305 0.3796535 1.991515 -0.2351568 0.3227516 2.115763 -0.2396469 0.2650716 2.179075 -0.1479239 0.3856421 2.113087 -0.1492491 0.3299878 2.251533 -0.1520531 0.2750131 2.320546 -0.07187813 0.3891018 2.189007 -0.0723679 0.3342406 2.3372 -0.07371306 0.2811105 2.410088 -1.982207 0.0762822 -0.09679758 -2.16122 0.08490103 0.09747874 -2.323834 0.09383261 0.2883002 -1.939266 0.1571781 -0.09964853 -2.11623 0.1561931 0.09028881 -2.275454 0.1558932 0.2742904 -1.877171 0.2304928 -0.09412086 -2.05077 0.2201802 0.08726203 -2.203669 0.2103601 0.256821 -1.151891 0.1605834 0.9013279 -1.032975 0.1662568 0.9433755 -0.931379 0.1736078 1.014221 -1.128582 0.2321251 0.8741947 -1.012271 0.2391094 0.9163892 -0.9127394 0.2468719 0.9863479 -1.093851 0.2980884 0.8334344 -0.9822099 0.3056297 0.8771502 -0.8862887 0.3133237 0.9459318 -1.119305 0.4941004 -0.4214515 -1.096095 0.4943966 -0.471014 -1.076087 0.4914767 -0.5225583 -1.195816 0.4571227 -0.4743825 -1.173622 0.4578337 -0.515755 -1.155502 0.4555969 -0.5587736 -1.271334 0.4085751 -0.5195183 -1.249873 0.409694 -0.5543602 -1.233218 0.4081479 -0.590583 -1.467257 -0.1499809 -2.277707 -1.553266 -0.1497555 -2.260992 -1.593982 -0.1408487 -2.181536 -1.438252 -0.08223903 -2.230162 -1.523231 -0.08426749 -2.215373 -1.563912 -0.07600337 -2.140881 -1.393052 -0.009700179 -2.134046 -1.477451 -0.01545321 -2.122976 -1.519952 -0.0116744 -2.060114 -1.478979 0.02364677 -0.8881728 -1.465722 0.03761374 -0.7807853 -1.460431 0.04611849 -0.7144091 -1.440315 0.1254877 -0.886447 -1.426741 0.1430867 -0.7801822 -1.421496 0.1537109 -0.7142661 -1.382651 0.2175884 -0.8800837 -1.368735 0.2385226 -0.774266 -1.363849 0.2510804 -0.70801 -0.3274158 0.4664885 -1.135681 -0.2118406 0.4815479 -1.134219 -0.1039894 0.490993 -1.136397 -0.2994148 0.4054064 -1.284505 -0.1878922 0.4222484 -1.271269 -0.09043079 0.4325134 -1.266648 -0.2759121 0.3340747 -1.421796 -0.1670979 0.3527499 -1.394767 -0.07849586 0.3639822 -1.381824 -0.8854308 0.3674244 -1.216196 -0.7416923 0.3950302 -1.190221 -0.5950087 0.4219881 -1.164523 -0.9258855 0.2898721 -1.45038 -0.7587763 0.3215214 -1.402297 -0.5890312 0.3533531 -1.352581 -0.9731334 0.2044913 -1.679683 -0.7825324 0.2393338 -1.608224 -0.5893322 0.27524 -1.532989 -0.06269997 -0.03966999 -1.668854 -0.14151 -0.04527574 -1.695302 -0.2525401 -0.05504649 -1.744928 -0.0628156 0.07588642 -1.630659 -0.1412108 0.06746822 -1.656794 -0.2507653 0.05312144 -1.705729 -0.06466156 0.1848131 -1.566541 -0.1438189 0.1742904 -1.590971 -0.2519676 0.1565538 -1.636925 -0.4449433 0.6353443 0.2687872 -0.3654081 0.658436 0.1422879 -0.2780879 0.6765156 -0.01589542 -0.5368904 0.6354589 0.107926 -0.4734238 0.6531793 -0.0178703 -0.4091526 0.6638754 -0.1606894 -0.6340416 0.6258122 -0.005689561 -0.5842031 0.6379768 -0.1231201 -0.5350577 0.6431338 -0.2498934 -1.966475 0.1334477 0.7394667 -1.735696 0.1409729 0.7845428 -1.507049 0.1483882 0.8292126 -1.922949 0.1947312 0.7113056 -1.697945 0.2052156 0.7564659 -1.47508 0.2154382 0.8012645 -1.85002 0.2533391 0.6615118 -1.635969 0.2662485 0.7086423 -1.424111 0.2785804 0.755512 -2.474228 0.1090197 0.5561023 -2.437248 0.1149374 0.6225898 -2.33428 0.1204996 0.664524 -2.420516 0.1619828 0.5304446 -2.383439 0.1685265 0.5946081 -2.282246 0.1761236 0.6359641 -2.332445 0.2096682 0.4820979 -2.292724 0.2188971 0.54097 -2.193819 0.2293696 0.5821295 -1.305526 0.255504 -1.25153 -1.224336 0.2900528 -1.250759 -1.129453 0.3167298 -1.247267 -1.35981 0.1887525 -1.502054 -1.286937 0.2160214 -1.508172 -1.194345 0.2383154 -1.505522 -1.415383 0.1194851 -1.738557 -1.354271 0.1367171 -1.759518 -1.265496 0.1533888 -1.760454 -0.627397 -0.08791416 -1.927793 -0.8736216 -0.1082951 -2.045735 -1.116862 -0.1274092 -2.156257 -0.6176376 0.006329298 -1.885618 -0.8579191 -0.02229458 -2.001542 -1.095287 -0.04920458 -2.110205 -0.6057397 0.0996015 -1.806764 -0.8354607 0.06494605 -1.916517 -1.062368 0.03219676 -2.01953 -0.8147843 0.5923713 -0.1679478 -0.7818405 0.5964109 -0.2618071 -0.7487339 0.595332 -0.3602619 -0.8939049 0.5721444 -0.2376117 -0.8652771 0.5739672 -0.3193479 -0.83694 0.5713659 -0.4045925 -0.9690861 0.5493585 -0.3023489 -0.9430255 0.5499599 -0.3723989 -0.9181341 0.5466551 -0.4452776 -1.215456 0.3949636 -0.680657 -1.132538 0.4408254 -0.6621122 -1.046562 0.4751607 -0.6425585 -1.217762 0.379305 -0.7529209 -1.132157 0.4240078 -0.7402583 -1.042251 0.4573863 -0.7278151 -1.231703 0.352941 -0.8633922 -1.144775 0.3956765 -0.855703 -1.051554 0.4276392 -0.8486548 -0.872058 0.5278681 -0.6067128 -0.7814568 0.5518096 -0.5904547 -0.6836519 0.575363 -0.5732547 -0.8554912 0.5085619 -0.7077839 -0.7577107 0.5316439 -0.7003212 -0.6537773 0.5539712 -0.6933278 -0.8493304 0.477701 -0.8367127 -0.7410549 0.5006331 -0.8321943 -0.6279417 0.5224581 -0.8290669 -0.4513161 0.6237236 -0.5281347 -0.313512 0.6466441 -0.4898135 -0.1620553 0.6648834 -0.435137 -0.4178004 0.5978898 -0.6764186 -0.2848777 0.6174479 -0.6628379 -0.1444168 0.6319485 -0.6453623 -0.3870667 0.5625376 -0.8279917 -0.2603324 0.5788647 -0.8288471 -0.1308619 0.5902013 -0.8290702 -1.588589 -0.09448808 -1.81009 -1.562375 -0.06110084 -1.547909 -1.530668 -0.02720099 -1.28276 -1.556854 -0.02194261 -1.787541 -1.528483 0.01935189 -1.534763 -1.494622 0.06165117 -1.275646 -1.51197 0.04279333 -1.750898 -1.479384 0.09134238 -1.514837 -1.441505 0.141574 -1.26434 -1.273862 0.3878424 0.6008763 -1.185031 0.4328283 0.4978063 -1.098102 0.4716383 0.3885582 -1.4444 0.3744852 0.5392794 -1.328265 0.4202603 0.4247381 -1.214816 0.4599678 0.3044457 -1.61753 0.3591457 0.47789 -1.474324 0.4047306 0.3522902 -1.334429 0.4444121 0.2215138 -0.8246594 0.4157935 0.8315179 -0.7946444 0.4519268 0.7612186 -0.766175 0.481341 0.6873104 -0.9081561 0.4104281 0.765123 -0.8689844 0.4487812 0.6955836 -0.8296578 0.4809488 0.6207399 -1.003433 0.4052687 0.7108235 -0.9534816 0.4462183 0.6326805 -0.9035232 0.4810544 0.5483819 -1.906422 0.3258939 0.3705214 -1.727366 0.3676307 0.2231582 -1.551877 0.4038735 0.07145541 -2.003969 0.3070895 0.3241056 -1.823853 0.3442231 0.1700521 -1.643764 0.376496 0.009602606 -2.071435 0.2842611 0.280182 -1.903749 0.3140169 0.125941 -1.726849 0.3404237 -0.04036998 -1.569748 0.0591343 -0.5245802 -1.621434 0.0609222 -0.4717872 -1.701183 0.06403374 -0.3896542 -1.529997 0.1624161 -0.5231165 -1.581114 0.1611531 -0.4704365 -1.660166 0.1598008 -0.3889068 -1.472283 0.256578 -0.5104877 -1.522605 0.2525173 -0.4576175 -1.600693 0.2470169 -0.3768986 -1.4712 0.05415874 -0.6409183 -1.48636 0.05605655 -0.6138787 -1.507685 0.05721682 -0.5880006 -1.432488 0.1628758 -0.6406173 -1.447578 0.1642382 -0.6132696 -1.468703 0.1642693 -0.5870411 -1.375785 0.2614346 -0.632386 -1.390984 0.2624855 -0.6037989 -1.411968 0.2616692 -0.5763353 -0.9619242 0.5317948 0.1843538 -0.9162645 0.5538135 0.09434413 -0.8796856 0.5710009 0.008050024 -1.043459 0.519954 0.08901518 -0.9913294 0.5405436 5.2059e-4 -0.9534431 0.5556879 -0.08043849 -1.127008 0.5032759 -0.003527343 -1.06736 0.5225508 -0.08959823 -1.026779 0.5361071 -0.1644584 -0.6920425 0.5302844 0.5690065 -0.6400698 0.5553703 0.5171443 -0.5813149 0.5822554 0.4520373 -0.7462047 0.5366784 0.4726364 -0.7001892 0.5631093 0.3974813 -0.6505684 0.5889025 0.3135792 -0.8112109 0.5396668 0.3769512 -0.7688436 0.5652568 0.29067 -0.7264828 0.5883372 0.1999782 -1.294153 0.4563774 -0.1732192 -1.222937 0.4727282 -0.2548988 -1.177165 0.4837855 -0.3184271 -1.375501 0.4231986 -0.2455663 -1.301359 0.4376506 -0.3260657 -1.254006 0.4474558 -0.3852726 -1.454366 0.3792665 -0.3055132 -1.378501 0.391354 -0.3854986 -1.330007 0.3996795 -0.441443 -0.6793112 0.3339754 1.221107 -0.697838 0.2696431 1.277861 -0.7120566 0.1989895 1.313089 -0.5601814 0.3468294 1.420521 -0.5739554 0.284328 1.492291 -0.5855413 0.2165117 1.533923 -0.4406244 0.3596286 1.631043 -0.4498279 0.2991432 1.720237 -0.4587687 0.2346948 1.769176 -0.07932221 0.5110604 1.579505 -0.09086239 0.574561 1.136808 -0.1130937 0.6315773 0.6618391 -0.1607655 0.5038821 1.551445 -0.1809995 0.562295 1.154924 -0.2160815 0.6125593 0.7458803 -0.2465228 0.4932007 1.497296 -0.2702626 0.54601 1.154474 -0.3091354 0.590309 0.8054619 0.4396023 -0.2155845 1.362619 0.4542629 -0.2993311 1.148195 0.4816483 -0.3764328 0.925457 0.543784 -0.224687 1.230845 0.5478128 -0.2939912 1.071625 0.5631949 -0.3567035 0.9043135 0.6459378 -0.2351198 1.098721 0.6376307 -0.2928279 0.9869742 0.6385622 -0.3436798 0.8687562 0.232305 -0.003544986 2.027377 0.2351568 0.07542228 2.138909 0.2396469 0.143848 2.19042 0.1479239 0.01312732 2.147949 0.1492491 0.09350329 2.273665 0.1520531 0.1603284 2.331279 0.07187813 0.02381443 2.223193 0.0723679 0.1052194 2.358633 0.07371306 0.170951 2.420397 1.982207 -0.09291797 -0.08096301 2.16122 -0.0653401 0.1115391 2.323834 -0.03871059 0.3007042 1.939266 -0.1729381 -0.06875461 2.11623 -0.1367282 0.1177019 2.275454 -0.102293 0.2984528 1.877171 -0.2439541 -0.04971969 2.05077 -0.2001659 0.1266002 2.203669 -0.1590555 0.2913929 1.151891 0.009442031 0.9154724 1.032975 0.0116688 0.9578427 0.931379 0.01759058 1.028822 1.128582 -0.0658918 0.9020847 1.012271 -0.0649259 0.9448424 0.9127394 -0.05957305 1.015027 1.093851 -0.1382726 0.8742713 0.9822099 -0.1375716 0.9186273 0.8862887 -0.1323699 0.9876421 1.119305 -0.563719 -0.3224554 1.096095 -0.5732061 -0.3711023 1.076087 -0.5799008 -0.4222933 1.195816 -0.5372045 -0.3813283 1.173622 -0.5455796 -0.4218505 1.155502 -0.5513636 -0.4645371 1.271334 -0.4978746 -0.4346881 1.249873 -0.5054388 -0.4687173 1.233218 -0.5106406 -0.5045981 1.467257 -0.275241 -2.265985 1.553266 -0.272361 -2.249518 1.593982 -0.2663704 -2.169789 1.438252 -0.3329848 -2.206696 1.523231 -0.3282474 -2.19254 1.563912 -0.3225464 -2.117808 1.393052 -0.3864302 -2.09879 1.477451 -0.3787229 -2.088979 1.519952 -0.3707726 -2.026508 1.478979 -0.1880323 -0.8683629 1.465722 -0.1818315 -0.7602486 1.460431 -0.1778728 -0.6934468 1.440315 -0.2877846 -0.8477708 1.426741 -0.2853612 -0.7400859 1.421496 -0.2835705 -0.6733431 1.382651 -0.3771055 -0.8244292 1.368735 -0.3780422 -0.7165648 1.363849 -0.3780884 -0.6491292 0.3274158 -0.6691085 -1.029406 0.2118406 -0.6836351 -1.025175 0.1039894 -0.6933202 -1.025563 0.2994148 -0.6367005 -1.18698 0.1878922 -0.6507941 -1.170848 0.09043079 -0.6600236 -1.164403 0.2759121 -0.5920811 -1.335121 0.1670979 -0.605417 -1.305097 0.07849586 -0.6140527 -1.290295 0.8854308 -0.5867036 -1.126903 0.7416923 -0.6090105 -1.096258 0.5950087 -0.6307322 -1.066004 0.9258855 -0.5539497 -1.371411 0.7587763 -0.5761278 -1.31829 0.5890312 -0.5981823 -1.263532 0.9731334 -0.5125976 -1.612574 0.7825324 -0.5335761 -1.535891 0.5893322 -0.5548994 -1.455301 0.06269997 -0.2706667 -1.647236 0.14151 -0.2700656 -1.674266 0.2525401 -0.2696722 -1.724842 0.0628156 -0.3771297 -1.588264 0.1412108 -0.3737069 -1.615507 0.2507653 -0.3686888 -1.666254 0.06466156 -0.4722681 -1.505048 0.1438189 -0.4664611 -1.531007 0.2519676 -0.4575589 -1.579454 0.4449433 -0.5744399 0.3820049 0.3654081 -0.620602 0.2619868 0.2780879 -0.6677177 0.1099048 0.5368904 -0.6043995 0.2239583 0.4734238 -0.6451531 0.1036342 0.4091526 -0.6821628 -0.03472036 0.6340416 -0.6160011 0.1105256 0.5842031 -0.6497431 -0.002608716 0.5350577 -0.6783328 -0.1262238 1.966475 0.006073951 0.7513871 1.735696 0.007043063 0.7970766 1.507049 0.008044719 0.8423466 1.922949 -0.05937051 0.7350857 1.697946 -0.06129366 0.7814072 1.47508 -0.06302654 0.8273246 1.85002 -0.1261997 0.6970309 1.635969 -0.1301401 0.7457383 1.424111 -0.1335614 0.7940823 2.474228 -0.003944575 0.5666741 2.437248 0.002576887 0.633105 2.33428 0.004891991 0.6753432 2.420516 -0.06074869 0.5512889 2.383439 -0.05527353 0.6155524 2.282246 -0.05506527 0.6576 2.332445 -0.1165766 0.5126296 2.292724 -0.1147218 0.5721917 2.193819 -0.1173755 0.6145797 1.305526 -0.4832828 -1.182391 1.224336 -0.5170885 -1.175222 1.129453 -0.5426543 -1.166841 1.35981 -0.4641738 -1.44095 1.286937 -0.4921043 -1.441901 1.194345 -0.5135195 -1.435161 1.415383 -0.4399912 -1.686198 1.354271 -0.4608132 -1.703598 1.265496 -0.4773691 -1.701425 0.627397 -0.271305 -1.91063 0.8736216 -0.2731615 -2.030306 1.116862 -0.2748862 -2.142455 0.6176376 -0.3560867 -1.851701 0.8579191 -0.3494689 -1.970923 1.095287 -0.3431881 -2.082692 0.6057397 -0.4331084 -1.756911 0.8354607 -0.4194188 -1.871188 1.062368 -0.4063518 -1.978489 0.8147843 -0.6132471 -0.05511993 0.7818405 -0.6346316 -0.1465998 0.7487339 -0.6518393 -0.2435453 0.8939049 -0.6062973 -0.1273271 0.8652771 -0.6232542 -0.2073058 0.83694 -0.6365147 -0.2915529 0.9690861 -0.5959187 -0.195168 0.9430255 -0.6095071 -0.2638901 0.9181341 -0.6197819 -0.3361165 1.215456 -0.514398 -0.5955543 1.132538 -0.5560225 -0.5688221 1.046562 -0.5861335 -0.5432371 1.217762 -0.5124195 -0.6694688 1.132157 -0.5539966 -0.6487317 1.042251 -0.5844867 -0.6303113 1.231703 -0.5070107 -0.7829136 1.144775 -0.5475775 -0.7674285 1.051554 -0.5776773 -0.7545722 0.872058 -0.6312747 -0.4982343 0.7814568 -0.6517839 -0.4778162 0.6836519 -0.6717369 -0.4565447 0.8554912 -0.631057 -0.6011326 0.7577107 -0.6523535 -0.5895166 0.6537773 -0.6729955 -0.5785019 0.8493304 -0.6246541 -0.7335487 0.7410549 -0.6463496 -0.7248538 0.6279417 -0.6672154 -0.7177312 0.4513161 -0.710886 -0.4032351 0.313512 -0.7262981 -0.3613266 0.1620553 -0.7340758 -0.3042153 0.4178004 -0.713014 -0.5537375 0.2848777 -0.7297128 -0.5367637 0.1444168 -0.740719 -0.5169011 0.3870667 -0.7063993 -0.7092382 0.2603324 -0.7226017 -0.7070491 0.1308619 -0.7337828 -0.705165 1.588589 -0.2430059 -1.796191 1.562375 -0.2271671 -1.532368 1.530668 -0.2112811 -1.265532 1.556854 -0.3101079 -1.760573 1.528483 -0.3037837 -1.504522 1.494622 -0.2972707 -1.242057 1.51197 -0.366921 -1.712555 1.479384 -0.3708271 -1.471585 1.441505 -0.373708 -1.216118 1.273862 -0.2696181 0.6624048 1.185031 -0.332947 0.5694714 1.098102 -0.3913536 0.4693214 1.4444 -0.2679219 0.5993991 1.328265 -0.3341547 0.4953401 1.214816 -0.3954924 0.384504 1.61753 -0.2642393 0.5362296 1.474324 -0.332337 0.4212688 1.334429 -0.3955944 0.3001259 0.8246594 -0.2542894 0.8942278 0.7946444 -0.3028391 0.8318535 0.766175 -0.3454557 0.7646863 0.9081561 -0.2613364 0.8279902 0.8689844 -0.3119263 0.7667744 0.8296578 -0.3574221 0.699199 1.003433 -0.2663416 0.7736762 0.9534816 -0.3210793 0.7044882 0.9035232 -0.3709517 0.6281169 1.906422 -0.2514865 0.4245557 1.727366 -0.3198412 0.2874953 1.551877 -0.3836023 0.1451514 2.003969 -0.2416208 0.3754568 1.823853 -0.3066936 0.2309682 1.643764 -0.3681766 0.07929283 2.071435 -0.2273387 0.3280601 1.903749 -0.2851965 0.1820185 1.726849 -0.3420029 0.02349495 1.569748 -0.1554408 -0.5044991 1.621434 -0.1474022 -0.4522911 1.701183 -0.1352202 -0.371007 1.529997 -0.2566577 -0.4838975 1.581114 -0.245642 -0.4323665 1.660166 -0.2291858 -0.3525034 1.472283 -0.3468413 -0.4540166 1.522605 -0.3330412 -0.402818 1.600693 -0.3126594 -0.3245213 1.4712 -0.1721376 -0.6197403 1.48636 -0.1689854 -0.5928181 1.507685 -0.165324 -0.5671741 1.432488 -0.2789111 -0.5992727 1.447578 -0.2751756 -0.5721471 1.468703 -0.2703395 -0.5463682 1.375785 -0.3742311 -0.5728972 1.390984 -0.3699596 -0.5446115 1.411968 -0.3640617 -0.5177763 0.9619242 -0.4883546 0.2798246 0.9162645 -0.5266918 0.1954634 0.8796856 -0.5595922 0.1138567 1.043459 -0.494409 0.1839445 0.9913294 -0.5310609 0.1008068 0.9534431 -0.5609638 0.0240634 1.127008 -0.4951913 0.08991432 1.06736 -0.5301017 0.008914291 1.026779 -0.5573124 -0.06213063 0.6920425 -0.4154999 0.6575178 0.6400698 -0.4497731 0.6112107 0.5813149 -0.4882717 0.5522227 0.7462047 -0.439664 0.5640075 0.7001892 -0.4795806 0.4950616 0.6505684 -0.5204935 0.4174022 0.8112109 -0.4603543 0.4705383 0.7688436 -0.5015091 0.3905034 0.7264828 -0.5410161 0.3056689 1.294153 -0.4805927 -0.08553278 1.222937 -0.5118149 -0.1627602 1.177165 -0.5344676 -0.2231338 1.375501 -0.4614138 -0.1627798 1.301359 -0.490551 -0.2391998 1.254006 -0.5111715 -0.2955594 1.454366 -0.4293673 -0.2298371 1.378501 -0.4560859 -0.3061909 1.330007 -0.474647 -0.3596191 0.6793112 -0.1016058 1.26187 0.697838 -0.0278601 1.305703 0.7120566 0.04810315 1.32721 0.5601814 -0.07723623 1.460207 0.5739554 -0.002503514 1.519134 0.5855413 0.07185965 1.54746 0.4406244 -0.0507518 1.669448 0.4498279 0.02523279 1.745871 0.4587687 0.0976426 1.782002 0.07932221 -0.2091167 1.646902 0.09086239 -0.3536549 1.223675 0.1130937 -0.4978093 0.7675329 0.1607655 -0.2072694 1.617998 0.1809995 -0.3382405 1.239201 0.2160815 -0.4635282 0.8465861 0.2465228 -0.2068205 1.562808 0.2702626 -0.3223218 1.235737 0.3091354 -0.4306092 0.9010046 -0.4396023 -0.2155845 1.362619 -0.5437839 -0.224687 1.230845 -0.6459378 -0.2351198 1.098721 -0.4542629 -0.2993311 1.148195 -0.5478128 -0.2939912 1.071625 -0.6376306 -0.2928279 0.9869741 -0.4816483 -0.3764328 0.925457 -0.5631949 -0.3567035 0.9043133 -0.6385622 -0.3436798 0.8687562 -0.232305 -0.003544986 2.027377 -0.1479239 0.01312732 2.147949 -0.07187813 0.02381443 2.223193 -0.2351568 0.07542228 2.138909 -0.1492491 0.09350323 2.273664 -0.0723679 0.1052194 2.358633 -0.2396469 0.143848 2.19042 -0.1520531 0.1603284 2.331279 -0.07371306 0.170951 2.420397 -1.982207 -0.09291797 -0.08096295 -1.939266 -0.1729381 -0.06875461 -1.877171 -0.2439541 -0.04971969 -2.16122 -0.0653401 0.1115391 -2.11623 -0.1367282 0.1177019 -2.05077 -0.2001659 0.1266002 -2.323834 -0.03871059 0.3007043 -2.275454 -0.102293 0.2984528 -2.203669 -0.1590555 0.2913929 -1.151891 0.009442031 0.9154724 -1.128582 -0.0658918 0.9020846 -1.09385 -0.1382726 0.8742713 -1.032975 0.0116688 0.9578426 -1.012271 -0.06492584 0.9448425 -0.9822099 -0.1375716 0.9186273 -0.9313789 0.01759058 1.028822 -0.9127395 -0.05957305 1.015027 -0.8862888 -0.1323699 0.9876422 -1.119305 -0.5637189 -0.3224554 -1.195816 -0.5372045 -0.3813283 -1.271334 -0.4978746 -0.4346881 -1.096095 -0.5732061 -0.3711023 -1.173622 -0.5455796 -0.4218505 -1.249873 -0.5054388 -0.4687173 -1.076087 -0.5799008 -0.4222933 -1.155502 -0.5513636 -0.4645371 -1.233218 -0.5106406 -0.5045981 -1.467257 -0.2752409 -2.265985 -1.438252 -0.3329848 -2.206696 -1.393052 -0.3864303 -2.09879 -1.553266 -0.272361 -2.249518 -1.523231 -0.3282474 -2.19254 -1.477451 -0.3787229 -2.088979 -1.593982 -0.2663704 -2.169789 -1.563912 -0.3225464 -2.117808 -1.519952 -0.3707726 -2.026508 -1.478979 -0.1880323 -0.8683629 -1.440315 -0.2877847 -0.8477708 -1.382651 -0.3771055 -0.8244293 -1.465722 -0.1818315 -0.7602484 -1.426741 -0.2853612 -0.7400859 -1.368735 -0.3780422 -0.7165648 -1.460431 -0.1778728 -0.6934468 -1.421496 -0.2835705 -0.6733432 -1.363849 -0.3780884 -0.6491293 -0.3274158 -0.6691086 -1.029406 -0.2994148 -0.6367005 -1.18698 -0.2759122 -0.5920811 -1.335121 -0.2118406 -0.6836351 -1.025175 -0.1878922 -0.6507942 -1.170848 -0.1670979 -0.605417 -1.305097 -0.1039894 -0.6933202 -1.025563 -0.09043079 -0.6600236 -1.164403 -0.07849586 -0.6140527 -1.290294 -0.8854308 -0.5867037 -1.126904 -0.9258856 -0.5539497 -1.371411 -0.9731333 -0.5125976 -1.612574 -0.7416923 -0.6090105 -1.096258 -0.7587763 -0.5761279 -1.31829 -0.7825324 -0.5335761 -1.535891 -0.5950088 -0.6307322 -1.066004 -0.5890312 -0.5981823 -1.263532 -0.5893322 -0.5548994 -1.4553 -0.06269997 -0.2706667 -1.647236 -0.0628156 -0.3771297 -1.588263 -0.06466156 -0.4722682 -1.505048 -0.14151 -0.2700656 -1.674266 -0.1412108 -0.3737069 -1.615507 -0.1438189 -0.4664611 -1.531007 -0.2525401 -0.2696722 -1.724842 -0.2507653 -0.3686888 -1.666254 -0.2519676 -0.457559 -1.579453 -0.4449433 -0.5744399 0.3820049 -0.5368904 -0.6043996 0.2239583 -0.6340415 -0.6160012 0.1105256 -0.3654082 -0.6206019 0.2619869 -0.4734238 -0.6451531 0.1036342 -0.5842031 -0.6497431 -0.002608716 -0.2780879 -0.6677177 0.1099048 -0.4091526 -0.6821629 -0.0347203 -0.5350577 -0.6783328 -0.1262238 -1.966475 0.006073951 0.7513871 -1.922949 -0.05937051 0.7350858 -1.85002 -0.1261997 0.6970309 -1.735696 0.007043063 0.7970767 -1.697945 -0.06129366 0.7814072 -1.635969 -0.1301401 0.7457383 -1.507049 0.008044719 0.8423464 -1.475079 -0.06302654 0.8273245 -1.424111 -0.1335614 0.7940822 -2.474229 -0.003944575 0.5666742 -2.420516 -0.06074863 0.551289 -2.332445 -0.1165765 0.5126296 -2.437248 0.002576887 0.633105 -2.383439 -0.05527353 0.6155524 -2.292724 -0.1147218 0.5721918 -2.33428 0.004891991 0.6753432 -2.282246 -0.05506527 0.6576 -2.193819 -0.1173755 0.6145798 -1.305526 -0.4832828 -1.182391 -1.35981 -0.4641738 -1.44095 -1.415383 -0.4399912 -1.686198 -1.224336 -0.5170885 -1.175222 -1.286936 -0.4921043 -1.441902 -1.354271 -0.4608133 -1.703599 -1.129453 -0.5426543 -1.166841 -1.194345 -0.5135194 -1.435161 -1.265496 -0.4773691 -1.701425 -0.627397 -0.271305 -1.91063 -0.6176376 -0.3560867 -1.851701 -0.6057397 -0.4331085 -1.756911 -0.8736215 -0.2731615 -2.030306 -0.857919 -0.3494689 -1.970923 -0.8354607 -0.4194188 -1.871188 -1.116862 -0.2748862 -2.142455 -1.095287 -0.3431881 -2.082692 -1.062368 -0.4063518 -1.978489 -0.8147843 -0.6132472 -0.05511993 -0.8939049 -0.6062973 -0.1273271 -0.9690861 -0.5959187 -0.195168 -0.7818404 -0.6346316 -0.1465999 -0.865277 -0.6232542 -0.2073057 -0.9430255 -0.6095071 -0.2638901 -0.7487339 -0.6518393 -0.2435453 -0.83694 -0.6365148 -0.2915529 -0.9181341 -0.619782 -0.3361165 -1.215456 -0.514398 -0.5955543 -1.217762 -0.5124195 -0.6694689 -1.231703 -0.5070107 -0.7829136 -1.132538 -0.5560225 -0.5688222 -1.132157 -0.5539966 -0.6487317 -1.144775 -0.5475775 -0.7674286 -1.046562 -0.5861334 -0.5432371 -1.042251 -0.5844867 -0.6303113 -1.051554 -0.5776773 -0.7545722 -0.8720579 -0.6312747 -0.4982343 -0.8554912 -0.631057 -0.6011326 -0.8493304 -0.6246541 -0.7335488 -0.781457 -0.6517839 -0.4778163 -0.7577106 -0.6523534 -0.5895166 -0.7410548 -0.6463495 -0.7248538 -0.6836519 -0.6717369 -0.4565447 -0.6537772 -0.6729955 -0.5785019 -0.6279416 -0.6672154 -0.7177312 -0.4513161 -0.710886 -0.4032351 -0.4178004 -0.713014 -0.5537375 -0.3870667 -0.7063994 -0.7092381 -0.313512 -0.7262982 -0.3613265 -0.2848777 -0.7297129 -0.5367637 -0.2603324 -0.7226017 -0.7070492 -0.1620554 -0.7340759 -0.3042153 -0.1444169 -0.740719 -0.5169011 -0.1308619 -0.7337829 -0.7051652 -1.588589 -0.2430059 -1.796191 -1.556854 -0.3101078 -1.760573 -1.51197 -0.366921 -1.712555 -1.562375 -0.2271671 -1.532368 -1.528483 -0.3037837 -1.504522 -1.479385 -0.370827 -1.471585 -1.530668 -0.2112811 -1.265532 -1.494622 -0.2972707 -1.242057 -1.441505 -0.3737081 -1.216118 -1.273862 -0.2696181 0.6624048 -1.4444 -0.2679219 0.5993992 -1.61753 -0.2642392 0.5362296 -1.185031 -0.332947 0.5694714 -1.328265 -0.3341547 0.4953401 -1.474324 -0.332337 0.4212688 -1.098102 -0.3913536 0.4693214 -1.214816 -0.3954924 0.384504 -1.334429 -0.3955944 0.3001258 -0.8246594 -0.2542894 0.8942279 -0.908156 -0.2613365 0.8279902 -1.003433 -0.2663416 0.7736762 -0.7946444 -0.3028391 0.8318535 -0.8689844 -0.3119263 0.7667745 -0.9534816 -0.3210793 0.7044882 -0.766175 -0.3454558 0.7646862 -0.8296578 -0.3574221 0.6991989 -0.9035231 -0.3709517 0.6281169 -1.906422 -0.2514865 0.4245556 -2.003969 -0.2416208 0.3754568 -2.071435 -0.2273387 0.3280602 -1.727366 -0.3198412 0.2874953 -1.823853 -0.3066936 0.2309682 -1.903749 -0.2851965 0.1820185 -1.551877 -0.3836023 0.1451514 -1.643764 -0.3681766 0.07929283 -1.726849 -0.3420029 0.02349489 -1.569748 -0.1554408 -0.5044991 -1.529997 -0.2566577 -0.4838975 -1.472283 -0.3468413 -0.4540166 -1.621434 -0.1474021 -0.4522911 -1.581114 -0.245642 -0.4323664 -1.522605 -0.3330412 -0.4028179 -1.701183 -0.1352203 -0.371007 -1.660167 -0.2291858 -0.3525034 -1.600693 -0.3126595 -0.3245213 -1.4712 -0.1721376 -0.6197403 -1.432488 -0.2789111 -0.5992727 -1.375785 -0.3742311 -0.5728972 -1.48636 -0.1689854 -0.5928182 -1.447578 -0.2751756 -0.5721471 -1.390984 -0.3699596 -0.5446116 -1.507685 -0.165324 -0.5671742 -1.468703 -0.2703395 -0.5463681 -1.411968 -0.3640617 -0.5177763 -0.9619243 -0.4883546 0.2798246 -1.043459 -0.4944089 0.1839445 -1.127008 -0.4951913 0.08991432 -0.9162645 -0.5266918 0.1954634 -0.9913295 -0.5310608 0.1008068 -1.06736 -0.5301015 0.008914232 -0.8796856 -0.5595922 0.1138567 -0.9534431 -0.5609638 0.0240634 -1.026779 -0.5573123 -0.06213063 -0.6920425 -0.4154999 0.6575179 -0.7462047 -0.4396639 0.5640076 -0.8112109 -0.4603544 0.4705383 -0.6400699 -0.4497731 0.6112107 -0.7001891 -0.4795806 0.4950616 -0.7688436 -0.5015091 0.3905034 -0.5813148 -0.4882717 0.5522227 -0.6505684 -0.5204935 0.4174021 -0.7264828 -0.5410161 0.3056689 -1.294153 -0.4805927 -0.08553272 -1.375501 -0.4614138 -0.1627798 -1.454366 -0.4293673 -0.2298371 -1.222937 -0.5118148 -0.1627602 -1.301359 -0.4905511 -0.2391999 -1.378501 -0.4560859 -0.3061909 -1.177165 -0.5344676 -0.2231338 -1.254006 -0.5111715 -0.2955594 -1.330007 -0.474647 -0.3596191 -0.6793112 -0.1016058 1.26187 -0.5601814 -0.07723623 1.460207 -0.4406244 -0.05075174 1.669448 -0.6978379 -0.02786004 1.305703 -0.5739554 -0.002503514 1.519134 -0.4498279 0.02523279 1.745871 -0.7120566 0.04810315 1.32721 -0.5855412 0.07185971 1.54746 -0.4587687 0.09764254 1.782002 -0.07932221 -0.2091166 1.646903 -0.1607655 -0.2072693 1.617998 -0.2465228 -0.2068205 1.562808 -0.09086239 -0.3536549 1.223675 -0.1809995 -0.3382405 1.239201 -0.2702626 -0.3223218 1.235737 -0.1130937 -0.4978093 0.7675329 -0.2160815 -0.4635282 0.8465861 -0.3091354 -0.4306091 0.9010046</float_array>
          <technique_common>
            <accessor source="#Cube_003-mesh-positions-array" count="2108" stride="3">
              <param name="X" type="float"/>
              <param name="Y" type="float"/>
              <param name="Z" type="float"/>
            </accessor>
          </technique_common>
        </source>
        <source id="Cube_003-mesh-normals">
          <float_array id="Cube_003-mesh-normals-array" count="6324">0.9933698 0.1117057 0.0271753 0.961304 0.2531697 0.108626 0.9883996 0.1167571 0.09712934 0.9335079 0.2540189 0.2530563 0.9593452 0.126724 0.2521865 0.9939264 0.1100482 0 0.9684401 0.2469518 0.03374153 0.9697068 0.244272 0 0.8245284 0.5634346 0.05190706 0.8116428 0.5666965 0.1417431 0.7839819 0.5566402 0.2748165 0.7164729 0.5053607 0.4809128 0.8048596 0.2741799 0.5263332 0.8292338 0.1503869 0.5382891 0.4974991 0.1861882 0.8472477 0 0.3958376 0.9183207 0 0.2026054 0.9792605 -0.4974993 0.1861881 0.8472476 0.4819142 0.3540452 0.8015054 0.4286766 0.6597347 0.6172411 0 0.7314857 0.6818568 -0.4819139 0.3540453 0.8015055 -0.4286767 0.6597349 0.6172409 -0.8048594 0.2741802 0.5263333 -0.8292341 0.1503874 0.5382885 -0.9933698 0.1117058 -0.02717524 -0.9613041 0.2531695 -0.1086261 -0.9883996 0.1167572 -0.09712946 -0.9335079 0.254019 -0.2530563 -0.9593451 0.1267241 -0.2521865 -0.9939263 0.1100478 0 -0.9684403 0.2469516 -0.03374177 -0.9697068 0.2442718 0 -0.8245283 0.5634347 -0.05190688 -0.811643 0.5666961 -0.141743 -0.7839818 0.5566403 -0.2748165 -0.7164735 0.50536 -0.4809128 -0.8048595 0.2741797 -0.5263333 -0.8292341 0.1503874 -0.5382885 -0.4974994 0.1861885 -0.8472474 0 0.3958369 -0.9183208 0 0.2026044 -0.9792607 0.4974992 0.1861885 -0.8472476 -0.4819141 0.3540454 -0.8015053 -0.4286769 0.6597347 -0.6172409 0 0.7314856 -0.681857 0.4819141 0.3540454 -0.8015053 0.4286771 0.6597344 -0.6172411 0.8048593 0.2741802 -0.5263333 0.8292343 0.150388 -0.538288 -0.4852186 0.8714034 -0.07224225 -1.49033e-7 0.9799454 -0.1992664 -0.4735184 0.8618853 -0.181478 0.4852185 0.8714035 -0.07224225 0 0.9967159 -0.08097833 -0.4490803 0.8205277 -0.3536402 0.4490804 0.8205275 -0.3536403 0 0.918151 -0.3962309 -0.8282399 0.5603739 -1.20426e-7 -0.4895818 0.8719574 0 0.4895816 0.8719576 0 2.56923e-7 1 0 0.82824 0.5603735 0 0.8245286 0.5634344 -0.05190706 0.4735185 0.8618853 -0.181478 0.8116433 0.5666959 -0.141743 0.7164733 0.50536 -0.4809131 -0.4490805 0.8205274 0.3536402 0 0.9799454 0.1992665 -0.473518 0.8618853 0.1814781 0.4490807 0.8205274 0.35364 0 0.9181509 0.3962311 -0.4852191 0.8714033 0.07224214 0.4852184 0.8714036 0.07224214 -1.29615e-6 0.9967159 0.08097809 -0.7164731 0.5053607 0.4809126 -0.7839818 0.5566402 0.2748166 0.4735182 0.8618853 0.1814783 -0.8245283 0.5634347 0.051907 -0.8116428 0.5666964 0.1417431 -0.9335079 0.2540186 0.2530564 -0.9883996 0.1167567 0.09712946 -0.9593451 0.126724 0.2521864 -0.9613041 0.2531695 0.1086262 -0.9933698 0.1117057 0.02717524 -0.9684403 0.2469515 0.03374183 0.9335078 0.254019 -0.2530569 0.9883996 0.1167572 -0.09712946 0.9593451 0.1267241 -0.2521864 0.9613041 0.2531696 -0.108626 0.9933698 0.1117058 -0.02717554 0.7839819 0.5566402 -0.2748165 0.9684402 0.2469517 -0.03374165 -0.9933698 0.1117057 0.0271753 -0.9613041 0.2531697 0.1086261 -0.9684401 0.2469518 0.03374153 -0.9883996 0.1167571 0.09712934 -0.9335079 0.254019 0.2530563 -0.9939264 0.1100482 0 -0.9697068 0.244272 0 -0.8245284 0.5634346 0.05190706 -0.82824 0.5603736 0 -0.8116428 0.5666965 0.1417431 -0.7839819 0.5566402 0.2748165 -0.7164731 0.5053607 0.4809128 -0.9593452 0.126724 0.2521865 -0.8048596 0.2741799 0.5263332 -0.497499 0.1861882 0.8472477 0 0.3958376 0.9183207 -0.4819142 0.3540452 0.8015053 0.4974992 0.186188 0.8472477 -1.3262e-7 0.2026054 0.9792605 -0.8292339 0.1503869 0.5382891 -0.4286768 0.6597347 0.6172411 0 0.7314857 0.6818568 0.4819139 0.3540452 0.8015055 0.8048594 0.2741801 0.5263332 0.4286767 0.659735 0.6172407 0.8292341 0.1503873 0.5382887 0.9933698 0.1117058 -0.02717524 0.9613041 0.2531695 -0.1086261 0.9684403 0.2469516 -0.03374177 0.9883996 0.1167572 -0.09712946 0.9335079 0.254019 -0.2530563 0.9939263 0.1100478 0 0.9697068 0.2442718 0 0.8245285 0.5634347 -0.05190688 0.8282399 0.5603739 0 0.811643 0.5666961 -0.141743 0.7839819 0.5566403 -0.2748164 0.7164734 0.5053601 -0.4809129 0.9593451 0.1267241 -0.2521864 0.8048595 0.2741797 -0.5263333 0.4974994 0.1861885 -0.8472474 0 0.395837 -0.9183208 0.4819141 0.3540454 -0.8015053 -0.4974991 0.1861883 -0.8472477 0 0.2026045 -0.9792607 0.8292341 0.1503874 -0.5382885 0.4286767 0.6597349 -0.617241 0 0.7314855 -0.6818571 -0.4819141 0.3540453 -0.8015053 -0.8048595 0.27418 -0.5263332 -0.428677 0.6597344 -0.6172411 -0.8292341 0.1503879 -0.5382884 0.4852186 0.8714034 -0.07224225 4.55793e-7 0.9799454 -0.1992664 1.78096e-7 0.9967159 -0.08097833 -0.4852185 0.8714035 -0.07224225 0.4490803 0.8205276 -0.3536402 0.4735185 0.8618853 -0.1814779 -0.4490802 0.8205277 -0.3536403 -0.4735181 0.8618853 -0.181478 0.4895819 0.8719574 0 0 1 0 -0.4895816 0.8719575 0 -0.8245287 0.5634342 -0.051907 -0.811643 0.5666961 -0.1417431 -0.7164735 0.50536 -0.4809128 -0.7839818 0.5566405 -0.2748166 0 0.918151 -0.3962308 0.4490807 0.8205273 0.3536402 0 0.9799453 0.1992665 1.25906e-7 0.9181509 0.3962311 -0.4490807 0.8205275 0.3536401 0.4852187 0.8714035 0.0722422 0.4735184 0.8618853 0.1814781 -0.4852184 0.8714036 0.07224214 -0.4735184 0.8618851 0.1814783 0.7164731 0.5053607 0.4809126 9.59742e-7 0.9967159 0.08097809 0.8245283 0.5634349 0.051907 0.8116429 0.5666963 0.1417431 0.783982 0.5566402 0.2748166 0.9883996 0.1167568 0.09712946 0.933508 0.2540187 0.2530562 0.9593451 0.126724 0.2521864 0.9933698 0.1117057 0.02717524 0.9613041 0.2531695 0.1086261 0.9684402 0.2469516 0.03374177 -0.9883996 0.1167572 -0.09712934 -0.9335077 0.2540189 -0.2530568 -0.9593451 0.1267241 -0.2521866 -0.9933698 0.1117057 -0.0271753 -0.9613041 0.2531695 -0.108626 -0.9684403 0.2469516 -0.03374153 0.4296123 0.8720823 0.23432 0.3280418 0.9260801 0.1864521 0.3966298 0.8927285 0.2138237 0.4429854 0.8574486 0.2618132 0.3587535 0.9111643 0.2026712 0.2883607 0.9416493 0.1736221 0.3683804 0.902648 0.2225363 0.3149268 0.9304753 0.1871814 0.5015185 0.8256704 0.2583556 0.3434377 0.9182175 0.1972997 0.449612 0.8609842 0.2378137 0.5352239 0.7951353 0.2851235 0.5491769 0.7723993 0.319068 0.5293794 0.7646765 0.3674609 0.428845 0.8520668 0.3001236 0.3533774 0.9014434 0.250049 0.3226844 0.9243479 0.2036073 0.3075748 0.925148 0.2224836 0.2903138 0.9343271 0.2067627 0.2802224 0.9410287 0.1895794 0.2574721 0.9515973 0.1678419 0.2400767 0.9577692 0.1582455 0.2160182 0.9654839 0.1455237 0.2778583 0.9452384 0.1712284 0.405898 0.8690575 0.2828176 0.6778067 0.6359974 0.3688975 0.5165652 0.8076552 0.2843476 0.2349895 0.9273964 0.2910601 0.5732806 0.7200517 0.3909923 0.812991 0.3658002 0.4530298 0.3675307 0.8171833 0.4439966 0.7320332 0.4368001 0.5228127 0.3749004 0.8997062 0.2235587 0.5865587 0.7531948 0.2977355 0.2729842 0.9380287 0.2134991 0.1458609 0.9673674 0.2071834 -8.50246e-7 0.9787859 0.2048863 1.49173e-7 0.9545701 0.2979869 9.91296e-7 0.8719966 0.489512 0.5061663 0.540335 0.6721858 4.15313e-7 0.5990777 0.800691 0.5678678 0.07669776 0.8195387 0.797274 0.05624514 0.6009916 0.8629344 0.04708623 0.5031176 0.8813288 0.04402619 0.4704481 0.8418138 0.3255603 0.4305346 0.731839 0.5732249 0.3685443 0.7091692 0.211479 -0.6725739 0.6513997 0.4855862 -0.5829961 0.7231114 0.2369648 -0.6488125 0.6496311 0.4515405 -0.6116296 0.5546607 0.6813995 -0.477542 0.6605964 0.5375497 -0.5240732 0.7540279 0.2790754 -0.5946083 0.5499321 0.7177108 -0.4271603 0.7232423 -0.06434857 -0.68759 0.7319155 -0.06349098 -0.678431 0.7044385 0.1938834 -0.6827706 0.6535073 0.4256331 -0.6259112 0.5636534 0.6506232 -0.5089051 0.5763205 0.6248447 -0.5267104 0.4587948 0.8053075 -0.3754826 0.4434168 0.8282384 -0.3426411 0.4311617 0.852151 -0.296544 0.4275425 0.8725031 -0.2365292 0.5303349 0.7937023 -0.2979627 0.6689138 0.6429944 -0.372978 0.8211213 0.3706781 -0.4340018 0.7951907 -0.05649912 -0.6037217 0.8989862 -0.04081016 -0.4360715 0.7521193 -0.06140679 -0.65616 0.2675259 0.517226 0.812962 0.447109 0.3173099 0.8363062 0.2694748 0.313991 0.9103808 0.2643111 0.6879845 0.6758824 0.4256113 0.5151844 0.7439356 0.6530242 0.3081655 0.6918045 0.3950532 0.6730714 0.6252264 0.6053233 0.502795 0.6170745 0.2017797 0.3197062 0.9257824 0.2703059 0.08970832 0.9585861 0.201751 0.0912618 0.9751758 0.2023407 0.5349622 0.8202888 0.2033878 0.7159198 0.6679015 0.2033369 0.8428112 0.4983205 0.2564992 0.8146655 0.5201233 0.3571348 0.7920638 0.4950656 0.5396974 0.6549546 0.5289245 0.6317499 0.6397624 0.437717 0.716594 0.4846233 0.5016307 0.7775679 0.2908625 0.5574829 0.6718364 0.06901794 0.7374771 0.8015886 0.05570912 0.5952749 0.4552773 0.08296167 0.8864762 0.3912097 0.9021101 -0.1820782 0.3058518 0.9393326 -0.1552711 0.3184463 0.9397712 -0.1241862 0.4926189 0.8282042 -0.2672162 0.3851962 0.9009063 -0.1999791 0.2967137 0.937677 -0.1808947 0.3809351 0.8999732 -0.2119833 0.3300239 0.9393655 -0.09314882 0.2802734 0.9556997 -0.08991682 0.2963368 0.9535927 -0.05334365 0.3950762 0.904409 -0.1611188 0.4837058 0.8326145 -0.2697811 0.4758928 0.8397326 -0.2614865 0.5809857 0.7146446 -0.3895367 0.6050263 0.7121666 -0.3560364 0.6329169 0.7150197 -0.2969226 0.5017347 0.8273403 -0.2525281 0.5095606 0.8305075 -0.2249565 0.3797817 0.9000304 -0.2138023 0.2909814 0.9358893 -0.1985981 0.2481532 0.9506002 -0.1864925 0.2546718 0.9536891 -0.1600609 0.2651302 0.9557921 -0.1271516 -0.02088558 0.355767 -0.9343414 0.3867987 0.7191714 -0.5772169 0.5263203 0.4093134 -0.7452849 -0.01548343 0.6788257 -0.7341362 0.281366 0.8589298 -0.4278701 0.8787844 0.3772113 -0.2923176 0.7132555 0.6468763 -0.2698474 -0.3080676 -0.08864808 -0.9472255 -0.009286522 -0.09317493 -0.9956064 -0.2810826 0.2863489 -0.9159678 -0.2015935 0.6113963 -0.7652155 0.02498757 0.846583 -0.5316699 -0.09832596 0.8098058 -0.5784 0.07946008 0.9176902 -0.3892698 0.2382817 0.9162868 -0.321932 0.5585724 0.792858 -0.2436664 0.4483438 0.8657087 -0.2225679 0.7090286 0.6966869 -0.1091141 0.8388866 0.5387719 -0.07742208 0.9509658 0.3065508 -0.04112088 0.9999806 -5.79573e-4 -0.006209552 0.9600547 -0.02607172 -0.2785953 0.6033099 -0.07430803 -0.7940375 0.8949742 0.4437297 0.04609876 0.9679908 0.2419663 0.06667971 0.9647802 0.2468269 0.09097081 0.7940954 0.6077358 -0.008345842 0.8996592 0.4360764 0.02123486 0.9714393 0.2368859 -0.01381653 0.80079 0.5979481 -0.03454852 0.9008001 0.430908 -0.05364334 0.9630867 0.2524983 0.09332048 0.992352 0.0115019 0.1229038 0.992053 0.01172381 0.1252734 0.8900409 0.4531524 0.04979968 0.7855658 0.618775 -0.002020716 0.648079 0.7590305 -0.06218034 0.6596947 0.7482009 -0.07069909 0.6680119 0.7378396 -0.09671068 0.8004226 0.5908432 -0.101134 0.6675181 0.7292416 -0.1504203 0.7839913 0.5832814 -0.2124627 0.8844398 0.4234613 -0.1960782 0.9575522 0.2266705 -0.1780852 0.9875585 -0.01465231 -0.1565685 0.9998735 0.001482725 0.01584386 0.9950978 0.009214699 0.0984658 0.07946789 0.8975909 -0.4336076 0.09940248 0.9224311 -0.373149 0.1181428 0.9223771 -0.3677813 0.01723235 0.8346683 -0.5504834 0.074328 0.8868003 -0.4561367 0.0605216 0.9247605 -0.3757064 0.02089744 0.8199398 -0.5720684 0.05126702 0.8843511 -0.4639987 0.1182363 0.9287273 -0.3514056 0.1314574 0.9396785 -0.3157902 0.1445152 0.9391706 -0.3115671 0.06942063 0.9130492 -0.4018979 0.00447613 0.8556884 -0.5174723 -0.005133748 0.8779489 -0.4787269 -0.1044383 0.7709506 -0.6282738 -0.07831335 0.74387 -0.6637202 -0.03711038 0.7243471 -0.6884361 -8.93016e-7 0.716714 -0.6973673 4.25177e-7 0.8148353 -0.5796926 0 0.8853834 -0.4648615 0 0.9267009 -0.3757997 -1.20557e-7 0.9506752 -0.3101882 0.06129872 0.9479913 -0.3123383 0.1058187 0.9428247 -0.3160443 0.137266 0.9496169 -0.2817549 0.07478618 0.9363114 -0.3431152 0.122012 0.9447116 -0.3043571 0.09209853 0.9441608 -0.3163517 0.01086759 0.9141469 -0.4052374 0.06650143 0.9260293 -0.3715472 0.1151573 0.9379333 -0.3271393 -0.003097593 0.8977544 -0.4404856 0.1969475 0.9504479 -0.2405421 0.1723755 0.949968 -0.2604755 0.1642969 0.9519867 -0.2583175 0.1219581 0.9493983 -0.289429 0.03305572 0.9273889 -0.3726354 0.06779068 0.9375991 -0.341046 -0.04912573 0.8816002 -0.4694334 -0.07927852 0.857713 -0.5079799 -0.1013796 0.8304823 -0.5477421 -0.1114413 0.8008773 -0.5883675 0.1497386 0.9425812 -0.2985281 0.1573776 0.9472097 -0.2793318 -0.2094174 0.1874756 -0.959686 -0.2830216 0.4165904 -0.8639163 -0.3442655 0.1832693 -0.9208115 -0.1680526 0.4154979 -0.893935 -0.1886693 0.6039277 -0.7743871 -0.3328618 0.4275665 -0.8404701 -0.4004624 0.1845838 -0.8975292 -0.227658 0.6269542 -0.7450506 6.72985e-7 -0.09317821 -0.9956495 -0.2241915 -0.090806 -0.9703053 1.56215e-7 0.1906709 -0.9816541 4.44532e-7 0.4166517 -0.9090662 -0.1065581 0.5906712 -0.7998456 -1.17444e-6 0.5858188 -0.8104421 -0.234548 0.6580071 -0.7155515 -0.3437522 0.4485606 -0.8250017 -0.4148924 0.1916482 -0.889458 -0.423312 -0.0844177 -0.9020425 -0.4385958 -0.08373904 -0.8947747 -0.3654033 -0.08673518 -0.9267996 0.1662568 0.9829102 0.07903409 0.1204475 0.9900653 0.07254713 0.1593839 0.981615 0.1050177 0.1816526 0.9821346 0.04913038 0.1419101 0.9891692 0.03749299 0.08127111 0.9962717 0.02894413 0.1665586 0.9860277 0.002749025 0.1194375 0.9927253 -0.01521188 0.1975234 0.9710927 0.1340277 0.1647565 0.9784947 0.1241113 0.1916415 0.9747405 0.1146932 0.1987801 0.9759814 0.0891453 0.2151457 0.9746995 0.06060826 0.2001035 0.9795898 0.01903533 0.1883066 0.9817175 -0.02777445 0.153696 0.9867823 -0.05136609 0.1793259 0.9806097 -0.07903754 0.1430857 0.9833924 -0.1116511 0.1009302 0.9915833 -0.08109056 0.04589658 0.9982121 -0.03829044 -1.39604e-7 0.9997223 0.02356839 0.04971498 0.9958522 0.0762037 0.110105 0.9886572 0.1021466 0.1831551 0.6462842 0.7407908 0.1926492 0.3565297 0.9142062 0.192254 0.3785715 0.905385 0.1700574 0.8320629 0.5279696 0.1863754 0.6073431 0.7722685 0.1933341 0.3363273 0.9216865 0.176843 0.7954844 0.5795957 0.1904494 0.5691047 0.7999057 0.201233 0.4052317 0.8917918 0.1943956 0.0914005 0.9766557 0.2051272 0.09119731 0.9744773 0.1868994 0.6874165 0.7018029 0.1697015 0.8656058 0.4710925 0.1622347 0.9459716 0.2807447 0.1618931 0.9266763 0.3392074 0.1695671 0.9029905 0.3947851 0.1859752 0.7556778 0.6279844 0.1819183 0.8745354 0.4495484 0.1941507 0.09140586 0.9767039 0.1942346 0.09140348 0.9766875 0.625922 0.7796072 -0.02083647 0.5842688 0.533637 0.6114423 0.8634484 0.5031213 0.03641474 0.4485631 0.8924255 -0.0486623 0.4139016 0.8087476 0.417867 0.2873272 0.458189 0.8411337 0.2990047 0.9258441 0.2311037 0.2380729 0.7432304 0.6252439 0.9948847 0.009411334 0.1005776 0.342556 0.9365889 -0.0738691 0.2476047 0.9649394 0.08708536 0.1992664 0.8992494 0.3894141 0.1848668 0.9610657 0.2053711 0.3105239 0.08857131 0.9464302 0.6873635 0.0676757 0.7231538 0.470527 0.8728484 -0.1293838 0.2890465 0.9341141 -0.2094825 0.3211194 0.9284576 -0.1866788 0.449363 0.8813707 -0.1458036 0.253803 0.9346664 -0.2489637 0.1806375 0.9495244 -0.2564634 0.2192726 0.948421 -0.2289482 0.1337575 0.943288 -0.3038365 0.488918 0.8633677 -0.1247218 0.6357483 0.7691537 -0.06501293 0.6232659 0.7782027 -0.07707405 0.4282029 0.8872411 -0.1715968 0.6013014 0.7884863 -0.1293293 0.6112487 0.7857115 -0.09503942 -0.004975855 0.9017927 -0.4321404 0.2486751 0.9443414 -0.2153604 0.3463702 0.9211086 -0.1777272 -0.410852 0.2038476 -0.8886207 -0.3124644 0.5145169 -0.7985227 -0.395177 0.2213122 -0.8915471 -0.3346333 0.4780184 -0.8121079 -0.1947539 0.7330407 -0.6517072 -0.274841 0.558043 -0.7829754 -0.3625728 0.2461546 -0.8988598 -0.1571381 0.7718922 -0.6160278 -0.4359313 -0.08385866 -0.8960646 -0.2211796 0.6943783 -0.6847762 -0.3917253 -0.08573251 -0.9160793 -0.4222653 -0.0844624 -0.9025287 0.2392569 0.9702497 -0.03703552 0.2062864 0.9769528 -0.05485564 0.2188879 0.9757037 -0.009511232 0.2593894 0.9636751 -0.06362128 0.2253442 0.9709449 -0.08053672 0.1978579 0.9749 -0.1020895 0.2445635 0.9639729 -0.1046184 0.2165496 0.9684267 -0.1235154 0.2355624 0.9713305 0.03205263 0.257048 0.9663904 0.004020273 0.2769303 0.9605908 -0.02397948 0.2349869 0.9614378 -0.1428937 0.229021 0.9572947 -0.1764547 0.2098518 0.963764 -0.1646853 0.1909444 0.969928 -0.150931 0.1725224 0.9758589 -0.1339229 0.5144711 0.8367227 -0.1876559 0.3743273 0.9075193 -0.1904939 0.3782922 0.9027342 -0.2048561 0.5131161 0.8446332 -0.152665 0.3638892 0.913865 -0.1800985 0.2801582 0.9366057 -0.2104314 0.2863399 0.9353241 -0.2077944 0.2684214 0.9398629 -0.2112056 0.6552042 0.7213681 -0.224356 0.5036065 0.8537838 -0.1320373 0.2198345 0.9479456 -0.2303736 0.2342178 0.9468125 -0.2206541 0.2424769 0.947912 -0.2065621 0.2143056 0.9495772 -0.2288587 0.2043944 0.958268 -0.1998633 0.2237421 0.9529035 -0.2047305 0.1829715 0.948088 -0.2600973 0.1977396 0.952095 -0.2332684 0.1857954 0.9634327 -0.1930736 0.1789296 0.9557057 -0.2336894 0.1977104 0.9490643 -0.2453315 0.1698473 0.947899 -0.2695174 0.1549149 0.9495212 -0.2727839 0.1608843 0.9593768 -0.2317596 0.1663876 0.9684459 -0.1855472 0.1373823 0.9755195 -0.1717205 0.09678405 0.9722951 -0.21278 0.09379118 0.9844434 -0.1485745 0.1356944 0.9527026 -0.2719283 0.1362262 0.9645824 -0.2258833 0.05085122 0.9796237 -0.1942976 0.04462498 0.9916355 -0.1211112 0.1032985 0.9588928 -0.2642993 0.05850541 0.9649666 -0.2557667 0 0.9676647 -0.2522405 0 0.9829152 -0.1840594 -1.6244e-7 0.9952558 -0.09729254 0.8719788 0.4895437 -3.98481e-4 0.9612562 0.2664053 0.07081407 0.9599049 0.2775239 0.03953826 0.7586739 0.6501864 -0.0408861 0.8801914 0.4736975 0.02956354 0.9620093 0.259029 0.0862677 0.7685166 0.6395693 -0.01825964 0.8851354 0.4632643 0.04383623 0.997304 0.00683701 0.07306146 0.7769449 0.6295396 -0.006044209 0.9928991 0.01108497 0.1184424 0.9945969 0.00967282 0.1033608 0.1828858 0.9329987 0.309946 0.1811314 0.9676062 0.1758688 0.1904854 0.9566375 0.2203637 0.1708623 0.9503931 0.2599213 0.1776859 0.9755371 0.1294418 0.2036728 0.9711316 0.1241803 0.2088761 0.9625762 0.1726786 0.1969437 0.9771999 0.07933169 0.203561 0.9121831 0.3556472 0.1650074 0.9638745 0.2090904 0.1682226 0.973535 0.1546958 0.1831366 0.9799426 0.07857263 0.2033761 0.9786162 0.03079819 0.2348309 0.9720284 0.003911852 0.2290313 0.9717953 0.05620038 0.2296296 0.9688214 0.09303474 0.2240535 0.9653598 0.1337178 0.2245733 0.9592915 0.1712506 0.2184461 0.9542269 0.2042853 0.2115167 0.9417371 0.2615188 0.3119885 0.8697175 0.3824328 0.3158339 0.9065598 0.2799972 0.3784934 0.8582853 0.3465388 0.2493143 0.8890717 0.3839195 0.2693493 0.9163572 0.2962103 0.2770982 0.9303606 0.2400958 0.2372877 0.9271517 0.2899729 0.2471643 0.9375597 0.2447278 0.4601364 0.7737876 0.4353475 0.2241973 0.9465974 0.2317087 0.2288187 0.9526028 0.2004742 0.242698 0.9454514 0.2173002 0.2653179 0.9385466 0.2207638 0.2856737 0.9328663 0.2194334 0.1900011 0.9780453 0.08559757 0.2545801 0.9639848 -0.07695609 0.2055037 0.9785589 0.01380962 0.2414311 0.9703227 -0.01360368 0.3360717 0.9204741 -0.1994577 0.274423 0.954388 -0.1176252 0.2260297 0.9736284 -0.03095811 0.3542246 0.9050592 -0.2353571 0.3235989 0.9347493 -0.1467226 0.4777801 0.7847132 -0.3949068 0.3769842 0.8901302 -0.2560294 0.2993431 0.9437805 -0.1402577 0.2518775 0.9661513 -0.05576211 0.7015333 0.1651666 -0.6932324 0.6653866 0.3912106 -0.635779 0.7030656 0.1727346 -0.6898272 0.6704859 0.3784583 -0.6381363 0.6056488 0.5869046 -0.5373384 0.6596007 0.4064421 -0.6322436 0.7038156 0.1818917 -0.6867015 0.5907638 0.6041489 -0.5347918 0.7143471 -0.06520438 -0.6967472 0.7131593 -0.06531763 -0.6979524 0.7041577 0.1600139 -0.6917786 0.6776236 0.3686658 -0.6363269 0.620226 0.5721283 -0.5366461 0.6336831 0.559485 -0.5342493 0.5464665 0.7364628 -0.3987441 0.5232992 0.7507706 -0.403115 0.4996712 0.7667645 -0.4029901 0.7199691 -0.06466591 -0.6909869 0.7169042 -0.06496113 -0.6941387 0.8984414 0.2060101 -0.3877668 0.7622355 0.3838779 -0.521186 0.8061985 0.1803889 -0.563475 0.8347488 0.4066802 -0.3712222 0.6971427 0.5597471 -0.447968 0.7032996 0.3685119 -0.6079217 0.7326527 0.1631373 -0.6607619 0.6557583 0.5538922 -0.5130152 0.9245012 -0.03551769 -0.3795207 0.7468761 0.5720188 -0.3390731 0.5643623 0.7235078 -0.3975319 0.7440609 -0.06225228 -0.6652052 0.8236663 -0.05283898 -0.5646077 0.2501087 0.9653252 0.07478517 0.2552591 0.9623809 0.0930913 0.2451265 0.9628204 0.113534 0.2538873 0.9666404 0.03387731 0.268008 0.9616243 0.05874079 0.2505944 0.9657922 0.06669259 0.2776016 0.960435 0.02240186 0.2698873 0.9621912 0.03672707 0.237917 0.9597527 0.1492323 0.2655181 0.9640545 -0.009965002 0.287506 0.9576245 -0.0171988 0.2861009 0.9581828 0.00565207 0.3012467 0.9531298 -0.02817851 0.2306686 0.968271 0.09614247 0.240244 0.9625712 0.1254578 0.2427366 0.9498565 0.1971082 0.2523697 0.9499645 0.1840573 0.2636853 0.9426991 0.2044228 0.2344986 0.955623 0.1783117 0.233346 0.9567301 0.173831 0.2296639 0.9599393 0.1605336 0.2300423 0.9609856 0.1535819 0.2149833 0.9656078 0.1462322 0.2162435 0.9684576 0.1238097 0.2862941 0.9558998 -0.06550872 0.3623585 0.9202406 -0.1478299 0.3143757 0.9467979 -0.06886017 0.328501 0.9327567 -0.1485002 0.4326887 0.8625182 -0.2623791 0.3288294 0.9414801 -0.07407194 0.4593516 0.8500955 -0.2575533 0.3863224 0.9099791 -0.1506419 0.403783 0.876019 -0.2637237 0.6590648 0.668065 0.3454312 0.7602367 0.4822102 0.4353314 0.6638364 0.6439251 0.3803706 0.6323762 0.7058456 0.3191903 0.7689089 0.4980804 0.4008682 0.8281019 0.2838941 0.4833752 0.7590574 0.528438 0.3802436 0.8458485 0.2886325 0.4485886 0.8495523 0.3022713 0.4323114 0.8825915 0.04380673 0.4680954 0.8746891 0.04516136 0.482576 0.8542436 0.04844135 0.5176114 0.188214 0.9673399 0.1697914 0.07100915 0.9883151 0.1348741 0.09721457 0.9820396 0.161702 0.2718043 0.9449027 0.1824322 0.1417638 0.9790291 0.1463053 0.117762 0.9853284 0.1235317 0.0569455 0.9922138 0.1107661 0.1824727 0.9732317 0.1397282 0 0.9873136 0.1587827 0.2143626 0.9638078 0.1585035 4.33744e-7 0.9949173 0.1006961 0 0.9915589 0.1296576 -0.3280414 0.9260802 0.1864522 -0.4296121 0.8720824 0.2343198 -0.3966299 0.8927286 0.2138237 -0.2883609 0.9416493 0.173622 -0.3587542 0.9111641 0.2026711 -0.4429854 0.8574485 0.2618132 -0.3149266 0.9304754 0.1871814 -0.3683806 0.9026479 0.2225365 -0.3434377 0.9182175 0.1972999 -0.5015184 0.8256704 0.2583557 -0.4496119 0.8609843 0.2378137 -0.2778578 0.9452385 0.1712284 -0.2400771 0.957769 0.1582454 -0.2574723 0.9515972 0.167842 -0.2802224 0.9410288 0.1895791 -0.3226839 0.924348 0.203607 -0.2903137 0.9343273 0.2067621 -0.3075749 0.9251481 0.2224835 -0.3533772 0.9014434 0.2500488 -0.428845 0.8520668 0.3001236 -0.5293797 0.7646761 0.3674611 -0.5491766 0.7723996 0.3190676 -0.5352241 0.795135 0.2851237 -0.6778061 0.6359983 0.368897 -0.4058973 0.8690581 0.2828171 -0.5165652 0.8076554 0.284347 -0.8129914 0.3657984 0.4530306 -0.5732806 0.7200514 0.3909927 -0.2349892 0.9273965 0.2910597 -0.7320347 0.436797 0.5228132 -0.3675302 0.8171832 0.4439968 -0.5865586 0.7531949 0.2977358 -0.3749008 0.8997061 0.223559 -0.7318388 0.5732253 0.3685441 -0.8418138 0.3255617 0.4305337 -0.8813289 0.04402601 0.470448 -0.8629344 0.04708248 0.5031179 -0.7972741 0.05624228 0.6009916 -0.5061657 0.540333 0.6721879 -0.567868 0.07669615 0.8195387 -0.1458612 0.9673674 0.2071833 -0.2729841 0.9380287 0.2134994 -0.7091692 0.2114798 -0.6725736 -0.6513996 0.4855863 -0.5829962 -0.6496311 0.4515403 -0.6116298 -0.7231119 0.2369636 -0.6488124 -0.6605967 0.5375492 -0.5240734 -0.5546606 0.6813994 -0.4775424 -0.5636535 0.6506229 -0.5089054 -0.5499327 0.7177107 -0.4271598 -0.7232422 -0.0643475 -0.6875901 -0.7044388 0.193883 -0.6827704 -0.7319155 -0.06349056 -0.678431 -0.7521194 -0.06140655 -0.6561598 -0.7540274 0.279076 -0.5946087 -0.7951903 -0.05649805 -0.6037222 -0.8211218 0.3706774 -0.4340015 -0.6689138 0.6429942 -0.3729782 -0.5303339 0.7937029 -0.2979628 -0.4275433 0.8725026 -0.2365289 -0.431162 0.8521507 -0.2965442 -0.4434164 0.8282384 -0.3426412 -0.458795 0.8053073 -0.3754827 -0.5763207 0.6248446 -0.5267102 -0.4777804 0.784713 -0.394907 -0.6535077 0.4256333 -0.6259106 -0.4471092 0.3173099 0.836306 -0.2675257 0.5172263 0.8129619 -0.2694749 0.3139904 0.910381 -0.6530237 0.3081659 0.6918048 -0.4256111 0.5151849 0.7439353 -0.2643109 0.687985 0.6758821 -0.6053233 0.5027959 0.6170738 -0.3950529 0.6730717 0.6252262 -0.2703055 0.08970904 0.958586 -0.2017794 0.3197066 0.9257823 -0.2017508 0.09126114 0.9751759 -0.4552776 0.08296006 0.8864762 -0.6718366 0.06901645 0.7374771 -0.7775679 0.2908622 0.5574833 -0.7165939 0.4846237 0.5016305 -0.6317503 0.6397618 0.4377173 -0.5396972 0.6549547 0.5289247 -0.4601364 0.7737878 0.4353469 -0.3571344 0.792064 0.4950654 -0.2564991 0.8146658 0.520123 -0.2033367 0.8428115 0.4983202 -0.2033877 0.7159202 0.667901 -0.2023404 0.5349622 0.8202889 -0.3058514 0.9393327 -0.1552705 -0.3912094 0.9021099 -0.1820796 -0.318446 0.9397714 -0.1241857 -0.2967135 0.9376771 -0.1808948 -0.3851962 0.9009062 -0.1999801 -0.4926185 0.8282043 -0.2672165 -0.4837053 0.8326146 -0.2697818 -0.3809354 0.899973 -0.2119826 -0.2802735 0.9556996 -0.08991724 -0.3300241 0.9393655 -0.09314894 -0.2963361 0.9535928 -0.05334413 -0.2651304 0.9557921 -0.1271513 -0.2546724 0.953689 -0.1600605 -0.2481533 0.9506002 -0.1864926 -0.2909816 0.9358893 -0.1985977 -0.3797817 0.9000303 -0.2138022 -0.5017352 0.82734 -0.2525277 -0.5095607 0.8305074 -0.2249569 -0.6329168 0.71502 -0.2969223 -0.6050258 0.7121658 -0.3560391 -0.5809864 0.7146442 -0.3895363 -0.4758931 0.8397324 -0.2614865 -0.5643627 0.7235078 -0.3975316 -0.3950763 0.904409 -0.1611181 0.02088707 0.3557697 -0.9343402 -0.3867963 0.7191713 -0.5772187 0.01548451 0.6788269 -0.7341351 -0.8787841 0.3772111 -0.2923191 -0.5263198 0.4093121 -0.745286 -0.2813647 0.8589304 -0.4278699 -0.02498757 0.8465831 -0.5316697 -0.7132551 0.6468768 -0.2698476 0.3080679 -0.08864974 -0.9472252 0.2810825 0.2863469 -0.9159684 0.009287297 -0.09317541 -0.9956064 -0.9600542 -0.02607375 -0.2785968 -0.6033083 -0.07431077 -0.7940386 -0.9999806 -5.82393e-4 -0.006208777 -0.9509658 0.3065506 -0.04112023 -0.8388866 0.5387722 -0.077421 -0.5585718 0.7928587 -0.243665 -0.7090281 0.6966874 -0.1091145 -0.448343 0.8657091 -0.2225675 -0.2382819 0.9162868 -0.321932 -0.07946014 0.9176903 -0.3892693 0.09832584 0.8098061 -0.5783999 0.004976153 0.9017925 -0.4321407 0.201593 0.6113952 -0.7652164 -0.9679906 0.2419669 0.06667912 -0.8949741 0.44373 0.04609942 -0.9647802 0.2468265 0.09097141 -0.9714392 0.2368866 -0.0138123 -0.8996589 0.4360768 0.02123481 -0.7940955 0.6077357 -0.008345723 -0.9007999 0.430908 -0.05364722 -0.8007895 0.5979486 -0.03454881 -0.992352 0.01150196 0.122904 -0.9630867 0.2524983 0.09332054 -0.9920531 0.01172375 0.1252729 -0.9950982 0.00921458 0.09846121 -0.9998734 0.001482963 0.01584386 -0.9875587 -0.01465249 -0.1565669 -0.9575518 0.2266699 -0.1780885 -0.8844394 0.4234607 -0.1960819 -0.8004221 0.5908434 -0.1011365 -0.7839915 0.5832809 -0.2124635 -0.6675184 0.729241 -0.150422 -0.6680122 0.7378392 -0.09671086 -0.6596945 0.7482011 -0.07069879 -0.648079 0.7590305 -0.06218039 -0.7855656 0.6187751 -0.002020955 -0.890041 0.4531525 0.04979974 -0.09940248 0.922431 -0.3731493 -0.07946765 0.8975909 -0.4336076 -0.118143 0.9223769 -0.3677815 -0.06052166 0.9247605 -0.3757066 -0.07432758 0.8868003 -0.4561368 -0.01723313 0.8346683 -0.5504832 -0.00447613 0.8556884 -0.5174723 -0.02089804 0.8199396 -0.5720685 -0.1314578 0.9396785 -0.3157901 -0.1182364 0.9287272 -0.3514056 -0.1445155 0.9391704 -0.3115673 -0.105819 0.9428247 -0.3160442 -0.06129842 0.9479912 -0.3123383 -0.05126678 0.884351 -0.4639989 0.03710985 0.7243466 -0.6884366 0.07831418 0.7438697 -0.6637204 0.1044384 0.7709505 -0.628274 0.005134105 0.8779491 -0.4787265 0.1114415 0.8008777 -0.5883671 -0.06942057 0.9130493 -0.401898 -0.1372658 0.9496169 -0.2817549 -0.07478636 0.9363114 -0.3431151 -0.09209829 0.9441608 -0.3163516 -0.122012 0.9447116 -0.3043572 -0.06650173 0.9260294 -0.3715472 -0.01086789 0.9141469 -0.4052374 -0.0330556 0.9273889 -0.3726356 0.003097474 0.8977544 -0.4404855 -0.1969474 0.9504479 -0.2405423 -0.1642968 0.9519867 -0.2583175 -0.1723753 0.949968 -0.2604757 -0.1573776 0.9472096 -0.2793321 -0.1151571 0.9379333 -0.3271391 -0.1497384 0.9425812 -0.2985284 0.1013793 0.8304823 -0.5477422 0.07927852 0.8577125 -0.5079806 0.04912596 0.8816 -0.4694338 -0.06779056 0.937599 -0.3410464 -0.1219583 0.9493983 -0.2894292 0.2094164 0.1874748 -0.9596865 0.2830209 0.4165901 -0.8639167 0.1680528 0.4154981 -0.8939349 0.3442645 0.1832697 -0.9208118 0.3328619 0.4275648 -0.8404709 0.18867 0.6039278 -0.7743868 0.1065582 0.5906708 -0.7998459 0.2276584 0.6269536 -0.745051 0.224192 -0.09080553 -0.9703053 0.3654026 -0.08673334 -0.9268 0.4004626 0.1845839 -0.8975293 0.4233121 -0.08441686 -0.9020425 0.4148923 0.1916497 -0.8894575 0.3437523 0.4485601 -0.825002 0.2345482 0.6580066 -0.7155519 -0.1204475 0.9900654 0.07254707 -0.166257 0.9829102 0.07903409 -0.1593843 0.981615 0.1050177 -0.08127105 0.9962717 0.02894401 -0.1419102 0.9891692 0.03749287 -0.1816523 0.9821348 0.04913043 -0.119437 0.9927253 -0.01521182 -0.1665589 0.9860277 0.002749145 -0.1647558 0.9784948 0.1241113 -0.1975235 0.9710927 0.1340277 -0.2160179 0.9654839 0.1455239 -0.1101052 0.9886571 0.1021466 -0.04971486 0.9958522 0.0762037 -0.0458967 0.9982121 -0.03829044 -0.1009303 0.9915833 -0.08109068 -0.1536954 0.9867823 -0.05136561 -0.1430856 0.9833924 -0.1116512 -0.1793261 0.9806097 -0.07903736 -0.1883069 0.9817175 -0.02777367 -0.2001039 0.9795898 0.01903527 -0.2151457 0.9746995 0.06060796 -0.1987797 0.9759815 0.08914524 -0.1916415 0.9747406 0.1146928 -0.1926494 0.3565299 0.914206 -0.1831552 0.6462841 0.7407909 -0.1922541 0.3785712 0.9053853 -0.1933345 0.3363255 0.9216871 -0.1863757 0.6073428 0.7722687 -0.1700576 0.8320629 0.5279696 -0.1904494 0.5691049 0.7999055 -0.1768428 0.7954845 0.5795956 -0.1943957 0.09139978 0.9766557 -0.201233 0.4052316 0.8917918 -0.205127 0.09119737 0.9744772 -0.1942347 0.09140437 0.9766874 -0.1941508 0.0914036 0.9767041 -0.1859751 0.7556779 0.6279843 -0.1819182 0.8745354 0.4495483 -0.169567 0.9029905 0.3947851 -0.161893 0.9266764 0.3392074 -0.1622349 0.9459716 0.2807449 -0.1697015 0.8656057 0.4710926 -0.1868994 0.6874165 0.7018028 -0.5842697 0.5336374 0.6114411 -0.6259223 0.7796071 -0.02083599 -0.8634487 0.5031206 0.03641551 -0.2873266 0.4581893 0.8411338 -0.4139009 0.8087479 0.4178674 -0.4485625 0.8924258 -0.0486623 -0.238073 0.7432296 0.6252447 -0.2990053 0.925844 0.2311033 -0.8989863 -0.04080939 -0.4360714 -0.6873639 0.06767666 0.7231534 -0.994885 0.009413838 0.1005743 -0.3105242 0.08857262 0.94643 -0.1992666 0.8992496 0.3894137 -0.184867 0.9610655 0.205371 -0.2476047 0.9649394 0.08708512 -0.3425562 0.9365888 -0.07386952 -0.4705274 0.8728482 -0.1293842 -0.2890468 0.934114 -0.2094824 -0.4493629 0.8813706 -0.1458039 -0.3211191 0.9284576 -0.1866787 -0.1806374 0.9495245 -0.2564631 -0.2538033 0.9346663 -0.2489636 -0.428203 0.8872411 -0.171597 -0.1337581 0.943288 -0.3038365 -0.6357481 0.769154 -0.06501287 -0.4889175 0.863368 -0.1247218 -0.3463693 0.9211087 -0.1777272 -0.2192724 0.948421 -0.2289481 -0.2486752 0.9443413 -0.2153605 -0.6013007 0.7884868 -0.1293295 -0.6112483 0.7857119 -0.09503954 -0.6232656 0.7782027 -0.07707452 0.4108523 0.2038482 -0.8886204 0.312464 0.5145189 -0.7985216 0.3346335 0.4780181 -0.8121079 0.3951769 0.2213134 -0.8915467 0.2748413 0.5580424 -0.7829759 0.1947537 0.7330403 -0.6517076 0.2211795 0.6943783 -0.6847763 0.1571382 0.7718922 -0.6160277 0.4385957 -0.0837382 -0.8947747 0.4359316 -0.08385848 -0.8960644 0.4222651 -0.08446651 -0.9025285 0.3625722 0.2461557 -0.8988598 0.3917252 -0.08573061 -0.9160795 -0.2062871 0.9769527 -0.05485504 -0.2392576 0.9702497 -0.03703558 -0.2188878 0.9757037 -0.009511113 -0.1978587 0.9748998 -0.1020898 -0.2253443 0.9709449 -0.08053684 -0.2593891 0.9636751 -0.06362104 -0.2165494 0.9684268 -0.1235153 -0.2445636 0.9639729 -0.1046181 -0.2355619 0.9713307 0.03205251 -0.1725227 0.9758589 -0.1339232 -0.1909447 0.9699278 -0.150931 -0.2098518 0.9637641 -0.1646852 -0.2349873 0.9614378 -0.1428931 -0.2290207 0.9572947 -0.1764549 -0.2769292 0.9605911 -0.02397954 -0.2570481 0.9663903 0.004019975 -0.5144708 0.8367228 -0.1876561 -0.374327 0.9075195 -0.190494 -0.5131165 0.844633 -0.1526648 -0.3782926 0.902734 -0.2048561 -0.2801585 0.9366055 -0.2104319 -0.3638893 0.913865 -0.1800986 -0.5036069 0.8537835 -0.1320372 -0.2684215 0.9398627 -0.2112058 -0.6552042 0.7213683 -0.2243555 -0.2863401 0.9353241 -0.207794 -0.2424766 0.9479121 -0.2065617 -0.2342174 0.9468126 -0.220654 -0.2198346 0.9479455 -0.2303739 -0.2043947 0.958268 -0.1998631 -0.2143055 0.9495773 -0.2288584 -0.2237417 0.9529035 -0.2047305 -0.1857956 0.9634327 -0.1930739 -0.19774 0.9520951 -0.2332677 -0.1829718 0.948088 -0.2600973 -0.1977108 0.9490642 -0.2453317 -0.1789295 0.9557057 -0.2336896 -0.1663873 0.9684459 -0.1855475 -0.1608843 0.9593767 -0.2317598 -0.1698473 0.9478989 -0.2695174 -0.1549151 0.9495211 -0.2727839 -0.1373815 0.9755197 -0.1717205 -0.09678417 0.9722951 -0.2127799 -0.1362261 0.9645825 -0.2258833 -0.09379112 0.9844434 -0.1485745 -0.05085152 0.9796238 -0.1942975 -0.135694 0.9527026 -0.2719281 -0.1032989 0.9588929 -0.2642989 -0.04462522 0.9916353 -0.1211113 -0.05850553 0.9649667 -0.2557665 -0.9612563 0.2664052 0.07081401 -0.8719794 0.4895424 -3.98322e-4 -0.9599049 0.2775235 0.03953886 -0.9620096 0.2590284 0.08626699 -0.8801912 0.4736979 0.02956354 -0.7586735 0.6501868 -0.04088604 -0.8851356 0.4632639 0.04383546 -0.7685169 0.6395689 -0.01825982 -0.997304 0.006837248 0.07306206 -0.9945969 0.009672343 0.1033607 -0.9928991 0.01108431 0.1184419 -0.7769448 0.6295399 -0.006044268 -0.1828859 0.9329986 0.3099461 -0.1811316 0.967606 0.1758689 -0.1708623 0.9503932 0.2599211 -0.1904852 0.9566374 0.220364 -0.2036728 0.9711316 0.1241801 -0.1776857 0.9755371 0.1294419 -0.1650074 0.9638745 0.2090903 -0.1969439 0.9771999 0.07933157 -0.2035608 0.9121832 0.355647 -0.2115166 0.941737 0.261519 -0.2088757 0.9625763 0.1726787 -0.2245733 0.9592914 0.1712508 -0.2184466 0.9542266 0.2042858 -0.2240537 0.9653599 0.1337174 -0.2290314 0.9717954 0.0562002 -0.2348309 0.9720284 0.003911793 -0.203376 0.9786162 0.03079795 -0.1831366 0.9799426 0.07857251 -0.1682227 0.973535 0.1546955 -0.3158339 0.9065598 0.2799969 -0.3119886 0.8697171 0.3824333 -0.3784936 0.8582852 0.3465389 -0.2770982 0.9303606 0.2400956 -0.2693495 0.9163571 0.2962104 -0.2493143 0.8890716 0.3839195 -0.247164 0.9375596 0.2447283 -0.2372881 0.9271515 0.2899731 -0.2856743 0.9328663 0.2194328 -0.2653179 0.9385467 0.2207636 -0.2426975 0.9454515 0.2173002 -0.2241976 0.9465973 0.2317088 -0.2288184 0.9526029 0.2004742 -0.1900014 0.9780453 0.08559727 -0.2545799 0.9639849 -0.07695621 -0.2414313 0.9703226 -0.01360392 -0.2055034 0.978559 0.01380944 -0.2744231 0.954388 -0.1176254 -0.3360716 0.9204741 -0.1994577 -0.3235987 0.9347494 -0.1467226 -0.354225 0.9050589 -0.2353572 -0.2260296 0.9736284 -0.03095817 -0.2518775 0.9661513 -0.05576217 -0.2993428 0.9437806 -0.1402577 -0.3769838 0.8901304 -0.2560295 -0.7015338 0.1651667 -0.6932319 -0.6653869 0.3912104 -0.6357789 -0.6704856 0.3784589 -0.6381364 -0.7030662 0.1727348 -0.6898266 -0.6596008 0.4064421 -0.6322434 -0.6056487 0.5869048 -0.5373384 -0.6202254 0.5721284 -0.5366466 -0.5907642 0.6041488 -0.5347915 -0.7143462 -0.06520533 -0.696748 -0.7041573 0.1600143 -0.6917788 -0.7131606 -0.06531798 -0.6979511 -0.7169045 -0.06496089 -0.6941384 -0.7038154 0.1818918 -0.6867018 -0.7199693 -0.06466615 -0.6909867 -0.4996711 0.7667646 -0.4029902 -0.523299 0.7507707 -0.4031147 -0.5464665 0.7364621 -0.3987456 -0.6336829 0.5594856 -0.5342489 -0.6776231 0.3686662 -0.6363272 -0.8984408 0.2060095 -0.3877683 -0.7622361 0.3838793 -0.5211842 -0.8347501 0.406682 -0.3712171 -0.8062009 0.1803893 -0.5634712 -0.7032978 0.3685114 -0.6079241 -0.6971428 0.5597466 -0.4479684 -0.7468774 0.5720186 -0.3390705 -0.6557571 0.5538918 -0.5130171 -0.9245007 -0.03551816 -0.3795223 -0.8236668 -0.05283856 -0.5646073 -0.7326531 0.1631376 -0.6607614 -0.7440607 -0.06225275 -0.6652054 -0.2552591 0.9623808 0.09309166 -0.2501085 0.9653253 0.0747857 -0.2451266 0.9628204 0.113534 -0.2505941 0.9657924 0.06669259 -0.2680079 0.9616243 0.05874103 -0.253887 0.9666404 0.03387749 -0.2698872 0.9621914 0.03672701 -0.2776014 0.9604351 0.02240157 -0.2379168 0.9597528 0.149232 -0.240244 0.9625712 0.1254574 -0.2306687 0.9682709 0.09614253 -0.2861005 0.958183 0.005651772 -0.3012465 0.95313 -0.02817869 -0.2875065 0.9576243 -0.01719897 -0.2655182 0.9640544 -0.009965419 -0.229629 0.9688215 0.0930348 -0.2523697 0.9499644 0.1840577 -0.2427363 0.9498565 0.1971083 -0.2636853 0.9426989 0.2044232 -0.229664 0.9599393 0.1605339 -0.2333458 0.9567301 0.1738314 -0.2344986 0.955623 0.1783121 -0.2149829 0.965608 0.1462321 -0.2300426 0.9609856 0.1535816 -0.2162435 0.9684575 0.1238093 -0.2862944 0.9558997 -0.06550884 -0.3623585 0.9202407 -0.1478296 -0.3285011 0.9327566 -0.1485002 -0.3288297 0.9414799 -0.07407253 -0.314376 0.9467979 -0.06886011 -0.4326888 0.8625184 -0.2623783 -0.4037828 0.8760191 -0.2637236 -0.4593515 0.8500953 -0.2575541 -0.3863227 0.9099792 -0.1506415 -0.7602369 0.4822102 0.4353314 -0.6590645 0.6680651 0.3454317 -0.6638363 0.6439255 0.3803701 -0.8281021 0.2838931 0.4833753 -0.7689083 0.4980812 0.4008682 -0.6323762 0.7058456 0.3191903 -0.8458485 0.2886324 0.4485886 -0.759057 0.5284387 0.3802435 -0.8015887 0.05570936 0.5952749 -0.8542436 0.04844051 0.5176115 -0.8746891 0.0451613 0.482576 -0.8495519 0.3022725 0.4323112 -0.8825916 0.04380732 0.4680954 -0.0710088 0.9883151 0.1348741 -0.1882143 0.9673398 0.1697915 -0.09721428 0.9820397 0.161702 -0.1177628 0.9853283 0.1235316 -0.1417629 0.9790292 0.1463053 -0.2718048 0.9449025 0.1824322 -0.1824727 0.9732316 0.1397281 -0.2143623 0.9638078 0.1585035 -0.05694615 0.9922138 0.1107662 0.3280417 -0.875404 0.3550443 0.4296124 -0.8134623 0.3920617 0.3966299 -0.837553 0.3757522 0.2883605 -0.8930836 0.3453259 0.3587541 -0.8577377 0.3682141 0.4429853 -0.7939817 0.4163621 0.3149267 -0.8795877 0.3565765 0.3683808 -0.8456835 0.3861542 0.3434377 -0.8656653 0.3642447 0.5015183 -0.7633968 0.4070688 0.449612 -0.8019086 0.3934358 0.2778574 -0.8970547 0.3436397 0.2400768 -0.9117764 0.3332071 0.2574729 -0.903931 0.3414918 0.2802227 -0.889513 0.3608905 0.3226842 -0.870519 0.3715799 0.2903126 -0.8797401 0.3765316 0.307575 -0.8678027 0.3902771 0.3533777 -0.8393949 0.4129654 0.4288449 -0.7815848 0.4530089 0.5293795 -0.6832178 0.5029621 0.5491769 -0.6997857 0.4568423 0.5352244 -0.7284246 0.4277063 0.6778066 -0.5565076 0.4804972 0.4058977 -0.801492 0.4391557 0.5165655 -0.7408716 0.4292662 0.8129913 -0.2753897 0.513036 0.5732802 -0.6350018 0.5178056 0.2349889 -0.8572884 0.4580795 0.7320342 -0.3322078 0.5947806 0.3675311 -0.7206118 0.5879111 0.5865585 -0.6848729 0.4323173 0.3749005 -0.8426031 0.3866132 0.7318388 -0.49489 0.4685039 0.8418139 -0.2400242 0.4834643 0.5061669 -0.4062293 0.7607713 -1.31239e-6 -0.4401109 0.8979434 -9.58836e-7 -0.7660282 0.6428071 0 -0.8827047 0.469928 1.89407e-7 -0.9237743 0.3829375 0.1458611 -0.912128 0.3830761 0.2729843 -0.8821266 0.383839 0.7091693 -0.3326 -0.621656 0.6514 -0.5853266 -0.4827741 0.6496309 -0.5571849 -0.5172281 0.7231116 -0.3532341 -0.5935783 0.660596 -0.6254552 -0.4152334 0.5546605 -0.7581731 -0.3428196 0.5636535 -0.7337502 -0.3793488 0.5499325 -0.7845056 -0.2865753 0.7044387 -0.3172015 -0.6349404 0.7540276 -0.3845555 -0.5325031 0.8211225 -0.4447675 -0.3576868 0.6689135 -0.7010338 -0.2471973 0.5303338 -0.8352063 -0.1455211 0.4275431 -0.9012391 -0.07053351 0.4311622 -0.8923761 -0.1332824 0.4434164 -0.8774321 -0.183016 0.458795 -0.8609929 -0.2195417 0.5763205 -0.7117232 -0.4016275 0.4777803 -0.8443601 -0.24245 0.6535074 -0.5343772 -0.5360684 0.4471093 -0.1566265 0.8806596 0.2675256 -0.3574039 0.8948143 0.2694749 -0.1396218 0.9528322 0.6530242 -0.1744534 0.7369704 0.425611 -0.3682053 0.8266078 0.2643109 -0.5506321 0.7917981 0.6053228 -0.3795706 0.6996502 0.3950527 -0.5453767 0.7392548 0.2017797 -0.1423799 0.9690268 0.7775677 -0.1823738 0.6017709 0.7165937 -0.3831341 0.5828395 0.6317501 -0.547437 0.5488213 0.5396973 -0.5454424 0.641264 0.4601365 -0.6795749 0.5713603 0.3571344 -0.6864532 0.6334328 0.2564992 -0.7040136 0.6622486 0.2033368 -0.7357153 0.6460474 0.2033879 -0.5795626 0.7891392 0.2023407 -0.373472 0.9053049 0.3058514 -0.9518317 0.02171397 0.3912098 -0.9202293 -0.01153552 0.3184461 -0.9464949 0.05234068 0.2967138 -0.954959 -0.003772377 0.385196 -0.922368 -0.02934813 0.4926186 -0.8634038 -0.1089078 0.4837058 -0.8682132 -0.1106099 0.3809352 -0.9236782 -0.04131639 0.2802737 -0.9557883 0.08896934 0.3300246 -0.9403373 0.08276307 0.2963366 -0.9469321 0.1245167 0.2651303 -0.9627878 0.05239909 0.2546719 -0.9668275 0.01967084 0.2481531 -0.9686964 -0.006875514 0.2909814 -0.9564872 -0.02149957 0.3797813 -0.9240721 -0.04309409 0.5017352 -0.8598293 -0.09463363 0.5095604 -0.8578261 -0.0669533 0.6329171 -0.7576966 -0.1590972 0.605026 -0.7658612 -0.2177158 0.5809867 -0.7745114 -0.2501732 0.475893 -0.8736688 -0.1011372 0.5643628 -0.7847046 -0.2563855 0.3950766 -0.9185992 0.009488463 -0.02088713 -0.5229523 -0.852106 0.3867965 -0.8137834 -0.4337568 -0.01548403 -0.8032526 -0.5954373 0.8787836 -0.4249004 -0.2172536 0.5263192 -0.540489 -0.6563991 0.2813643 -0.9234049 -0.2610703 0.02498745 -0.9305318 -0.3653576 0.7132544 -0.6857137 -0.1451377 -0.2810819 -0.4513294 -0.8469326 0.9509661 -0.3088565 0.01647162 0.8388863 -0.5437821 0.02388954 0.5585719 -0.8243021 -0.09232348 0.709028 -0.7048356 0.02204722 0.4483432 -0.891973 -0.05807369 0.2382817 -0.9601092 -0.1463291 0.07945972 -0.9739823 -0.2122371 -0.09832572 -0.9030637 -0.4181004 -0.004975974 -0.9663153 -0.2573133 -0.2015926 -0.742761 -0.6384878 0.9679908 -0.2253928 0.1104167 0.8949741 -0.4274713 0.1276313 0.9647803 -0.2256611 0.1351893 0.9714392 -0.2353363 0.03037643 0.8996589 -0.4245648 0.1017782 0.7940955 -0.5987313 0.104562 0.9008001 -0.433379 0.02723848 0.8007897 -0.5939758 0.07699745 0.9630869 -0.2307983 0.1385494 0.9575518 -0.2557778 -0.1329371 0.8844397 -0.452489 -0.1141059 0.800422 -0.5993493 0.01024782 0.783991 -0.6125751 -0.1005479 0.6675183 -0.7444885 -0.01250368 0.668012 -0.7429716 0.04187113 0.6596946 -0.7483269 0.06935411 0.6480786 -0.757388 0.07973384 0.7855658 -0.6084054 0.112825 0.8900414 -0.4360431 0.1330148 0.09940254 -0.9756496 -0.1955171 0.07946759 -0.9624586 -0.2595348 0.118143 -0.9746006 -0.1902525 0.06052172 -0.9784131 -0.1975978 0.07432734 -0.9560357 -0.2836747 0.01723372 -0.9223141 -0.3860566 0.004476308 -0.9368445 -0.3497176 0.0208975 -0.9118463 -0.4099998 0.1314578 -0.9819549 -0.1359538 0.1182364 -0.9778023 -0.1729828 0.1445155 -0.9806722 -0.1318987 0.1058192 -0.9850937 -0.1356196 0.0612989 -0.9894829 -0.1310194 -1.746e-7 -0.9917214 -0.1284084 2.00575e-7 -0.9803373 -0.1973296 0.05126649 -0.9550879 -0.2918542 0 -0.9562622 -0.2925108 1.05083e-6 -0.8336621 -0.5522749 -0.03711074 -0.8395053 -0.5420828 -0.07831436 -0.8541033 -0.5141735 -0.1044384 -0.8741371 -0.4743177 -0.005134165 -0.9515295 -0.3075146 -0.1114415 -0.8961394 -0.4295521 0.06942063 -0.9717651 -0.2255076 0.1372659 -0.9854058 -0.1006656 0.07478612 -0.9837165 -0.1634292 0.09209841 -0.9864637 -0.1356738 0.1220121 -0.9847792 -0.1237855 0.06650149 -0.9788883 -0.1932752 0.01086783 -0.9734632 -0.2285851 0.03305554 -0.9804261 -0.1940925 -0.003097593 -0.9638956 -0.2662626 0.1969478 -0.9785754 -0.06001442 0.1642971 -0.9833858 -0.07719546 0.1723752 -0.9818025 -0.07969075 0.1573773 -0.9825907 -0.09873157 0.1151572 -0.9823459 -0.1474296 0.1497384 -0.9816045 -0.1184533 -0.1013795 -0.9176924 -0.3841393 -0.07927852 -0.9370723 -0.3400154 -0.0491259 -0.9533929 -0.2977056 0.06779032 -0.9845978 -0.1611572 0.1219581 -0.9866148 -0.1082471 -0.2094177 -0.362285 -0.9082366 -0.2830213 -0.5696514 -0.7716193 -0.1680541 -0.5741482 -0.8013187 -0.3442648 -0.3509394 -0.8708177 -0.3328617 -0.5760864 -0.7465437 -0.1886697 -0.7371246 -0.6488845 -0.1065582 -0.7288219 -0.6763609 -0.2276586 -0.7543075 -0.6157855 -1.24018e-7 -0.3695023 -0.9292298 -0.4004623 -0.34791 -0.8476961 -0.4148926 -0.3533559 -0.8384534 -0.3437523 -0.5938461 -0.7274485 -0.2345482 -0.7793478 -0.5810374 1.32736e-6 -0.7260197 -0.6876739 -3.58244e-7 -0.5780895 -0.8159735 0.1204474 -0.9594129 0.2549891 0.1662572 -0.9511782 0.2600358 0.1593841 -0.9450844 0.2853282 0.08127135 -0.9736018 0.2132948 0.14191 -0.9650366 0.2203772 0.1816523 -0.9559648 0.2305075 0.1194373 -0.9783098 0.1692476 0.1665585 -0.9683961 0.1856539 0.1647557 -0.9384757 0.3035112 0.1975232 -0.9293623 0.3118821 0.216018 -0.9217177 0.3221377 0.1101046 -0.9525371 0.2838135 0.04971522 -0.9644206 0.2596561 0 -0.9779898 0.2086527 0.04589682 -0.9879835 0.1475879 0.1009303 -0.9894112 0.1043007 0.1536955 -0.9791782 0.1326189 0.1430853 -0.9870329 0.07275152 0.1793261 -0.9782471 0.1042824 0.1883068 -0.969824 0.1548615 0.200104 -0.959048 0.2004627 0.2151455 -0.946529 0.2404065 0.1987797 -0.9424937 0.2686862 0.1916418 -0.9365342 0.2935596 0.1926494 -0.180711 0.9644843 0.1831551 -0.4976126 0.8478419 0.192254 -0.2040089 0.9599057 0.1933342 -0.1594715 0.9680861 0.1863757 -0.4535054 0.8715486 0.1700577 -0.7196525 0.673187 0.1904493 -0.4108046 0.8916102 0.1768428 -0.6741307 0.7171294 0.2012329 -0.2327264 0.9514956 0.1859753 -0.6260369 0.757292 0.1819184 -0.7759378 0.6040084 0.1695671 -0.8140602 0.5554755 0.1618931 -0.8476469 0.5052577 0.1622349 -0.8774545 0.4513906 0.1697014 -0.7631663 0.6235212 0.1868992 -0.5452637 0.8171635 0.5842708 -0.410922 0.6998363 0.6259223 -0.7699359 0.1241774 0.8634482 -0.4876287 0.1291346 0.2873269 -0.2941642 0.911543 0.4139012 -0.7171713 0.5606704 0.4485625 -0.8859586 0.1177682 0.238073 -0.6143137 0.7522898 0.2990053 -0.8668872 0.3988765 0.1992665 -0.8113811 0.549503 0.1848668 -0.9062718 0.3801259 0.2476046 -0.9320257 0.264613 0.3425563 -0.9340318 0.1011925 0.4705271 -0.8816984 0.03481531 0.2890473 -0.9567623 -0.03252458 0.4493632 -0.8931193 0.02026212 0.3211199 -0.9469727 -0.01116633 0.1806375 -0.9806222 -0.07583034 0.2538031 -0.9646306 -0.07121789 0.4282029 -0.9036739 -0.003994047 0.1337582 -0.9832839 -0.123538 0.6357478 -0.7678613 0.07882845 0.4889173 -0.8715178 0.03763759 0.3463694 -0.9380908 -0.003733873 0.219273 -0.9744325 -0.04899787 0.2486755 -0.9679026 -0.036403 0.6013008 -0.7987917 0.01921665 0.6112484 -0.7897025 0.0523957 0.6232658 -0.7789906 0.06865584 -0.4108522 -0.3651881 -0.8353671 -0.3124644 -0.653745 -0.6891905 -0.3346335 -0.6204011 -0.7093116 -0.395177 -0.3828915 -0.8350026 -0.2748411 -0.6936304 -0.6658373 -0.194754 -0.8412326 -0.5043795 -0.2211795 -0.8093778 -0.5440471 -0.1571379 -0.8727897 -0.4621102 -0.3625724 -0.4086604 -0.8375787 0.2062864 -0.9701669 0.1273662 0.2392575 -0.9602737 0.1436325 0.2188876 -0.9605261 0.1716912 0.1978584 -0.9769137 0.08057087 0.2253441 -0.9690284 0.1010156 0.2593892 -0.9587461 0.1162893 0.2165495 -0.9745284 0.05831617 0.2445638 -0.9666455 0.07605886 0.2355623 -0.948517 0.2117216 0.1725228 -0.9837626 0.04946833 0.190945 -0.9810903 0.03165525 0.2098516 -0.9775855 0.01699626 0.234987 -0.9712563 0.03797841 0.229021 -0.9734124 0.00423032 0.2769295 -0.9483604 0.15467 0.2570481 -0.9488638 0.1832593 0.5144705 -0.8570126 -0.02914714 0.3743265 -0.9271064 -0.01880025 0.5131165 -0.8582928 0.006703615 0.3782922 -0.925069 -0.03380101 0.2801585 -0.9593865 -0.03299534 0.3638892 -0.9314129 -0.00740832 0.503607 -0.863457 0.02867054 0.2684214 -0.962731 -0.03315132 0.6552044 -0.75047 -0.08661395 0.2863401 -0.957638 -0.03064078 0.2424764 -0.9697789 -0.0270943 0.2342175 -0.9713131 -0.04114603 0.2198348 -0.9742299 -0.05048704 0.2043951 -0.978712 -0.01859062 0.2143056 -0.9755521 -0.04869478 0.2237423 -0.9743437 -0.02436912 0.1857954 -0.9825273 -0.01096105 0.1977392 -0.9788445 -0.05256056 0.1829714 -0.979885 -0.07966792 0.1977107 -0.9781046 -0.06497758 0.1789284 -0.9824709 -0.05230516 0.1663873 -0.9860571 -0.002635359 0.1608839 -0.9857199 -0.04972755 0.1698474 -0.9814469 -0.08895933 0.154915 -0.9836471 -0.09186816 0.1373815 -0.9904423 0.01226437 0.09678387 -0.9948921 -0.0286805 0.1362263 -0.9897447 -0.04298752 0.09379112 -0.9949166 0.03666412 0.05085122 -0.9986643 -0.009159326 0.135694 -0.9866147 -0.09043711 0.1032987 -0.9912818 -0.08179169 0.04462552 -0.996888 0.06498456 0 -0.9960261 0.08906167 1.58541e-7 -0.9999989 0.001511573 0 -0.9976638 -0.06831467 0.05850565 -0.995667 -0.07228022 0.9612562 -0.2486404 0.1190148 0.8719792 -0.4811162 0.09044069 0.9599049 -0.2653684 0.0903449 0.9620094 -0.2385244 0.1328314 0.8801912 -0.4599869 0.1169428 0.7586732 -0.6464834 0.08046305 0.8851354 -0.4470864 0.1290317 0.7685167 -0.6318515 0.1007266 0.7769448 -0.6197299 0.1108684 0.1828857 -0.8592888 0.4776774 0.1811317 -0.9181727 0.3523497 0.1708622 -0.8856632 0.4317485 0.1904851 -0.8991387 0.3940369 0.2036728 -0.9312276 0.3022128 0.1776857 -0.9345803 0.3082003 0.1650074 -0.9083417 0.384302 0.196944 -0.9455119 0.2592687 0.2035609 -0.8303554 0.5187225 0.2115168 -0.8768608 0.4317128 0.2088758 -0.9138221 0.3482817 0.2245732 -0.9108593 0.3462691 0.2184464 -0.899753 0.3777906 0.2240536 -0.9237864 0.3105136 0.2290313 -0.9444932 0.2355363 0.2348312 -0.954424 0.184199 0.2033763 -0.9559088 0.2118408 0.1831367 -0.9483478 0.2590316 0.1682227 -0.9279273 0.3326441 0.3158342 -0.8388659 0.4433426 0.3119884 -0.7836564 0.5371646 0.3784937 -0.7790828 0.4997726 0.2770985 -0.8696569 0.4085506 0.2693495 -0.845485 0.4610921 0.2493144 -0.8023991 0.542216 0.2471643 -0.8758714 0.4144384 0.2372879 -0.8572492 0.4569665 0.2856732 -0.8759533 0.3887115 0.2653179 -0.881288 0.3910728 0.2426977 -0.8887155 0.3889508 0.2241975 -0.887168 0.4033218 0.2288184 -0.8988648 0.3737436 0.1900013 -0.9451801 0.2655826 0.25458 -0.9615249 0.1032429 0.2414311 -0.9559978 0.1666713 0.2055036 -0.9590047 0.1951365 0.2744231 -0.9596405 0.06149911 0.3360716 -0.9414991 -0.02520471 0.3235988 -0.9457418 0.02926421 0.3542248 -0.9330128 -0.06334084 0.2260296 -0.9624662 0.1502315 0.2518775 -0.9597212 0.1244708 0.2993428 -0.9534167 0.03729176 0.3769838 -0.922179 -0.08642417 0.7015347 -0.290924 -0.6505478 0.6653871 -0.5023831 -0.5521515 0.6704861 -0.4902901 -0.5568339 0.703066 -0.2977291 -0.6457984 0.6596009 -0.5166941 -0.5458515 0.6056485 -0.6764141 -0.419111 0.620225 -0.6617655 -0.4211741 0.5907643 -0.6928861 -0.4134083 0.704158 -0.2855914 -0.6500763 0.7038152 -0.3061476 -0.6410287 0.4996711 -0.8282231 -0.2537233 0.5232989 -0.8125303 -0.2568132 0.5464665 -0.7976596 -0.2551736 0.633682 -0.6488972 -0.4211646 0.6776239 -0.4803322 -0.5568725 0.8984417 -0.2743802 -0.3428091 0.7622355 -0.4739164 -0.4409085 0.8347488 -0.4684979 -0.2893173 0.8061999 -0.281806 -0.5202183 0.7032998 -0.4749104 -0.5289893 0.6971425 -0.6331459 -0.3363311 0.7468777 -0.6249994 -0.227045 0.6557561 -0.639462 -0.4013383 0.732652 -0.2829063 -0.6190195 0.2552592 -0.9283971 0.2700402 0.2501084 -0.9346871 0.2525986 0.2451266 -0.925036 0.2902091 0.2505944 -0.9366474 0.2447325 0.2680075 -0.9340274 0.2361459 0.2538872 -0.9435696 0.2126448 0.2698871 -0.9386691 0.2146192 0.2776014 -0.9396015 0.2002164 0.237917 -0.9153981 0.3247182 0.2402442 -0.9225789 0.3018792 0.2306686 -0.9336188 0.2741312 0.2861004 -0.9404963 0.1833397 0.3012465 -0.9418078 0.1491599 0.2875061 -0.9441871 0.1607823 0.2655182 -0.9491632 0.1690834 0.2296291 -0.9347364 0.2711794 0.2523696 -0.899318 0.3571228 0.2427364 -0.8967906 0.3699268 0.2636856 -0.8884 0.3757867 0.2296638 -0.9134845 0.3358584 0.2333463 -0.9078635 0.3483296 0.2344987 -0.9059444 0.352527 0.214983 -0.9217082 0.3228567 0.2300426 -0.9158024 0.3292211 0.2162438 -0.9286689 0.3013518 0.2862945 -0.951456 0.1129911 0.3623584 -0.9316905 0.02548336 0.3285008 -0.9441135 0.02714675 0.3288297 -0.9388757 0.1019006 0.3143762 -0.943134 0.1080092 0.432689 -0.8962244 -0.09778624 0.4037826 -0.9097404 -0.09660297 0.4593514 -0.8831221 -0.0953505 0.3863223 -0.9221289 0.0208165 0.7602368 -0.3930632 0.517244 0.6590649 -0.592371 0.4633898 0.6638368 -0.5621673 0.4932431 0.8281019 -0.1892758 0.527657 0.7689085 -0.4150526 0.486324 0.6323766 -0.6343644 0.4446142 0.8458483 -0.2003877 0.4943538 0.7590577 -0.4487094 0.4716902 0.8495523 -0.216809 0.4808896 0.07100892 -0.9461285 0.3159092 0.188214 -0.9190388 0.3463282 0.09721469 -0.9349842 0.3411067 0.1177619 -0.9452983 0.3042095 0.1417634 -0.9348828 0.325419 0.2718046 -0.8946455 0.3545866 0.1824727 -0.9304064 0.3178802 0.2143627 -0.9176623 0.3345812 0 -0.9407082 0.3392169 0 -0.9502839 0.3113852 0.05694591 -0.9544326 0.2929432 0 -0.9589576 0.2835498 -0.4296121 -0.8134625 0.3920618 -0.3280417 -0.8754041 0.3550442 -0.3966297 -0.8375532 0.3757522 -0.4429854 -0.7939816 0.4163622 -0.3587536 -0.8577379 0.368214 -0.2883608 -0.8930835 0.345326 -0.3683806 -0.8456838 0.3861538 -0.3149268 -0.8795877 0.3565765 -0.5015183 -0.7633967 0.4070686 -0.3434377 -0.8656653 0.3642446 -0.4496119 -0.8019088 0.3934357 -0.5352241 -0.7284248 0.4277061 -0.5491767 -0.6997855 0.4568426 -0.5293795 -0.6832178 0.5029622 -0.4288448 -0.781585 0.453009 -0.3533771 -0.8393951 0.4129654 -0.3226841 -0.8705189 0.3715803 -0.3075744 -0.8678029 0.3902772 -0.2903133 -0.8797394 0.3765326 -0.2802227 -0.8895129 0.3608908 -0.2574725 -0.9039311 0.3414916 -0.2400766 -0.9117765 0.3332072 -0.2160182 -0.9217177 0.3221377 -0.2778581 -0.8970545 0.3436396 -0.4058979 -0.8014918 0.4391558 -0.6778073 -0.5565062 0.480498 -0.5165656 -0.7408713 0.4292665 -0.2349889 -0.8572884 0.4580795 -0.5732812 -0.6350004 0.5178061 -0.812991 -0.2753905 0.5130358 -0.3675318 -0.7206113 0.5879114 -0.7320339 -0.3322082 0.5947808 -0.3749001 -0.8426034 0.3866129 -0.5865584 -0.6848731 0.4323171 -0.2729841 -0.8821268 0.3838385 -0.145861 -0.912128 0.383076 -0.5061675 -0.4062287 0.7607711 -0.8418133 -0.2400259 0.4834644 -0.7318389 -0.4948897 0.468504 -0.7091693 -0.3326004 -0.6216558 -0.6513999 -0.5853267 -0.4827741 -0.7231118 -0.353233 -0.5935787 -0.6496311 -0.5571846 -0.5172279 -0.5546607 -0.7581733 -0.3428191 -0.6605957 -0.6254554 -0.4152336 -0.7540271 -0.3845565 -0.532503 -0.5499319 -0.784506 -0.2865753 -0.7044386 -0.3172011 -0.6349408 -0.6535075 -0.534377 -0.5360682 -0.5636537 -0.7337502 -0.3793485 -0.5763207 -0.7117233 -0.4016274 -0.4587947 -0.8609929 -0.2195419 -0.4434167 -0.877432 -0.1830157 -0.4311625 -0.8923759 -0.133283 -0.4275423 -0.9012395 -0.07053381 -0.5303341 -0.8352061 -0.1455218 -0.6689141 -0.7010333 -0.2471966 -0.8211221 -0.4447678 -0.3576875 -0.2675259 -0.3574034 0.8948144 -0.4471094 -0.156627 0.8806595 -0.2694746 -0.1396216 0.9528323 -0.2643111 -0.5506318 0.7917981 -0.4256113 -0.3682048 0.8266077 -0.6530242 -0.1744534 0.7369705 -0.3950532 -0.5453764 0.7392548 -0.6053234 -0.3795688 0.6996508 -0.2017799 -0.142381 0.9690266 -0.202341 -0.3734722 0.9053047 -0.2033879 -0.5795626 0.7891392 -0.2033368 -0.7357158 0.6460469 -0.2564993 -0.7040132 0.6622489 -0.3571349 -0.6864531 0.6334327 -0.5396975 -0.5454422 0.641264 -0.6317502 -0.5474367 0.5488213 -0.7165936 -0.3831338 0.5828396 -0.7775679 -0.1823742 0.6017706 -0.3912088 -0.9202297 -0.01153427 -0.3058522 -0.9518314 0.02171337 -0.3184464 -0.9464948 0.05234003 -0.4926186 -0.8634039 -0.1089075 -0.385196 -0.9223681 -0.02934712 -0.2967137 -0.954959 -0.003772199 -0.3809353 -0.9236782 -0.04131627 -0.3300244 -0.9403374 0.08276301 -0.2802737 -0.9557883 0.08896976 -0.2963366 -0.946932 0.124517 -0.3950757 -0.9185997 0.009488284 -0.4837058 -0.8682132 -0.1106099 -0.4758931 -0.8736687 -0.1011377 -0.5809851 -0.774512 -0.250175 -0.6050266 -0.7658609 -0.2177154 -0.6329172 -0.7576963 -0.159098 -0.5017346 -0.8598295 -0.09463459 -0.5095604 -0.8578262 -0.06695312 -0.3797821 -0.9240717 -0.04309427 -0.290981 -0.9564872 -0.02150005 -0.248153 -0.9686965 -0.006875336 -0.2546723 -0.9668273 0.01967036 -0.2651306 -0.9627877 0.05239886 0.02088624 -0.5229535 -0.8521053 -0.3867976 -0.8137828 -0.4337573 -0.5263197 -0.5404892 -0.6563987 0.01548391 -0.8032525 -0.5954374 -0.2813654 -0.9234044 -0.2610705 -0.8787832 -0.4249014 -0.217253 -0.7132544 -0.6857138 -0.1451369 0.2810822 -0.4513294 -0.8469325 0.2015934 -0.7427604 -0.6384882 -0.02498799 -0.9305317 -0.365358 0.09832584 -0.9030637 -0.4181004 -0.07945972 -0.9739824 -0.212237 -0.2382808 -0.9601094 -0.1463293 -0.5585723 -0.8243018 -0.09232443 -0.448343 -0.8919732 -0.05807417 -0.709029 -0.7048346 0.02204763 -0.8388873 -0.5437807 0.02388954 -0.9509654 -0.3088583 0.01647228 -0.8949741 -0.4274715 0.1276303 -0.9679906 -0.2253938 0.1104162 -0.9647803 -0.2256617 0.1351888 -0.7940958 -0.5987311 0.1045617 -0.899659 -0.4245643 0.101778 -0.9714391 -0.2353369 0.03037893 -0.8007901 -0.5939751 0.07699811 -0.9008002 -0.4333786 0.02724343 -0.9630866 -0.2307992 0.1385499 -0.8900409 -0.4360439 0.1330156 -0.7855658 -0.6084053 0.1128255 -0.6480789 -0.7573878 0.07973378 -0.6596949 -0.7483268 0.06935292 -0.668012 -0.7429717 0.04187124 -0.8004227 -0.5993484 0.01024991 -0.6675183 -0.7444884 -0.0125029 -0.7839913 -0.6125745 -0.1005494 -0.88444 -0.4524897 -0.1141011 -0.9575518 -0.2557775 -0.1329371 -0.07946789 -0.9624586 -0.2595348 -0.09940212 -0.9756497 -0.1955171 -0.1181426 -0.9746007 -0.1902523 -0.01723301 -0.9223144 -0.3860563 -0.07432734 -0.9560356 -0.2836748 -0.06052154 -0.9784131 -0.1975979 -0.02089726 -0.9118464 -0.4099993 -0.05126649 -0.9550879 -0.2918545 -0.1182358 -0.9778023 -0.1729828 -0.1314576 -0.9819549 -0.1359539 -0.1445152 -0.9806724 -0.1318983 -0.06942075 -0.9717649 -0.2255076 -0.004476249 -0.9368445 -0.3497179 0.005133509 -0.9515296 -0.3075146 0.1044385 -0.8741366 -0.4743182 0.07831376 -0.8541031 -0.5141739 0.0371111 -0.8395053 -0.5420827 -2.02323e-7 -0.9082453 -0.4184382 -0.0612992 -0.9894829 -0.1310195 -0.1058191 -0.9850937 -0.1356197 -0.1372661 -0.9854058 -0.1006656 -0.074786 -0.9837164 -0.1634293 -0.1220119 -0.9847793 -0.1237854 -0.09209889 -0.9864636 -0.135674 -0.01086777 -0.9734633 -0.2285853 -0.06650143 -0.9788882 -0.1932755 -0.1151573 -0.9823459 -0.1474298 0.003097593 -0.9638956 -0.2662627 -0.196947 -0.9785757 -0.0600143 -0.1723753 -0.9818025 -0.07969057 -0.1642971 -0.9833856 -0.0771957 -0.1219578 -0.9866148 -0.1082472 -0.03305572 -0.9804263 -0.1940924 -0.06779074 -0.9845978 -0.1611571 0.04912585 -0.9533929 -0.2977057 0.0792787 -0.9370723 -0.3400151 0.1013796 -0.9176926 -0.3841387 0.1114413 -0.8961396 -0.4295518 -0.1497386 -0.9816045 -0.118453 -0.1573776 -0.9825907 -0.09873121 0.209419 -0.3622862 -0.9082359 0.2830218 -0.569652 -0.7716187 0.3442652 -0.3509396 -0.8708174 0.1680538 -0.5741482 -0.801319 0.1886692 -0.7371242 -0.6488851 0.3328616 -0.5760865 -0.7465438 0.4004623 -0.347909 -0.8476964 0.2276582 -0.7543077 -0.6157854 0.1065582 -0.7288214 -0.6763614 0.234548 -0.7793485 -0.5810363 0.3437525 -0.5938465 -0.7274481 0.4148923 -0.353356 -0.8384533 -0.1662567 -0.9511782 0.2600359 -0.1204474 -0.9594129 0.254989 -0.1593842 -0.9450843 0.2853283 -0.1816524 -0.9559648 0.2305075 -0.1419097 -0.9650366 0.2203773 -0.08127087 -0.9736018 0.2132948 -0.1665585 -0.9683961 0.1856538 -0.1194371 -0.9783099 0.1692476 -0.1975236 -0.9293622 0.3118821 -0.1647559 -0.9384757 0.3035112 -0.1916417 -0.936534 0.2935601 -0.1987801 -0.9424936 0.2686864 -0.2151457 -0.9465289 0.2404068 -0.2001038 -0.9590482 0.2004627 -0.1883066 -0.9698241 0.1548606 -0.1536957 -0.9791783 0.1326184 -0.1793259 -0.9782471 0.1042822 -0.1430859 -0.9870328 0.07275158 -0.1009303 -0.9894111 0.104301 -0.04589647 -0.9879835 0.147588 -0.04971522 -0.9644206 0.259656 -0.1101046 -0.9525371 0.2838135 -0.183155 -0.4976125 0.847842 -0.1926493 -0.1807115 0.9644841 -0.1922541 -0.2040084 0.9599058 -0.1700575 -0.7196528 0.6731868 -0.1863754 -0.4535066 0.8715482 -0.1933339 -0.1594725 0.968086 -0.1768428 -0.6741306 0.7171294 -0.1904492 -0.4108039 0.8916106 -0.2012328 -0.2327269 0.9514955 -0.1868992 -0.545264 0.8171634 -0.1697013 -0.7631663 0.6235213 -0.1622347 -0.8774546 0.4513906 -0.1618931 -0.8476468 0.5052578 -0.1695674 -0.81406 0.5554757 -0.1859755 -0.6260362 0.7572925 -0.1819183 -0.7759379 0.6040083 -0.625922 -0.7699359 0.124179 -0.584268 -0.4109206 0.6998394 -0.863449 -0.4876272 0.1291342 -0.4485627 -0.8859583 0.1177682 -0.4139016 -0.717171 0.5606703 -0.2873271 -0.2941649 0.9115427 -0.2990049 -0.8668875 0.3988761 -0.2380728 -0.6143138 0.7522898 -0.3425559 -0.9340319 0.1011925 -0.2476047 -0.9320259 0.2646127 -0.1992663 -0.8113808 0.5495037 -0.1848667 -0.9062718 0.3801261 -0.4705271 -0.8816984 0.03481543 -0.2890469 -0.9567624 -0.03252452 -0.3211202 -0.9469726 -0.01116639 -0.449363 -0.8931195 0.02026224 -0.2538029 -0.9646306 -0.07121801 -0.1806375 -0.9806222 -0.07583039 -0.2192729 -0.9744325 -0.04899805 -0.1337577 -0.9832839 -0.1235381 -0.4889175 -0.8715177 0.03763735 -0.6357476 -0.7678614 0.07882869 -0.623266 -0.7789903 0.06865578 -0.4282028 -0.9036739 -0.003994166 -0.6013017 -0.7987909 0.01921677 -0.6112483 -0.7897026 0.0523957 0.004975676 -0.9663153 -0.2573131 -0.2486749 -0.9679028 -0.03640282 -0.3463696 -0.9380908 -0.003733694 0.4108519 -0.3651885 -0.835367 0.3124645 -0.6537439 -0.6891915 0.3951765 -0.3828939 -0.8350017 0.3346332 -0.6204008 -0.709312 0.1947542 -0.8412325 -0.5043798 0.2748414 -0.6936289 -0.6658387 0.3625727 -0.4086593 -0.837579 0.1571381 -0.8727893 -0.4621108 0.2211796 -0.8093779 -0.5440469 -0.2392571 -0.9602738 0.1436327 -0.2062864 -0.970167 0.1273657 -0.2188879 -0.9605261 0.1716909 -0.2593896 -0.958746 0.1162889 -0.225344 -0.9690284 0.1010157 -0.1978577 -0.9769138 0.08057135 -0.2445634 -0.9666456 0.07605904 -0.2165492 -0.9745284 0.05831629 -0.2355624 -0.948517 0.2117217 -0.257048 -0.9488637 0.1832597 -0.27693 -0.9483602 0.1546702 -0.2349869 -0.9712564 0.03797793 -0.2290212 -0.9734122 0.004230022 -0.2098514 -0.9775856 0.01699596 -0.1909445 -0.9810904 0.03165543 -0.1725225 -0.9837626 0.04946863 -0.5144702 -0.8570129 -0.0291469 -0.3743271 -0.9271062 -0.01879984 -0.378292 -0.9250691 -0.03380095 -0.5131164 -0.8582928 0.006703555 -0.3638893 -0.9314128 -0.007407903 -0.2801581 -0.9593867 -0.03299474 -0.2863401 -0.9576379 -0.03064155 -0.2684215 -0.962731 -0.0331512 -0.6552039 -0.7504703 -0.08661544 -0.5036065 -0.8634573 0.02867037 -0.2198345 -0.9742299 -0.05048674 -0.2342174 -0.9713131 -0.04114603 -0.2424769 -0.9697788 -0.0270946 -0.2143052 -0.9755523 -0.04869508 -0.2043942 -0.9787122 -0.01859098 -0.2237425 -0.9743436 -0.02436894 -0.1829715 -0.9798849 -0.07966768 -0.1977397 -0.9788444 -0.0525611 -0.1857953 -0.9825274 -0.01096087 -0.1789298 -0.9824705 -0.0523051 -0.1977104 -0.9781047 -0.06497716 -0.1698473 -0.9814471 -0.08895933 -0.154915 -0.9836471 -0.0918681 -0.1608839 -0.9857199 -0.04972761 -0.1663869 -0.9860571 -0.002635002 -0.1373822 -0.9904423 0.01226431 -0.09678405 -0.9948921 -0.02868062 -0.09379154 -0.9949165 0.03666418 -0.1356946 -0.9866145 -0.09043711 -0.1362264 -0.9897446 -0.04298764 -0.05085068 -0.9986643 -0.009159386 -0.04462522 -0.996888 0.06498491 -0.1032991 -0.9912818 -0.08179199 -0.05850541 -0.995667 -0.07228028 -0.8719794 -0.4811159 0.09044086 -0.9612566 -0.2486394 0.1190143 -0.9599047 -0.2653688 0.09034544 -0.7586737 -0.6464827 0.08046299 -0.8801916 -0.4599862 0.1169422 -0.9620096 -0.238524 0.1328307 -0.7685168 -0.6318515 0.1007264 -0.8851355 -0.4470861 0.1290313 -0.7769448 -0.6197297 0.1108685 -0.1828855 -0.8592889 0.4776771 -0.1811312 -0.9181728 0.3523497 -0.1904852 -0.8991387 0.3940367 -0.1708623 -0.885663 0.4317488 -0.1776857 -0.9345803 0.3082004 -0.203673 -0.9312276 0.3022127 -0.2088763 -0.9138221 0.3482816 -0.1969438 -0.945512 0.2592687 -0.2035611 -0.8303551 0.5187227 -0.1650075 -0.9083417 0.384302 -0.1682227 -0.9279273 0.3326442 -0.1831365 -0.9483478 0.2590318 -0.2033762 -0.9559088 0.2118408 -0.2348311 -0.954424 0.184199 -0.2290314 -0.9444932 0.2355364 -0.2296295 -0.9347364 0.2711793 -0.2240536 -0.9237864 0.3105137 -0.2245733 -0.9108595 0.3462687 -0.2184462 -0.8997533 0.3777902 -0.2115169 -0.8768608 0.4317128 -0.3119887 -0.7836569 0.537164 -0.3158339 -0.838866 0.4433428 -0.3784936 -0.7790828 0.4997726 -0.2493144 -0.802399 0.5422161 -0.2693493 -0.8454853 0.4610918 -0.2770984 -0.8696569 0.4085505 -0.2372878 -0.8572492 0.4569664 -0.2471644 -0.8758717 0.414438 -0.4601362 -0.679575 0.5713604 -0.2241974 -0.8871679 0.4033221 -0.2288184 -0.8988646 0.3737441 -0.2426978 -0.8887155 0.3889509 -0.2653182 -0.8812877 0.3910732 -0.285673 -0.8759533 0.3887119 -0.1900012 -0.9451801 0.2655826 -0.2545799 -0.9615249 0.1032428 -0.2055035 -0.9590047 0.1951365 -0.2414309 -0.9559978 0.1666713 -0.3360717 -0.9414991 -0.02520471 -0.2744233 -0.9596405 0.06149935 -0.2260299 -0.9624661 0.1502316 -0.3542244 -0.933013 -0.06334114 -0.3235992 -0.9457417 0.02926343 -0.4777799 -0.8443605 -0.2424499 -0.376984 -0.9221789 -0.08642464 -0.2993429 -0.9534167 0.03729158 -0.2518775 -0.9597212 0.1244708 -0.7015351 -0.2909247 -0.650547 -0.6653869 -0.5023831 -0.5521519 -0.7030655 -0.2977296 -0.6457987 -0.6704864 -0.4902898 -0.5568339 -0.6056485 -0.6764138 -0.4191113 -0.6596009 -0.5166938 -0.5458518 -0.7038155 -0.3061473 -0.6410286 -0.5907639 -0.6928864 -0.4134085 -0.7041587 -0.2855914 -0.6500755 -0.6776244 -0.4803326 -0.5568715 -0.6202256 -0.6617658 -0.4211727 -0.6336826 -0.6488972 -0.4211636 -0.5464667 -0.7976596 -0.2551734 -0.523299 -0.8125299 -0.2568138 -0.4996709 -0.8282233 -0.253723 -0.8984395 -0.2743805 -0.3428148 -0.7622366 -0.4739161 -0.4409071 -0.8061975 -0.2818064 -0.5202221 -0.8347485 -0.4684971 -0.289319 -0.6971431 -0.6331455 -0.3363307 -0.7033008 -0.474911 -0.5289872 -0.7326521 -0.2829058 -0.6190196 -0.6557577 -0.6394616 -0.4013364 -0.7468764 -0.6249994 -0.2270494 -0.5643621 -0.7847047 -0.2563866 -0.2501085 -0.9346871 0.2525981 -0.2552592 -0.9283972 0.27004 -0.2451267 -0.925036 0.2902095 -0.2538871 -0.9435697 0.2126445 -0.2680077 -0.9340275 0.2361455 -0.2505945 -0.9366475 0.2447326 -0.2776016 -0.9396014 0.2002168 -0.2698873 -0.938669 0.2146193 -0.2379171 -0.915398 0.3247184 -0.2655181 -0.9491633 0.1690837 -0.2875062 -0.9441871 0.1607823 -0.2861007 -0.9404961 0.1833401 -0.3012463 -0.9418079 0.1491595 -0.2306687 -0.9336189 0.2741311 -0.240244 -0.9225788 0.3018798 -0.2427362 -0.8967906 0.369927 -0.2523695 -0.8993181 0.3571227 -0.2636857 -0.8883999 0.3757864 -0.2344988 -0.9059444 0.3525268 -0.2333458 -0.9078637 0.3483293 -0.2296639 -0.9134845 0.3358581 -0.2300425 -0.9158024 0.3292211 -0.2149831 -0.9217081 0.3228569 -0.2162436 -0.9286688 0.3013521 -0.2862942 -0.951456 0.1129913 -0.3623582 -0.9316906 0.02548307 -0.3143758 -0.9431341 0.1080094 -0.3285011 -0.9441134 0.02714705 -0.4326887 -0.8962245 -0.09778684 -0.3288297 -0.9388755 0.101901 -0.4593517 -0.883122 -0.09534955 -0.3863224 -0.9221289 0.02081596 -0.4037832 -0.9097402 -0.09660315 -0.6590648 -0.5923714 0.4633895 -0.7602369 -0.3930633 0.5172438 -0.6638367 -0.5621673 0.4932432 -0.6323764 -0.6343646 0.4446141 -0.7689085 -0.4150528 0.486324 -0.8281018 -0.1892765 0.5276569 -0.7590573 -0.4487099 0.47169 -0.8458483 -0.2003872 0.4943537 -0.8495522 -0.2168092 0.4808896 -0.1882144 -0.9190387 0.3463283 -0.07100927 -0.9461286 0.3159092 -0.09721511 -0.9349842 0.3411068 -0.2718046 -0.8946456 0.3545865 -0.1417633 -0.9348828 0.325419 -0.117762 -0.9452983 0.3042096 -0.05694609 -0.9544326 0.2929432 -0.1824724 -0.9304064 0.3178803 -0.2143623 -0.9176625 0.3345811 -1.24387e-6 0.09317511 0.9956498</float_array>
          <technique_common>
            <accessor source="#Cube_003-mesh-normals-array" count="2108" stride="3">
              <param name="X" type="float"/>
              <param name="Y" type="float"/>
              <param name="Z" type="float"/>
            </accessor>
          </technique_common>
        </source>
        <source id="Cube_003-mesh-map-0">
          <float_array id="Cube_003-mesh-map-0-array" count="24960">0.2753203 0.629251 0.2855883 0.7154852 0.2790138 0.7111373 0.2790138 0.7111373 0.2948321 0.781029 0.2890179 0.7795 0.2747927 0.5402199 0.2821256 0.6348125 0.2753203 0.629251 0.281631 0.5460026 0.3025361 0.6394004 0.2821256 0.6348125 0.2821256 0.6348125 0.3052693 0.7189272 0.2855883 0.7154852 0.2855883 0.7154852 0.3120108 0.78123 0.2948321 0.781029 0.2948321 0.781029 0.320381 0.8180729 0.3124012 0.8282459 0.2890179 0.7795 0.3124012 0.8282459 0.308393 0.8305616 0.3386374 0.8616618 0.375087 0.8663811 0.375087 0.8720834 0.375087 0.8663811 0.4115366 0.8616618 0.375087 0.8720834 0.308393 0.8305616 0.3404956 0.8566318 0.3386374 0.8616618 0.3124012 0.8282459 0.3426299 0.8322406 0.3404956 0.8566318 0.3404956 0.8566318 0.375087 0.8393504 0.375087 0.8663811 0.375087 0.8393504 0.4096784 0.8566318 0.375087 0.8663811 0.407544 0.8322406 0.4377727 0.8282459 0.4096784 0.8566318 0.4096784 0.8566318 0.4417811 0.8305616 0.4115366 0.8616618 0.4748538 0.4510911 0.4645858 0.3753239 0.4711602 0.3690258 0.4711602 0.3690258 0.4553419 0.3084347 0.4611561 0.3005301 0.4753814 0.5402199 0.4680485 0.4568964 0.4748538 0.4510911 0.4685431 0.5460026 0.4476379 0.4617282 0.4680485 0.4568964 0.4680485 0.4568964 0.4449047 0.380716 0.4645858 0.3753239 0.4645858 0.3753239 0.4381632 0.3159227 0.4553419 0.3084347 0.4553419 0.3084347 0.4297931 0.2764893 0.4377727 0.2603294 0.4611561 0.3005301 0.4377727 0.2603294 0.4417811 0.2494178 0.4115366 0.2183223 0.375087 0.2230415 0.375087 0.2079192 0.375087 0.2230415 0.3386374 0.2183223 0.375087 0.2079192 0.4417811 0.2494178 0.4096784 0.2323699 0.4115366 0.2183223 0.4377727 0.2603294 0.407544 0.2643242 0.4096784 0.2323699 0.4096784 0.2323699 0.375087 0.2582067 0.375087 0.2230415 0.375087 0.2582067 0.3404956 0.2323699 0.375087 0.2230415 0.3426299 0.2643242 0.3124012 0.2603294 0.3404956 0.2323699 0.3404956 0.2323699 0.308393 0.2494178 0.3386374 0.2183223 0.4147618 0.4645296 0.375087 0.3824149 0.4132567 0.3824797 0.3354123 0.4645296 0.375087 0.3824149 0.375087 0.465382 0.375087 0.3824149 0.4098934 0.3145867 0.4132567 0.3824797 0.375087 0.3824149 0.3402805 0.3145867 0.375087 0.3121659 0.4480283 0.5507941 0.4147618 0.4645296 0.4476379 0.4617282 0.4149768 0.5537681 0.375087 0.465382 0.4147618 0.4645296 0.3351973 0.5537681 0.375087 0.465382 0.375087 0.5547595 0.3021457 0.5507941 0.3354123 0.4645296 0.3351973 0.5537681 0.3025361 0.4617282 0.3369174 0.3824797 0.3354123 0.4645296 0.3052693 0.380716 0.3402805 0.3145867 0.3369174 0.3824797 0.3402805 0.3145867 0.320381 0.2764893 0.3426299 0.2643242 0.375087 0.3121659 0.3426299 0.2643242 0.375087 0.2582067 0.375087 0.3121659 0.407544 0.2643242 0.4098934 0.3145867 0.4098934 0.3145867 0.4297931 0.2764893 0.4381632 0.3159227 0.4449047 0.380716 0.4098934 0.3145867 0.4381632 0.3159227 0.4476379 0.4617282 0.4132567 0.3824797 0.4449047 0.380716 0.4098934 0.7871808 0.375087 0.7245264 0.4132567 0.7226411 0.3402805 0.7871808 0.375087 0.7245264 0.375087 0.7911357 0.375087 0.7245264 0.4147618 0.6424456 0.4132567 0.7226411 0.375087 0.7245264 0.3354123 0.6424456 0.375087 0.6435418 0.4297931 0.8180729 0.4098934 0.7871808 0.4381632 0.7812301 0.407544 0.8322406 0.375087 0.7911357 0.4098934 0.7871808 0.3426299 0.8322406 0.375087 0.7911357 0.375087 0.8393504 0.320381 0.8180729 0.3402805 0.7871808 0.3426299 0.8322406 0.3402805 0.7871808 0.3052693 0.7189272 0.3369174 0.7226411 0.3369174 0.7226411 0.3025361 0.6394004 0.3354123 0.6424456 0.3354123 0.6424456 0.3021457 0.5507941 0.3351973 0.5537681 0.375087 0.6435418 0.3351973 0.5537681 0.375087 0.5547595 0.375087 0.6435418 0.4149768 0.5537681 0.4147618 0.6424456 0.4147618 0.6424456 0.4480283 0.5507941 0.4476379 0.6394004 0.4132567 0.7226411 0.4476379 0.6394004 0.4449047 0.7189272 0.4098934 0.7871808 0.4449047 0.7189272 0.4381632 0.7812301 0.4553419 0.781029 0.4711602 0.7111373 0.4611561 0.7795 0.4645858 0.7154852 0.4748538 0.629251 0.4711602 0.7111373 0.4377727 0.8282459 0.4611561 0.7795 0.4417811 0.8305616 0.4297931 0.8180729 0.4553419 0.781029 0.4377727 0.8282459 0.4381632 0.7812301 0.4645858 0.7154852 0.4553419 0.781029 0.4449047 0.7189272 0.4680485 0.6348125 0.4645858 0.7154852 0.4476379 0.6394004 0.4685431 0.5460026 0.4680485 0.6348125 0.4680485 0.6348125 0.4753814 0.5402199 0.4748538 0.629251 0.2948321 0.3084346 0.2790138 0.3690258 0.2890179 0.3005301 0.2855883 0.3753239 0.2753203 0.4510911 0.2790138 0.3690258 0.3124012 0.2603294 0.2890179 0.3005301 0.308393 0.2494178 0.320381 0.2764893 0.2948321 0.3084346 0.3124012 0.2603294 0.3120108 0.3159227 0.2855883 0.3753239 0.2948321 0.3084346 0.3052693 0.380716 0.2821256 0.4568964 0.2855883 0.3753239 0.3025361 0.4617282 0.281631 0.5460026 0.2821256 0.4568964 0.2821256 0.4568964 0.2747927 0.5402199 0.2753203 0.4510911 0.4748538 0.629251 0.4645858 0.7154852 0.4680485 0.6348125 0.4711602 0.7111373 0.455342 0.781029 0.4645858 0.7154852 0.4753813 0.5402199 0.4680485 0.6348125 0.4685431 0.5460026 0.4685431 0.5460026 0.4476379 0.6394004 0.4480284 0.5507941 0.4680485 0.6348125 0.4449048 0.7189272 0.4476379 0.6394004 0.4645858 0.7154852 0.4381632 0.78123 0.4449048 0.7189272 0.455342 0.781029 0.429793 0.8180729 0.4381632 0.78123 0.4611561 0.7795 0.4377728 0.8282459 0.455342 0.781029 0.4115366 0.8616618 0.375087 0.8663811 0.4096785 0.8566318 0.3386374 0.8616618 0.375087 0.8663811 0.375087 0.8720834 0.441781 0.8305616 0.4096785 0.8566318 0.4377728 0.8282459 0.4377728 0.8282459 0.4075441 0.8322406 0.429793 0.8180729 0.4096785 0.8566318 0.375087 0.8393504 0.4075441 0.8322406 0.3404957 0.8566318 0.375087 0.8393504 0.375087 0.8663811 0.3124013 0.8282459 0.34263 0.8322406 0.3404957 0.8566318 0.308393 0.8305616 0.3404957 0.8566318 0.3386374 0.8616618 0.2753202 0.4510911 0.2855882 0.3753239 0.2821255 0.4568964 0.2790138 0.3690258 0.2948321 0.3084347 0.2855882 0.3753239 0.2747927 0.5402199 0.2821255 0.4568964 0.2816309 0.5460026 0.2816309 0.5460026 0.3025361 0.4617282 0.3021457 0.5507941 0.2821255 0.4568964 0.3052694 0.380716 0.3025361 0.4617282 0.2855882 0.3753239 0.3120108 0.3159227 0.3052694 0.380716 0.2948321 0.3084347 0.320381 0.2764893 0.3120108 0.3159227 0.2890179 0.3005301 0.3124013 0.2603294 0.2948321 0.3084347 0.3386374 0.2183223 0.375087 0.2230415 0.3404957 0.2323699 0.4115366 0.2183223 0.375087 0.2230415 0.375087 0.2079192 0.308393 0.2494178 0.3404957 0.2323699 0.3124013 0.2603294 0.3124013 0.2603294 0.34263 0.2643242 0.320381 0.2764893 0.3404957 0.2323699 0.375087 0.2582067 0.34263 0.2643242 0.4096785 0.2323699 0.375087 0.2582067 0.375087 0.2230415 0.4377728 0.2603294 0.4075441 0.2643242 0.4096785 0.2323699 0.4417811 0.2494178 0.4096785 0.2323699 0.4115366 0.2183223 0.3354123 0.4645296 0.375087 0.3824149 0.375087 0.465382 0.375087 0.3824149 0.4147618 0.4645296 0.375087 0.465382 0.3402807 0.3145867 0.375087 0.3824149 0.3369174 0.3824797 0.375087 0.3824149 0.4098935 0.3145867 0.4132567 0.3824797 0.3021457 0.5507941 0.3354123 0.4645296 0.3351972 0.5537681 0.3351972 0.5537681 0.375087 0.465382 0.375087 0.5547595 0.375087 0.465382 0.4149768 0.5537681 0.375087 0.5547595 0.4147618 0.4645296 0.4480284 0.5507941 0.4149768 0.5537681 0.4132567 0.3824797 0.4476379 0.4617282 0.4147618 0.4645296 0.4098935 0.3145867 0.4449048 0.380716 0.4132567 0.3824797 0.4098935 0.3145867 0.429793 0.2764893 0.4381632 0.3159227 0.375087 0.3121659 0.4075441 0.2643242 0.4098935 0.3145867 0.34263 0.2643242 0.375087 0.3121659 0.3402807 0.3145867 0.320381 0.2764893 0.3402807 0.3145867 0.3120108 0.3159227 0.3052694 0.380716 0.3402807 0.3145867 0.3369174 0.3824797 0.3025361 0.4617282 0.3369174 0.3824797 0.3354123 0.4645296 0.3402807 0.7871808 0.375087 0.7245264 0.375087 0.7911357 0.375087 0.7245264 0.4098935 0.7871808 0.375087 0.7911357 0.3354122 0.6424456 0.375087 0.7245264 0.3369174 0.7226411 0.375087 0.7245264 0.4147618 0.6424456 0.4132567 0.7226411 0.320381 0.8180729 0.3402807 0.7871808 0.34263 0.8322406 0.34263 0.8322406 0.375087 0.7911357 0.375087 0.8393504 0.375087 0.7911357 0.4075441 0.8322406 0.375087 0.8393504 0.4098935 0.7871808 0.429793 0.8180729 0.4075441 0.8322406 0.4098935 0.7871808 0.4449048 0.7189272 0.4381632 0.78123 0.4132567 0.7226411 0.4476379 0.6394004 0.4449048 0.7189272 0.4147618 0.6424456 0.4480284 0.5507941 0.4476379 0.6394004 0.375087 0.6435418 0.4149768 0.5537681 0.4147618 0.6424456 0.3351972 0.5537681 0.375087 0.6435418 0.3354122 0.6424456 0.3021457 0.5507941 0.3354122 0.6424456 0.3025361 0.6394004 0.3025361 0.6394004 0.3369174 0.7226411 0.3052694 0.7189272 0.3052694 0.7189272 0.3402807 0.7871808 0.3120108 0.7812301 0.2790138 0.7111373 0.2948321 0.781029 0.2890179 0.7795 0.2753202 0.629251 0.2855882 0.7154852 0.2790138 0.7111373 0.2890179 0.7795 0.3124013 0.8282459 0.308393 0.8305616 0.2948321 0.781029 0.320381 0.8180729 0.3124013 0.8282459 0.2855882 0.7154852 0.3120108 0.7812301 0.2948321 0.781029 0.2821255 0.6348125 0.3052694 0.7189272 0.2855882 0.7154852 0.2816309 0.5460026 0.3025361 0.6394004 0.2821255 0.6348125 0.2747927 0.5402199 0.2821255 0.6348125 0.2753202 0.629251 0.4711602 0.3690258 0.455342 0.3084346 0.4611561 0.3005301 0.4748538 0.4510911 0.4645858 0.3753239 0.4711602 0.3690258 0.4611561 0.3005301 0.4377728 0.2603294 0.4417811 0.2494178 0.455342 0.3084346 0.429793 0.2764893 0.4377728 0.2603294 0.4645858 0.3753239 0.4381632 0.3159227 0.455342 0.3084346 0.4680485 0.4568964 0.4449048 0.380716 0.4645858 0.3753239 0.4685431 0.5460026 0.4476379 0.4617282 0.4680485 0.4568964 0.4753813 0.5402199 0.4680485 0.4568964 0.4748538 0.4510911 0.7891002 0.6859024 0.761465 0.6878251 0.7534868 0.655045 0.8254726 0.7177824 0.7911233 0.7076228 0.7891002 0.6859024 0.7911233 0.7076228 0.7686039 0.7192653 0.761465 0.6878251 0.8214991 0.7285659 0.7928901 0.7289341 0.7911233 0.7076228 0.7444201 0.6209047 0.7211704 0.627941 0.7019166 0.5778728 0.7869234 0.6639365 0.7534868 0.655045 0.7444201 0.6209047 0.8294269 0.7069683 0.7891002 0.6859024 0.7869234 0.6639365 0.8719303 0.7500001 0.8254726 0.7177824 0.8294269 0.7069683 0.8620564 0.7500001 0.8214991 0.7285659 0.8254726 0.7177824 0.8521825 0.7500001 0.8174937 0.7392984 0.8214991 0.7285659 0.8423087 0.7500001 0.813469 0.7500001 0.8174937 0.7392984 0.8174937 0.7392984 0.7945032 0.7500001 0.7928901 0.7289341 0.7928901 0.7289341 0.7755374 0.75 0.7686039 0.7192653 0.7440828 0.7107319 0.7755374 0.75 0.7565715 0.75 0.761465 0.6878251 0.7440828 0.7107319 0.7333441 0.6704819 0.7534868 0.655045 0.7333441 0.6704819 0.7211704 0.627941 0.5942472 0.4202082 0.5630295 0.3735731 0.5945158 0.3761962 0.5939958 0.4607798 0.5628374 0.4194282 0.5942472 0.4202082 0.5628374 0.4194282 0.5315207 0.3763146 0.5630295 0.3735731 0.5626646 0.4606969 0.5314208 0.4202863 0.5628374 0.4194282 0.6259794 0.3829564 0.5948474 0.3223918 0.6263058 0.3439418 0.625653 0.421971 0.5945158 0.3761962 0.6259794 0.3829564 0.6253265 0.4609855 0.5942472 0.4202082 0.625653 0.421971 0.6250001 0.5000001 0.5939958 0.4607798 0.6253265 0.4609855 0.5937501 0.5000001 0.5626646 0.4606969 0.5939958 0.4607798 0.5625001 0.5000001 0.5313326 0.4608189 0.5626646 0.4606969 0.5312501 0.5000001 0.5000001 0.4610636 0.5313326 0.4608189 0.5313326 0.4608189 0.5000001 0.4221272 0.5314208 0.4202863 0.5314208 0.4202863 0.5000001 0.3831908 0.5315207 0.3763146 0.5315207 0.3763146 0.5 0.3442543 0.5316396 0.3225612 0.5630295 0.3735731 0.5316396 0.3225612 0.5632627 0.3178901 0.5945158 0.3761962 0.5632627 0.3178901 0.5948474 0.3223918 0.5312501 0.1028875 0.5625001 0.1469576 0.5312501 0.1468801 0.5625001 0.1051654 0.59375 0.1468801 0.5625001 0.1469576 0.5312501 0.1468801 0.5625001 0.1891838 0.5312501 0.1911971 0.5625001 0.1469576 0.59375 0.1911993 0.5625001 0.1891838 0.5 0.04742962 0.5312501 0.1028875 0.5000001 0.09706962 0.5312501 0.06643944 0.5625001 0.1051654 0.5312501 0.1028875 0.5625001 0.07047188 0.59375 0.1028875 0.5625001 0.1051654 0.59375 0.06643944 0.6250001 0.09706962 0.59375 0.1028875 0.59375 0.1028875 0.6250001 0.1467096 0.59375 0.1468801 0.59375 0.1468801 0.6250001 0.1963496 0.59375 0.1911993 0.59375 0.1911993 0.625 0.2459896 0.59375 0.2290362 0.5625001 0.1891838 0.59375 0.2290362 0.5625001 0.2254273 0.5312501 0.1911971 0.5625001 0.2254273 0.5312501 0.2290151 0.5000001 0.1963496 0.5312501 0.2290151 0.5 0.2459896 0.5000001 0.1467096 0.5312501 0.1911971 0.5000001 0.1963496 0.5000001 0.09706962 0.5312501 0.1468801 0.5000001 0.1467096 0.5625001 0.464762 0.5312501 0.4792808 0.5312501 0.4658452 0.59375 0.4671915 0.5625001 0.4794508 0.5625001 0.464762 0.5625001 0.4794508 0.53125 0.4904666 0.5312501 0.4792808 0.59375 0.4806934 0.5625001 0.4911364 0.5625001 0.4794508 0.5312501 0.4460214 0.5 0.4696316 0.5 0.4595087 0.5625001 0.4436376 0.5312501 0.4658452 0.5312501 0.4460214 0.59375 0.4472602 0.5625001 0.464762 0.5625001 0.4436376 0.625 0.4620893 0.59375 0.4671915 0.59375 0.4472602 0.6250001 0.4723345 0.59375 0.4806934 0.59375 0.4671915 0.6250001 0.4825796 0.59375 0.4919404 0.59375 0.4806934 0.59375 0.4919404 0.6250001 0.5030699 0.5937501 0.5023024 0.5625001 0.4911364 0.5937501 0.5023024 0.5625001 0.501535 0.53125 0.4904666 0.5625001 0.501535 0.5312501 0.5007675 0.5000001 0.4898772 0.5312501 0.5007675 0.5000001 0.5000001 0.5312501 0.4792808 0.5000001 0.4898772 0.5000001 0.4797544 0.5312501 0.4658452 0.5000001 0.4797544 0.5 0.4696316 0.8369061 0.7319076 0.8228318 0.7358638 0.819161 0.7271441 0.8369061 0.7319076 0.8564954 0.7415071 0.8396251 0.7387452 0.8396251 0.7387452 0.8264156 0.7443472 0.8228318 0.7358638 0.8564954 0.7415071 0.842293 0.7453299 0.8396251 0.7387452 0.8154554 0.7180846 0.8014745 0.7220588 0.7967753 0.7111443 0.8341082 0.7245888 0.819161 0.7271441 0.8154554 0.7180846 0.8341082 0.7245888 0.8547214 0.7365844 0.8369061 0.7319076 0.8528103 0.7310455 0.8725995 0.7413203 0.8547214 0.7365844 0.8547214 0.7365844 0.8733997 0.7442135 0.8564954 0.7415071 0.8564954 0.7415071 0.8741999 0.7471067 0.8582365 0.7462384 0.8741999 0.7471067 0.8599679 0.7508997 0.8582365 0.7462384 0.8582365 0.7462384 0.8449357 0.7517994 0.842293 0.7453299 0.842293 0.7453299 0.8299035 0.752699 0.8264156 0.7443472 0.8264156 0.7443472 0.8148712 0.7535985 0.8108046 0.7432948 0.8228318 0.7358638 0.8108046 0.7432948 0.806195 0.7327644 0.819161 0.7271441 0.806195 0.7327644 0.8014745 0.7220588 0.5315118 0.2291076 0.5626114 0.2476987 0.5313266 0.247671 0.5629036 0.2272774 0.5938266 0.247671 0.5626114 0.2476987 0.5626114 0.2476987 0.5312596 0.2663491 0.5313266 0.247671 0.5938266 0.247671 0.562514 0.2682751 0.5626114 0.2476987 0.5 0.219973 0.5315118 0.2291076 0.5000001 0.2337915 0.5318901 0.204577 0.5629036 0.2272774 0.5315118 0.2291076 0.5636131 0.2013295 0.5940675 0.2291107 0.5629036 0.2272774 0.5949467 0.2046074 0.6250001 0.2337915 0.5940675 0.2291107 0.5940675 0.2291107 0.6250001 0.2476101 0.5938266 0.247671 0.6250001 0.2476101 0.5937596 0.2663491 0.5938266 0.247671 0.6250001 0.2614286 0.59375 0.2913591 0.5937596 0.2663491 0.5937596 0.2663491 0.5625001 0.2947768 0.562514 0.2682751 0.562514 0.2682751 0.5312501 0.2913591 0.5312596 0.2663491 0.5312596 0.2663491 0.5 0.275247 0.5 0.2614285 0.5313266 0.247671 0.5 0.2614285 0.5000001 0.24761 0.5000001 0.2337915 0.5313266 0.247671 0.5000001 0.24761 0.5625001 0.4699423 0.5312501 0.4839729 0.5312501 0.4723164 0.59375 0.4723165 0.5625001 0.4832478 0.5625001 0.4699423 0.5625001 0.4832478 0.53125 0.4925845 0.5312501 0.4839729 0.59375 0.4839728 0.5625001 0.4924938 0.5625001 0.4832478 0.5312501 0.4519971 0.5000001 0.4783514 0.5 0.4711352 0.5625001 0.4479376 0.5312501 0.4723164 0.5312501 0.4519971 0.59375 0.4519972 0.5625001 0.4699423 0.5625001 0.4479376 0.625 0.4711352 0.59375 0.4723165 0.59375 0.4519972 0.6250001 0.4783514 0.59375 0.4839728 0.59375 0.4723165 0.6250001 0.4855676 0.59375 0.4925845 0.59375 0.4839728 0.6250001 0.4927839 0.5937501 0.5000001 0.59375 0.4925845 0.59375 0.4925845 0.5625001 0.5000001 0.5625001 0.4924938 0.5625001 0.4924938 0.5312501 0.5000001 0.53125 0.4925845 0.53125 0.4925845 0.5000001 0.5000001 0.5000001 0.4927839 0.5312501 0.4839729 0.5000001 0.4927839 0.5000001 0.4855676 0.5312501 0.4723164 0.5000001 0.4855676 0.5000001 0.4783514 0.7983531 0.7044798 0.7819625 0.7143762 0.7711303 0.6954912 0.7983531 0.7044798 0.8304202 0.7277721 0.8063594 0.7207463 0.8063594 0.7207463 0.7940752 0.7323979 0.7819625 0.7143762 0.8063594 0.7207463 0.8346391 0.7390825 0.8146521 0.735662 0.7610557 0.6752004 0.7442433 0.687625 0.7334463 0.6664658 0.7610557 0.6752004 0.7983531 0.7044798 0.7711303 0.6954912 0.7902482 0.6853038 0.8260981 0.7152592 0.7983531 0.7044798 0.8209566 0.6982817 0.8543071 0.7277618 0.8260981 0.7152592 0.8260981 0.7152592 0.8543957 0.7351745 0.8304202 0.7277721 0.8304202 0.7277721 0.8544843 0.7425873 0.8346391 0.7390825 0.8346391 0.7390825 0.854573 0.7500001 0.8388598 0.7500001 0.8346391 0.7390825 0.8231465 0.7500001 0.8146521 0.735662 0.8146521 0.735662 0.8074334 0.7500001 0.7940752 0.7323979 0.7940752 0.7323979 0.7917201 0.75 0.770665 0.7293134 0.7819625 0.7143762 0.770665 0.7293134 0.7563154 0.7085478 0.7711303 0.6954912 0.7563154 0.7085478 0.7442433 0.687625 0.7327032 0.607901 0.7729358 0.636771 0.7417756 0.6304088 0.76433 0.6115635 0.8063009 0.642942 0.7729358 0.636771 0.7417756 0.6304088 0.7816925 0.6621594 0.7512677 0.6532215 0.7729358 0.636771 0.8140225 0.6726276 0.7816925 0.6621594 0.6966992 0.5830639 0.7327032 0.607901 0.7049244 0.6029654 0.7241498 0.5868395 0.76433 0.6115635 0.7327032 0.607901 0.7560328 0.5889804 0.7985434 0.6133471 0.76433 0.6115635 0.7908951 0.588023 0.8340622 0.61335 0.7985434 0.6133471 0.7985434 0.6133471 0.840781 0.6490163 0.8063009 0.642942 0.8063009 0.642942 0.8474996 0.6846826 0.8140225 0.6726276 0.8140225 0.6726276 0.8542184 0.7203488 0.8209566 0.6982817 0.7816925 0.6621594 0.8209566 0.6982817 0.7902482 0.6853038 0.7512677 0.6532215 0.7902482 0.6853038 0.7610557 0.6752004 0.7233333 0.6450724 0.7610557 0.6752004 0.7334463 0.6664658 0.7138141 0.6237702 0.7512677 0.6532215 0.7233333 0.6450724 0.7049244 0.6029654 0.7417756 0.6304088 0.7138141 0.6237702 0.5370339 0.007145345 0.5728431 0.01661378 0.5364131 0.01622402 0.5740697 0.006681084 0.6093016 0.01563698 0.5728431 0.01661378 0.5364131 0.01622402 0.5715371 0.03037285 0.5357441 0.02818107 0.5728431 0.01661378 0.607423 0.02808904 0.5715371 0.03037285 0.5000001 0 0.5370339 0.007145345 0.5000001 0.007507145 0.5376312 -8.05825e-4 0.5740697 0.006681084 0.5370339 0.007145345 0.5752624 -0.00161159 0.6111093 0.006045997 0.5740697 0.006681084 0.6128935 -0.002417445 0.6481508 0.005308449 0.6111093 0.006045997 0.6111093 0.006045997 0.645777 0.01384019 0.6093016 0.01563698 0.6093016 0.01563698 0.6434031 0.02237194 0.607423 0.02808904 0.607423 0.02808904 0.6410292 0.03090369 0.6052842 0.04863733 0.5715371 0.03037285 0.6052842 0.04863733 0.5700609 0.05233132 0.5357441 0.02818107 0.5700609 0.05233132 0.5349965 0.0483725 0.5000001 0.02252149 0.5349965 0.0483725 0.5 0.03002864 0.5000001 0.01501429 0.5357441 0.02818107 0.5000001 0.02252149 0.5000001 0.007507145 0.5364131 0.01622402 0.5000001 0.01501429 0.6806979 0.6755799 0.6621672 0.6928813 0.655926 0.6639798 0.7042906 0.6858753 0.6879889 0.7011789 0.6806979 0.6755799 0.6879889 0.7011789 0.6687528 0.722475 0.6621672 0.6928813 0.7126815 0.7087601 0.6959673 0.7276943 0.6879889 0.7011789 0.6506809 0.637421 0.6304128 0.6513213 0.625 0.6184284 0.6743631 0.6517318 0.655926 0.6639798 0.6506809 0.637421 0.6969801 0.6642225 0.6806979 0.6755799 0.6743631 0.6517318 0.7185626 0.6754339 0.7042906 0.6858753 0.6969801 0.6642225 0.7263534 0.6949708 0.7126815 0.7087601 0.7042906 0.6858753 0.7352774 0.7153679 0.7223536 0.7325674 0.7126815 0.7087601 0.7460398 0.7365972 0.7331206 0.7569391 0.7223536 0.7325674 0.7223536 0.7325674 0.7042976 0.7546261 0.6959673 0.7276943 0.6959673 0.7276943 0.6754744 0.752313 0.6687528 0.722475 0.6687528 0.722475 0.6466512 0.75 0.6412384 0.7171071 0.6621672 0.6928813 0.6412384 0.7171071 0.6358256 0.6842142 0.655926 0.6639798 0.6358256 0.6842142 0.6304128 0.6513213 0.5625001 0.3430896 0.5312501 0.3781581 0.5312501 0.3412618 0.59375 0.3418167 0.5625001 0.3785141 0.5625001 0.3430896 0.5625001 0.3785141 0.5312501 0.4148764 0.5312501 0.3781581 0.59375 0.3789549 0.5625001 0.4137009 0.5625001 0.3785141 0.5312501 0.3093634 0.5000001 0.3370251 0.5 0.2961972 0.5625001 0.3123045 0.5312501 0.3412618 0.5312501 0.3093634 0.59375 0.3097142 0.5625001 0.3430896 0.5625001 0.3123045 0.625 0.2968041 0.59375 0.3418167 0.59375 0.3097142 0.6250001 0.3381254 0.59375 0.3789549 0.59375 0.3418167 0.6250001 0.3794467 0.59375 0.4159148 0.59375 0.3789549 0.6250001 0.420768 0.59375 0.4472602 0.59375 0.4159148 0.59375 0.4159148 0.5625001 0.4436376 0.5625001 0.4137009 0.5625001 0.4137009 0.5312501 0.4460214 0.5312501 0.4148764 0.5312501 0.4148764 0.5 0.4595087 0.5 0.4186809 0.5312501 0.3781581 0.5 0.4186809 0.5000001 0.377853 0.5312501 0.3412618 0.5000001 0.377853 0.5000001 0.3370251 0.5625001 0.2513611 0.5312501 0.2708421 0.5312501 0.2533648 0.59375 0.2534428 0.5625001 0.2707693 0.5625001 0.2513611 0.5625001 0.2707693 0.5312501 0.2876915 0.5312501 0.2708421 0.59375 0.2709938 0.5625001 0.2893448 0.5625001 0.2707693 0.5 0.2459896 0.5312501 0.2533648 0.5000001 0.2585415 0.5312501 0.2290151 0.5625001 0.2513611 0.5312501 0.2533648 0.5625001 0.2254273 0.59375 0.2534428 0.5625001 0.2513611 0.59375 0.2290362 0.6250001 0.2586932 0.59375 0.2534428 0.6250001 0.2586932 0.59375 0.2709938 0.59375 0.2534428 0.6250001 0.2713969 0.59375 0.2879238 0.59375 0.2709938 0.6250001 0.2841005 0.59375 0.3097142 0.59375 0.2879238 0.59375 0.2879238 0.5625001 0.3123045 0.5625001 0.2893448 0.5625001 0.2893448 0.5312501 0.3093634 0.5312501 0.2876915 0.5312501 0.2876915 0.5 0.2961972 0.5000001 0.2836453 0.5312501 0.2708421 0.5000001 0.2836453 0.5000001 0.2710934 0.5312501 0.2533648 0.5000001 0.2710934 0.5000001 0.2585415 0.6971724 0.5341463 0.7400776 0.55559 0.7073549 0.5507609 0.731752 0.541815 0.7759144 0.5600304 0.7400776 0.55559 0.7073549 0.5507609 0.7480632 0.5707333 0.7160065 0.5680083 0.7400776 0.55559 0.7833587 0.571701 0.7480632 0.5707333 0.6473531 0.5065118 0.6971724 0.5341463 0.6689079 0.5276442 0.6852774 0.5175597 0.731752 0.541815 0.6971724 0.5341463 0.7232015 0.5286075 0.7685118 0.5496324 0.731752 0.541815 0.7990499 0.5507032 0.7685118 0.5496324 0.7611257 0.5396553 0.8061231 0.5574483 0.7759144 0.5600304 0.7685118 0.5496324 0.7759144 0.5600304 0.8202701 0.5709385 0.7833587 0.571701 0.7833587 0.571701 0.8273433 0.5776836 0.7908951 0.588023 0.7480632 0.5707333 0.7908951 0.588023 0.7560328 0.5889804 0.7160065 0.5680083 0.7560328 0.5889804 0.7241498 0.5868395 0.6889147 0.5642846 0.7241498 0.5868395 0.6966992 0.5830639 0.6803082 0.5460948 0.7160065 0.5680083 0.6889147 0.5642846 0.6689079 0.5276442 0.7073549 0.5507609 0.6803082 0.5460948 0.5341585 0.08321559 0.5665733 0.1255418 0.533299 0.1253317 0.5683605 0.08553594 0.5998064 0.1255505 0.5665733 0.1255418 0.533299 0.1253317 0.5649016 0.1661114 0.5325098 0.1678778 0.5665733 0.1255418 0.597069 0.1679902 0.5649016 0.1661114 0.5 0.03002864 0.5341585 0.08321559 0.5000001 0.07751476 0.5349965 0.0483725 0.5683605 0.08553594 0.5341585 0.08321559 0.5700609 0.05233132 0.6026467 0.08352649 0.5683605 0.08553594 0.6052842 0.04863733 0.637022 0.07817107 0.6026467 0.08352649 0.6026467 0.08352649 0.6330147 0.1254384 0.5998064 0.1255505 0.5998064 0.1255505 0.6290075 0.1727057 0.597069 0.1679902 0.597069 0.1679902 0.625 0.219973 0.5949467 0.2046074 0.5649016 0.1661114 0.5949467 0.2046074 0.5636131 0.2013295 0.5325098 0.1678778 0.5636131 0.2013295 0.5318901 0.204577 0.5000001 0.1724869 0.5318901 0.204577 0.5 0.219973 0.5000001 0.1250008 0.5325098 0.1678778 0.5000001 0.1724869 0.5000001 0.07751476 0.533299 0.1253317 0.5000001 0.1250008 0.7656503 0.7101168 0.7550859 0.7208545 0.7466824 0.7030069 0.7837619 0.7164283 0.772878 0.7254208 0.7656503 0.7101168 0.772878 0.7254208 0.76462 0.7391741 0.7550859 0.7208545 0.789695 0.7293319 0.7805258 0.7408811 0.772878 0.7254208 0.7391154 0.685662 0.7263534 0.6949708 0.7185626 0.6754339 0.7588372 0.694997 0.7466824 0.7030069 0.7391154 0.685662 0.7779747 0.7034782 0.7656503 0.7101168 0.7588372 0.694997 0.7967753 0.7111443 0.7837619 0.7164283 0.7779747 0.7034782 0.8014745 0.7220588 0.789695 0.7293319 0.7837619 0.7164283 0.806195 0.7327644 0.7956791 0.7421904 0.789695 0.7293319 0.8108046 0.7432948 0.8016394 0.7550119 0.7956791 0.7421904 0.7956791 0.7421904 0.7884075 0.7564254 0.7805258 0.7408811 0.7805258 0.7408811 0.7751756 0.7578387 0.76462 0.7391741 0.76462 0.7391741 0.7619437 0.7592521 0.7460398 0.7365972 0.7550859 0.7208545 0.7460398 0.7365972 0.7352774 0.7153679 0.7466824 0.7030069 0.7352774 0.7153679 0.7263534 0.6949708 0.6333765 0.5184544 0.6469442 0.5386285 0.6361941 0.5352694 0.6416636 0.5209729 0.6607928 0.5421229 0.6469442 0.5386285 0.6361941 0.5352694 0.651928 0.5561852 0.639092 0.552047 0.6469442 0.5386285 0.6679523 0.5602823 0.651928 0.5561852 0.6250001 0.5000001 0.6333765 0.5184544 0.6259401 0.5159738 0.6305884 0.501628 0.6416636 0.5209729 0.6333765 0.5184544 0.6361766 0.5032559 0.6521288 0.5237057 0.6416636 0.5209729 0.6417649 0.5048839 0.6689079 0.5276442 0.6521288 0.5237057 0.6521288 0.5237057 0.6803082 0.5460948 0.6607928 0.5421229 0.6607928 0.5421229 0.6889147 0.5642846 0.6679523 0.5602823 0.6679523 0.5602823 0.6966992 0.5830639 0.6746465 0.5785713 0.651928 0.5561852 0.6746465 0.5785713 0.6569889 0.5737015 0.639092 0.552047 0.6569889 0.5737015 0.6422241 0.568668 0.6278202 0.547921 0.6422241 0.568668 0.6287602 0.5638946 0.6268802 0.5319474 0.639092 0.552047 0.6278202 0.547921 0.6259401 0.5159738 0.6361941 0.5352694 0.6268802 0.5319474 0.6625355 0.5913096 0.6496734 0.601457 0.6457647 0.5850062 0.6625355 0.5913096 0.6896816 0.6167736 0.6686534 0.6093426 0.6686534 0.6093426 0.6539387 0.6186571 0.6496734 0.601457 0.6896816 0.6167736 0.6753618 0.6282944 0.6686534 0.6093426 0.6287602 0.5638946 0.6457647 0.5850062 0.6302371 0.5786057 0.6422241 0.568668 0.6625355 0.5913096 0.6457647 0.5850062 0.6569889 0.5737015 0.6818247 0.5973516 0.6625355 0.5913096 0.6746465 0.5785713 0.7049244 0.6029654 0.6818247 0.5973516 0.6818247 0.5973516 0.7138141 0.6237702 0.6896816 0.6167736 0.6896816 0.6167736 0.7233333 0.6450724 0.6982248 0.6369487 0.7233333 0.6450724 0.7074697 0.6580426 0.6982248 0.6369487 0.6982248 0.6369487 0.6827365 0.649098 0.6753618 0.6282944 0.6753618 0.6282944 0.6587271 0.6386184 0.6539387 0.6186571 0.6539387 0.6186571 0.6346678 0.6227385 0.6331909 0.6080276 0.6496734 0.601457 0.6331909 0.6080276 0.6317141 0.5933166 0.6302371 0.5786057 0.6496734 0.601457 0.6317141 0.5933166 0.6642611 0.6639462 0.6997176 0.6976038 0.6702736 0.6920343 0.7175018 0.6801521 0.6997176 0.6976038 0.6908521 0.6724434 0.6702736 0.6920343 0.7092658 0.7236181 0.6765367 0.7208887 0.728684 0.7030411 0.7092658 0.7236181 0.6997176 0.6976038 0.6346678 0.6227385 0.6642611 0.6639462 0.6376637 0.6545539 0.6827365 0.649098 0.6642611 0.6639462 0.6587271 0.6386184 0.7074697 0.6580426 0.6908521 0.6724434 0.6827365 0.649098 0.7334463 0.6664658 0.7175018 0.6801521 0.7074697 0.6580426 0.7442433 0.687625 0.728684 0.7030411 0.7175018 0.6801521 0.7563154 0.7085478 0.7413874 0.7264056 0.728684 0.7030411 0.770665 0.7293134 0.7554529 0.7500001 0.7413874 0.7264056 0.7092658 0.7236181 0.7554529 0.7500001 0.7191857 0.7500001 0.6765367 0.7208887 0.7191857 0.7500001 0.6829184 0.75 0.6436554 0.7181847 0.6829184 0.75 0.6466512 0.75 0.6406595 0.6863692 0.6765367 0.7208887 0.6436554 0.7181847 0.6376637 0.6545539 0.6702736 0.6920343 0.6406595 0.6863692 0.5625001 0.3310087 0.5312501 0.372939 0.5312501 0.3291005 0.59375 0.3291006 0.5625001 0.3728244 0.5625001 0.3310087 0.5625001 0.3728244 0.5312501 0.416296 0.5312501 0.372939 0.59375 0.372939 0.5625001 0.4139981 0.5625001 0.3728244 0.5312501 0.2913591 0.5 0.3242191 0.5 0.275247 0.5625001 0.2947768 0.5312501 0.3291005 0.5312501 0.2913591 0.59375 0.2913591 0.5625001 0.3310087 0.5625001 0.2947768 0.625 0.2752471 0.59375 0.3291006 0.59375 0.2913591 0.6250001 0.3242191 0.59375 0.372939 0.59375 0.3291006 0.6250001 0.3731912 0.59375 0.416296 0.59375 0.372939 0.6250001 0.4221633 0.59375 0.4519972 0.59375 0.416296 0.59375 0.416296 0.5625001 0.4479376 0.5625001 0.4139981 0.5625001 0.4139981 0.5312501 0.4519971 0.5312501 0.416296 0.5312501 0.416296 0.5 0.4711352 0.5000001 0.4221632 0.5312501 0.372939 0.5000001 0.4221632 0.5000001 0.3731912 0.5312501 0.3291005 0.5000001 0.3731912 0.5 0.3242191 0.6960073 0.5457664 0.7271717 0.5815739 0.7028028 0.570203 0.7233203 0.5557419 0.7519409 0.5927022 0.7271717 0.5815739 0.7028028 0.570203 0.7312744 0.6058872 0.7085065 0.5932264 0.7271717 0.5815739 0.7544918 0.6181656 0.7312744 0.6058872 0.6563566 0.5117151 0.6960073 0.5457664 0.672492 0.5367258 0.687974 0.5204323 0.7233203 0.5557419 0.6960073 0.5457664 0.7195913 0.5291494 0.7508832 0.565605 0.7233203 0.5557419 0.7512086 0.5378665 0.7753111 0.5743541 0.7508832 0.565605 0.7508832 0.565605 0.7748999 0.6028502 0.7519409 0.5927022 0.7519409 0.5927022 0.7768353 0.6295275 0.7544918 0.6181656 0.7544918 0.6181656 0.7800095 0.6528474 0.7581176 0.6408572 0.7312744 0.6058872 0.7581176 0.6408572 0.7357832 0.6279306 0.7312744 0.6058872 0.7138455 0.6144806 0.7085065 0.5932264 0.7085065 0.5932264 0.693144 0.6009204 0.6875183 0.5807185 0.6810962 0.5593415 0.7085065 0.5932264 0.6875183 0.5807185 0.672492 0.5367258 0.7028028 0.570203 0.6810962 0.5593415 0.6451704 0.5239239 0.6368461 0.5315819 0.634855 0.5183817 0.6567577 0.5297754 0.6494314 0.5404313 0.6451704 0.5239239 0.6494314 0.5404313 0.6387984 0.5450188 0.6368461 0.5315819 0.6636598 0.5495277 0.6533128 0.5569766 0.6494314 0.5404313 0.6328392 0.5052312 0.6250001 0.5129437 0.6250001 0.5030699 0.6406784 0.5073925 0.634855 0.5183817 0.6328392 0.5052312 0.6406784 0.5073925 0.6567577 0.5297754 0.6451704 0.5239239 0.6485175 0.5095539 0.672492 0.5367258 0.6567577 0.5297754 0.6567577 0.5297754 0.6810962 0.5593415 0.6636598 0.5495277 0.6810962 0.5593415 0.6692798 0.5687338 0.6636598 0.5495277 0.6875183 0.5807185 0.6742918 0.5875186 0.6692798 0.5687338 0.6692798 0.5687338 0.6569964 0.5739654 0.6533128 0.5569766 0.6533128 0.5569766 0.6407387 0.5596796 0.6387984 0.5450188 0.6387984 0.5450188 0.625 0.5425652 0.6250001 0.5326914 0.6368461 0.5315819 0.6250001 0.5326914 0.6250001 0.5228176 0.634855 0.5183817 0.6250001 0.5228176 0.6250001 0.5129437 0.7928721 0.5809226 0.8115985 0.6194388 0.7944769 0.6115552 0.8068493 0.586303 0.8276331 0.6272389 0.8115985 0.6194388 0.7944769 0.6115552 0.8165419 0.6498804 0.797349 0.6397534 0.8115985 0.6194388 0.8352426 0.6611561 0.8165419 0.6498804 0.7828258 0.5465836 0.7928721 0.5809226 0.7753111 0.5743541 0.7925462 0.5492636 0.8068493 0.586303 0.7928721 0.5809226 0.8022665 0.5519436 0.8198242 0.591313 0.8068493 0.586303 0.8119868 0.5546236 0.8324614 0.5961892 0.8198242 0.591313 0.8198242 0.591313 0.8432158 0.6350748 0.8276331 0.6272389 0.8276331 0.6272389 0.8539701 0.6739604 0.8352426 0.6611561 0.8352426 0.6611561 0.8647245 0.7128459 0.8416638 0.6889879 0.8165419 0.6498804 0.8416638 0.6889879 0.8211531 0.6751713 0.797349 0.6397534 0.8211531 0.6751713 0.8008748 0.6638386 0.7768353 0.6295275 0.8008748 0.6638386 0.7800095 0.6528474 0.7748999 0.6028502 0.797349 0.6397534 0.7768353 0.6295275 0.7753111 0.5743541 0.7944769 0.6115552 0.7748999 0.6028502 0.5312501 0.02378195 0.5625001 0.03365433 0.5312501 0.03285664 0.5625001 0.02412617 0.59375 0.03285664 0.5625001 0.03365433 0.5312501 0.03285664 0.5625001 0.04764956 0.5312501 0.04528158 0.5625001 0.03365433 0.59375 0.04528158 0.5625001 0.04764956 0.5 0.0147739 0.5312501 0.02378195 0.5000001 0.02293783 0.5312501 0.01682287 0.5625001 0.02412617 0.5312501 0.02378195 0.5625001 0.01725745 0.59375 0.02378195 0.5625001 0.02412617 0.59375 0.01682287 0.6250001 0.02293783 0.59375 0.02378195 0.59375 0.02378195 0.6250001 0.03110176 0.59375 0.03285664 0.59375 0.03285664 0.6250001 0.03926569 0.59375 0.04528158 0.59375 0.04528158 0.625 0.04742962 0.59375 0.06643944 0.5625001 0.04764956 0.59375 0.06643944 0.5625001 0.07047188 0.5312501 0.04528158 0.5625001 0.07047188 0.5312501 0.06643944 0.5000001 0.03926569 0.5312501 0.06643944 0.5 0.04742962 0.5000001 0.03110176 0.5312501 0.04528158 0.5000001 0.03926569 0.5000001 0.02293783 0.5312501 0.03285664 0.5000001 0.03110176 0.53125 0.003714799 0.5625001 0.007635295 0.5312501 0.00755769 0.5625001 0.003724515 0.59375 0.00755769 0.5625001 0.007635295 0.5312501 0.00755769 0.5625001 0.01198071 0.5312501 0.01172655 0.5625001 0.007635295 0.59375 0.01172655 0.5625001 0.01198071 0.5000001 0 0.53125 0.003714799 0.5000001 0.003693461 0.5625001 0 0.53125 0.003714799 0.5312501 0 0.5937501 0 0.5625001 0.003724515 0.5625001 0 0.6250001 0 0.59375 0.003714799 0.5937501 0 0.59375 0.003714799 0.6250001 0.007386922 0.59375 0.00755769 0.59375 0.00755769 0.6250001 0.01108038 0.59375 0.01172655 0.59375 0.01172655 0.625 0.0147739 0.59375 0.01682287 0.5625001 0.01198071 0.59375 0.01682287 0.5625001 0.01725745 0.5312501 0.01172655 0.5625001 0.01725745 0.5312501 0.01682287 0.5000001 0.01108044 0.5312501 0.01682287 0.5 0.0147739 0.5000001 0.007386922 0.5312501 0.01172655 0.5000001 0.01108044 0.5000001 0.003693461 0.5312501 0.00755769 0.5000001 0.007386922 0.740824 0.6472136 0.7255592 0.6516564 0.719481 0.6337934 0.7624074 0.6599773 0.7463812 0.664282 0.740824 0.6472136 0.7463812 0.664282 0.7320982 0.6687266 0.7255592 0.6516564 0.7672071 0.6761413 0.7524027 0.6799416 0.7463812 0.664282 0.7138455 0.6144806 0.6988689 0.6200136 0.693144 0.6009204 0.7357832 0.6279306 0.719481 0.6337934 0.7138455 0.6144806 0.7581176 0.6408572 0.740824 0.6472136 0.7357832 0.6279306 0.7800095 0.6528474 0.7624074 0.6599773 0.7581176 0.6408572 0.7837399 0.6717882 0.7672071 0.6761413 0.7624074 0.6599773 0.7878288 0.6870578 0.7724263 0.6903185 0.7672071 0.6761413 0.7921994 0.6997963 0.7779747 0.7034782 0.7724263 0.6903185 0.7724263 0.6903185 0.7588372 0.694997 0.7524027 0.6799416 0.7524027 0.6799416 0.7391154 0.685662 0.7320982 0.6687266 0.7320982 0.6687266 0.7185626 0.6754339 0.7114818 0.6567347 0.7255592 0.6516564 0.7114818 0.6567347 0.7049494 0.6384398 0.719481 0.6337934 0.7049494 0.6384398 0.6988689 0.6200136 0.6607311 0.5917993 0.6448282 0.5956814 0.6427163 0.5769445 0.6793452 0.6060753 0.664705 0.6105224 0.6607311 0.5917993 0.664705 0.6105224 0.6472635 0.6153531 0.6448282 0.5956814 0.6846979 0.6247565 0.6691289 0.6302487 0.664705 0.6105224 0.6407387 0.5596796 0.6250001 0.5615311 0.625 0.5425652 0.6569964 0.5739654 0.6427163 0.5769445 0.6407387 0.5596796 0.6742918 0.5875186 0.6607311 0.5917993 0.6569964 0.5739654 0.693144 0.6009204 0.6793452 0.6060753 0.6742918 0.5875186 0.6988689 0.6200136 0.6846979 0.6247565 0.6793452 0.6060753 0.7049494 0.6384398 0.6905149 0.6439746 0.6846979 0.6247565 0.7114818 0.6567347 0.6969801 0.6642225 0.6905149 0.6439746 0.6905149 0.6439746 0.6743631 0.6517318 0.6691289 0.6302487 0.6691289 0.6302487 0.6506809 0.637421 0.6472635 0.6153531 0.6472635 0.6153531 0.625 0.6184284 0.6250001 0.5994626 0.6448282 0.5956814 0.6250001 0.5994626 0.6250001 0.5804969 0.6427163 0.5769445 0.6250001 0.5804969 0.6250001 0.5615311 0.8044881 0.6826141 0.8281809 0.706466 0.8081076 0.696994 0.8249503 0.6934804 0.8482211 0.7160035 0.8281809 0.706466 0.8281809 0.706466 0.8117644 0.7083888 0.8081076 0.696994 0.8281809 0.706466 0.8506117 0.7242178 0.8312056 0.7164085 0.7800095 0.6528474 0.8044881 0.6826141 0.7837399 0.6717882 0.8008748 0.6638386 0.8249503 0.6934804 0.8044881 0.6826141 0.8211531 0.6751713 0.8455545 0.705577 0.8249503 0.6934804 0.8416638 0.6889879 0.8664932 0.7192413 0.8455545 0.705577 0.8455545 0.705577 0.8682619 0.7256365 0.8482211 0.7160035 0.8482211 0.7160035 0.8700307 0.7320317 0.8506117 0.7242178 0.8506117 0.7242178 0.8717992 0.7384268 0.8528103 0.7310455 0.8312056 0.7164085 0.8528103 0.7310455 0.8341082 0.7245888 0.8312056 0.7164085 0.8154554 0.7180846 0.8117644 0.7083888 0.8117644 0.7083888 0.7967753 0.7111443 0.7921994 0.6997963 0.8081076 0.696994 0.7921994 0.6997963 0.7878288 0.6870578 0.8044881 0.6826141 0.7878288 0.6870578 0.7837399 0.6717882 0.5958194 0.1698319 0.5642367 0.08532065 0.596354 0.08521538 0.5953019 0.251008 0.5638856 0.1691774 0.5958194 0.1698319 0.5638856 0.1691774 0.5321186 0.08563071 0.5642367 0.08532065 0.5635535 0.2484477 0.5319449 0.1701608 0.5638856 0.1691774 0.6284707 0.08523297 0.5968942 -7.52487e-4 0.6291923 -0.001003265 0.627749 0.1714692 0.596354 0.08521538 0.6284707 0.08523297 0.6270275 0.2577056 0.5958194 0.1698319 0.627749 0.1714692 0.6263058 0.3439418 0.5953019 0.251008 0.6270275 0.2577056 0.5948474 0.3223918 0.5635535 0.2484477 0.5953019 0.251008 0.5632627 0.3178901 0.5317827 0.2512519 0.5635535 0.2484477 0.5316396 0.3225612 0.5000001 0.2581908 0.5317827 0.2512519 0.5317827 0.2512519 0.5000001 0.1721271 0.5319449 0.1701608 0.5319449 0.1701608 0.5000001 0.08606356 0.5321186 0.08563071 0.5321186 0.08563071 0.5000001 0 0.5322981 -2.50829e-4 0.5642367 0.08532065 0.5322981 -2.50829e-4 0.5645962 -5.01658e-4 0.596354 0.08521538 0.5645962 -5.01658e-4 0.5968942 -7.52487e-4 0.6732784 0.5921523 0.6592315 0.6348159 0.65174 0.5771574 0.695576 0.60817 0.6829449 0.6451228 0.6732784 0.5921523 0.6592315 0.6348159 0.6923549 0.6976841 0.666691 0.6924233 0.6829449 0.6451228 0.7183363 0.7036405 0.6923549 0.6976841 0.6442292 0.5194683 0.6304128 0.5625001 0.6250001 0.5000001 0.6634584 0.5389364 0.65174 0.5771574 0.6442292 0.5194683 0.6826875 0.5584047 0.6732784 0.5921523 0.6634584 0.5389364 0.7019166 0.5778728 0.695576 0.60817 0.6826875 0.5584047 0.7211704 0.627941 0.7073758 0.6565751 0.695576 0.60817 0.7333441 0.6704819 0.7183363 0.7036405 0.7073758 0.6565751 0.7183363 0.7036405 0.7565715 0.75 0.7290915 0.75 0.6923549 0.6976841 0.7290915 0.75 0.7016113 0.75 0.666691 0.6924233 0.7016113 0.75 0.6741313 0.75 0.6412384 0.6875001 0.6741313 0.75 0.6466512 0.75 0.6358256 0.6250001 0.666691 0.6924233 0.6412384 0.6875001 0.6304128 0.5625001 0.6592315 0.6348159 0.6358256 0.6250001 0.7614649 0.6878252 0.7891002 0.6859024 0.7534867 0.655045 0.7686039 0.7192653 0.7911233 0.7076228 0.7614649 0.6878252 0.7911233 0.7076228 0.8254727 0.7177824 0.7891002 0.6859024 0.7928901 0.7289342 0.8214991 0.728566 0.7911233 0.7076228 0.7211704 0.627941 0.7444201 0.6209047 0.7019166 0.5778728 0.733344 0.6704819 0.7534867 0.655045 0.7211704 0.627941 0.7440828 0.7107319 0.7614649 0.6878252 0.733344 0.6704819 0.7440828 0.7107319 0.7755374 0.75 0.7686039 0.7192653 0.7755374 0.75 0.7928901 0.7289342 0.7686039 0.7192653 0.7945032 0.7500001 0.8174937 0.7392983 0.7928901 0.7289342 0.813469 0.7500001 0.8423087 0.7500001 0.8174937 0.7392983 0.8174937 0.7392983 0.8521825 0.7500001 0.8214991 0.728566 0.8214991 0.728566 0.8620564 0.7500001 0.8254727 0.7177824 0.8254727 0.7177824 0.8719303 0.7500001 0.8294269 0.7069683 0.7891002 0.6859024 0.8294269 0.7069683 0.7869234 0.6639365 0.7534867 0.655045 0.7869234 0.6639365 0.7444201 0.6209047 0.5630295 0.3735732 0.5942473 0.4202082 0.5945158 0.3761961 0.5315207 0.3763146 0.5628374 0.4194282 0.5630295 0.3735732 0.5628374 0.4194282 0.5939958 0.4607798 0.5942473 0.4202082 0.5314208 0.4202863 0.5626646 0.4606969 0.5628374 0.4194282 0.5948474 0.3223918 0.6259794 0.3829564 0.6263058 0.3439418 0.5632627 0.3178901 0.5945158 0.3761961 0.5948474 0.3223918 0.5316396 0.3225612 0.5630295 0.3735732 0.5632627 0.3178901 0.5 0.3442543 0.5315207 0.3763146 0.5316396 0.3225612 0.5000001 0.3831908 0.5314208 0.4202863 0.5315207 0.3763146 0.5000001 0.4221272 0.5313326 0.4608188 0.5314208 0.4202863 0.5000001 0.4610636 0.5312501 0.5000001 0.5313326 0.4608188 0.5313326 0.4608188 0.5625001 0.5000001 0.5626646 0.4606969 0.5626646 0.4606969 0.5937501 0.5000001 0.5939958 0.4607798 0.5939958 0.4607798 0.6250001 0.5000001 0.6253265 0.4609855 0.5942473 0.4202082 0.6253265 0.4609855 0.625653 0.421971 0.5945158 0.3761961 0.625653 0.421971 0.6259794 0.3829564 0.5312501 0.1028875 0.5625001 0.1469576 0.5625001 0.1051654 0.5312501 0.14688 0.5625001 0.1891838 0.5625001 0.1469576 0.5625001 0.1051654 0.5937501 0.1468801 0.5937501 0.1028875 0.5625001 0.1469576 0.59375 0.1911993 0.5937501 0.1468801 0.5 0.04742962 0.5312501 0.1028875 0.5312501 0.06643944 0.5000001 0.09706962 0.5312501 0.14688 0.5312501 0.1028875 0.5000001 0.1467096 0.5312501 0.1911972 0.5312501 0.14688 0.5000001 0.1963496 0.5312501 0.2290151 0.5312501 0.1911972 0.5312501 0.1911972 0.5625001 0.2254273 0.5625001 0.1891838 0.5625001 0.1891838 0.59375 0.2290362 0.59375 0.1911993 0.59375 0.1911993 0.625 0.2459896 0.6250001 0.1963496 0.5937501 0.1468801 0.6250001 0.1963496 0.6250001 0.1467096 0.5937501 0.1028875 0.6250001 0.1467096 0.6250001 0.09706962 0.59375 0.0664395 0.6250001 0.09706962 0.625 0.04742962 0.5625001 0.07047188 0.5937501 0.1028875 0.59375 0.0664395 0.5312501 0.06643944 0.5625001 0.1051654 0.5625001 0.07047188 0.5312501 0.4792808 0.5625001 0.464762 0.5312501 0.4658452 0.53125 0.4904667 0.5625001 0.4794508 0.5312501 0.4792808 0.5625001 0.4794508 0.5937501 0.4671915 0.5625001 0.464762 0.5625001 0.4911364 0.5937501 0.4806934 0.5625001 0.4794508 0.5 0.4696316 0.5312501 0.4460214 0.5 0.4595087 0.5000001 0.4797544 0.5312501 0.4658452 0.5 0.4696316 0.5000001 0.4898772 0.5312501 0.4792808 0.5000001 0.4797544 0.5000001 0.4898772 0.5312501 0.5007675 0.53125 0.4904667 0.53125 0.4904667 0.5625001 0.501535 0.5625001 0.4911364 0.5625001 0.4911364 0.5937501 0.5023024 0.59375 0.4919403 0.59375 0.4919403 0.6250001 0.5030699 0.6250001 0.4928247 0.59375 0.4919403 0.6250001 0.4825796 0.5937501 0.4806934 0.5937501 0.4806934 0.6250001 0.4723345 0.5937501 0.4671915 0.5937501 0.4671915 0.625 0.4620893 0.59375 0.4472602 0.5625001 0.464762 0.59375 0.4472602 0.5625001 0.4436376 0.5312501 0.4658452 0.5625001 0.4436376 0.5312501 0.4460214 0.8228318 0.7358638 0.8369061 0.7319075 0.8191609 0.7271441 0.8264155 0.7443473 0.8396251 0.7387453 0.8228318 0.7358638 0.8369061 0.7319075 0.8564955 0.7415071 0.8547215 0.7365844 0.842293 0.7453299 0.8564955 0.7415071 0.8396251 0.7387453 0.8014746 0.7220588 0.8154554 0.7180846 0.7967754 0.7111442 0.806195 0.7327644 0.8191609 0.7271441 0.8014746 0.7220588 0.8108046 0.7432948 0.8228318 0.7358638 0.806195 0.7327644 0.8148712 0.7535985 0.8264155 0.7443473 0.8108046 0.7432948 0.8299035 0.752699 0.842293 0.7453299 0.8264155 0.7443473 0.8449357 0.7517994 0.8582366 0.7462384 0.842293 0.7453299 0.8599679 0.7508997 0.8741999 0.7471067 0.8582366 0.7462384 0.8564955 0.7415071 0.8741999 0.7471067 0.8733997 0.7442135 0.8547215 0.7365844 0.8733997 0.7442135 0.8725995 0.7413203 0.8528103 0.7310454 0.8725995 0.7413203 0.8717992 0.7384268 0.8341082 0.7245888 0.8547215 0.7365844 0.8528103 0.7310454 0.8191609 0.7271441 0.8341082 0.7245888 0.8154554 0.7180846 0.5315118 0.2291076 0.5626114 0.2476987 0.5629036 0.2272774 0.5312597 0.2663491 0.5626114 0.2476987 0.5313265 0.247671 0.5629036 0.2272774 0.5938266 0.247671 0.5940675 0.2291107 0.562514 0.2682751 0.5938266 0.247671 0.5626114 0.2476987 0.5 0.219973 0.5315118 0.2291076 0.5318901 0.204577 0.5000001 0.2337915 0.5313265 0.247671 0.5315118 0.2291076 0.5 0.2614285 0.5313265 0.247671 0.5000001 0.24761 0.5 0.275247 0.5312597 0.2663491 0.5 0.2614285 0.5312501 0.2913591 0.562514 0.2682751 0.5312597 0.2663491 0.5625001 0.2947768 0.5937596 0.2663491 0.562514 0.2682751 0.59375 0.2913591 0.6250001 0.2614286 0.5937596 0.2663491 0.5937596 0.2663491 0.6250001 0.2476101 0.5938266 0.247671 0.5940675 0.2291107 0.6250001 0.2476101 0.6250001 0.2337915 0.5949467 0.2046074 0.6250001 0.2337915 0.625 0.219973 0.5636132 0.2013295 0.5940675 0.2291107 0.5949467 0.2046074 0.5318901 0.204577 0.5629036 0.2272774 0.5636132 0.2013295 0.5312501 0.4839728 0.5625001 0.4699423 0.5312501 0.4723164 0.53125 0.4925845 0.5625001 0.4832478 0.5312501 0.4839728 0.5625001 0.4832478 0.5937501 0.4723164 0.5625001 0.4699423 0.5625001 0.4924939 0.5937501 0.4839728 0.5625001 0.4832478 0.5000001 0.4783514 0.5312501 0.4519971 0.5 0.4711352 0.5000001 0.4855676 0.5312501 0.4723164 0.5000001 0.4783514 0.5000001 0.4927839 0.5312501 0.4839728 0.5000001 0.4855676 0.5000001 0.5000001 0.53125 0.4925845 0.5000001 0.4927839 0.5312501 0.5000001 0.5625001 0.4924939 0.53125 0.4925845 0.5625001 0.5000001 0.59375 0.4925845 0.5625001 0.4924939 0.5937501 0.5000001 0.6250001 0.4927839 0.59375 0.4925845 0.59375 0.4925845 0.6250001 0.4855676 0.5937501 0.4839728 0.5937501 0.4839728 0.6250001 0.4783514 0.5937501 0.4723164 0.5937501 0.4723164 0.625 0.4711352 0.59375 0.4519971 0.5625001 0.4699423 0.59375 0.4519971 0.5625001 0.4479376 0.5312501 0.4723164 0.5625001 0.4479376 0.5312501 0.4519971 0.7819625 0.7143763 0.7983532 0.7044798 0.7711303 0.6954911 0.7940753 0.732398 0.8063594 0.7207465 0.7819625 0.7143763 0.7983532 0.7044798 0.8304202 0.7277721 0.8260981 0.7152593 0.8063594 0.7207465 0.8346391 0.7390825 0.8304202 0.7277721 0.7442433 0.687625 0.7610557 0.6752004 0.7334464 0.6664657 0.7563154 0.7085479 0.7711303 0.6954911 0.7442433 0.687625 0.770665 0.7293133 0.7819625 0.7143763 0.7563154 0.7085479 0.7917201 0.75 0.7940753 0.732398 0.770665 0.7293133 0.8074334 0.7500001 0.8146521 0.7356619 0.7940753 0.732398 0.8231465 0.7500001 0.8346391 0.7390825 0.8146521 0.7356619 0.8346391 0.7390825 0.854573 0.7500001 0.8544843 0.7425873 0.8304202 0.7277721 0.8544843 0.7425873 0.8543957 0.7351745 0.8260981 0.7152593 0.8543957 0.7351745 0.8543071 0.7277618 0.8209565 0.6982817 0.8543071 0.7277618 0.8542184 0.7203488 0.7902482 0.6853038 0.8260981 0.7152593 0.8209565 0.6982817 0.7610557 0.6752004 0.7983532 0.7044798 0.7902482 0.6853038 0.7327032 0.607901 0.7729358 0.636771 0.7643299 0.6115636 0.7417756 0.6304088 0.7816925 0.6621593 0.7729358 0.636771 0.7643299 0.6115636 0.8063009 0.642942 0.7985433 0.6133471 0.7729358 0.636771 0.8140225 0.6726277 0.8063009 0.642942 0.6966992 0.583064 0.7327032 0.607901 0.7241498 0.5868396 0.7049243 0.6029654 0.7417756 0.6304088 0.7327032 0.607901 0.7138141 0.6237702 0.7512677 0.6532216 0.7417756 0.6304088 0.7233333 0.6450724 0.7610557 0.6752004 0.7512677 0.6532216 0.7512677 0.6532216 0.7902482 0.6853038 0.7816925 0.6621593 0.7816925 0.6621593 0.8209565 0.6982817 0.8140225 0.6726277 0.8140225 0.6726277 0.8542184 0.7203488 0.8474996 0.6846826 0.8063009 0.642942 0.8474996 0.6846826 0.840781 0.6490163 0.7985433 0.6133471 0.840781 0.6490163 0.8340622 0.61335 0.7908951 0.588023 0.8340622 0.61335 0.8273433 0.5776836 0.7560327 0.5889803 0.7985433 0.6133471 0.7908951 0.588023 0.7241498 0.5868396 0.7643299 0.6115636 0.7560327 0.5889803 0.5370339 0.007145345 0.5728431 0.01661378 0.5740698 0.006681084 0.5364131 0.01622402 0.5715371 0.03037285 0.5728431 0.01661378 0.5740698 0.006681084 0.6093016 0.01563698 0.6111093 0.006045997 0.5728431 0.01661378 0.607423 0.02808904 0.6093016 0.01563698 0.5000001 0 0.5370339 0.007145345 0.5376312 -8.05825e-4 0.5000001 0.007507145 0.5364131 0.01622402 0.5370339 0.007145345 0.5000001 0.01501429 0.5357441 0.02818107 0.5364131 0.01622402 0.5000001 0.02252149 0.5349965 0.0483725 0.5357441 0.02818107 0.5357441 0.02818107 0.5700609 0.05233132 0.5715371 0.03037285 0.5715371 0.03037285 0.6052842 0.04863733 0.607423 0.02808904 0.607423 0.02808904 0.6410292 0.03090369 0.6434031 0.02237194 0.6093016 0.01563698 0.6434031 0.02237194 0.645777 0.01384019 0.6111093 0.006045997 0.645777 0.01384019 0.6481508 0.005308449 0.6128935 -0.002417445 0.6481508 0.005308449 0.6505247 -0.00322324 0.5752624 -0.00161159 0.6111093 0.006045997 0.6128935 -0.002417445 0.5376312 -8.05825e-4 0.5740698 0.006681084 0.5752624 -0.00161159 0.6621672 0.6928813 0.6806978 0.6755798 0.655926 0.6639798 0.6687529 0.7224751 0.6879889 0.701179 0.6621672 0.6928813 0.6879889 0.701179 0.7042906 0.6858754 0.6806978 0.6755798 0.6959673 0.7276944 0.7126815 0.7087601 0.6879889 0.701179 0.6304128 0.6513213 0.6506809 0.637421 0.625 0.6184284 0.6358256 0.6842142 0.655926 0.6639798 0.6304128 0.6513213 0.6412384 0.7171071 0.6621672 0.6928813 0.6358256 0.6842142 0.6466512 0.75 0.6687529 0.7224751 0.6412384 0.7171071 0.6754744 0.752313 0.6959673 0.7276944 0.6687529 0.7224751 0.7042976 0.7546261 0.7223535 0.7325674 0.6959673 0.7276944 0.7331206 0.7569391 0.7460398 0.7365972 0.7223535 0.7325674 0.7223535 0.7325674 0.7352774 0.7153679 0.7126815 0.7087601 0.7126815 0.7087601 0.7263534 0.6949708 0.7042906 0.6858754 0.7042906 0.6858754 0.7185626 0.6754339 0.69698 0.6642225 0.6806978 0.6755798 0.69698 0.6642225 0.6743631 0.6517319 0.655926 0.6639798 0.6743631 0.6517319 0.6506809 0.637421 0.5312501 0.3781581 0.5625001 0.3430896 0.5312501 0.3412618 0.5312501 0.4148764 0.5625001 0.3785141 0.5312501 0.3781581 0.5625001 0.3785141 0.5937501 0.3418167 0.5625001 0.3430896 0.5625001 0.4137009 0.5937501 0.3789549 0.5625001 0.3785141 0.5000001 0.3370251 0.5312501 0.3093634 0.5 0.2961972 0.5000001 0.377853 0.5312501 0.3412618 0.5000001 0.3370251 0.5 0.4186809 0.5312501 0.3781581 0.5000001 0.377853 0.5 0.4595087 0.5312501 0.4148764 0.5 0.4186809 0.5312501 0.4460214 0.5625001 0.4137009 0.5312501 0.4148764 0.5625001 0.4436376 0.59375 0.4159148 0.5625001 0.4137009 0.59375 0.4472602 0.6250001 0.420768 0.59375 0.4159148 0.59375 0.4159148 0.6250001 0.3794467 0.5937501 0.3789549 0.5937501 0.3789549 0.6250001 0.3381254 0.5937501 0.3418167 0.5937501 0.3418167 0.625 0.2968041 0.59375 0.3097143 0.5625001 0.3430896 0.59375 0.3097143 0.5625001 0.3123044 0.5312501 0.3412618 0.5625001 0.3123044 0.5312501 0.3093634 0.5312501 0.2708421 0.5625001 0.2513611 0.5312501 0.2533648 0.5312501 0.2876915 0.5625001 0.2707693 0.5312501 0.2708421 0.5625001 0.2707693 0.5937501 0.2534428 0.5625001 0.2513611 0.5625001 0.2893447 0.5937501 0.2709938 0.5625001 0.2707693 0.5 0.2459896 0.5312501 0.2533648 0.5312501 0.2290151 0.5000001 0.2710934 0.5312501 0.2533648 0.5000001 0.2585415 0.5000001 0.2836453 0.5312501 0.2708421 0.5000001 0.2710934 0.5 0.2961972 0.5312501 0.2876915 0.5000001 0.2836453 0.5312501 0.3093634 0.5625001 0.2893447 0.5312501 0.2876915 0.5625001 0.3123044 0.59375 0.2879238 0.5625001 0.2893447 0.59375 0.3097143 0.6250001 0.2841005 0.59375 0.2879238 0.59375 0.2879238 0.6250001 0.2713969 0.5937501 0.2709938 0.5937501 0.2709938 0.6250001 0.2586932 0.5937501 0.2534428 0.59375 0.2290362 0.6250001 0.2586932 0.625 0.2459896 0.5625001 0.2254273 0.5937501 0.2534428 0.59375 0.2290362 0.5312501 0.2290151 0.5625001 0.2513611 0.5625001 0.2254273 0.6971724 0.5341463 0.7400776 0.5555899 0.731752 0.5418149 0.7073549 0.5507609 0.7480632 0.5707333 0.7400776 0.5555899 0.731752 0.5418149 0.7759144 0.5600304 0.7685117 0.5496324 0.7400776 0.5555899 0.7833587 0.571701 0.7759144 0.5600304 0.6473531 0.5065118 0.6971724 0.5341463 0.6852774 0.5175597 0.6689078 0.5276442 0.7073549 0.5507609 0.6971724 0.5341463 0.6803081 0.5460948 0.7160065 0.5680083 0.7073549 0.5507609 0.6889148 0.5642846 0.7241498 0.5868396 0.7160065 0.5680083 0.7160065 0.5680083 0.7560327 0.5889803 0.7480632 0.5707333 0.7480632 0.5707333 0.7908951 0.588023 0.7833587 0.571701 0.7833587 0.571701 0.8273433 0.5776836 0.8202701 0.5709385 0.7759144 0.5600304 0.8202701 0.5709385 0.8131966 0.5641934 0.7759144 0.5600304 0.8061231 0.5574483 0.7685117 0.5496324 0.7685117 0.5496324 0.7990499 0.5507032 0.7611257 0.5396553 0.7232015 0.5286075 0.7685117 0.5496324 0.7611257 0.5396553 0.6852774 0.5175597 0.731752 0.5418149 0.7232015 0.5286075 0.5341584 0.08321559 0.5665733 0.1255418 0.5683605 0.085536 0.533299 0.1253317 0.5649015 0.1661114 0.5665733 0.1255418 0.5683605 0.085536 0.5998064 0.1255505 0.6026467 0.08352649 0.5665733 0.1255418 0.5970691 0.1679902 0.5998064 0.1255505 0.5 0.03002864 0.5341584 0.08321559 0.5349965 0.0483725 0.5000001 0.07751476 0.533299 0.1253317 0.5341584 0.08321559 0.5000001 0.1250008 0.5325098 0.1678778 0.533299 0.1253317 0.5000001 0.1724869 0.5318901 0.204577 0.5325098 0.1678778 0.5325098 0.1678778 0.5636132 0.2013295 0.5649015 0.1661114 0.5649015 0.1661114 0.5949467 0.2046074 0.5970691 0.1679902 0.5970691 0.1679902 0.625 0.219973 0.6290075 0.1727057 0.5998064 0.1255505 0.6290075 0.1727057 0.6330147 0.1254384 0.6026467 0.08352649 0.6330147 0.1254384 0.637022 0.07817107 0.6052842 0.04863733 0.637022 0.07817107 0.6410292 0.03090369 0.5700609 0.05233132 0.6026467 0.08352649 0.6052842 0.04863733 0.5349965 0.0483725 0.5683605 0.085536 0.5700609 0.05233132 0.7550859 0.7208545 0.7656503 0.7101168 0.7466824 0.7030068 0.76462 0.7391741 0.7728781 0.7254207 0.7550859 0.7208545 0.7728781 0.7254207 0.7837619 0.7164283 0.7656503 0.7101168 0.7805258 0.7408812 0.789695 0.729332 0.7728781 0.7254207 0.7263534 0.6949708 0.7391154 0.685662 0.7185626 0.6754339 0.7352774 0.7153679 0.7466824 0.7030068 0.7263534 0.6949708 0.7460398 0.7365972 0.7550859 0.7208545 0.7352774 0.7153679 0.7619437 0.7592521 0.76462 0.7391741 0.7460398 0.7365972 0.7751756 0.7578387 0.7805258 0.7408812 0.76462 0.7391741 0.7884075 0.7564254 0.7956792 0.7421904 0.7805258 0.7408812 0.8016394 0.7550119 0.8108046 0.7432948 0.7956792 0.7421904 0.7956792 0.7421904 0.806195 0.7327644 0.789695 0.729332 0.789695 0.729332 0.8014746 0.7220588 0.7837619 0.7164283 0.7837619 0.7164283 0.7967754 0.7111442 0.7779749 0.7034782 0.7656503 0.7101168 0.7779749 0.7034782 0.7588372 0.6949971 0.7466824 0.7030068 0.7588372 0.6949971 0.7391154 0.685662 0.6333767 0.5184543 0.6469441 0.5386285 0.6416636 0.5209729 0.6361941 0.5352694 0.651928 0.5561853 0.6469441 0.5386285 0.6416636 0.5209729 0.6607928 0.5421229 0.6521288 0.5237056 0.6469441 0.5386285 0.6679523 0.5602823 0.6607928 0.5421229 0.6250001 0.5000001 0.6333767 0.5184543 0.6305884 0.501628 0.6259401 0.5159738 0.6361941 0.5352694 0.6333767 0.5184543 0.6268802 0.5319474 0.639092 0.552047 0.6361941 0.5352694 0.6278202 0.547921 0.642224 0.568668 0.639092 0.552047 0.639092 0.552047 0.6569889 0.5737015 0.651928 0.5561853 0.651928 0.5561853 0.6746465 0.5785713 0.6679523 0.5602823 0.6679523 0.5602823 0.6966992 0.583064 0.6889148 0.5642846 0.6607928 0.5421229 0.6889148 0.5642846 0.6803081 0.5460948 0.6521288 0.5237056 0.6803081 0.5460948 0.6689078 0.5276442 0.6417649 0.5048839 0.6689078 0.5276442 0.6473531 0.5065118 0.6361766 0.5032559 0.6521288 0.5237056 0.6417649 0.5048839 0.6305884 0.501628 0.6416636 0.5209729 0.6361766 0.5032559 0.6496734 0.6014571 0.6625355 0.5913096 0.6457647 0.5850063 0.6539386 0.6186571 0.6686534 0.6093426 0.6496734 0.6014571 0.6625355 0.5913096 0.6896815 0.6167736 0.6818247 0.5973516 0.6753618 0.6282944 0.6896815 0.6167736 0.6686534 0.6093426 0.6287602 0.5638946 0.6457647 0.5850063 0.642224 0.568668 0.6302371 0.5786057 0.6496734 0.6014571 0.6457647 0.5850063 0.6331909 0.6080276 0.6496734 0.6014571 0.6317141 0.5933166 0.6346678 0.6227385 0.6539386 0.6186571 0.6331909 0.6080276 0.6587271 0.6386184 0.6753618 0.6282944 0.6539386 0.6186571 0.6827366 0.649098 0.6982249 0.6369485 0.6753618 0.6282944 0.7074697 0.6580426 0.7233333 0.6450724 0.6982249 0.6369485 0.6896815 0.6167736 0.7233333 0.6450724 0.7138141 0.6237702 0.6818247 0.5973516 0.7138141 0.6237702 0.7049243 0.6029654 0.6746465 0.5785713 0.7049243 0.6029654 0.6966992 0.583064 0.6569889 0.5737015 0.6818247 0.5973516 0.6746465 0.5785713 0.642224 0.568668 0.6625355 0.5913096 0.6569889 0.5737015 0.6642611 0.6639462 0.6997176 0.6976037 0.6908521 0.6724433 0.6702736 0.6920343 0.7092658 0.723618 0.6997176 0.6976037 0.6997176 0.6976037 0.7175018 0.6801521 0.6908521 0.6724433 0.7092658 0.723618 0.728684 0.7030411 0.6997176 0.6976037 0.6346678 0.6227385 0.6642611 0.6639462 0.6587271 0.6386184 0.6376637 0.6545539 0.6702736 0.6920343 0.6642611 0.6639462 0.6406595 0.6863692 0.6765367 0.7208887 0.6702736 0.6920343 0.6436554 0.7181847 0.6829184 0.75 0.6765367 0.7208887 0.6765367 0.7208887 0.7191857 0.7500001 0.7092658 0.723618 0.7092658 0.723618 0.7554529 0.7500001 0.7413874 0.7264056 0.7554529 0.7500001 0.770665 0.7293133 0.7413874 0.7264056 0.7413874 0.7264056 0.7563154 0.7085479 0.728684 0.7030411 0.728684 0.7030411 0.7442433 0.687625 0.7175018 0.6801521 0.7175018 0.6801521 0.7334464 0.6664657 0.7074697 0.6580426 0.6908521 0.6724433 0.7074697 0.6580426 0.6827366 0.649098 0.6642611 0.6639462 0.6827366 0.649098 0.6587271 0.6386184 0.5312501 0.3729389 0.5625001 0.3310087 0.5312501 0.3291006 0.5312501 0.416296 0.5625001 0.3728243 0.5312501 0.3729389 0.5625001 0.3728243 0.5937501 0.3291005 0.5625001 0.3310087 0.5625001 0.4139981 0.5937501 0.3729389 0.5625001 0.3728243 0.5 0.3242191 0.5312501 0.2913591 0.5 0.275247 0.5000001 0.3731912 0.5312501 0.3291006 0.5 0.3242191 0.5000001 0.4221632 0.5312501 0.3729389 0.5000001 0.3731912 0.5 0.4711352 0.5312501 0.416296 0.5000001 0.4221632 0.5312501 0.4519971 0.5625001 0.4139981 0.5312501 0.416296 0.5625001 0.4479376 0.59375 0.416296 0.5625001 0.4139981 0.59375 0.4519971 0.6250001 0.4221633 0.59375 0.416296 0.59375 0.416296 0.6250001 0.3731912 0.5937501 0.3729389 0.5937501 0.3729389 0.6250001 0.3242191 0.5937501 0.3291005 0.5937501 0.3291005 0.625 0.2752471 0.59375 0.2913591 0.5625001 0.3310087 0.59375 0.2913591 0.5625001 0.2947768 0.5312501 0.3291006 0.5625001 0.2947768 0.5312501 0.2913591 0.6960073 0.5457663 0.7271717 0.5815739 0.7233204 0.5557418 0.7028028 0.5702031 0.7312744 0.6058873 0.7271717 0.5815739 0.7233204 0.5557418 0.7519408 0.5927022 0.7508832 0.5656051 0.7271717 0.5815739 0.7544918 0.6181657 0.7519408 0.5927022 0.6563566 0.5117151 0.6960073 0.5457663 0.687974 0.5204323 0.672492 0.5367258 0.7028028 0.5702031 0.6960073 0.5457663 0.6810962 0.5593415 0.7085065 0.5932263 0.7028028 0.5702031 0.693144 0.6009204 0.7085065 0.5932263 0.6875183 0.5807185 0.7138454 0.6144806 0.7312744 0.6058873 0.7085065 0.5932263 0.7312744 0.6058873 0.7581176 0.6408573 0.7544918 0.6181657 0.7544918 0.6181657 0.7800095 0.6528474 0.7768353 0.6295275 0.7519408 0.5927022 0.7768353 0.6295275 0.7748998 0.6028502 0.7508832 0.5656051 0.7748998 0.6028502 0.7753111 0.5743541 0.7512086 0.5378665 0.7753111 0.5743541 0.7828258 0.5465836 0.7195913 0.5291494 0.7508832 0.5656051 0.7512086 0.5378665 0.687974 0.5204323 0.7233204 0.5557418 0.7195913 0.5291494 0.6368462 0.5315819 0.6451703 0.5239239 0.634855 0.5183817 0.6387985 0.5450189 0.6494314 0.5404313 0.6368462 0.5315819 0.6494314 0.5404313 0.6567576 0.5297753 0.6451703 0.5239239 0.6533128 0.5569767 0.6636598 0.5495277 0.6494314 0.5404313 0.6250001 0.5129437 0.6328392 0.5052312 0.6250001 0.5030699 0.6250001 0.5228176 0.634855 0.5183817 0.6250001 0.5129437 0.6250001 0.5326914 0.6368462 0.5315819 0.6250001 0.5228176 0.625 0.5425652 0.6387985 0.5450189 0.6250001 0.5326914 0.6407387 0.5596796 0.6533128 0.5569767 0.6387985 0.5450189 0.6569964 0.5739654 0.6692798 0.5687337 0.6533128 0.5569767 0.6742918 0.5875186 0.6875183 0.5807185 0.6692798 0.5687337 0.6692798 0.5687337 0.6810962 0.5593415 0.6636598 0.5495277 0.6567576 0.5297753 0.6810962 0.5593415 0.672492 0.5367258 0.6485175 0.5095539 0.672492 0.5367258 0.6563566 0.5117151 0.6406784 0.5073925 0.6567576 0.5297753 0.6485175 0.5095539 0.634855 0.5183817 0.6406784 0.5073925 0.6328392 0.5052312 0.7928721 0.5809227 0.8115985 0.6194388 0.8068493 0.5863031 0.794477 0.6115552 0.8165418 0.6498804 0.8115985 0.6194388 0.8068493 0.5863031 0.8276331 0.6272389 0.8198242 0.5913129 0.8115985 0.6194388 0.8352426 0.6611561 0.8276331 0.6272389 0.7828258 0.5465836 0.7928721 0.5809227 0.7925462 0.5492636 0.7753111 0.5743541 0.794477 0.6115552 0.7928721 0.5809227 0.7748998 0.6028502 0.797349 0.6397534 0.794477 0.6115552 0.7768353 0.6295275 0.8008748 0.6638386 0.797349 0.6397534 0.797349 0.6397534 0.8211531 0.6751713 0.8165418 0.6498804 0.8165418 0.6498804 0.8416638 0.6889879 0.8352426 0.6611561 0.8352426 0.6611561 0.8647245 0.7128459 0.8539701 0.6739604 0.8276331 0.6272389 0.8539701 0.6739604 0.8432158 0.6350748 0.8198242 0.5913129 0.8432158 0.6350748 0.8324614 0.5961892 0.8119868 0.5546236 0.8324614 0.5961892 0.821707 0.5573036 0.8022665 0.5519436 0.8198242 0.5913129 0.8119868 0.5546236 0.7925462 0.5492636 0.8068493 0.5863031 0.8022665 0.5519436 0.5312501 0.02378195 0.5625001 0.03365433 0.5625001 0.02412617 0.5312501 0.03285664 0.5625001 0.04764956 0.5625001 0.03365433 0.5625001 0.02412617 0.5937501 0.03285664 0.5937501 0.02378195 0.5625001 0.03365433 0.59375 0.04528158 0.5937501 0.03285664 0.5 0.0147739 0.5312501 0.02378195 0.5312501 0.01682287 0.5000001 0.02293783 0.5312501 0.03285664 0.5312501 0.02378195 0.5000001 0.03110176 0.5312501 0.04528158 0.5312501 0.03285664 0.5000001 0.03926569 0.5312501 0.06643944 0.5312501 0.04528158 0.5312501 0.04528158 0.5625001 0.07047188 0.5625001 0.04764956 0.5625001 0.04764956 0.59375 0.0664395 0.59375 0.04528158 0.59375 0.04528158 0.625 0.04742962 0.6250001 0.03926569 0.5937501 0.03285664 0.6250001 0.03926569 0.6250001 0.03110176 0.5937501 0.02378195 0.6250001 0.03110176 0.6250001 0.02293783 0.59375 0.01682287 0.6250001 0.02293783 0.625 0.0147739 0.5625001 0.01725745 0.5937501 0.02378195 0.59375 0.01682287 0.5312501 0.01682287 0.5625001 0.02412617 0.5625001 0.01725745 0.53125 0.003714799 0.5625001 0.007635295 0.5625001 0.003724515 0.5312501 0.00755769 0.5625001 0.01198071 0.5625001 0.007635295 0.5625001 0.003724515 0.5937501 0.00755769 0.5937501 0.003714799 0.5625001 0.007635295 0.59375 0.01172655 0.5937501 0.00755769 0.5000001 0 0.53125 0.003714799 0.5312501 0 0.5000001 0.003693461 0.5312501 0.00755769 0.53125 0.003714799 0.5000001 0.007386922 0.5312501 0.01172655 0.5312501 0.00755769 0.5000001 0.01108044 0.5312501 0.01682287 0.5312501 0.01172655 0.5312501 0.01172655 0.5625001 0.01725745 0.5625001 0.01198071 0.5625001 0.01198071 0.59375 0.01682287 0.59375 0.01172655 0.59375 0.01172655 0.625 0.0147739 0.6250001 0.01108038 0.5937501 0.00755769 0.6250001 0.01108038 0.6250001 0.007386922 0.5937501 0.003714799 0.6250001 0.007386922 0.6250001 0.003693461 0.5937501 0.003714799 0.6250001 0 0.5937501 0 0.5625001 0.003724515 0.5937501 0 0.5625001 0 0.53125 0.003714799 0.5625001 0 0.5312501 0 0.7255592 0.6516563 0.7408241 0.6472135 0.7194809 0.6337934 0.7320982 0.6687266 0.7463812 0.6642821 0.7255592 0.6516563 0.7463812 0.6642821 0.7624074 0.6599774 0.7408241 0.6472135 0.7524027 0.6799416 0.7672071 0.6761413 0.7463812 0.6642821 0.698869 0.6200136 0.7138454 0.6144806 0.693144 0.6009204 0.7049494 0.6384398 0.7194809 0.6337934 0.698869 0.6200136 0.7114818 0.6567346 0.7255592 0.6516563 0.7049494 0.6384398 0.7185626 0.6754339 0.7320982 0.6687266 0.7114818 0.6567346 0.7391154 0.685662 0.7524027 0.6799416 0.7320982 0.6687266 0.7588372 0.6949971 0.7724262 0.6903185 0.7524027 0.6799416 0.7779749 0.7034782 0.7921995 0.6997963 0.7724262 0.6903185 0.7724262 0.6903185 0.7878288 0.6870578 0.7672071 0.6761413 0.7672071 0.6761413 0.7837399 0.6717882 0.7624074 0.6599774 0.7624074 0.6599774 0.7800095 0.6528474 0.7581176 0.6408573 0.7408241 0.6472135 0.7581176 0.6408573 0.7357832 0.6279306 0.7194809 0.6337934 0.7357832 0.6279306 0.7138454 0.6144806 0.6448282 0.5956814 0.6607311 0.5917994 0.6427163 0.5769446 0.6472635 0.6153531 0.664705 0.6105224 0.6448282 0.5956814 0.664705 0.6105224 0.6793453 0.6060752 0.6607311 0.5917994 0.6691289 0.6302487 0.6846979 0.6247565 0.664705 0.6105224 0.6250001 0.5615311 0.6407387 0.5596796 0.625 0.5425652 0.6250001 0.5804969 0.6427163 0.5769446 0.6250001 0.5615311 0.6250001 0.5994626 0.6448282 0.5956814 0.6250001 0.5804969 0.625 0.6184284 0.6472635 0.6153531 0.6250001 0.5994626 0.6506809 0.637421 0.6691289 0.6302487 0.6472635 0.6153531 0.6743631 0.6517319 0.6905151 0.6439747 0.6691289 0.6302487 0.69698 0.6642225 0.7114818 0.6567346 0.6905151 0.6439747 0.6905151 0.6439747 0.7049494 0.6384398 0.6846979 0.6247565 0.6846979 0.6247565 0.698869 0.6200136 0.6793453 0.6060752 0.6793453 0.6060752 0.693144 0.6009204 0.6742918 0.5875186 0.6607311 0.5917994 0.6742918 0.5875186 0.6569964 0.5739654 0.6427163 0.5769446 0.6569964 0.5739654 0.6407387 0.5596796 0.8044881 0.6826141 0.828181 0.706466 0.8249503 0.6934805 0.8117644 0.7083888 0.828181 0.706466 0.8081076 0.696994 0.8249503 0.6934805 0.8482211 0.7160035 0.8455545 0.705577 0.828181 0.706466 0.8506116 0.7242178 0.8482211 0.7160035 0.7800095 0.6528474 0.8044881 0.6826141 0.8008748 0.6638386 0.7878288 0.6870578 0.8044881 0.6826141 0.7837399 0.6717882 0.7921995 0.6997963 0.8081076 0.696994 0.7878288 0.6870578 0.7967754 0.7111442 0.8117644 0.7083888 0.7921995 0.6997963 0.8154554 0.7180846 0.8312056 0.7164085 0.8117644 0.7083888 0.8312056 0.7164085 0.8528103 0.7310454 0.8506116 0.7242178 0.8506116 0.7242178 0.8717992 0.7384268 0.8700307 0.7320317 0.8482211 0.7160035 0.8700307 0.7320317 0.8682619 0.7256365 0.8455545 0.705577 0.8682619 0.7256365 0.8664932 0.7192413 0.8416638 0.6889879 0.8664932 0.7192413 0.8647245 0.7128459 0.8211531 0.6751713 0.8455545 0.705577 0.8416638 0.6889879 0.8008748 0.6638386 0.8249503 0.6934805 0.8211531 0.6751713 0.5642367 0.08532065 0.5958194 0.1698319 0.596354 0.08521538 0.5321186 0.08563071 0.5638855 0.1691774 0.5642367 0.08532065 0.5638855 0.1691774 0.5953019 0.251008 0.5958194 0.1698319 0.5319448 0.1701609 0.5635535 0.2484477 0.5638855 0.1691774 0.5968942 -7.52487e-4 0.6284707 0.08523297 0.6291923 -0.001003265 0.5645962 -5.01658e-4 0.596354 0.08521538 0.5968942 -7.52487e-4 0.5322981 -2.50829e-4 0.5642367 0.08532065 0.5645962 -5.01658e-4 0.5000001 0 0.5321186 0.08563071 0.5322981 -2.50829e-4 0.5000001 0.08606356 0.5319448 0.1701609 0.5321186 0.08563071 0.5000001 0.1721271 0.5317827 0.2512519 0.5319448 0.1701609 0.5000001 0.2581908 0.5316396 0.3225612 0.5317827 0.2512519 0.5317827 0.2512519 0.5632627 0.3178901 0.5635535 0.2484477 0.5635535 0.2484477 0.5948474 0.3223918 0.5953019 0.251008 0.5953019 0.251008 0.6263058 0.3439418 0.6270275 0.2577056 0.5958194 0.1698319 0.6270275 0.2577056 0.627749 0.1714692 0.596354 0.08521538 0.627749 0.1714692 0.6284707 0.08523297 0.6592315 0.6348159 0.6732784 0.5921524 0.65174 0.5771574 0.6592315 0.6348159 0.6923549 0.6976841 0.6829449 0.6451228 0.6829449 0.6451228 0.6955759 0.60817 0.6732784 0.5921524 0.6829449 0.6451228 0.7183364 0.7036404 0.7073757 0.6565751 0.6304128 0.5625001 0.6442292 0.5194683 0.6250001 0.5000001 0.6304128 0.5625001 0.6592315 0.6348159 0.65174 0.5771574 0.6358256 0.6250001 0.6666911 0.6924233 0.6592315 0.6348159 0.6412384 0.6875001 0.6741313 0.75 0.6666911 0.6924233 0.6666911 0.6924233 0.7016113 0.75 0.6923549 0.6976841 0.6923549 0.6976841 0.7290915 0.75 0.7183364 0.7036404 0.7183364 0.7036404 0.7565715 0.75 0.7440828 0.7107319 0.7183364 0.7036404 0.733344 0.6704819 0.7073757 0.6565751 0.7073757 0.6565751 0.7211704 0.627941 0.6955759 0.60817 0.6955759 0.60817 0.7019166 0.5778728 0.6826875 0.5584047 0.6732784 0.5921524 0.6826875 0.5584047 0.6634584 0.5389364 0.65174 0.5771574 0.6634584 0.5389364 0.6442292 0.5194683 0.7614649 0.6878252 0.7891002 0.6859024 0.7534867 0.655045 0.7686039 0.7192653 0.7911233 0.7076228 0.7614649 0.6878252 0.7911233 0.7076228 0.8254727 0.7177824 0.7891002 0.6859024 0.7928901 0.7289342 0.8214991 0.728566 0.7911233 0.7076228 0.7211704 0.627941 0.7444201 0.6209047 0.7019166 0.5778728 0.733344 0.6704819 0.7534867 0.655045 0.7211704 0.627941 0.7440828 0.7107319 0.7614649 0.6878252 0.733344 0.6704819 0.7440828 0.7107319 0.7755374 0.75 0.7686039 0.7192653 0.7755374 0.75 0.7928901 0.7289342 0.7686039 0.7192653 0.7945032 0.7500001 0.8174937 0.7392983 0.7928901 0.7289342 0.813469 0.7500001 0.8423087 0.7500001 0.8174937 0.7392983 0.8174937 0.7392983 0.8521825 0.7500001 0.8214991 0.728566 0.8214991 0.728566 0.8620564 0.7500001 0.8254727 0.7177824 0.8254727 0.7177824 0.8719303 0.7500001 0.8294269 0.7069683 0.7891002 0.6859024 0.8294269 0.7069683 0.7869234 0.6639365 0.7534867 0.655045 0.7869234 0.6639365 0.7444201 0.6209047 0.5630295 0.3735732 0.5942473 0.4202082 0.5945158 0.3761961 0.5315207 0.3763146 0.5628374 0.4194282 0.5630295 0.3735732 0.5628374 0.4194282 0.5939958 0.4607798 0.5942473 0.4202082 0.5314208 0.4202863 0.5626646 0.4606969 0.5628374 0.4194282 0.5948474 0.3223918 0.6259794 0.3829564 0.6263058 0.3439418 0.5632627 0.3178901 0.5945158 0.3761961 0.5948474 0.3223918 0.5316396 0.3225612 0.5630295 0.3735732 0.5632627 0.3178901 0.5 0.3442543 0.5315207 0.3763146 0.5316396 0.3225612 0.5000001 0.3831908 0.5314208 0.4202863 0.5315207 0.3763146 0.5000001 0.4221272 0.5313326 0.4608188 0.5314208 0.4202863 0.5000001 0.4610636 0.5312501 0.5000001 0.5313326 0.4608188 0.5313326 0.4608188 0.5625001 0.5000001 0.5626646 0.4606969 0.5626646 0.4606969 0.5937501 0.5000001 0.5939958 0.4607798 0.5939958 0.4607798 0.6250001 0.5000001 0.6253265 0.4609855 0.5942473 0.4202082 0.6253265 0.4609855 0.625653 0.421971 0.5945158 0.3761961 0.625653 0.421971 0.6259794 0.3829564 0.5312501 0.1028875 0.5625001 0.1469576 0.5625001 0.1051654 0.5312501 0.14688 0.5625001 0.1891838 0.5625001 0.1469576 0.5625001 0.1051654 0.5937501 0.1468801 0.5937501 0.1028875 0.5625001 0.1469576 0.59375 0.1911993 0.5937501 0.1468801 0.5 0.04742962 0.5312501 0.1028875 0.5312501 0.06643944 0.5000001 0.09706962 0.5312501 0.14688 0.5312501 0.1028875 0.5000001 0.1467096 0.5312501 0.1911972 0.5312501 0.14688 0.5000001 0.1963496 0.5312501 0.2290151 0.5312501 0.1911972 0.5312501 0.1911972 0.5625001 0.2254273 0.5625001 0.1891838 0.5625001 0.1891838 0.59375 0.2290362 0.59375 0.1911993 0.59375 0.1911993 0.625 0.2459896 0.6250001 0.1963496 0.5937501 0.1468801 0.6250001 0.1963496 0.6250001 0.1467096 0.5937501 0.1028875 0.6250001 0.1467096 0.6250001 0.09706962 0.59375 0.0664395 0.6250001 0.09706962 0.625 0.04742962 0.5625001 0.07047188 0.5937501 0.1028875 0.59375 0.0664395 0.5312501 0.06643944 0.5625001 0.1051654 0.5625001 0.07047188 0.5312501 0.4792808 0.5625001 0.464762 0.5312501 0.4658452 0.53125 0.4904667 0.5625001 0.4794508 0.5312501 0.4792808 0.5625001 0.4794508 0.5937501 0.4671915 0.5625001 0.464762 0.5625001 0.4911364 0.5937501 0.4806934 0.5625001 0.4794508 0.5 0.4696316 0.5312501 0.4460214 0.5 0.4595087 0.5000001 0.4797544 0.5312501 0.4658452 0.5 0.4696316 0.5000001 0.4898772 0.5312501 0.4792808 0.5000001 0.4797544 0.5000001 0.4898772 0.5312501 0.5007675 0.53125 0.4904667 0.53125 0.4904667 0.5625001 0.501535 0.5625001 0.4911364 0.5625001 0.4911364 0.5937501 0.5023024 0.59375 0.4919403 0.59375 0.4919403 0.6250001 0.5030699 0.6250001 0.4928247 0.59375 0.4919403 0.6250001 0.4825796 0.5937501 0.4806934 0.5937501 0.4806934 0.6250001 0.4723345 0.5937501 0.4671915 0.5937501 0.4671915 0.625 0.4620893 0.59375 0.4472602 0.5625001 0.464762 0.59375 0.4472602 0.5625001 0.4436376 0.5312501 0.4658452 0.5625001 0.4436376 0.5312501 0.4460214 0.8228318 0.7358638 0.8369061 0.7319075 0.8191609 0.7271441 0.8264155 0.7443473 0.8396251 0.7387453 0.8228318 0.7358638 0.8369061 0.7319075 0.8564955 0.7415071 0.8547215 0.7365844 0.842293 0.7453299 0.8564955 0.7415071 0.8396251 0.7387453 0.8014746 0.7220588 0.8154554 0.7180846 0.7967754 0.7111442 0.806195 0.7327644 0.8191609 0.7271441 0.8014746 0.7220588 0.8108046 0.7432948 0.8228318 0.7358638 0.806195 0.7327644 0.8148712 0.7535985 0.8264155 0.7443473 0.8108046 0.7432948 0.8299035 0.752699 0.842293 0.7453299 0.8264155 0.7443473 0.8449357 0.7517994 0.8582366 0.7462384 0.842293 0.7453299 0.8599679 0.7508997 0.8741999 0.7471067 0.8582366 0.7462384 0.8564955 0.7415071 0.8741999 0.7471067 0.8733997 0.7442135 0.8547215 0.7365844 0.8733997 0.7442135 0.8725995 0.7413203 0.8528103 0.7310454 0.8725995 0.7413203 0.8717992 0.7384268 0.8341082 0.7245888 0.8547215 0.7365844 0.8528103 0.7310454 0.8191609 0.7271441 0.8341082 0.7245888 0.8154554 0.7180846 0.5315118 0.2291076 0.5626114 0.2476987 0.5629036 0.2272774 0.5312597 0.2663491 0.5626114 0.2476987 0.5313265 0.247671 0.5629036 0.2272774 0.5938266 0.247671 0.5940675 0.2291107 0.562514 0.2682751 0.5938266 0.247671 0.5626114 0.2476987 0.5 0.219973 0.5315118 0.2291076 0.5318901 0.204577 0.5000001 0.2337915 0.5313265 0.247671 0.5315118 0.2291076 0.5 0.2614285 0.5313265 0.247671 0.5000001 0.24761 0.5 0.275247 0.5312597 0.2663491 0.5 0.2614285 0.5312501 0.2913591 0.562514 0.2682751 0.5312597 0.2663491 0.5625001 0.2947768 0.5937596 0.2663491 0.562514 0.2682751 0.59375 0.2913591 0.6250001 0.2614286 0.5937596 0.2663491 0.5937596 0.2663491 0.6250001 0.2476101 0.5938266 0.247671 0.5940675 0.2291107 0.6250001 0.2476101 0.6250001 0.2337915 0.5949467 0.2046074 0.6250001 0.2337915 0.625 0.219973 0.5636132 0.2013295 0.5940675 0.2291107 0.5949467 0.2046074 0.5318901 0.204577 0.5629036 0.2272774 0.5636132 0.2013295 0.5312501 0.4839728 0.5625001 0.4699423 0.5312501 0.4723164 0.53125 0.4925845 0.5625001 0.4832478 0.5312501 0.4839728 0.5625001 0.4832478 0.5937501 0.4723164 0.5625001 0.4699423 0.5625001 0.4924939 0.5937501 0.4839728 0.5625001 0.4832478 0.5000001 0.4783514 0.5312501 0.4519971 0.5 0.4711352 0.5000001 0.4855676 0.5312501 0.4723164 0.5000001 0.4783514 0.5000001 0.4927839 0.5312501 0.4839728 0.5000001 0.4855676 0.5000001 0.5000001 0.53125 0.4925845 0.5000001 0.4927839 0.5312501 0.5000001 0.5625001 0.4924939 0.53125 0.4925845 0.5625001 0.5000001 0.59375 0.4925845 0.5625001 0.4924939 0.5937501 0.5000001 0.6250001 0.4927839 0.59375 0.4925845 0.59375 0.4925845 0.6250001 0.4855676 0.5937501 0.4839728 0.5937501 0.4839728 0.6250001 0.4783514 0.5937501 0.4723164 0.5937501 0.4723164 0.625 0.4711352 0.59375 0.4519971 0.5625001 0.4699423 0.59375 0.4519971 0.5625001 0.4479376 0.5312501 0.4723164 0.5625001 0.4479376 0.5312501 0.4519971 0.7819625 0.7143763 0.7983532 0.7044798 0.7711303 0.6954911 0.7940753 0.732398 0.8063594 0.7207465 0.7819625 0.7143763 0.7983532 0.7044798 0.8304202 0.7277721 0.8260981 0.7152593 0.8063594 0.7207465 0.8346391 0.7390825 0.8304202 0.7277721 0.7442433 0.687625 0.7610557 0.6752004 0.7334464 0.6664657 0.7563154 0.7085479 0.7711303 0.6954911 0.7442433 0.687625 0.770665 0.7293133 0.7819625 0.7143763 0.7563154 0.7085479 0.7917201 0.75 0.7940753 0.732398 0.770665 0.7293133 0.8074334 0.7500001 0.8146521 0.7356619 0.7940753 0.732398 0.8231465 0.7500001 0.8346391 0.7390825 0.8146521 0.7356619 0.8346391 0.7390825 0.854573 0.7500001 0.8544843 0.7425873 0.8304202 0.7277721 0.8544843 0.7425873 0.8543957 0.7351745 0.8260981 0.7152593 0.8543957 0.7351745 0.8543071 0.7277618 0.8209565 0.6982817 0.8543071 0.7277618 0.8542184 0.7203488 0.7902482 0.6853038 0.8260981 0.7152593 0.8209565 0.6982817 0.7610557 0.6752004 0.7983532 0.7044798 0.7902482 0.6853038 0.7327032 0.607901 0.7729358 0.636771 0.7643299 0.6115636 0.7417756 0.6304088 0.7816925 0.6621593 0.7729358 0.636771 0.7643299 0.6115636 0.8063009 0.642942 0.7985433 0.6133471 0.7729358 0.636771 0.8140225 0.6726277 0.8063009 0.642942 0.6966992 0.583064 0.7327032 0.607901 0.7241498 0.5868396 0.7049243 0.6029654 0.7417756 0.6304088 0.7327032 0.607901 0.7138141 0.6237702 0.7512677 0.6532216 0.7417756 0.6304088 0.7233333 0.6450724 0.7610557 0.6752004 0.7512677 0.6532216 0.7512677 0.6532216 0.7902482 0.6853038 0.7816925 0.6621593 0.7816925 0.6621593 0.8209565 0.6982817 0.8140225 0.6726277 0.8140225 0.6726277 0.8542184 0.7203488 0.8474996 0.6846826 0.8063009 0.642942 0.8474996 0.6846826 0.840781 0.6490163 0.7985433 0.6133471 0.840781 0.6490163 0.8340622 0.61335 0.7908951 0.588023 0.8340622 0.61335 0.8273433 0.5776836 0.7560327 0.5889803 0.7985433 0.6133471 0.7908951 0.588023 0.7241498 0.5868396 0.7643299 0.6115636 0.7560327 0.5889803 0.5370339 0.007145345 0.5728431 0.01661378 0.5740698 0.006681084 0.5364131 0.01622402 0.5715371 0.03037285 0.5728431 0.01661378 0.5740698 0.006681084 0.6093016 0.01563698 0.6111093 0.006045997 0.5728431 0.01661378 0.607423 0.02808904 0.6093016 0.01563698 0.5000001 0 0.5370339 0.007145345 0.5376312 -8.05825e-4 0.5000001 0.007507145 0.5364131 0.01622402 0.5370339 0.007145345 0.5000001 0.01501429 0.5357441 0.02818107 0.5364131 0.01622402 0.5000001 0.02252149 0.5349965 0.0483725 0.5357441 0.02818107 0.5357441 0.02818107 0.5700609 0.05233132 0.5715371 0.03037285 0.5715371 0.03037285 0.6052842 0.04863733 0.607423 0.02808904 0.607423 0.02808904 0.6410292 0.03090369 0.6434031 0.02237194 0.6093016 0.01563698 0.6434031 0.02237194 0.645777 0.01384019 0.6111093 0.006045997 0.645777 0.01384019 0.6481508 0.005308449 0.6128935 -0.002417445 0.6481508 0.005308449 0.6505247 -0.00322324 0.5752624 -0.00161159 0.6111093 0.006045997 0.6128935 -0.002417445 0.5376312 -8.05825e-4 0.5740698 0.006681084 0.5752624 -0.00161159 0.6621672 0.6928813 0.6806978 0.6755798 0.655926 0.6639798 0.6687529 0.7224751 0.6879889 0.701179 0.6621672 0.6928813 0.6879889 0.701179 0.7042906 0.6858754 0.6806978 0.6755798 0.6959673 0.7276944 0.7126815 0.7087601 0.6879889 0.701179 0.6304128 0.6513213 0.6506809 0.637421 0.625 0.6184284 0.6358256 0.6842142 0.655926 0.6639798 0.6304128 0.6513213 0.6412384 0.7171071 0.6621672 0.6928813 0.6358256 0.6842142 0.6466512 0.75 0.6687529 0.7224751 0.6412384 0.7171071 0.6754744 0.752313 0.6959673 0.7276944 0.6687529 0.7224751 0.7042976 0.7546261 0.7223535 0.7325674 0.6959673 0.7276944 0.7331206 0.7569391 0.7460398 0.7365972 0.7223535 0.7325674 0.7223535 0.7325674 0.7352774 0.7153679 0.7126815 0.7087601 0.7126815 0.7087601 0.7263534 0.6949708 0.7042906 0.6858754 0.7042906 0.6858754 0.7185626 0.6754339 0.69698 0.6642225 0.6806978 0.6755798 0.69698 0.6642225 0.6743631 0.6517319 0.655926 0.6639798 0.6743631 0.6517319 0.6506809 0.637421 0.5312501 0.3781581 0.5625001 0.3430896 0.5312501 0.3412618 0.5312501 0.4148764 0.5625001 0.3785141 0.5312501 0.3781581 0.5625001 0.3785141 0.5937501 0.3418167 0.5625001 0.3430896 0.5625001 0.4137009 0.5937501 0.3789549 0.5625001 0.3785141 0.5000001 0.3370251 0.5312501 0.3093634 0.5 0.2961972 0.5000001 0.377853 0.5312501 0.3412618 0.5000001 0.3370251 0.5 0.4186809 0.5312501 0.3781581 0.5000001 0.377853 0.5 0.4595087 0.5312501 0.4148764 0.5 0.4186809 0.5312501 0.4460214 0.5625001 0.4137009 0.5312501 0.4148764 0.5625001 0.4436376 0.59375 0.4159148 0.5625001 0.4137009 0.59375 0.4472602 0.6250001 0.420768 0.59375 0.4159148 0.59375 0.4159148 0.6250001 0.3794467 0.5937501 0.3789549 0.5937501 0.3789549 0.6250001 0.3381254 0.5937501 0.3418167 0.5937501 0.3418167 0.625 0.2968041 0.59375 0.3097143 0.5625001 0.3430896 0.59375 0.3097143 0.5625001 0.3123044 0.5312501 0.3412618 0.5625001 0.3123044 0.5312501 0.3093634 0.5312501 0.2708421 0.5625001 0.2513611 0.5312501 0.2533648 0.5312501 0.2876915 0.5625001 0.2707693 0.5312501 0.2708421 0.5625001 0.2707693 0.5937501 0.2534428 0.5625001 0.2513611 0.5625001 0.2893447 0.5937501 0.2709938 0.5625001 0.2707693 0.5 0.2459896 0.5312501 0.2533648 0.5312501 0.2290151 0.5000001 0.2710934 0.5312501 0.2533648 0.5000001 0.2585415 0.5000001 0.2836453 0.5312501 0.2708421 0.5000001 0.2710934 0.5 0.2961972 0.5312501 0.2876915 0.5000001 0.2836453 0.5312501 0.3093634 0.5625001 0.2893447 0.5312501 0.2876915 0.5625001 0.3123044 0.59375 0.2879238 0.5625001 0.2893447 0.59375 0.3097143 0.6250001 0.2841005 0.59375 0.2879238 0.59375 0.2879238 0.6250001 0.2713969 0.5937501 0.2709938 0.5937501 0.2709938 0.6250001 0.2586932 0.5937501 0.2534428 0.59375 0.2290362 0.6250001 0.2586932 0.625 0.2459896 0.5625001 0.2254273 0.5937501 0.2534428 0.59375 0.2290362 0.5312501 0.2290151 0.5625001 0.2513611 0.5625001 0.2254273 0.6971724 0.5341463 0.7400776 0.5555899 0.731752 0.5418149 0.7073549 0.5507609 0.7480632 0.5707333 0.7400776 0.5555899 0.731752 0.5418149 0.7759144 0.5600304 0.7685117 0.5496324 0.7400776 0.5555899 0.7833587 0.571701 0.7759144 0.5600304 0.6473531 0.5065118 0.6971724 0.5341463 0.6852774 0.5175597 0.6689078 0.5276442 0.7073549 0.5507609 0.6971724 0.5341463 0.6803081 0.5460948 0.7160065 0.5680083 0.7073549 0.5507609 0.6889148 0.5642846 0.7241498 0.5868396 0.7160065 0.5680083 0.7160065 0.5680083 0.7560327 0.5889803 0.7480632 0.5707333 0.7480632 0.5707333 0.7908951 0.588023 0.7833587 0.571701 0.7833587 0.571701 0.8273433 0.5776836 0.8202701 0.5709385 0.7759144 0.5600304 0.8202701 0.5709385 0.8131966 0.5641934 0.7759144 0.5600304 0.8061231 0.5574483 0.7685117 0.5496324 0.7685117 0.5496324 0.7990499 0.5507032 0.7611257 0.5396553 0.7232015 0.5286075 0.7685117 0.5496324 0.7611257 0.5396553 0.6852774 0.5175597 0.731752 0.5418149 0.7232015 0.5286075 0.5341584 0.08321559 0.5665733 0.1255418 0.5683605 0.085536 0.533299 0.1253317 0.5649015 0.1661114 0.5665733 0.1255418 0.5683605 0.085536 0.5998064 0.1255505 0.6026467 0.08352649 0.5665733 0.1255418 0.5970691 0.1679902 0.5998064 0.1255505 0.5 0.03002864 0.5341584 0.08321559 0.5349965 0.0483725 0.5000001 0.07751476 0.533299 0.1253317 0.5341584 0.08321559 0.5000001 0.1250008 0.5325098 0.1678778 0.533299 0.1253317 0.5000001 0.1724869 0.5318901 0.204577 0.5325098 0.1678778 0.5325098 0.1678778 0.5636132 0.2013295 0.5649015 0.1661114 0.5649015 0.1661114 0.5949467 0.2046074 0.5970691 0.1679902 0.5970691 0.1679902 0.625 0.219973 0.6290075 0.1727057 0.5998064 0.1255505 0.6290075 0.1727057 0.6330147 0.1254384 0.6026467 0.08352649 0.6330147 0.1254384 0.637022 0.07817107 0.6052842 0.04863733 0.637022 0.07817107 0.6410292 0.03090369 0.5700609 0.05233132 0.6026467 0.08352649 0.6052842 0.04863733 0.5349965 0.0483725 0.5683605 0.085536 0.5700609 0.05233132 0.7550859 0.7208545 0.7656503 0.7101168 0.7466824 0.7030068 0.76462 0.7391741 0.7728781 0.7254207 0.7550859 0.7208545 0.7728781 0.7254207 0.7837619 0.7164283 0.7656503 0.7101168 0.7805258 0.7408812 0.789695 0.729332 0.7728781 0.7254207 0.7263534 0.6949708 0.7391154 0.685662 0.7185626 0.6754339 0.7352774 0.7153679 0.7466824 0.7030068 0.7263534 0.6949708 0.7460398 0.7365972 0.7550859 0.7208545 0.7352774 0.7153679 0.7619437 0.7592521 0.76462 0.7391741 0.7460398 0.7365972 0.7751756 0.7578387 0.7805258 0.7408812 0.76462 0.7391741 0.7884075 0.7564254 0.7956792 0.7421904 0.7805258 0.7408812 0.8016394 0.7550119 0.8108046 0.7432948 0.7956792 0.7421904 0.7956792 0.7421904 0.806195 0.7327644 0.789695 0.729332 0.789695 0.729332 0.8014746 0.7220588 0.7837619 0.7164283 0.7837619 0.7164283 0.7967754 0.7111442 0.7779749 0.7034782 0.7656503 0.7101168 0.7779749 0.7034782 0.7588372 0.6949971 0.7466824 0.7030068 0.7588372 0.6949971 0.7391154 0.685662 0.6333767 0.5184543 0.6469441 0.5386285 0.6416636 0.5209729 0.6361941 0.5352694 0.651928 0.5561853 0.6469441 0.5386285 0.6416636 0.5209729 0.6607928 0.5421229 0.6521288 0.5237056 0.6469441 0.5386285 0.6679523 0.5602823 0.6607928 0.5421229 0.6250001 0.5000001 0.6333767 0.5184543 0.6305884 0.501628 0.6259401 0.5159738 0.6361941 0.5352694 0.6333767 0.5184543 0.6268802 0.5319474 0.639092 0.552047 0.6361941 0.5352694 0.6278202 0.547921 0.642224 0.568668 0.639092 0.552047 0.639092 0.552047 0.6569889 0.5737015 0.651928 0.5561853 0.651928 0.5561853 0.6746465 0.5785713 0.6679523 0.5602823 0.6679523 0.5602823 0.6966992 0.583064 0.6889148 0.5642846 0.6607928 0.5421229 0.6889148 0.5642846 0.6803081 0.5460948 0.6521288 0.5237056 0.6803081 0.5460948 0.6689078 0.5276442 0.6417649 0.5048839 0.6689078 0.5276442 0.6473531 0.5065118 0.6361766 0.5032559 0.6521288 0.5237056 0.6417649 0.5048839 0.6305884 0.501628 0.6416636 0.5209729 0.6361766 0.5032559 0.6496734 0.6014571 0.6625355 0.5913096 0.6457647 0.5850063 0.6539386 0.6186571 0.6686534 0.6093426 0.6496734 0.6014571 0.6625355 0.5913096 0.6896815 0.6167736 0.6818247 0.5973516 0.6753618 0.6282944 0.6896815 0.6167736 0.6686534 0.6093426 0.6287602 0.5638946 0.6457647 0.5850063 0.642224 0.568668 0.6302371 0.5786057 0.6496734 0.6014571 0.6457647 0.5850063 0.6331909 0.6080276 0.6496734 0.6014571 0.6317141 0.5933166 0.6346678 0.6227385 0.6539386 0.6186571 0.6331909 0.6080276 0.6587271 0.6386184 0.6753618 0.6282944 0.6539386 0.6186571 0.6827366 0.649098 0.6982249 0.6369485 0.6753618 0.6282944 0.7074697 0.6580426 0.7233333 0.6450724 0.6982249 0.6369485 0.6896815 0.6167736 0.7233333 0.6450724 0.7138141 0.6237702 0.6818247 0.5973516 0.7138141 0.6237702 0.7049243 0.6029654 0.6746465 0.5785713 0.7049243 0.6029654 0.6966992 0.583064 0.6569889 0.5737015 0.6818247 0.5973516 0.6746465 0.5785713 0.642224 0.568668 0.6625355 0.5913096 0.6569889 0.5737015 0.6642611 0.6639462 0.6997176 0.6976037 0.6908521 0.6724433 0.6702736 0.6920343 0.7092658 0.723618 0.6997176 0.6976037 0.6997176 0.6976037 0.7175018 0.6801521 0.6908521 0.6724433 0.7092658 0.723618 0.728684 0.7030411 0.6997176 0.6976037 0.6346678 0.6227385 0.6642611 0.6639462 0.6587271 0.6386184 0.6376637 0.6545539 0.6702736 0.6920343 0.6642611 0.6639462 0.6406595 0.6863692 0.6765367 0.7208887 0.6702736 0.6920343 0.6436554 0.7181847 0.6829184 0.75 0.6765367 0.7208887 0.6765367 0.7208887 0.7191857 0.7500001 0.7092658 0.723618 0.7092658 0.723618 0.7554529 0.7500001 0.7413874 0.7264056 0.7554529 0.7500001 0.770665 0.7293133 0.7413874 0.7264056 0.7413874 0.7264056 0.7563154 0.7085479 0.728684 0.7030411 0.728684 0.7030411 0.7442433 0.687625 0.7175018 0.6801521 0.7175018 0.6801521 0.7334464 0.6664657 0.7074697 0.6580426 0.6908521 0.6724433 0.7074697 0.6580426 0.6827366 0.649098 0.6642611 0.6639462 0.6827366 0.649098 0.6587271 0.6386184 0.5312501 0.3729389 0.5625001 0.3310087 0.5312501 0.3291006 0.5312501 0.416296 0.5625001 0.3728243 0.5312501 0.3729389 0.5625001 0.3728243 0.5937501 0.3291005 0.5625001 0.3310087 0.5625001 0.4139981 0.5937501 0.3729389 0.5625001 0.3728243 0.5 0.3242191 0.5312501 0.2913591 0.5 0.275247 0.5000001 0.3731912 0.5312501 0.3291006 0.5 0.3242191 0.5000001 0.4221632 0.5312501 0.3729389 0.5000001 0.3731912 0.5 0.4711352 0.5312501 0.416296 0.5000001 0.4221632 0.5312501 0.4519971 0.5625001 0.4139981 0.5312501 0.416296 0.5625001 0.4479376 0.59375 0.416296 0.5625001 0.4139981 0.59375 0.4519971 0.6250001 0.4221633 0.59375 0.416296 0.59375 0.416296 0.6250001 0.3731912 0.5937501 0.3729389 0.5937501 0.3729389 0.6250001 0.3242191 0.5937501 0.3291005 0.5937501 0.3291005 0.625 0.2752471 0.59375 0.2913591 0.5625001 0.3310087 0.59375 0.2913591 0.5625001 0.2947768 0.5312501 0.3291006 0.5625001 0.2947768 0.5312501 0.2913591 0.6960073 0.5457663 0.7271717 0.5815739 0.7233204 0.5557418 0.7028028 0.5702031 0.7312744 0.6058873 0.7271717 0.5815739 0.7233204 0.5557418 0.7519408 0.5927022 0.7508832 0.5656051 0.7271717 0.5815739 0.7544918 0.6181657 0.7519408 0.5927022 0.6563566 0.5117151 0.6960073 0.5457663 0.687974 0.5204323 0.672492 0.5367258 0.7028028 0.5702031 0.6960073 0.5457663 0.6810962 0.5593415 0.7085065 0.5932263 0.7028028 0.5702031 0.693144 0.6009204 0.7085065 0.5932263 0.6875183 0.5807185 0.7138454 0.6144806 0.7312744 0.6058873 0.7085065 0.5932263 0.7312744 0.6058873 0.7581176 0.6408573 0.7544918 0.6181657 0.7544918 0.6181657 0.7800095 0.6528474 0.7768353 0.6295275 0.7519408 0.5927022 0.7768353 0.6295275 0.7748998 0.6028502 0.7508832 0.5656051 0.7748998 0.6028502 0.7753111 0.5743541 0.7512086 0.5378665 0.7753111 0.5743541 0.7828258 0.5465836 0.7195913 0.5291494 0.7508832 0.5656051 0.7512086 0.5378665 0.687974 0.5204323 0.7233204 0.5557418 0.7195913 0.5291494 0.6368462 0.5315819 0.6451703 0.5239239 0.634855 0.5183817 0.6387985 0.5450189 0.6494314 0.5404313 0.6368462 0.5315819 0.6494314 0.5404313 0.6567576 0.5297753 0.6451703 0.5239239 0.6533128 0.5569767 0.6636598 0.5495277 0.6494314 0.5404313 0.6250001 0.5129437 0.6328392 0.5052312 0.6250001 0.5030699 0.6250001 0.5228176 0.634855 0.5183817 0.6250001 0.5129437 0.6250001 0.5326914 0.6368462 0.5315819 0.6250001 0.5228176 0.625 0.5425652 0.6387985 0.5450189 0.6250001 0.5326914 0.6407387 0.5596796 0.6533128 0.5569767 0.6387985 0.5450189 0.6569964 0.5739654 0.6692798 0.5687337 0.6533128 0.5569767 0.6742918 0.5875186 0.6875183 0.5807185 0.6692798 0.5687337 0.6692798 0.5687337 0.6810962 0.5593415 0.6636598 0.5495277 0.6567576 0.5297753 0.6810962 0.5593415 0.672492 0.5367258 0.6485175 0.5095539 0.672492 0.5367258 0.6563566 0.5117151 0.6406784 0.5073925 0.6567576 0.5297753 0.6485175 0.5095539 0.634855 0.5183817 0.6406784 0.5073925 0.6328392 0.5052312 0.7928721 0.5809227 0.8115985 0.6194388 0.8068493 0.5863031 0.794477 0.6115552 0.8165418 0.6498804 0.8115985 0.6194388 0.8068493 0.5863031 0.8276331 0.6272389 0.8198242 0.5913129 0.8115985 0.6194388 0.8352426 0.6611561 0.8276331 0.6272389 0.7828258 0.5465836 0.7928721 0.5809227 0.7925462 0.5492636 0.7753111 0.5743541 0.794477 0.6115552 0.7928721 0.5809227 0.7748998 0.6028502 0.797349 0.6397534 0.794477 0.6115552 0.7768353 0.6295275 0.8008748 0.6638386 0.797349 0.6397534 0.797349 0.6397534 0.8211531 0.6751713 0.8165418 0.6498804 0.8165418 0.6498804 0.8416638 0.6889879 0.8352426 0.6611561 0.8352426 0.6611561 0.8647245 0.7128459 0.8539701 0.6739604 0.8276331 0.6272389 0.8539701 0.6739604 0.8432158 0.6350748 0.8198242 0.5913129 0.8432158 0.6350748 0.8324614 0.5961892 0.8119868 0.5546236 0.8324614 0.5961892 0.821707 0.5573036 0.8022665 0.5519436 0.8198242 0.5913129 0.8119868 0.5546236 0.7925462 0.5492636 0.8068493 0.5863031 0.8022665 0.5519436 0.5312501 0.02378195 0.5625001 0.03365433 0.5625001 0.02412617 0.5312501 0.03285664 0.5625001 0.04764956 0.5625001 0.03365433 0.5625001 0.02412617 0.5937501 0.03285664 0.5937501 0.02378195 0.5625001 0.03365433 0.59375 0.04528158 0.5937501 0.03285664 0.5 0.0147739 0.5312501 0.02378195 0.5312501 0.01682287 0.5000001 0.02293783 0.5312501 0.03285664 0.5312501 0.02378195 0.5000001 0.03110176 0.5312501 0.04528158 0.5312501 0.03285664 0.5000001 0.03926569 0.5312501 0.06643944 0.5312501 0.04528158 0.5312501 0.04528158 0.5625001 0.07047188 0.5625001 0.04764956 0.5625001 0.04764956 0.59375 0.0664395 0.59375 0.04528158 0.59375 0.04528158 0.625 0.04742962 0.6250001 0.03926569 0.5937501 0.03285664 0.6250001 0.03926569 0.6250001 0.03110176 0.5937501 0.02378195 0.6250001 0.03110176 0.6250001 0.02293783 0.59375 0.01682287 0.6250001 0.02293783 0.625 0.0147739 0.5625001 0.01725745 0.5937501 0.02378195 0.59375 0.01682287 0.5312501 0.01682287 0.5625001 0.02412617 0.5625001 0.01725745 0.53125 0.003714799 0.5625001 0.007635295 0.5625001 0.003724515 0.5312501 0.00755769 0.5625001 0.01198071 0.5625001 0.007635295 0.5625001 0.003724515 0.5937501 0.00755769 0.5937501 0.003714799 0.5625001 0.007635295 0.59375 0.01172655 0.5937501 0.00755769 0.5000001 0 0.53125 0.003714799 0.5312501 0 0.5000001 0.003693461 0.5312501 0.00755769 0.53125 0.003714799 0.5000001 0.007386922 0.5312501 0.01172655 0.5312501 0.00755769 0.5000001 0.01108044 0.5312501 0.01682287 0.5312501 0.01172655 0.5312501 0.01172655 0.5625001 0.01725745 0.5625001 0.01198071 0.5625001 0.01198071 0.59375 0.01682287 0.59375 0.01172655 0.59375 0.01172655 0.625 0.0147739 0.6250001 0.01108038 0.5937501 0.00755769 0.6250001 0.01108038 0.6250001 0.007386922 0.5937501 0.003714799 0.6250001 0.007386922 0.6250001 0.003693461 0.5937501 0.003714799 0.6250001 0 0.5937501 0 0.5625001 0.003724515 0.5937501 0 0.5625001 0 0.53125 0.003714799 0.5625001 0 0.5312501 0 0.7255592 0.6516563 0.7408241 0.6472135 0.7194809 0.6337934 0.7320982 0.6687266 0.7463812 0.6642821 0.7255592 0.6516563 0.7463812 0.6642821 0.7624074 0.6599774 0.7408241 0.6472135 0.7524027 0.6799416 0.7672071 0.6761413 0.7463812 0.6642821 0.698869 0.6200136 0.7138454 0.6144806 0.693144 0.6009204 0.7049494 0.6384398 0.7194809 0.6337934 0.698869 0.6200136 0.7114818 0.6567346 0.7255592 0.6516563 0.7049494 0.6384398 0.7185626 0.6754339 0.7320982 0.6687266 0.7114818 0.6567346 0.7391154 0.685662 0.7524027 0.6799416 0.7320982 0.6687266 0.7588372 0.6949971 0.7724262 0.6903185 0.7524027 0.6799416 0.7779749 0.7034782 0.7921995 0.6997963 0.7724262 0.6903185 0.7724262 0.6903185 0.7878288 0.6870578 0.7672071 0.6761413 0.7672071 0.6761413 0.7837399 0.6717882 0.7624074 0.6599774 0.7624074 0.6599774 0.7800095 0.6528474 0.7581176 0.6408573 0.7408241 0.6472135 0.7581176 0.6408573 0.7357832 0.6279306 0.7194809 0.6337934 0.7357832 0.6279306 0.7138454 0.6144806 0.6448282 0.5956814 0.6607311 0.5917994 0.6427163 0.5769446 0.6472635 0.6153531 0.664705 0.6105224 0.6448282 0.5956814 0.664705 0.6105224 0.6793453 0.6060752 0.6607311 0.5917994 0.6691289 0.6302487 0.6846979 0.6247565 0.664705 0.6105224 0.6250001 0.5615311 0.6407387 0.5596796 0.625 0.5425652 0.6250001 0.5804969 0.6427163 0.5769446 0.6250001 0.5615311 0.6250001 0.5994626 0.6448282 0.5956814 0.6250001 0.5804969 0.625 0.6184284 0.6472635 0.6153531 0.6250001 0.5994626 0.6506809 0.637421 0.6691289 0.6302487 0.6472635 0.6153531 0.6743631 0.6517319 0.6905151 0.6439747 0.6691289 0.6302487 0.69698 0.6642225 0.7114818 0.6567346 0.6905151 0.6439747 0.6905151 0.6439747 0.7049494 0.6384398 0.6846979 0.6247565 0.6846979 0.6247565 0.698869 0.6200136 0.6793453 0.6060752 0.6793453 0.6060752 0.693144 0.6009204 0.6742918 0.5875186 0.6607311 0.5917994 0.6742918 0.5875186 0.6569964 0.5739654 0.6427163 0.5769446 0.6569964 0.5739654 0.6407387 0.5596796 0.8044881 0.6826141 0.828181 0.706466 0.8249503 0.6934805 0.8117644 0.7083888 0.828181 0.706466 0.8081076 0.696994 0.8249503 0.6934805 0.8482211 0.7160035 0.8455545 0.705577 0.828181 0.706466 0.8506116 0.7242178 0.8482211 0.7160035 0.7800095 0.6528474 0.8044881 0.6826141 0.8008748 0.6638386 0.7878288 0.6870578 0.8044881 0.6826141 0.7837399 0.6717882 0.7921995 0.6997963 0.8081076 0.696994 0.7878288 0.6870578 0.7967754 0.7111442 0.8117644 0.7083888 0.7921995 0.6997963 0.8154554 0.7180846 0.8312056 0.7164085 0.8117644 0.7083888 0.8312056 0.7164085 0.8528103 0.7310454 0.8506116 0.7242178 0.8506116 0.7242178 0.8717992 0.7384268 0.8700307 0.7320317 0.8482211 0.7160035 0.8700307 0.7320317 0.8682619 0.7256365 0.8455545 0.705577 0.8682619 0.7256365 0.8664932 0.7192413 0.8416638 0.6889879 0.8664932 0.7192413 0.8647245 0.7128459 0.8211531 0.6751713 0.8455545 0.705577 0.8416638 0.6889879 0.8008748 0.6638386 0.8249503 0.6934805 0.8211531 0.6751713 0.5642367 0.08532065 0.5958194 0.1698319 0.596354 0.08521538 0.5321186 0.08563071 0.5638855 0.1691774 0.5642367 0.08532065 0.5638855 0.1691774 0.5953019 0.251008 0.5958194 0.1698319 0.5319448 0.1701609 0.5635535 0.2484477 0.5638855 0.1691774 0.5968942 -7.52487e-4 0.6284707 0.08523297 0.6291923 -0.001003265 0.5645962 -5.01658e-4 0.596354 0.08521538 0.5968942 -7.52487e-4 0.5322981 -2.50829e-4 0.5642367 0.08532065 0.5645962 -5.01658e-4 0.5000001 0 0.5321186 0.08563071 0.5322981 -2.50829e-4 0.5000001 0.08606356 0.5319448 0.1701609 0.5321186 0.08563071 0.5000001 0.1721271 0.5317827 0.2512519 0.5319448 0.1701609 0.5000001 0.2581908 0.5316396 0.3225612 0.5317827 0.2512519 0.5317827 0.2512519 0.5632627 0.3178901 0.5635535 0.2484477 0.5635535 0.2484477 0.5948474 0.3223918 0.5953019 0.251008 0.5953019 0.251008 0.6263058 0.3439418 0.6270275 0.2577056 0.5958194 0.1698319 0.6270275 0.2577056 0.627749 0.1714692 0.596354 0.08521538 0.627749 0.1714692 0.6284707 0.08523297 0.6592315 0.6348159 0.6732784 0.5921524 0.65174 0.5771574 0.6592315 0.6348159 0.6923549 0.6976841 0.6829449 0.6451228 0.6829449 0.6451228 0.6955759 0.60817 0.6732784 0.5921524 0.6829449 0.6451228 0.7183364 0.7036404 0.7073757 0.6565751 0.6304128 0.5625001 0.6442292 0.5194683 0.6250001 0.5000001 0.6304128 0.5625001 0.6592315 0.6348159 0.65174 0.5771574 0.6358256 0.6250001 0.6666911 0.6924233 0.6592315 0.6348159 0.6412384 0.6875001 0.6741313 0.75 0.6666911 0.6924233 0.6666911 0.6924233 0.7016113 0.75 0.6923549 0.6976841 0.6923549 0.6976841 0.7290915 0.75 0.7183364 0.7036404 0.7183364 0.7036404 0.7565715 0.75 0.7440828 0.7107319 0.7183364 0.7036404 0.733344 0.6704819 0.7073757 0.6565751 0.7073757 0.6565751 0.7211704 0.627941 0.6955759 0.60817 0.6955759 0.60817 0.7019166 0.5778728 0.6826875 0.5584047 0.6732784 0.5921524 0.6826875 0.5584047 0.6634584 0.5389364 0.65174 0.5771574 0.6634584 0.5389364 0.6442292 0.5194683 0.7891002 0.6859024 0.761465 0.6878251 0.7534868 0.655045 0.8254726 0.7177824 0.7911233 0.7076228 0.7891002 0.6859024 0.7911233 0.7076228 0.7686039 0.7192653 0.761465 0.6878251 0.8214991 0.7285659 0.7928901 0.7289341 0.7911233 0.7076228 0.7444201 0.6209047 0.7211704 0.627941 0.7019166 0.5778728 0.7869234 0.6639365 0.7534868 0.655045 0.7444201 0.6209047 0.8294269 0.7069683 0.7891002 0.6859024 0.7869234 0.6639365 0.8719303 0.7500001 0.8254726 0.7177824 0.8294269 0.7069683 0.8620564 0.7500001 0.8214991 0.7285659 0.8254726 0.7177824 0.8521825 0.7500001 0.8174937 0.7392984 0.8214991 0.7285659 0.8423087 0.7500001 0.813469 0.7500001 0.8174937 0.7392984 0.8174937 0.7392984 0.7945032 0.7500001 0.7928901 0.7289341 0.7928901 0.7289341 0.7755374 0.75 0.7686039 0.7192653 0.7440828 0.7107319 0.7755374 0.75 0.7565715 0.75 0.761465 0.6878251 0.7440828 0.7107319 0.7333441 0.6704819 0.7534868 0.655045 0.7333441 0.6704819 0.7211704 0.627941 0.5942472 0.4202082 0.5630295 0.3735731 0.5945158 0.3761962 0.5939958 0.4607798 0.5628374 0.4194282 0.5942472 0.4202082 0.5628374 0.4194282 0.5315207 0.3763146 0.5630295 0.3735731 0.5626646 0.4606969 0.5314208 0.4202863 0.5628374 0.4194282 0.6259794 0.3829564 0.5948474 0.3223918 0.6263058 0.3439418 0.625653 0.421971 0.5945158 0.3761962 0.6259794 0.3829564 0.6253265 0.4609855 0.5942472 0.4202082 0.625653 0.421971 0.6250001 0.5000001 0.5939958 0.4607798 0.6253265 0.4609855 0.5937501 0.5000001 0.5626646 0.4606969 0.5939958 0.4607798 0.5625001 0.5000001 0.5313326 0.4608189 0.5626646 0.4606969 0.5312501 0.5000001 0.5000001 0.4610636 0.5313326 0.4608189 0.5313326 0.4608189 0.5000001 0.4221272 0.5314208 0.4202863 0.5314208 0.4202863 0.5000001 0.3831908 0.5315207 0.3763146 0.5315207 0.3763146 0.5 0.3442543 0.5316396 0.3225612 0.5630295 0.3735731 0.5316396 0.3225612 0.5632627 0.3178901 0.5945158 0.3761962 0.5632627 0.3178901 0.5948474 0.3223918 0.5312501 0.1028875 0.5625001 0.1469576 0.5312501 0.1468801 0.5625001 0.1051654 0.59375 0.1468801 0.5625001 0.1469576 0.5312501 0.1468801 0.5625001 0.1891838 0.5312501 0.1911971 0.5625001 0.1469576 0.59375 0.1911993 0.5625001 0.1891838 0.5 0.04742962 0.5312501 0.1028875 0.5000001 0.09706962 0.5312501 0.06643944 0.5625001 0.1051654 0.5312501 0.1028875 0.5625001 0.07047188 0.59375 0.1028875 0.5625001 0.1051654 0.59375 0.06643944 0.6250001 0.09706962 0.59375 0.1028875 0.59375 0.1028875 0.6250001 0.1467096 0.59375 0.1468801 0.59375 0.1468801 0.6250001 0.1963496 0.59375 0.1911993 0.59375 0.1911993 0.625 0.2459896 0.59375 0.2290362 0.5625001 0.1891838 0.59375 0.2290362 0.5625001 0.2254273 0.5312501 0.1911971 0.5625001 0.2254273 0.5312501 0.2290151 0.5000001 0.1963496 0.5312501 0.2290151 0.5 0.2459896 0.5000001 0.1467096 0.5312501 0.1911971 0.5000001 0.1963496 0.5000001 0.09706962 0.5312501 0.1468801 0.5000001 0.1467096 0.5625001 0.464762 0.5312501 0.4792808 0.5312501 0.4658452 0.59375 0.4671915 0.5625001 0.4794508 0.5625001 0.464762 0.5625001 0.4794508 0.53125 0.4904666 0.5312501 0.4792808 0.59375 0.4806934 0.5625001 0.4911364 0.5625001 0.4794508 0.5312501 0.4460214 0.5 0.4696316 0.5 0.4595087 0.5625001 0.4436376 0.5312501 0.4658452 0.5312501 0.4460214 0.59375 0.4472602 0.5625001 0.464762 0.5625001 0.4436376 0.625 0.4620893 0.59375 0.4671915 0.59375 0.4472602 0.6250001 0.4723345 0.59375 0.4806934 0.59375 0.4671915 0.6250001 0.4825796 0.59375 0.4919404 0.59375 0.4806934 0.59375 0.4919404 0.6250001 0.5030699 0.5937501 0.5023024 0.5625001 0.4911364 0.5937501 0.5023024 0.5625001 0.501535 0.53125 0.4904666 0.5625001 0.501535 0.5312501 0.5007675 0.5000001 0.4898772 0.5312501 0.5007675 0.5000001 0.5000001 0.5312501 0.4792808 0.5000001 0.4898772 0.5000001 0.4797544 0.5312501 0.4658452 0.5000001 0.4797544 0.5 0.4696316 0.8369061 0.7319076 0.8228318 0.7358638 0.819161 0.7271441 0.8369061 0.7319076 0.8564954 0.7415071 0.8396251 0.7387452 0.8396251 0.7387452 0.8264156 0.7443472 0.8228318 0.7358638 0.8564954 0.7415071 0.842293 0.7453299 0.8396251 0.7387452 0.8154554 0.7180846 0.8014745 0.7220588 0.7967753 0.7111443 0.8341082 0.7245888 0.819161 0.7271441 0.8154554 0.7180846 0.8341082 0.7245888 0.8547214 0.7365844 0.8369061 0.7319076 0.8528103 0.7310455 0.8725995 0.7413203 0.8547214 0.7365844 0.8547214 0.7365844 0.8733997 0.7442135 0.8564954 0.7415071 0.8564954 0.7415071 0.8741999 0.7471067 0.8582365 0.7462384 0.8741999 0.7471067 0.8599679 0.7508997 0.8582365 0.7462384 0.8582365 0.7462384 0.8449357 0.7517994 0.842293 0.7453299 0.842293 0.7453299 0.8299035 0.752699 0.8264156 0.7443472 0.8264156 0.7443472 0.8148712 0.7535985 0.8108046 0.7432948 0.8228318 0.7358638 0.8108046 0.7432948 0.806195 0.7327644 0.819161 0.7271441 0.806195 0.7327644 0.8014745 0.7220588 0.5315118 0.2291076 0.5626114 0.2476987 0.5313266 0.247671 0.5629036 0.2272774 0.5938266 0.247671 0.5626114 0.2476987 0.5626114 0.2476987 0.5312596 0.2663491 0.5313266 0.247671 0.5938266 0.247671 0.562514 0.2682751 0.5626114 0.2476987 0.5 0.219973 0.5315118 0.2291076 0.5000001 0.2337915 0.5318901 0.204577 0.5629036 0.2272774 0.5315118 0.2291076 0.5636131 0.2013295 0.5940675 0.2291107 0.5629036 0.2272774 0.5949467 0.2046074 0.6250001 0.2337915 0.5940675 0.2291107 0.5940675 0.2291107 0.6250001 0.2476101 0.5938266 0.247671 0.6250001 0.2476101 0.5937596 0.2663491 0.5938266 0.247671 0.6250001 0.2614286 0.59375 0.2913591 0.5937596 0.2663491 0.5937596 0.2663491 0.5625001 0.2947768 0.562514 0.2682751 0.562514 0.2682751 0.5312501 0.2913591 0.5312596 0.2663491 0.5312596 0.2663491 0.5 0.275247 0.5 0.2614285 0.5313266 0.247671 0.5 0.2614285 0.5000001 0.24761 0.5000001 0.2337915 0.5313266 0.247671 0.5000001 0.24761 0.5625001 0.4699423 0.5312501 0.4839729 0.5312501 0.4723164 0.59375 0.4723165 0.5625001 0.4832478 0.5625001 0.4699423 0.5625001 0.4832478 0.53125 0.4925845 0.5312501 0.4839729 0.59375 0.4839728 0.5625001 0.4924938 0.5625001 0.4832478 0.5312501 0.4519971 0.5000001 0.4783514 0.5 0.4711352 0.5625001 0.4479376 0.5312501 0.4723164 0.5312501 0.4519971 0.59375 0.4519972 0.5625001 0.4699423 0.5625001 0.4479376 0.625 0.4711352 0.59375 0.4723165 0.59375 0.4519972 0.6250001 0.4783514 0.59375 0.4839728 0.59375 0.4723165 0.6250001 0.4855676 0.59375 0.4925845 0.59375 0.4839728 0.6250001 0.4927839 0.5937501 0.5000001 0.59375 0.4925845 0.59375 0.4925845 0.5625001 0.5000001 0.5625001 0.4924938 0.5625001 0.4924938 0.5312501 0.5000001 0.53125 0.4925845 0.53125 0.4925845 0.5000001 0.5000001 0.5000001 0.4927839 0.5312501 0.4839729 0.5000001 0.4927839 0.5000001 0.4855676 0.5312501 0.4723164 0.5000001 0.4855676 0.5000001 0.4783514 0.7983531 0.7044798 0.7819625 0.7143762 0.7711303 0.6954912 0.7983531 0.7044798 0.8304202 0.7277721 0.8063594 0.7207463 0.8063594 0.7207463 0.7940752 0.7323979 0.7819625 0.7143762 0.8063594 0.7207463 0.8346391 0.7390825 0.8146521 0.735662 0.7610557 0.6752004 0.7442433 0.687625 0.7334463 0.6664658 0.7610557 0.6752004 0.7983531 0.7044798 0.7711303 0.6954912 0.7902482 0.6853038 0.8260981 0.7152592 0.7983531 0.7044798 0.8209566 0.6982817 0.8543071 0.7277618 0.8260981 0.7152592 0.8260981 0.7152592 0.8543957 0.7351745 0.8304202 0.7277721 0.8304202 0.7277721 0.8544843 0.7425873 0.8346391 0.7390825 0.8346391 0.7390825 0.854573 0.7500001 0.8388598 0.7500001 0.8346391 0.7390825 0.8231465 0.7500001 0.8146521 0.735662 0.8146521 0.735662 0.8074334 0.7500001 0.7940752 0.7323979 0.7940752 0.7323979 0.7917201 0.75 0.770665 0.7293134 0.7819625 0.7143762 0.770665 0.7293134 0.7563154 0.7085478 0.7711303 0.6954912 0.7563154 0.7085478 0.7442433 0.687625 0.7327032 0.607901 0.7729358 0.636771 0.7417756 0.6304088 0.76433 0.6115635 0.8063009 0.642942 0.7729358 0.636771 0.7417756 0.6304088 0.7816925 0.6621594 0.7512677 0.6532215 0.7729358 0.636771 0.8140225 0.6726276 0.7816925 0.6621594 0.6966992 0.5830639 0.7327032 0.607901 0.7049244 0.6029654 0.7241498 0.5868395 0.76433 0.6115635 0.7327032 0.607901 0.7560328 0.5889804 0.7985434 0.6133471 0.76433 0.6115635 0.7908951 0.588023 0.8340622 0.61335 0.7985434 0.6133471 0.7985434 0.6133471 0.840781 0.6490163 0.8063009 0.642942 0.8063009 0.642942 0.8474996 0.6846826 0.8140225 0.6726276 0.8140225 0.6726276 0.8542184 0.7203488 0.8209566 0.6982817 0.7816925 0.6621594 0.8209566 0.6982817 0.7902482 0.6853038 0.7512677 0.6532215 0.7902482 0.6853038 0.7610557 0.6752004 0.7233333 0.6450724 0.7610557 0.6752004 0.7334463 0.6664658 0.7138141 0.6237702 0.7512677 0.6532215 0.7233333 0.6450724 0.7049244 0.6029654 0.7417756 0.6304088 0.7138141 0.6237702 0.5370339 0.007145345 0.5728431 0.01661378 0.5364131 0.01622402 0.5740697 0.006681084 0.6093016 0.01563698 0.5728431 0.01661378 0.5364131 0.01622402 0.5715371 0.03037285 0.5357441 0.02818107 0.5728431 0.01661378 0.607423 0.02808904 0.5715371 0.03037285 0.5000001 0 0.5370339 0.007145345 0.5000001 0.007507145 0.5376312 -8.05825e-4 0.5740697 0.006681084 0.5370339 0.007145345 0.5752624 -0.00161159 0.6111093 0.006045997 0.5740697 0.006681084 0.6128935 -0.002417445 0.6481508 0.005308449 0.6111093 0.006045997 0.6111093 0.006045997 0.645777 0.01384019 0.6093016 0.01563698 0.6093016 0.01563698 0.6434031 0.02237194 0.607423 0.02808904 0.607423 0.02808904 0.6410292 0.03090369 0.6052842 0.04863733 0.5715371 0.03037285 0.6052842 0.04863733 0.5700609 0.05233132 0.5357441 0.02818107 0.5700609 0.05233132 0.5349965 0.0483725 0.5000001 0.02252149 0.5349965 0.0483725 0.5 0.03002864 0.5000001 0.01501429 0.5357441 0.02818107 0.5000001 0.02252149 0.5000001 0.007507145 0.5364131 0.01622402 0.5000001 0.01501429 0.6806979 0.6755799 0.6621672 0.6928813 0.655926 0.6639798 0.7042906 0.6858753 0.6879889 0.7011789 0.6806979 0.6755799 0.6879889 0.7011789 0.6687528 0.722475 0.6621672 0.6928813 0.7126815 0.7087601 0.6959673 0.7276943 0.6879889 0.7011789 0.6506809 0.637421 0.6304128 0.6513213 0.625 0.6184284 0.6743631 0.6517318 0.655926 0.6639798 0.6506809 0.637421 0.6969801 0.6642225 0.6806979 0.6755799 0.6743631 0.6517318 0.7185626 0.6754339 0.7042906 0.6858753 0.6969801 0.6642225 0.7263534 0.6949708 0.7126815 0.7087601 0.7042906 0.6858753 0.7352774 0.7153679 0.7223536 0.7325674 0.7126815 0.7087601 0.7460398 0.7365972 0.7331206 0.7569391 0.7223536 0.7325674 0.7223536 0.7325674 0.7042976 0.7546261 0.6959673 0.7276943 0.6959673 0.7276943 0.6754744 0.752313 0.6687528 0.722475 0.6687528 0.722475 0.6466512 0.75 0.6412384 0.7171071 0.6621672 0.6928813 0.6412384 0.7171071 0.6358256 0.6842142 0.655926 0.6639798 0.6358256 0.6842142 0.6304128 0.6513213 0.5625001 0.3430896 0.5312501 0.3781581 0.5312501 0.3412618 0.59375 0.3418167 0.5625001 0.3785141 0.5625001 0.3430896 0.5625001 0.3785141 0.5312501 0.4148764 0.5312501 0.3781581 0.59375 0.3789549 0.5625001 0.4137009 0.5625001 0.3785141 0.5312501 0.3093634 0.5000001 0.3370251 0.5 0.2961972 0.5625001 0.3123045 0.5312501 0.3412618 0.5312501 0.3093634 0.59375 0.3097142 0.5625001 0.3430896 0.5625001 0.3123045 0.625 0.2968041 0.59375 0.3418167 0.59375 0.3097142 0.6250001 0.3381254 0.59375 0.3789549 0.59375 0.3418167 0.6250001 0.3794467 0.59375 0.4159148 0.59375 0.3789549 0.6250001 0.420768 0.59375 0.4472602 0.59375 0.4159148 0.59375 0.4159148 0.5625001 0.4436376 0.5625001 0.4137009 0.5625001 0.4137009 0.5312501 0.4460214 0.5312501 0.4148764 0.5312501 0.4148764 0.5 0.4595087 0.5 0.4186809 0.5312501 0.3781581 0.5 0.4186809 0.5000001 0.377853 0.5312501 0.3412618 0.5000001 0.377853 0.5000001 0.3370251 0.5625001 0.2513611 0.5312501 0.2708421 0.5312501 0.2533648 0.59375 0.2534428 0.5625001 0.2707693 0.5625001 0.2513611 0.5625001 0.2707693 0.5312501 0.2876915 0.5312501 0.2708421 0.59375 0.2709938 0.5625001 0.2893448 0.5625001 0.2707693 0.5 0.2459896 0.5312501 0.2533648 0.5000001 0.2585415 0.5312501 0.2290151 0.5625001 0.2513611 0.5312501 0.2533648 0.5625001 0.2254273 0.59375 0.2534428 0.5625001 0.2513611 0.59375 0.2290362 0.6250001 0.2586932 0.59375 0.2534428 0.6250001 0.2586932 0.59375 0.2709938 0.59375 0.2534428 0.6250001 0.2713969 0.59375 0.2879238 0.59375 0.2709938 0.6250001 0.2841005 0.59375 0.3097142 0.59375 0.2879238 0.59375 0.2879238 0.5625001 0.3123045 0.5625001 0.2893448 0.5625001 0.2893448 0.5312501 0.3093634 0.5312501 0.2876915 0.5312501 0.2876915 0.5 0.2961972 0.5000001 0.2836453 0.5312501 0.2708421 0.5000001 0.2836453 0.5000001 0.2710934 0.5312501 0.2533648 0.5000001 0.2710934 0.5000001 0.2585415 0.6971724 0.5341463 0.7400776 0.55559 0.7073549 0.5507609 0.731752 0.541815 0.7759144 0.5600304 0.7400776 0.55559 0.7073549 0.5507609 0.7480632 0.5707333 0.7160065 0.5680083 0.7400776 0.55559 0.7833587 0.571701 0.7480632 0.5707333 0.6473531 0.5065118 0.6971724 0.5341463 0.6689079 0.5276442 0.6852774 0.5175597 0.731752 0.541815 0.6971724 0.5341463 0.7232015 0.5286075 0.7685118 0.5496324 0.731752 0.541815 0.7990499 0.5507032 0.7685118 0.5496324 0.7611257 0.5396553 0.8061231 0.5574483 0.7759144 0.5600304 0.7685118 0.5496324 0.7759144 0.5600304 0.8202701 0.5709385 0.7833587 0.571701 0.7833587 0.571701 0.8273433 0.5776836 0.7908951 0.588023 0.7480632 0.5707333 0.7908951 0.588023 0.7560328 0.5889804 0.7160065 0.5680083 0.7560328 0.5889804 0.7241498 0.5868395 0.6889147 0.5642846 0.7241498 0.5868395 0.6966992 0.5830639 0.6803082 0.5460948 0.7160065 0.5680083 0.6889147 0.5642846 0.6689079 0.5276442 0.7073549 0.5507609 0.6803082 0.5460948 0.5341585 0.08321559 0.5665733 0.1255418 0.533299 0.1253317 0.5683605 0.08553594 0.5998064 0.1255505 0.5665733 0.1255418 0.533299 0.1253317 0.5649016 0.1661114 0.5325098 0.1678778 0.5665733 0.1255418 0.597069 0.1679902 0.5649016 0.1661114 0.5 0.03002864 0.5341585 0.08321559 0.5000001 0.07751476 0.5349965 0.0483725 0.5683605 0.08553594 0.5341585 0.08321559 0.5700609 0.05233132 0.6026467 0.08352649 0.5683605 0.08553594 0.6052842 0.04863733 0.637022 0.07817107 0.6026467 0.08352649 0.6026467 0.08352649 0.6330147 0.1254384 0.5998064 0.1255505 0.5998064 0.1255505 0.6290075 0.1727057 0.597069 0.1679902 0.597069 0.1679902 0.625 0.219973 0.5949467 0.2046074 0.5649016 0.1661114 0.5949467 0.2046074 0.5636131 0.2013295 0.5325098 0.1678778 0.5636131 0.2013295 0.5318901 0.204577 0.5000001 0.1724869 0.5318901 0.204577 0.5 0.219973 0.5000001 0.1250008 0.5325098 0.1678778 0.5000001 0.1724869 0.5000001 0.07751476 0.533299 0.1253317 0.5000001 0.1250008 0.7656503 0.7101168 0.7550859 0.7208545 0.7466824 0.7030069 0.7837619 0.7164283 0.772878 0.7254208 0.7656503 0.7101168 0.772878 0.7254208 0.76462 0.7391741 0.7550859 0.7208545 0.789695 0.7293319 0.7805258 0.7408811 0.772878 0.7254208 0.7391154 0.685662 0.7263534 0.6949708 0.7185626 0.6754339 0.7588372 0.694997 0.7466824 0.7030069 0.7391154 0.685662 0.7779747 0.7034782 0.7656503 0.7101168 0.7588372 0.694997 0.7967753 0.7111443 0.7837619 0.7164283 0.7779747 0.7034782 0.8014745 0.7220588 0.789695 0.7293319 0.7837619 0.7164283 0.806195 0.7327644 0.7956791 0.7421904 0.789695 0.7293319 0.8108046 0.7432948 0.8016394 0.7550119 0.7956791 0.7421904 0.7956791 0.7421904 0.7884075 0.7564254 0.7805258 0.7408811 0.7805258 0.7408811 0.7751756 0.7578387 0.76462 0.7391741 0.76462 0.7391741 0.7619437 0.7592521 0.7460398 0.7365972 0.7550859 0.7208545 0.7460398 0.7365972 0.7352774 0.7153679 0.7466824 0.7030069 0.7352774 0.7153679 0.7263534 0.6949708 0.6333765 0.5184544 0.6469442 0.5386285 0.6361941 0.5352694 0.6416636 0.5209729 0.6607928 0.5421229 0.6469442 0.5386285 0.6361941 0.5352694 0.651928 0.5561852 0.639092 0.552047 0.6469442 0.5386285 0.6679523 0.5602823 0.651928 0.5561852 0.6250001 0.5000001 0.6333765 0.5184544 0.6259401 0.5159738 0.6305884 0.501628 0.6416636 0.5209729 0.6333765 0.5184544 0.6361766 0.5032559 0.6521288 0.5237057 0.6416636 0.5209729 0.6417649 0.5048839 0.6689079 0.5276442 0.6521288 0.5237057 0.6521288 0.5237057 0.6803082 0.5460948 0.6607928 0.5421229 0.6607928 0.5421229 0.6889147 0.5642846 0.6679523 0.5602823 0.6679523 0.5602823 0.6966992 0.5830639 0.6746465 0.5785713 0.651928 0.5561852 0.6746465 0.5785713 0.6569889 0.5737015 0.639092 0.552047 0.6569889 0.5737015 0.6422241 0.568668 0.6278202 0.547921 0.6422241 0.568668 0.6287602 0.5638946 0.6268802 0.5319474 0.639092 0.552047 0.6278202 0.547921 0.6259401 0.5159738 0.6361941 0.5352694 0.6268802 0.5319474 0.6625355 0.5913096 0.6496734 0.601457 0.6457647 0.5850062 0.6625355 0.5913096 0.6896816 0.6167736 0.6686534 0.6093426 0.6686534 0.6093426 0.6539387 0.6186571 0.6496734 0.601457 0.6896816 0.6167736 0.6753618 0.6282944 0.6686534 0.6093426 0.6287602 0.5638946 0.6457647 0.5850062 0.6302371 0.5786057 0.6422241 0.568668 0.6625355 0.5913096 0.6457647 0.5850062 0.6569889 0.5737015 0.6818247 0.5973516 0.6625355 0.5913096 0.6746465 0.5785713 0.7049244 0.6029654 0.6818247 0.5973516 0.6818247 0.5973516 0.7138141 0.6237702 0.6896816 0.6167736 0.6896816 0.6167736 0.7233333 0.6450724 0.6982248 0.6369487 0.7233333 0.6450724 0.7074697 0.6580426 0.6982248 0.6369487 0.6982248 0.6369487 0.6827365 0.649098 0.6753618 0.6282944 0.6753618 0.6282944 0.6587271 0.6386184 0.6539387 0.6186571 0.6539387 0.6186571 0.6346678 0.6227385 0.6331909 0.6080276 0.6496734 0.601457 0.6331909 0.6080276 0.6317141 0.5933166 0.6302371 0.5786057 0.6496734 0.601457 0.6317141 0.5933166 0.6642611 0.6639462 0.6997176 0.6976038 0.6702736 0.6920343 0.7175018 0.6801521 0.6997176 0.6976038 0.6908521 0.6724434 0.6702736 0.6920343 0.7092658 0.7236181 0.6765367 0.7208887 0.728684 0.7030411 0.7092658 0.7236181 0.6997176 0.6976038 0.6346678 0.6227385 0.6642611 0.6639462 0.6376637 0.6545539 0.6827365 0.649098 0.6642611 0.6639462 0.6587271 0.6386184 0.7074697 0.6580426 0.6908521 0.6724434 0.6827365 0.649098 0.7334463 0.6664658 0.7175018 0.6801521 0.7074697 0.6580426 0.7442433 0.687625 0.728684 0.7030411 0.7175018 0.6801521 0.7563154 0.7085478 0.7413874 0.7264056 0.728684 0.7030411 0.770665 0.7293134 0.7554529 0.7500001 0.7413874 0.7264056 0.7092658 0.7236181 0.7554529 0.7500001 0.7191857 0.7500001 0.6765367 0.7208887 0.7191857 0.7500001 0.6829184 0.75 0.6436554 0.7181847 0.6829184 0.75 0.6466512 0.75 0.6406595 0.6863692 0.6765367 0.7208887 0.6436554 0.7181847 0.6376637 0.6545539 0.6702736 0.6920343 0.6406595 0.6863692 0.5625001 0.3310087 0.5312501 0.372939 0.5312501 0.3291005 0.59375 0.3291006 0.5625001 0.3728244 0.5625001 0.3310087 0.5625001 0.3728244 0.5312501 0.416296 0.5312501 0.372939 0.59375 0.372939 0.5625001 0.4139981 0.5625001 0.3728244 0.5312501 0.2913591 0.5 0.3242191 0.5 0.275247 0.5625001 0.2947768 0.5312501 0.3291005 0.5312501 0.2913591 0.59375 0.2913591 0.5625001 0.3310087 0.5625001 0.2947768 0.625 0.2752471 0.59375 0.3291006 0.59375 0.2913591 0.6250001 0.3242191 0.59375 0.372939 0.59375 0.3291006 0.6250001 0.3731912 0.59375 0.416296 0.59375 0.372939 0.6250001 0.4221633 0.59375 0.4519972 0.59375 0.416296 0.59375 0.416296 0.5625001 0.4479376 0.5625001 0.4139981 0.5625001 0.4139981 0.5312501 0.4519971 0.5312501 0.416296 0.5312501 0.416296 0.5 0.4711352 0.5000001 0.4221632 0.5312501 0.372939 0.5000001 0.4221632 0.5000001 0.3731912 0.5312501 0.3291005 0.5000001 0.3731912 0.5 0.3242191 0.6960073 0.5457664 0.7271717 0.5815739 0.7028028 0.570203 0.7233203 0.5557419 0.7519409 0.5927022 0.7271717 0.5815739 0.7028028 0.570203 0.7312744 0.6058872 0.7085065 0.5932264 0.7271717 0.5815739 0.7544918 0.6181656 0.7312744 0.6058872 0.6563566 0.5117151 0.6960073 0.5457664 0.672492 0.5367258 0.687974 0.5204323 0.7233203 0.5557419 0.6960073 0.5457664 0.7195913 0.5291494 0.7508832 0.565605 0.7233203 0.5557419 0.7512086 0.5378665 0.7753111 0.5743541 0.7508832 0.565605 0.7508832 0.565605 0.7748999 0.6028502 0.7519409 0.5927022 0.7519409 0.5927022 0.7768353 0.6295275 0.7544918 0.6181656 0.7544918 0.6181656 0.7800095 0.6528474 0.7581176 0.6408572 0.7312744 0.6058872 0.7581176 0.6408572 0.7357832 0.6279306 0.7312744 0.6058872 0.7138455 0.6144806 0.7085065 0.5932264 0.7085065 0.5932264 0.693144 0.6009204 0.6875183 0.5807185 0.6810962 0.5593415 0.7085065 0.5932264 0.6875183 0.5807185 0.672492 0.5367258 0.7028028 0.570203 0.6810962 0.5593415 0.6451704 0.5239239 0.6368461 0.5315819 0.634855 0.5183817 0.6567577 0.5297754 0.6494314 0.5404313 0.6451704 0.5239239 0.6494314 0.5404313 0.6387984 0.5450188 0.6368461 0.5315819 0.6636598 0.5495277 0.6533128 0.5569766 0.6494314 0.5404313 0.6328392 0.5052312 0.6250001 0.5129437 0.6250001 0.5030699 0.6406784 0.5073925 0.634855 0.5183817 0.6328392 0.5052312 0.6406784 0.5073925 0.6567577 0.5297754 0.6451704 0.5239239 0.6485175 0.5095539 0.672492 0.5367258 0.6567577 0.5297754 0.6567577 0.5297754 0.6810962 0.5593415 0.6636598 0.5495277 0.6810962 0.5593415 0.6692798 0.5687338 0.6636598 0.5495277 0.6875183 0.5807185 0.6742918 0.5875186 0.6692798 0.5687338 0.6692798 0.5687338 0.6569964 0.5739654 0.6533128 0.5569766 0.6533128 0.5569766 0.6407387 0.5596796 0.6387984 0.5450188 0.6387984 0.5450188 0.625 0.5425652 0.6250001 0.5326914 0.6368461 0.5315819 0.6250001 0.5326914 0.6250001 0.5228176 0.634855 0.5183817 0.6250001 0.5228176 0.6250001 0.5129437 0.7928721 0.5809226 0.8115985 0.6194388 0.7944769 0.6115552 0.8068493 0.586303 0.8276331 0.6272389 0.8115985 0.6194388 0.7944769 0.6115552 0.8165419 0.6498804 0.797349 0.6397534 0.8115985 0.6194388 0.8352426 0.6611561 0.8165419 0.6498804 0.7828258 0.5465836 0.7928721 0.5809226 0.7753111 0.5743541 0.7925462 0.5492636 0.8068493 0.586303 0.7928721 0.5809226 0.8022665 0.5519436 0.8198242 0.591313 0.8068493 0.586303 0.8119868 0.5546236 0.8324614 0.5961892 0.8198242 0.591313 0.8198242 0.591313 0.8432158 0.6350748 0.8276331 0.6272389 0.8276331 0.6272389 0.8539701 0.6739604 0.8352426 0.6611561 0.8352426 0.6611561 0.8647245 0.7128459 0.8416638 0.6889879 0.8165419 0.6498804 0.8416638 0.6889879 0.8211531 0.6751713 0.797349 0.6397534 0.8211531 0.6751713 0.8008748 0.6638386 0.7768353 0.6295275 0.8008748 0.6638386 0.7800095 0.6528474 0.7748999 0.6028502 0.797349 0.6397534 0.7768353 0.6295275 0.7753111 0.5743541 0.7944769 0.6115552 0.7748999 0.6028502 0.5312501 0.02378195 0.5625001 0.03365433 0.5312501 0.03285664 0.5625001 0.02412617 0.59375 0.03285664 0.5625001 0.03365433 0.5312501 0.03285664 0.5625001 0.04764956 0.5312501 0.04528158 0.5625001 0.03365433 0.59375 0.04528158 0.5625001 0.04764956 0.5 0.0147739 0.5312501 0.02378195 0.5000001 0.02293783 0.5312501 0.01682287 0.5625001 0.02412617 0.5312501 0.02378195 0.5625001 0.01725745 0.59375 0.02378195 0.5625001 0.02412617 0.59375 0.01682287 0.6250001 0.02293783 0.59375 0.02378195 0.59375 0.02378195 0.6250001 0.03110176 0.59375 0.03285664 0.59375 0.03285664 0.6250001 0.03926569 0.59375 0.04528158 0.59375 0.04528158 0.625 0.04742962 0.59375 0.06643944 0.5625001 0.04764956 0.59375 0.06643944 0.5625001 0.07047188 0.5312501 0.04528158 0.5625001 0.07047188 0.5312501 0.06643944 0.5000001 0.03926569 0.5312501 0.06643944 0.5 0.04742962 0.5000001 0.03110176 0.5312501 0.04528158 0.5000001 0.03926569 0.5000001 0.02293783 0.5312501 0.03285664 0.5000001 0.03110176 0.53125 0.003714799 0.5625001 0.007635295 0.5312501 0.00755769 0.5625001 0.003724515 0.59375 0.00755769 0.5625001 0.007635295 0.5312501 0.00755769 0.5625001 0.01198071 0.5312501 0.01172655 0.5625001 0.007635295 0.59375 0.01172655 0.5625001 0.01198071 0.5000001 0 0.53125 0.003714799 0.5000001 0.003693461 0.5625001 0 0.53125 0.003714799 0.5312501 0 0.5937501 0 0.5625001 0.003724515 0.5625001 0 0.6250001 0 0.59375 0.003714799 0.5937501 0 0.59375 0.003714799 0.6250001 0.007386922 0.59375 0.00755769 0.59375 0.00755769 0.6250001 0.01108038 0.59375 0.01172655 0.59375 0.01172655 0.625 0.0147739 0.59375 0.01682287 0.5625001 0.01198071 0.59375 0.01682287 0.5625001 0.01725745 0.5312501 0.01172655 0.5625001 0.01725745 0.5312501 0.01682287 0.5000001 0.01108044 0.5312501 0.01682287 0.5 0.0147739 0.5000001 0.007386922 0.5312501 0.01172655 0.5000001 0.01108044 0.5000001 0.003693461 0.5312501 0.00755769 0.5000001 0.007386922 0.740824 0.6472136 0.7255592 0.6516564 0.719481 0.6337934 0.7624074 0.6599773 0.7463812 0.664282 0.740824 0.6472136 0.7463812 0.664282 0.7320982 0.6687266 0.7255592 0.6516564 0.7672071 0.6761413 0.7524027 0.6799416 0.7463812 0.664282 0.7138455 0.6144806 0.6988689 0.6200136 0.693144 0.6009204 0.7357832 0.6279306 0.719481 0.6337934 0.7138455 0.6144806 0.7581176 0.6408572 0.740824 0.6472136 0.7357832 0.6279306 0.7800095 0.6528474 0.7624074 0.6599773 0.7581176 0.6408572 0.7837399 0.6717882 0.7672071 0.6761413 0.7624074 0.6599773 0.7878288 0.6870578 0.7724263 0.6903185 0.7672071 0.6761413 0.7921994 0.6997963 0.7779747 0.7034782 0.7724263 0.6903185 0.7724263 0.6903185 0.7588372 0.694997 0.7524027 0.6799416 0.7524027 0.6799416 0.7391154 0.685662 0.7320982 0.6687266 0.7320982 0.6687266 0.7185626 0.6754339 0.7114818 0.6567347 0.7255592 0.6516564 0.7114818 0.6567347 0.7049494 0.6384398 0.719481 0.6337934 0.7049494 0.6384398 0.6988689 0.6200136 0.6607311 0.5917993 0.6448282 0.5956814 0.6427163 0.5769445 0.6793452 0.6060753 0.664705 0.6105224 0.6607311 0.5917993 0.664705 0.6105224 0.6472635 0.6153531 0.6448282 0.5956814 0.6846979 0.6247565 0.6691289 0.6302487 0.664705 0.6105224 0.6407387 0.5596796 0.6250001 0.5615311 0.625 0.5425652 0.6569964 0.5739654 0.6427163 0.5769445 0.6407387 0.5596796 0.6742918 0.5875186 0.6607311 0.5917993 0.6569964 0.5739654 0.693144 0.6009204 0.6793452 0.6060753 0.6742918 0.5875186 0.6988689 0.6200136 0.6846979 0.6247565 0.6793452 0.6060753 0.7049494 0.6384398 0.6905149 0.6439746 0.6846979 0.6247565 0.7114818 0.6567347 0.6969801 0.6642225 0.6905149 0.6439746 0.6905149 0.6439746 0.6743631 0.6517318 0.6691289 0.6302487 0.6691289 0.6302487 0.6506809 0.637421 0.6472635 0.6153531 0.6472635 0.6153531 0.625 0.6184284 0.6250001 0.5994626 0.6448282 0.5956814 0.6250001 0.5994626 0.6250001 0.5804969 0.6427163 0.5769445 0.6250001 0.5804969 0.6250001 0.5615311 0.8044881 0.6826141 0.8281809 0.706466 0.8081076 0.696994 0.8249503 0.6934804 0.8482211 0.7160035 0.8281809 0.706466 0.8281809 0.706466 0.8117644 0.7083888 0.8081076 0.696994 0.8281809 0.706466 0.8506117 0.7242178 0.8312056 0.7164085 0.7800095 0.6528474 0.8044881 0.6826141 0.7837399 0.6717882 0.8008748 0.6638386 0.8249503 0.6934804 0.8044881 0.6826141 0.8211531 0.6751713 0.8455545 0.705577 0.8249503 0.6934804 0.8416638 0.6889879 0.8664932 0.7192413 0.8455545 0.705577 0.8455545 0.705577 0.8682619 0.7256365 0.8482211 0.7160035 0.8482211 0.7160035 0.8700307 0.7320317 0.8506117 0.7242178 0.8506117 0.7242178 0.8717992 0.7384268 0.8528103 0.7310455 0.8312056 0.7164085 0.8528103 0.7310455 0.8341082 0.7245888 0.8312056 0.7164085 0.8154554 0.7180846 0.8117644 0.7083888 0.8117644 0.7083888 0.7967753 0.7111443 0.7921994 0.6997963 0.8081076 0.696994 0.7921994 0.6997963 0.7878288 0.6870578 0.8044881 0.6826141 0.7878288 0.6870578 0.7837399 0.6717882 0.5958194 0.1698319 0.5642367 0.08532065 0.596354 0.08521538 0.5953019 0.251008 0.5638856 0.1691774 0.5958194 0.1698319 0.5638856 0.1691774 0.5321186 0.08563071 0.5642367 0.08532065 0.5635535 0.2484477 0.5319449 0.1701608 0.5638856 0.1691774 0.6284707 0.08523297 0.5968942 -7.52487e-4 0.6291923 -0.001003265 0.627749 0.1714692 0.596354 0.08521538 0.6284707 0.08523297 0.6270275 0.2577056 0.5958194 0.1698319 0.627749 0.1714692 0.6263058 0.3439418 0.5953019 0.251008 0.6270275 0.2577056 0.5948474 0.3223918 0.5635535 0.2484477 0.5953019 0.251008 0.5632627 0.3178901 0.5317827 0.2512519 0.5635535 0.2484477 0.5316396 0.3225612 0.5000001 0.2581908 0.5317827 0.2512519 0.5317827 0.2512519 0.5000001 0.1721271 0.5319449 0.1701608 0.5319449 0.1701608 0.5000001 0.08606356 0.5321186 0.08563071 0.5321186 0.08563071 0.5000001 0 0.5322981 -2.50829e-4 0.5642367 0.08532065 0.5322981 -2.50829e-4 0.5645962 -5.01658e-4 0.596354 0.08521538 0.5645962 -5.01658e-4 0.5968942 -7.52487e-4 0.6732784 0.5921523 0.6592315 0.6348159 0.65174 0.5771574 0.695576 0.60817 0.6829449 0.6451228 0.6732784 0.5921523 0.6592315 0.6348159 0.6923549 0.6976841 0.666691 0.6924233 0.6829449 0.6451228 0.7183363 0.7036405 0.6923549 0.6976841 0.6442292 0.5194683 0.6304128 0.5625001 0.6250001 0.5000001 0.6634584 0.5389364 0.65174 0.5771574 0.6442292 0.5194683 0.6826875 0.5584047 0.6732784 0.5921523 0.6634584 0.5389364 0.7019166 0.5778728 0.695576 0.60817 0.6826875 0.5584047 0.7211704 0.627941 0.7073758 0.6565751 0.695576 0.60817 0.7333441 0.6704819 0.7183363 0.7036405 0.7073758 0.6565751 0.7183363 0.7036405 0.7565715 0.75 0.7290915 0.75 0.6923549 0.6976841 0.7290915 0.75 0.7016113 0.75 0.666691 0.6924233 0.7016113 0.75 0.6741313 0.75 0.6412384 0.6875001 0.6741313 0.75 0.6466512 0.75 0.6358256 0.6250001 0.666691 0.6924233 0.6412384 0.6875001 0.6304128 0.5625001 0.6592315 0.6348159 0.6358256 0.6250001 0.2753203 0.629251 0.2821256 0.6348125 0.2855883 0.7154852 0.2790138 0.7111373 0.2855883 0.7154852 0.2948321 0.781029 0.2747927 0.5402199 0.281631 0.5460026 0.2821256 0.6348125 0.281631 0.5460026 0.3021457 0.5507941 0.3025361 0.6394004 0.2821256 0.6348125 0.3025361 0.6394004 0.3052693 0.7189272 0.2855883 0.7154852 0.3052693 0.7189272 0.3120108 0.78123 0.2948321 0.781029 0.3120108 0.78123 0.320381 0.8180729 0.2890179 0.7795 0.2948321 0.781029 0.3124012 0.8282459 0.3386374 0.8616618 0.3404956 0.8566318 0.375087 0.8663811 0.375087 0.8663811 0.4096784 0.8566318 0.4115366 0.8616618 0.308393 0.8305616 0.3124012 0.8282459 0.3404956 0.8566318 0.3124012 0.8282459 0.320381 0.8180729 0.3426299 0.8322406 0.3404956 0.8566318 0.3426299 0.8322406 0.375087 0.8393504 0.375087 0.8393504 0.407544 0.8322406 0.4096784 0.8566318 0.407544 0.8322406 0.4297931 0.8180729 0.4377727 0.8282459 0.4096784 0.8566318 0.4377727 0.8282459 0.4417811 0.8305616 0.4748538 0.4510911 0.4680485 0.4568964 0.4645858 0.3753239 0.4711602 0.3690258 0.4645858 0.3753239 0.4553419 0.3084347 0.4753814 0.5402199 0.4685431 0.5460026 0.4680485 0.4568964 0.4685431 0.5460026 0.4480283 0.5507941 0.4476379 0.4617282 0.4680485 0.4568964 0.4476379 0.4617282 0.4449047 0.380716 0.4645858 0.3753239 0.4449047 0.380716 0.4381632 0.3159227 0.4553419 0.3084347 0.4381632 0.3159227 0.4297931 0.2764893 0.4611561 0.3005301 0.4553419 0.3084347 0.4377727 0.2603294 0.4115366 0.2183223 0.4096784 0.2323699 0.375087 0.2230415 0.375087 0.2230415 0.3404956 0.2323699 0.3386374 0.2183223 0.4417811 0.2494178 0.4377727 0.2603294 0.4096784 0.2323699 0.4377727 0.2603294 0.4297931 0.2764893 0.407544 0.2643242 0.4096784 0.2323699 0.407544 0.2643242 0.375087 0.2582067 0.375087 0.2582067 0.3426299 0.2643242 0.3404956 0.2323699 0.3426299 0.2643242 0.320381 0.2764893 0.3124012 0.2603294 0.3404956 0.2323699 0.3124012 0.2603294 0.308393 0.2494178 0.4147618 0.4645296 0.375087 0.465382 0.375087 0.3824149 0.3354123 0.4645296 0.3369174 0.3824797 0.375087 0.3824149 0.375087 0.3824149 0.375087 0.3121659 0.4098934 0.3145867 0.375087 0.3824149 0.3369174 0.3824797 0.3402805 0.3145867 0.4480283 0.5507941 0.4149768 0.5537681 0.4147618 0.4645296 0.4149768 0.5537681 0.375087 0.5547595 0.375087 0.465382 0.3351973 0.5537681 0.3354123 0.4645296 0.375087 0.465382 0.3021457 0.5507941 0.3025361 0.4617282 0.3354123 0.4645296 0.3025361 0.4617282 0.3052693 0.380716 0.3369174 0.3824797 0.3052693 0.380716 0.3120108 0.3159227 0.3402805 0.3145867 0.3402805 0.3145867 0.3120108 0.3159227 0.320381 0.2764893 0.375087 0.3121659 0.3402805 0.3145867 0.3426299 0.2643242 0.375087 0.3121659 0.375087 0.2582067 0.407544 0.2643242 0.4098934 0.3145867 0.407544 0.2643242 0.4297931 0.2764893 0.4449047 0.380716 0.4132567 0.3824797 0.4098934 0.3145867 0.4476379 0.4617282 0.4147618 0.4645296 0.4132567 0.3824797 0.4098934 0.7871808 0.375087 0.7911357 0.375087 0.7245264 0.3402805 0.7871808 0.3369174 0.7226411 0.375087 0.7245264 0.375087 0.7245264 0.375087 0.6435418 0.4147618 0.6424456 0.375087 0.7245264 0.3369174 0.7226411 0.3354123 0.6424456 0.4297931 0.8180729 0.407544 0.8322406 0.4098934 0.7871808 0.407544 0.8322406 0.375087 0.8393504 0.375087 0.7911357 0.3426299 0.8322406 0.3402805 0.7871808 0.375087 0.7911357 0.320381 0.8180729 0.3120108 0.78123 0.3402805 0.7871808 0.3402805 0.7871808 0.3120108 0.78123 0.3052693 0.7189272 0.3369174 0.7226411 0.3052693 0.7189272 0.3025361 0.6394004 0.3354123 0.6424456 0.3025361 0.6394004 0.3021457 0.5507941 0.375087 0.6435418 0.3354123 0.6424456 0.3351973 0.5537681 0.375087 0.6435418 0.375087 0.5547595 0.4149768 0.5537681 0.4147618 0.6424456 0.4149768 0.5537681 0.4480283 0.5507941 0.4132567 0.7226411 0.4147618 0.6424456 0.4476379 0.6394004 0.4098934 0.7871808 0.4132567 0.7226411 0.4449047 0.7189272 0.4553419 0.781029 0.4645858 0.7154852 0.4711602 0.7111373 0.4645858 0.7154852 0.4680485 0.6348125 0.4748538 0.629251 0.4377727 0.8282459 0.4553419 0.781029 0.4611561 0.7795 0.4297931 0.8180729 0.4381632 0.7812301 0.4553419 0.781029 0.4381632 0.7812301 0.4449047 0.7189272 0.4645858 0.7154852 0.4449047 0.7189272 0.4476379 0.6394004 0.4680485 0.6348125 0.4476379 0.6394004 0.4480283 0.5507941 0.4685431 0.5460026 0.4680485 0.6348125 0.4685431 0.5460026 0.4753814 0.5402199 0.2948321 0.3084346 0.2855883 0.3753239 0.2790138 0.3690258 0.2855883 0.3753239 0.2821256 0.4568964 0.2753203 0.4510911 0.3124012 0.2603294 0.2948321 0.3084346 0.2890179 0.3005301 0.320381 0.2764893 0.3120108 0.3159227 0.2948321 0.3084346 0.3120108 0.3159227 0.3052693 0.380716 0.2855883 0.3753239 0.3052693 0.380716 0.3025361 0.4617282 0.2821256 0.4568964 0.3025361 0.4617282 0.3021457 0.5507941 0.281631 0.5460026 0.2821256 0.4568964 0.281631 0.5460026 0.2747927 0.5402199 0.4748538 0.629251 0.4711602 0.7111373 0.4645858 0.7154852 0.4711602 0.7111373 0.4611561 0.7795 0.455342 0.781029 0.4753813 0.5402199 0.4748538 0.629251 0.4680485 0.6348125 0.4685431 0.5460026 0.4680485 0.6348125 0.4476379 0.6394004 0.4680485 0.6348125 0.4645858 0.7154852 0.4449048 0.7189272 0.4645858 0.7154852 0.455342 0.781029 0.4381632 0.78123 0.455342 0.781029 0.4377728 0.8282459 0.429793 0.8180729 0.4611561 0.7795 0.441781 0.8305616 0.4377728 0.8282459 0.4115366 0.8616618 0.375087 0.8720834 0.375087 0.8663811 0.3386374 0.8616618 0.3404957 0.8566318 0.375087 0.8663811 0.441781 0.8305616 0.4115366 0.8616618 0.4096785 0.8566318 0.4377728 0.8282459 0.4096785 0.8566318 0.4075441 0.8322406 0.4096785 0.8566318 0.375087 0.8663811 0.375087 0.8393504 0.3404957 0.8566318 0.34263 0.8322406 0.375087 0.8393504 0.3124013 0.8282459 0.320381 0.8180729 0.34263 0.8322406 0.308393 0.8305616 0.3124013 0.8282459 0.3404957 0.8566318 0.2753202 0.4510911 0.2790138 0.3690258 0.2855882 0.3753239 0.2790138 0.3690258 0.2890179 0.3005301 0.2948321 0.3084347 0.2747927 0.5402199 0.2753202 0.4510911 0.2821255 0.4568964 0.2816309 0.5460026 0.2821255 0.4568964 0.3025361 0.4617282 0.2821255 0.4568964 0.2855882 0.3753239 0.3052694 0.380716 0.2855882 0.3753239 0.2948321 0.3084347 0.3120108 0.3159227 0.2948321 0.3084347 0.3124013 0.2603294 0.320381 0.2764893 0.2890179 0.3005301 0.308393 0.2494178 0.3124013 0.2603294 0.3386374 0.2183223 0.375087 0.2079192 0.375087 0.2230415 0.4115366 0.2183223 0.4096785 0.2323699 0.375087 0.2230415 0.308393 0.2494178 0.3386374 0.2183223 0.3404957 0.2323699 0.3124013 0.2603294 0.3404957 0.2323699 0.34263 0.2643242 0.3404957 0.2323699 0.375087 0.2230415 0.375087 0.2582067 0.4096785 0.2323699 0.4075441 0.2643242 0.375087 0.2582067 0.4377728 0.2603294 0.429793 0.2764893 0.4075441 0.2643242 0.4417811 0.2494178 0.4377728 0.2603294 0.4096785 0.2323699 0.3354123 0.4645296 0.3369174 0.3824797 0.375087 0.3824149 0.375087 0.3824149 0.4132567 0.3824797 0.4147618 0.4645296 0.3402807 0.3145867 0.375087 0.3121659 0.375087 0.3824149 0.375087 0.3824149 0.375087 0.3121659 0.4098935 0.3145867 0.3021457 0.5507941 0.3025361 0.4617282 0.3354123 0.4645296 0.3351972 0.5537681 0.3354123 0.4645296 0.375087 0.465382 0.375087 0.465382 0.4147618 0.4645296 0.4149768 0.5537681 0.4147618 0.4645296 0.4476379 0.4617282 0.4480284 0.5507941 0.4132567 0.3824797 0.4449048 0.380716 0.4476379 0.4617282 0.4098935 0.3145867 0.4381632 0.3159227 0.4449048 0.380716 0.4098935 0.3145867 0.4075441 0.2643242 0.429793 0.2764893 0.375087 0.3121659 0.375087 0.2582067 0.4075441 0.2643242 0.34263 0.2643242 0.375087 0.2582067 0.375087 0.3121659 0.320381 0.2764893 0.34263 0.2643242 0.3402807 0.3145867 0.3052694 0.380716 0.3120108 0.3159227 0.3402807 0.3145867 0.3025361 0.4617282 0.3052694 0.380716 0.3369174 0.3824797 0.3402807 0.7871808 0.3369174 0.7226411 0.375087 0.7245264 0.375087 0.7245264 0.4132567 0.7226411 0.4098935 0.7871808 0.3354122 0.6424456 0.375087 0.6435418 0.375087 0.7245264 0.375087 0.7245264 0.375087 0.6435418 0.4147618 0.6424456 0.320381 0.8180729 0.3120108 0.7812301 0.3402807 0.7871808 0.34263 0.8322406 0.3402807 0.7871808 0.375087 0.7911357 0.375087 0.7911357 0.4098935 0.7871808 0.4075441 0.8322406 0.4098935 0.7871808 0.4381632 0.78123 0.429793 0.8180729 0.4098935 0.7871808 0.4132567 0.7226411 0.4449048 0.7189272 0.4132567 0.7226411 0.4147618 0.6424456 0.4476379 0.6394004 0.4147618 0.6424456 0.4149768 0.5537681 0.4480284 0.5507941 0.375087 0.6435418 0.375087 0.5547595 0.4149768 0.5537681 0.3351972 0.5537681 0.375087 0.5547595 0.375087 0.6435418 0.3021457 0.5507941 0.3351972 0.5537681 0.3354122 0.6424456 0.3025361 0.6394004 0.3354122 0.6424456 0.3369174 0.7226411 0.3052694 0.7189272 0.3369174 0.7226411 0.3402807 0.7871808 0.2790138 0.7111373 0.2855882 0.7154852 0.2948321 0.781029 0.2753202 0.629251 0.2821255 0.6348125 0.2855882 0.7154852 0.2890179 0.7795 0.2948321 0.781029 0.3124013 0.8282459 0.2948321 0.781029 0.3120108 0.7812301 0.320381 0.8180729 0.2855882 0.7154852 0.3052694 0.7189272 0.3120108 0.7812301 0.2821255 0.6348125 0.3025361 0.6394004 0.3052694 0.7189272 0.2816309 0.5460026 0.3021457 0.5507941 0.3025361 0.6394004 0.2747927 0.5402199 0.2816309 0.5460026 0.2821255 0.6348125 0.4711602 0.3690258 0.4645858 0.3753239 0.455342 0.3084346 0.4748538 0.4510911 0.4680485 0.4568964 0.4645858 0.3753239 0.4611561 0.3005301 0.455342 0.3084346 0.4377728 0.2603294 0.455342 0.3084346 0.4381632 0.3159227 0.429793 0.2764893 0.4645858 0.3753239 0.4449048 0.380716 0.4381632 0.3159227 0.4680485 0.4568964 0.4476379 0.4617282 0.4449048 0.380716 0.4685431 0.5460026 0.4480284 0.5507941 0.4476379 0.4617282 0.4753813 0.5402199 0.4685431 0.5460026 0.4680485 0.4568964 0.7891002 0.6859024 0.7911233 0.7076228 0.761465 0.6878251 0.8254726 0.7177824 0.8214991 0.7285659 0.7911233 0.7076228 0.7911233 0.7076228 0.7928901 0.7289341 0.7686039 0.7192653 0.8214991 0.7285659 0.8174937 0.7392984 0.7928901 0.7289341 0.7444201 0.6209047 0.7534868 0.655045 0.7211704 0.627941 0.7869234 0.6639365 0.7891002 0.6859024 0.7534868 0.655045 0.8294269 0.7069683 0.8254726 0.7177824 0.7891002 0.6859024 0.8719303 0.7500001 0.8620564 0.7500001 0.8254726 0.7177824 0.8620564 0.7500001 0.8521825 0.7500001 0.8214991 0.7285659 0.8521825 0.7500001 0.8423087 0.7500001 0.8174937 0.7392984 0.8423087 0.7500001 0.8324348 0.7500001 0.813469 0.7500001 0.8174937 0.7392984 0.813469 0.7500001 0.7945032 0.7500001 0.7928901 0.7289341 0.7945032 0.7500001 0.7755374 0.75 0.7440828 0.7107319 0.7686039 0.7192653 0.7755374 0.75 0.761465 0.6878251 0.7686039 0.7192653 0.7440828 0.7107319 0.7534868 0.655045 0.761465 0.6878251 0.7333441 0.6704819 0.5942472 0.4202082 0.5628374 0.4194282 0.5630295 0.3735731 0.5939958 0.4607798 0.5626646 0.4606969 0.5628374 0.4194282 0.5628374 0.4194282 0.5314208 0.4202863 0.5315207 0.3763146 0.5626646 0.4606969 0.5313326 0.4608189 0.5314208 0.4202863 0.6259794 0.3829564 0.5945158 0.3761962 0.5948474 0.3223918 0.625653 0.421971 0.5942472 0.4202082 0.5945158 0.3761962 0.6253265 0.4609855 0.5939958 0.4607798 0.5942472 0.4202082 0.6250001 0.5000001 0.5937501 0.5000001 0.5939958 0.4607798 0.5937501 0.5000001 0.5625001 0.5000001 0.5626646 0.4606969 0.5625001 0.5000001 0.5312501 0.5000001 0.5313326 0.4608189 0.5312501 0.5000001 0.5000001 0.5000001 0.5000001 0.4610636 0.5313326 0.4608189 0.5000001 0.4610636 0.5000001 0.4221272 0.5314208 0.4202863 0.5000001 0.4221272 0.5000001 0.3831908 0.5315207 0.3763146 0.5000001 0.3831908 0.5 0.3442543 0.5630295 0.3735731 0.5315207 0.3763146 0.5316396 0.3225612 0.5945158 0.3761962 0.5630295 0.3735731 0.5632627 0.3178901 0.5312501 0.1028875 0.5625001 0.1051654 0.5625001 0.1469576 0.5625001 0.1051654 0.59375 0.1028875 0.59375 0.1468801 0.5312501 0.1468801 0.5625001 0.1469576 0.5625001 0.1891838 0.5625001 0.1469576 0.59375 0.1468801 0.59375 0.1911993 0.5 0.04742962 0.5312501 0.06643944 0.5312501 0.1028875 0.5312501 0.06643944 0.5625001 0.07047188 0.5625001 0.1051654 0.5625001 0.07047188 0.59375 0.06643944 0.59375 0.1028875 0.59375 0.06643944 0.625 0.04742962 0.6250001 0.09706962 0.59375 0.1028875 0.6250001 0.09706962 0.6250001 0.1467096 0.59375 0.1468801 0.6250001 0.1467096 0.6250001 0.1963496 0.59375 0.1911993 0.6250001 0.1963496 0.625 0.2459896 0.5625001 0.1891838 0.59375 0.1911993 0.59375 0.2290362 0.5312501 0.1911971 0.5625001 0.1891838 0.5625001 0.2254273 0.5000001 0.1963496 0.5312501 0.1911971 0.5312501 0.2290151 0.5000001 0.1467096 0.5312501 0.1468801 0.5312501 0.1911971 0.5000001 0.09706962 0.5312501 0.1028875 0.5312501 0.1468801 0.5625001 0.464762 0.5625001 0.4794508 0.5312501 0.4792808 0.59375 0.4671915 0.59375 0.4806934 0.5625001 0.4794508 0.5625001 0.4794508 0.5625001 0.4911364 0.53125 0.4904666 0.59375 0.4806934 0.59375 0.4919404 0.5625001 0.4911364 0.5312501 0.4460214 0.5312501 0.4658452 0.5 0.4696316 0.5625001 0.4436376 0.5625001 0.464762 0.5312501 0.4658452 0.59375 0.4472602 0.59375 0.4671915 0.5625001 0.464762 0.625 0.4620893 0.6250001 0.4723345 0.59375 0.4671915 0.6250001 0.4723345 0.6250001 0.4825796 0.59375 0.4806934 0.6250001 0.4825796 0.6250001 0.4928247 0.59375 0.4919404 0.59375 0.4919404 0.6250001 0.4928247 0.6250001 0.5030699 0.5625001 0.4911364 0.59375 0.4919404 0.5937501 0.5023024 0.53125 0.4904666 0.5625001 0.4911364 0.5625001 0.501535 0.5000001 0.4898772 0.53125 0.4904666 0.5312501 0.5007675 0.5312501 0.4792808 0.53125 0.4904666 0.5000001 0.4898772 0.5312501 0.4658452 0.5312501 0.4792808 0.5000001 0.4797544 0.8369061 0.7319076 0.8396251 0.7387452 0.8228318 0.7358638 0.8369061 0.7319076 0.8547214 0.7365844 0.8564954 0.7415071 0.8396251 0.7387452 0.842293 0.7453299 0.8264156 0.7443472 0.8564954 0.7415071 0.8582365 0.7462384 0.842293 0.7453299 0.8154554 0.7180846 0.819161 0.7271441 0.8014745 0.7220588 0.8341082 0.7245888 0.8369061 0.7319076 0.819161 0.7271441 0.8341082 0.7245888 0.8528103 0.7310455 0.8547214 0.7365844 0.8528103 0.7310455 0.8717992 0.7384268 0.8725995 0.7413203 0.8547214 0.7365844 0.8725995 0.7413203 0.8733997 0.7442135 0.8564954 0.7415071 0.8733997 0.7442135 0.8741999 0.7471067 0.8741999 0.7471067 0.8750001 0.7500001 0.8599679 0.7508997 0.8582365 0.7462384 0.8599679 0.7508997 0.8449357 0.7517994 0.842293 0.7453299 0.8449357 0.7517994 0.8299035 0.752699 0.8264156 0.7443472 0.8299035 0.752699 0.8148712 0.7535985 0.8228318 0.7358638 0.8264156 0.7443472 0.8108046 0.7432948 0.819161 0.7271441 0.8228318 0.7358638 0.806195 0.7327644 0.5315118 0.2291076 0.5629036 0.2272774 0.5626114 0.2476987 0.5629036 0.2272774 0.5940675 0.2291107 0.5938266 0.247671 0.5626114 0.2476987 0.562514 0.2682751 0.5312596 0.2663491 0.5938266 0.247671 0.5937596 0.2663491 0.562514 0.2682751 0.5 0.219973 0.5318901 0.204577 0.5315118 0.2291076 0.5318901 0.204577 0.5636131 0.2013295 0.5629036 0.2272774 0.5636131 0.2013295 0.5949467 0.2046074 0.5940675 0.2291107 0.5949467 0.2046074 0.625 0.219973 0.6250001 0.2337915 0.5940675 0.2291107 0.6250001 0.2337915 0.6250001 0.2476101 0.6250001 0.2476101 0.6250001 0.2614286 0.5937596 0.2663491 0.6250001 0.2614286 0.625 0.2752471 0.59375 0.2913591 0.5937596 0.2663491 0.59375 0.2913591 0.5625001 0.2947768 0.562514 0.2682751 0.5625001 0.2947768 0.5312501 0.2913591 0.5312596 0.2663491 0.5312501 0.2913591 0.5 0.275247 0.5313266 0.247671 0.5312596 0.2663491 0.5 0.2614285 0.5000001 0.2337915 0.5315118 0.2291076 0.5313266 0.247671 0.5625001 0.4699423 0.5625001 0.4832478 0.5312501 0.4839729 0.59375 0.4723165 0.59375 0.4839728 0.5625001 0.4832478 0.5625001 0.4832478 0.5625001 0.4924938 0.53125 0.4925845 0.59375 0.4839728 0.59375 0.4925845 0.5625001 0.4924938 0.5312501 0.4519971 0.5312501 0.4723164 0.5000001 0.4783514 0.5625001 0.4479376 0.5625001 0.4699423 0.5312501 0.4723164 0.59375 0.4519972 0.59375 0.4723165 0.5625001 0.4699423 0.625 0.4711352 0.6250001 0.4783514 0.59375 0.4723165 0.6250001 0.4783514 0.6250001 0.4855676 0.59375 0.4839728 0.6250001 0.4855676 0.6250001 0.4927839 0.59375 0.4925845 0.6250001 0.4927839 0.6250001 0.5000001 0.5937501 0.5000001 0.59375 0.4925845 0.5937501 0.5000001 0.5625001 0.5000001 0.5625001 0.4924938 0.5625001 0.5000001 0.5312501 0.5000001 0.53125 0.4925845 0.5312501 0.5000001 0.5000001 0.5000001 0.5312501 0.4839729 0.53125 0.4925845 0.5000001 0.4927839 0.5312501 0.4723164 0.5312501 0.4839729 0.5000001 0.4855676 0.7983531 0.7044798 0.8063594 0.7207463 0.7819625 0.7143762 0.7983531 0.7044798 0.8260981 0.7152592 0.8304202 0.7277721 0.8063594 0.7207463 0.8146521 0.735662 0.7940752 0.7323979 0.8063594 0.7207463 0.8304202 0.7277721 0.8346391 0.7390825 0.7610557 0.6752004 0.7711303 0.6954912 0.7442433 0.687625 0.7610557 0.6752004 0.7902482 0.6853038 0.7983531 0.7044798 0.7902482 0.6853038 0.8209566 0.6982817 0.8260981 0.7152592 0.8209566 0.6982817 0.8542184 0.7203488 0.8543071 0.7277618 0.8260981 0.7152592 0.8543071 0.7277618 0.8543957 0.7351745 0.8304202 0.7277721 0.8543957 0.7351745 0.8544843 0.7425873 0.8346391 0.7390825 0.8544843 0.7425873 0.854573 0.7500001 0.8346391 0.7390825 0.8388598 0.7500001 0.8231465 0.7500001 0.8146521 0.735662 0.8231465 0.7500001 0.8074334 0.7500001 0.7940752 0.7323979 0.8074334 0.7500001 0.7917201 0.75 0.7819625 0.7143762 0.7940752 0.7323979 0.770665 0.7293134 0.7711303 0.6954912 0.7819625 0.7143762 0.7563154 0.7085478 0.7327032 0.607901 0.76433 0.6115635 0.7729358 0.636771 0.76433 0.6115635 0.7985434 0.6133471 0.8063009 0.642942 0.7417756 0.6304088 0.7729358 0.636771 0.7816925 0.6621594 0.7729358 0.636771 0.8063009 0.642942 0.8140225 0.6726276 0.6966992 0.5830639 0.7241498 0.5868395 0.7327032 0.607901 0.7241498 0.5868395 0.7560328 0.5889804 0.76433 0.6115635 0.7560328 0.5889804 0.7908951 0.588023 0.7985434 0.6133471 0.7908951 0.588023 0.8273433 0.5776836 0.8340622 0.61335 0.7985434 0.6133471 0.8340622 0.61335 0.840781 0.6490163 0.8063009 0.642942 0.840781 0.6490163 0.8474996 0.6846826 0.8140225 0.6726276 0.8474996 0.6846826 0.8542184 0.7203488 0.7816925 0.6621594 0.8140225 0.6726276 0.8209566 0.6982817 0.7512677 0.6532215 0.7816925 0.6621594 0.7902482 0.6853038 0.7233333 0.6450724 0.7512677 0.6532215 0.7610557 0.6752004 0.7138141 0.6237702 0.7417756 0.6304088 0.7512677 0.6532215 0.7049244 0.6029654 0.7327032 0.607901 0.7417756 0.6304088 0.5370339 0.007145345 0.5740697 0.006681084 0.5728431 0.01661378 0.5740697 0.006681084 0.6111093 0.006045997 0.6093016 0.01563698 0.5364131 0.01622402 0.5728431 0.01661378 0.5715371 0.03037285 0.5728431 0.01661378 0.6093016 0.01563698 0.607423 0.02808904 0.5000001 0 0.5376312 -8.05825e-4 0.5370339 0.007145345 0.5376312 -8.05825e-4 0.5752624 -0.00161159 0.5740697 0.006681084 0.5752624 -0.00161159 0.6128935 -0.002417445 0.6111093 0.006045997 0.6128935 -0.002417445 0.6505247 -0.00322324 0.6481508 0.005308449 0.6111093 0.006045997 0.6481508 0.005308449 0.645777 0.01384019 0.6093016 0.01563698 0.645777 0.01384019 0.6434031 0.02237194 0.607423 0.02808904 0.6434031 0.02237194 0.6410292 0.03090369 0.5715371 0.03037285 0.607423 0.02808904 0.6052842 0.04863733 0.5357441 0.02818107 0.5715371 0.03037285 0.5700609 0.05233132 0.5000001 0.02252149 0.5357441 0.02818107 0.5349965 0.0483725 0.5000001 0.01501429 0.5364131 0.01622402 0.5357441 0.02818107 0.5000001 0.007507145 0.5370339 0.007145345 0.5364131 0.01622402 0.6806979 0.6755799 0.6879889 0.7011789 0.6621672 0.6928813 0.7042906 0.6858753 0.7126815 0.7087601 0.6879889 0.7011789 0.6879889 0.7011789 0.6959673 0.7276943 0.6687528 0.722475 0.7126815 0.7087601 0.7223536 0.7325674 0.6959673 0.7276943 0.6506809 0.637421 0.655926 0.6639798 0.6304128 0.6513213 0.6743631 0.6517318 0.6806979 0.6755799 0.655926 0.6639798 0.6969801 0.6642225 0.7042906 0.6858753 0.6806979 0.6755799 0.7185626 0.6754339 0.7263534 0.6949708 0.7042906 0.6858753 0.7263534 0.6949708 0.7352774 0.7153679 0.7126815 0.7087601 0.7352774 0.7153679 0.7460398 0.7365972 0.7223536 0.7325674 0.7460398 0.7365972 0.7619437 0.7592521 0.7331206 0.7569391 0.7223536 0.7325674 0.7331206 0.7569391 0.7042976 0.7546261 0.6959673 0.7276943 0.7042976 0.7546261 0.6754744 0.752313 0.6687528 0.722475 0.6754744 0.752313 0.6466512 0.75 0.6621672 0.6928813 0.6687528 0.722475 0.6412384 0.7171071 0.655926 0.6639798 0.6621672 0.6928813 0.6358256 0.6842142 0.5625001 0.3430896 0.5625001 0.3785141 0.5312501 0.3781581 0.59375 0.3418167 0.59375 0.3789549 0.5625001 0.3785141 0.5625001 0.3785141 0.5625001 0.4137009 0.5312501 0.4148764 0.59375 0.3789549 0.59375 0.4159148 0.5625001 0.4137009 0.5312501 0.3093634 0.5312501 0.3412618 0.5000001 0.3370251 0.5625001 0.3123045 0.5625001 0.3430896 0.5312501 0.3412618 0.59375 0.3097142 0.59375 0.3418167 0.5625001 0.3430896 0.625 0.2968041 0.6250001 0.3381254 0.59375 0.3418167 0.6250001 0.3381254 0.6250001 0.3794467 0.59375 0.3789549 0.6250001 0.3794467 0.6250001 0.420768 0.59375 0.4159148 0.6250001 0.420768 0.625 0.4620893 0.59375 0.4472602 0.59375 0.4159148 0.59375 0.4472602 0.5625001 0.4436376 0.5625001 0.4137009 0.5625001 0.4436376 0.5312501 0.4460214 0.5312501 0.4148764 0.5312501 0.4460214 0.5 0.4595087 0.5312501 0.3781581 0.5312501 0.4148764 0.5 0.4186809 0.5312501 0.3412618 0.5312501 0.3781581 0.5000001 0.377853 0.5625001 0.2513611 0.5625001 0.2707693 0.5312501 0.2708421 0.59375 0.2534428 0.59375 0.2709938 0.5625001 0.2707693 0.5625001 0.2707693 0.5625001 0.2893448 0.5312501 0.2876915 0.59375 0.2709938 0.59375 0.2879238 0.5625001 0.2893448 0.5 0.2459896 0.5312501 0.2290151 0.5312501 0.2533648 0.5312501 0.2290151 0.5625001 0.2254273 0.5625001 0.2513611 0.5625001 0.2254273 0.59375 0.2290362 0.59375 0.2534428 0.59375 0.2290362 0.625 0.2459896 0.6250001 0.2586932 0.6250001 0.2586932 0.6250001 0.2713969 0.59375 0.2709938 0.6250001 0.2713969 0.6250001 0.2841005 0.59375 0.2879238 0.6250001 0.2841005 0.625 0.2968041 0.59375 0.3097142 0.59375 0.2879238 0.59375 0.3097142 0.5625001 0.3123045 0.5625001 0.2893448 0.5625001 0.3123045 0.5312501 0.3093634 0.5312501 0.2876915 0.5312501 0.3093634 0.5 0.2961972 0.5312501 0.2708421 0.5312501 0.2876915 0.5000001 0.2836453 0.5312501 0.2533648 0.5312501 0.2708421 0.5000001 0.2710934 0.6971724 0.5341463 0.731752 0.541815 0.7400776 0.55559 0.731752 0.541815 0.7685118 0.5496324 0.7759144 0.5600304 0.7073549 0.5507609 0.7400776 0.55559 0.7480632 0.5707333 0.7400776 0.55559 0.7759144 0.5600304 0.7833587 0.571701 0.6473531 0.5065118 0.6852774 0.5175597 0.6971724 0.5341463 0.6852774 0.5175597 0.7232015 0.5286075 0.731752 0.541815 0.7232015 0.5286075 0.7611257 0.5396553 0.7685118 0.5496324 0.7990499 0.5507032 0.8061231 0.5574483 0.7685118 0.5496324 0.8061231 0.5574483 0.8131966 0.5641934 0.7759144 0.5600304 0.7759144 0.5600304 0.8131966 0.5641934 0.8202701 0.5709385 0.7833587 0.571701 0.8202701 0.5709385 0.8273433 0.5776836 0.7480632 0.5707333 0.7833587 0.571701 0.7908951 0.588023 0.7160065 0.5680083 0.7480632 0.5707333 0.7560328 0.5889804 0.6889147 0.5642846 0.7160065 0.5680083 0.7241498 0.5868395 0.6803082 0.5460948 0.7073549 0.5507609 0.7160065 0.5680083 0.6689079 0.5276442 0.6971724 0.5341463 0.7073549 0.5507609 0.5341585 0.08321559 0.5683605 0.08553594 0.5665733 0.1255418 0.5683605 0.08553594 0.6026467 0.08352649 0.5998064 0.1255505 0.533299 0.1253317 0.5665733 0.1255418 0.5649016 0.1661114 0.5665733 0.1255418 0.5998064 0.1255505 0.597069 0.1679902 0.5 0.03002864 0.5349965 0.0483725 0.5341585 0.08321559 0.5349965 0.0483725 0.5700609 0.05233132 0.5683605 0.08553594 0.5700609 0.05233132 0.6052842 0.04863733 0.6026467 0.08352649 0.6052842 0.04863733 0.6410292 0.03090369 0.637022 0.07817107 0.6026467 0.08352649 0.637022 0.07817107 0.6330147 0.1254384 0.5998064 0.1255505 0.6330147 0.1254384 0.6290075 0.1727057 0.597069 0.1679902 0.6290075 0.1727057 0.625 0.219973 0.5649016 0.1661114 0.597069 0.1679902 0.5949467 0.2046074 0.5325098 0.1678778 0.5649016 0.1661114 0.5636131 0.2013295 0.5000001 0.1724869 0.5325098 0.1678778 0.5318901 0.204577 0.5000001 0.1250008 0.533299 0.1253317 0.5325098 0.1678778 0.5000001 0.07751476 0.5341585 0.08321559 0.533299 0.1253317 0.7656503 0.7101168 0.772878 0.7254208 0.7550859 0.7208545 0.7837619 0.7164283 0.789695 0.7293319 0.772878 0.7254208 0.772878 0.7254208 0.7805258 0.7408811 0.76462 0.7391741 0.789695 0.7293319 0.7956791 0.7421904 0.7805258 0.7408811 0.7391154 0.685662 0.7466824 0.7030069 0.7263534 0.6949708 0.7588372 0.694997 0.7656503 0.7101168 0.7466824 0.7030069 0.7779747 0.7034782 0.7837619 0.7164283 0.7656503 0.7101168 0.7967753 0.7111443 0.8014745 0.7220588 0.7837619 0.7164283 0.8014745 0.7220588 0.806195 0.7327644 0.789695 0.7293319 0.806195 0.7327644 0.8108046 0.7432948 0.7956791 0.7421904 0.8108046 0.7432948 0.8148712 0.7535985 0.8016394 0.7550119 0.7956791 0.7421904 0.8016394 0.7550119 0.7884075 0.7564254 0.7805258 0.7408811 0.7884075 0.7564254 0.7751756 0.7578387 0.76462 0.7391741 0.7751756 0.7578387 0.7619437 0.7592521 0.7550859 0.7208545 0.76462 0.7391741 0.7460398 0.7365972 0.7466824 0.7030069 0.7550859 0.7208545 0.7352774 0.7153679 0.6333765 0.5184544 0.6416636 0.5209729 0.6469442 0.5386285 0.6416636 0.5209729 0.6521288 0.5237057 0.6607928 0.5421229 0.6361941 0.5352694 0.6469442 0.5386285 0.651928 0.5561852 0.6469442 0.5386285 0.6607928 0.5421229 0.6679523 0.5602823 0.6250001 0.5000001 0.6305884 0.501628 0.6333765 0.5184544 0.6305884 0.501628 0.6361766 0.5032559 0.6416636 0.5209729 0.6361766 0.5032559 0.6417649 0.5048839 0.6521288 0.5237057 0.6417649 0.5048839 0.6473531 0.5065118 0.6689079 0.5276442 0.6521288 0.5237057 0.6689079 0.5276442 0.6803082 0.5460948 0.6607928 0.5421229 0.6803082 0.5460948 0.6889147 0.5642846 0.6679523 0.5602823 0.6889147 0.5642846 0.6966992 0.5830639 0.651928 0.5561852 0.6679523 0.5602823 0.6746465 0.5785713 0.639092 0.552047 0.651928 0.5561852 0.6569889 0.5737015 0.6278202 0.547921 0.639092 0.552047 0.6422241 0.568668 0.6268802 0.5319474 0.6361941 0.5352694 0.639092 0.552047 0.6259401 0.5159738 0.6333765 0.5184544 0.6361941 0.5352694 0.6625355 0.5913096 0.6686534 0.6093426 0.6496734 0.601457 0.6625355 0.5913096 0.6818247 0.5973516 0.6896816 0.6167736 0.6686534 0.6093426 0.6753618 0.6282944 0.6539387 0.6186571 0.6896816 0.6167736 0.6982248 0.6369487 0.6753618 0.6282944 0.6287602 0.5638946 0.6422241 0.568668 0.6457647 0.5850062 0.6422241 0.568668 0.6569889 0.5737015 0.6625355 0.5913096 0.6569889 0.5737015 0.6746465 0.5785713 0.6818247 0.5973516 0.6746465 0.5785713 0.6966992 0.5830639 0.7049244 0.6029654 0.6818247 0.5973516 0.7049244 0.6029654 0.7138141 0.6237702 0.6896816 0.6167736 0.7138141 0.6237702 0.7233333 0.6450724 0.7233333 0.6450724 0.7334463 0.6664658 0.7074697 0.6580426 0.6982248 0.6369487 0.7074697 0.6580426 0.6827365 0.649098 0.6753618 0.6282944 0.6827365 0.649098 0.6587271 0.6386184 0.6539387 0.6186571 0.6587271 0.6386184 0.6346678 0.6227385 0.6496734 0.601457 0.6539387 0.6186571 0.6331909 0.6080276 0.6302371 0.5786057 0.6457647 0.5850062 0.6496734 0.601457 0.6642611 0.6639462 0.6908521 0.6724434 0.6997176 0.6976038 0.7175018 0.6801521 0.728684 0.7030411 0.6997176 0.6976038 0.6702736 0.6920343 0.6997176 0.6976038 0.7092658 0.7236181 0.728684 0.7030411 0.7413874 0.7264056 0.7092658 0.7236181 0.6346678 0.6227385 0.6587271 0.6386184 0.6642611 0.6639462 0.6827365 0.649098 0.6908521 0.6724434 0.6642611 0.6639462 0.7074697 0.6580426 0.7175018 0.6801521 0.6908521 0.6724434 0.7334463 0.6664658 0.7442433 0.687625 0.7175018 0.6801521 0.7442433 0.687625 0.7563154 0.7085478 0.728684 0.7030411 0.7563154 0.7085478 0.770665 0.7293134 0.7413874 0.7264056 0.770665 0.7293134 0.7917201 0.75 0.7554529 0.7500001 0.7092658 0.7236181 0.7413874 0.7264056 0.7554529 0.7500001 0.6765367 0.7208887 0.7092658 0.7236181 0.7191857 0.7500001 0.6436554 0.7181847 0.6765367 0.7208887 0.6829184 0.75 0.6406595 0.6863692 0.6702736 0.6920343 0.6765367 0.7208887 0.6376637 0.6545539 0.6642611 0.6639462 0.6702736 0.6920343 0.5625001 0.3310087 0.5625001 0.3728244 0.5312501 0.372939 0.59375 0.3291006 0.59375 0.372939 0.5625001 0.3728244 0.5625001 0.3728244 0.5625001 0.4139981 0.5312501 0.416296 0.59375 0.372939 0.59375 0.416296 0.5625001 0.4139981 0.5312501 0.2913591 0.5312501 0.3291005 0.5 0.3242191 0.5625001 0.2947768 0.5625001 0.3310087 0.5312501 0.3291005 0.59375 0.2913591 0.59375 0.3291006 0.5625001 0.3310087 0.625 0.2752471 0.6250001 0.3242191 0.59375 0.3291006 0.6250001 0.3242191 0.6250001 0.3731912 0.59375 0.372939 0.6250001 0.3731912 0.6250001 0.4221633 0.59375 0.416296 0.6250001 0.4221633 0.625 0.4711352 0.59375 0.4519972 0.59375 0.416296 0.59375 0.4519972 0.5625001 0.4479376 0.5625001 0.4139981 0.5625001 0.4479376 0.5312501 0.4519971 0.5312501 0.416296 0.5312501 0.4519971 0.5 0.4711352 0.5312501 0.372939 0.5312501 0.416296 0.5000001 0.4221632 0.5312501 0.3291005 0.5312501 0.372939 0.5000001 0.3731912 0.6960073 0.5457664 0.7233203 0.5557419 0.7271717 0.5815739 0.7233203 0.5557419 0.7508832 0.565605 0.7519409 0.5927022 0.7028028 0.570203 0.7271717 0.5815739 0.7312744 0.6058872 0.7271717 0.5815739 0.7519409 0.5927022 0.7544918 0.6181656 0.6563566 0.5117151 0.687974 0.5204323 0.6960073 0.5457664 0.687974 0.5204323 0.7195913 0.5291494 0.7233203 0.5557419 0.7195913 0.5291494 0.7512086 0.5378665 0.7508832 0.565605 0.7512086 0.5378665 0.7828258 0.5465836 0.7753111 0.5743541 0.7508832 0.565605 0.7753111 0.5743541 0.7748999 0.6028502 0.7519409 0.5927022 0.7748999 0.6028502 0.7768353 0.6295275 0.7544918 0.6181656 0.7768353 0.6295275 0.7800095 0.6528474 0.7312744 0.6058872 0.7544918 0.6181656 0.7581176 0.6408572 0.7312744 0.6058872 0.7357832 0.6279306 0.7138455 0.6144806 0.7085065 0.5932264 0.7138455 0.6144806 0.693144 0.6009204 0.6810962 0.5593415 0.7028028 0.570203 0.7085065 0.5932264 0.672492 0.5367258 0.6960073 0.5457664 0.7028028 0.570203 0.6451704 0.5239239 0.6494314 0.5404313 0.6368461 0.5315819 0.6567577 0.5297754 0.6636598 0.5495277 0.6494314 0.5404313 0.6494314 0.5404313 0.6533128 0.5569766 0.6387984 0.5450188 0.6636598 0.5495277 0.6692798 0.5687338 0.6533128 0.5569766 0.6328392 0.5052312 0.634855 0.5183817 0.6250001 0.5129437 0.6406784 0.5073925 0.6451704 0.5239239 0.634855 0.5183817 0.6406784 0.5073925 0.6485175 0.5095539 0.6567577 0.5297754 0.6485175 0.5095539 0.6563566 0.5117151 0.672492 0.5367258 0.6567577 0.5297754 0.672492 0.5367258 0.6810962 0.5593415 0.6810962 0.5593415 0.6875183 0.5807185 0.6692798 0.5687338 0.6875183 0.5807185 0.693144 0.6009204 0.6742918 0.5875186 0.6692798 0.5687338 0.6742918 0.5875186 0.6569964 0.5739654 0.6533128 0.5569766 0.6569964 0.5739654 0.6407387 0.5596796 0.6387984 0.5450188 0.6407387 0.5596796 0.625 0.5425652 0.6368461 0.5315819 0.6387984 0.5450188 0.6250001 0.5326914 0.634855 0.5183817 0.6368461 0.5315819 0.6250001 0.5228176 0.7928721 0.5809226 0.8068493 0.586303 0.8115985 0.6194388 0.8068493 0.586303 0.8198242 0.591313 0.8276331 0.6272389 0.7944769 0.6115552 0.8115985 0.6194388 0.8165419 0.6498804 0.8115985 0.6194388 0.8276331 0.6272389 0.8352426 0.6611561 0.7828258 0.5465836 0.7925462 0.5492636 0.7928721 0.5809226 0.7925462 0.5492636 0.8022665 0.5519436 0.8068493 0.586303 0.8022665 0.5519436 0.8119868 0.5546236 0.8198242 0.591313 0.8119868 0.5546236 0.821707 0.5573036 0.8324614 0.5961892 0.8198242 0.591313 0.8324614 0.5961892 0.8432158 0.6350748 0.8276331 0.6272389 0.8432158 0.6350748 0.8539701 0.6739604 0.8352426 0.6611561 0.8539701 0.6739604 0.8647245 0.7128459 0.8165419 0.6498804 0.8352426 0.6611561 0.8416638 0.6889879 0.797349 0.6397534 0.8165419 0.6498804 0.8211531 0.6751713 0.7768353 0.6295275 0.797349 0.6397534 0.8008748 0.6638386 0.7748999 0.6028502 0.7944769 0.6115552 0.797349 0.6397534 0.7753111 0.5743541 0.7928721 0.5809226 0.7944769 0.6115552 0.5312501 0.02378195 0.5625001 0.02412617 0.5625001 0.03365433 0.5625001 0.02412617 0.59375 0.02378195 0.59375 0.03285664 0.5312501 0.03285664 0.5625001 0.03365433 0.5625001 0.04764956 0.5625001 0.03365433 0.59375 0.03285664 0.59375 0.04528158 0.5 0.0147739 0.5312501 0.01682287 0.5312501 0.02378195 0.5312501 0.01682287 0.5625001 0.01725745 0.5625001 0.02412617 0.5625001 0.01725745 0.59375 0.01682287 0.59375 0.02378195 0.59375 0.01682287 0.625 0.0147739 0.6250001 0.02293783 0.59375 0.02378195 0.6250001 0.02293783 0.6250001 0.03110176 0.59375 0.03285664 0.6250001 0.03110176 0.6250001 0.03926569 0.59375 0.04528158 0.6250001 0.03926569 0.625 0.04742962 0.5625001 0.04764956 0.59375 0.04528158 0.59375 0.06643944 0.5312501 0.04528158 0.5625001 0.04764956 0.5625001 0.07047188 0.5000001 0.03926569 0.5312501 0.04528158 0.5312501 0.06643944 0.5000001 0.03110176 0.5312501 0.03285664 0.5312501 0.04528158 0.5000001 0.02293783 0.5312501 0.02378195 0.5312501 0.03285664 0.53125 0.003714799 0.5625001 0.003724515 0.5625001 0.007635295 0.5625001 0.003724515 0.59375 0.003714799 0.59375 0.00755769 0.5312501 0.00755769 0.5625001 0.007635295 0.5625001 0.01198071 0.5625001 0.007635295 0.59375 0.00755769 0.59375 0.01172655 0.5000001 0 0.5312501 0 0.53125 0.003714799 0.5625001 0 0.5625001 0.003724515 0.53125 0.003714799 0.5937501 0 0.59375 0.003714799 0.5625001 0.003724515 0.6250001 0 0.6250001 0.003693461 0.59375 0.003714799 0.59375 0.003714799 0.6250001 0.003693461 0.6250001 0.007386922 0.59375 0.00755769 0.6250001 0.007386922 0.6250001 0.01108038 0.59375 0.01172655 0.6250001 0.01108038 0.625 0.0147739 0.5625001 0.01198071 0.59375 0.01172655 0.59375 0.01682287 0.5312501 0.01172655 0.5625001 0.01198071 0.5625001 0.01725745 0.5000001 0.01108044 0.5312501 0.01172655 0.5312501 0.01682287 0.5000001 0.007386922 0.5312501 0.00755769 0.5312501 0.01172655 0.5000001 0.003693461 0.53125 0.003714799 0.5312501 0.00755769 0.740824 0.6472136 0.7463812 0.664282 0.7255592 0.6516564 0.7624074 0.6599773 0.7672071 0.6761413 0.7463812 0.664282 0.7463812 0.664282 0.7524027 0.6799416 0.7320982 0.6687266 0.7672071 0.6761413 0.7724263 0.6903185 0.7524027 0.6799416 0.7138455 0.6144806 0.719481 0.6337934 0.6988689 0.6200136 0.7357832 0.6279306 0.740824 0.6472136 0.719481 0.6337934 0.7581176 0.6408572 0.7624074 0.6599773 0.740824 0.6472136 0.7800095 0.6528474 0.7837399 0.6717882 0.7624074 0.6599773 0.7837399 0.6717882 0.7878288 0.6870578 0.7672071 0.6761413 0.7878288 0.6870578 0.7921994 0.6997963 0.7724263 0.6903185 0.7921994 0.6997963 0.7967753 0.7111443 0.7779747 0.7034782 0.7724263 0.6903185 0.7779747 0.7034782 0.7588372 0.694997 0.7524027 0.6799416 0.7588372 0.694997 0.7391154 0.685662 0.7320982 0.6687266 0.7391154 0.685662 0.7185626 0.6754339 0.7255592 0.6516564 0.7320982 0.6687266 0.7114818 0.6567347 0.719481 0.6337934 0.7255592 0.6516564 0.7049494 0.6384398 0.6607311 0.5917993 0.664705 0.6105224 0.6448282 0.5956814 0.6793452 0.6060753 0.6846979 0.6247565 0.664705 0.6105224 0.664705 0.6105224 0.6691289 0.6302487 0.6472635 0.6153531 0.6846979 0.6247565 0.6905149 0.6439746 0.6691289 0.6302487 0.6407387 0.5596796 0.6427163 0.5769445 0.6250001 0.5615311 0.6569964 0.5739654 0.6607311 0.5917993 0.6427163 0.5769445 0.6742918 0.5875186 0.6793452 0.6060753 0.6607311 0.5917993 0.693144 0.6009204 0.6988689 0.6200136 0.6793452 0.6060753 0.6988689 0.6200136 0.7049494 0.6384398 0.6846979 0.6247565 0.7049494 0.6384398 0.7114818 0.6567347 0.6905149 0.6439746 0.7114818 0.6567347 0.7185626 0.6754339 0.6969801 0.6642225 0.6905149 0.6439746 0.6969801 0.6642225 0.6743631 0.6517318 0.6691289 0.6302487 0.6743631 0.6517318 0.6506809 0.637421 0.6472635 0.6153531 0.6506809 0.637421 0.625 0.6184284 0.6448282 0.5956814 0.6472635 0.6153531 0.6250001 0.5994626 0.6427163 0.5769445 0.6448282 0.5956814 0.6250001 0.5804969 0.8044881 0.6826141 0.8249503 0.6934804 0.8281809 0.706466 0.8249503 0.6934804 0.8455545 0.705577 0.8482211 0.7160035 0.8281809 0.706466 0.8312056 0.7164085 0.8117644 0.7083888 0.8281809 0.706466 0.8482211 0.7160035 0.8506117 0.7242178 0.7800095 0.6528474 0.8008748 0.6638386 0.8044881 0.6826141 0.8008748 0.6638386 0.8211531 0.6751713 0.8249503 0.6934804 0.8211531 0.6751713 0.8416638 0.6889879 0.8455545 0.705577 0.8416638 0.6889879 0.8647245 0.7128459 0.8664932 0.7192413 0.8455545 0.705577 0.8664932 0.7192413 0.8682619 0.7256365 0.8482211 0.7160035 0.8682619 0.7256365 0.8700307 0.7320317 0.8506117 0.7242178 0.8700307 0.7320317 0.8717992 0.7384268 0.8312056 0.7164085 0.8506117 0.7242178 0.8528103 0.7310455 0.8312056 0.7164085 0.8341082 0.7245888 0.8154554 0.7180846 0.8117644 0.7083888 0.8154554 0.7180846 0.7967753 0.7111443 0.8081076 0.696994 0.8117644 0.7083888 0.7921994 0.6997963 0.8044881 0.6826141 0.8081076 0.696994 0.7878288 0.6870578 0.5958194 0.1698319 0.5638856 0.1691774 0.5642367 0.08532065 0.5953019 0.251008 0.5635535 0.2484477 0.5638856 0.1691774 0.5638856 0.1691774 0.5319449 0.1701608 0.5321186 0.08563071 0.5635535 0.2484477 0.5317827 0.2512519 0.5319449 0.1701608 0.6284707 0.08523297 0.596354 0.08521538 0.5968942 -7.52487e-4 0.627749 0.1714692 0.5958194 0.1698319 0.596354 0.08521538 0.6270275 0.2577056 0.5953019 0.251008 0.5958194 0.1698319 0.6263058 0.3439418 0.5948474 0.3223918 0.5953019 0.251008 0.5948474 0.3223918 0.5632627 0.3178901 0.5635535 0.2484477 0.5632627 0.3178901 0.5316396 0.3225612 0.5317827 0.2512519 0.5316396 0.3225612 0.5 0.3442543 0.5000001 0.2581908 0.5317827 0.2512519 0.5000001 0.2581908 0.5000001 0.1721271 0.5319449 0.1701608 0.5000001 0.1721271 0.5000001 0.08606356 0.5321186 0.08563071 0.5000001 0.08606356 0.5000001 0 0.5642367 0.08532065 0.5321186 0.08563071 0.5322981 -2.50829e-4 0.596354 0.08521538 0.5642367 0.08532065 0.5645962 -5.01658e-4 0.6732784 0.5921523 0.6829449 0.6451228 0.6592315 0.6348159 0.695576 0.60817 0.7073758 0.6565751 0.6829449 0.6451228 0.6592315 0.6348159 0.6829449 0.6451228 0.6923549 0.6976841 0.6829449 0.6451228 0.7073758 0.6565751 0.7183363 0.7036405 0.6442292 0.5194683 0.65174 0.5771574 0.6304128 0.5625001 0.6634584 0.5389364 0.6732784 0.5921523 0.65174 0.5771574 0.6826875 0.5584047 0.695576 0.60817 0.6732784 0.5921523 0.7019166 0.5778728 0.7211704 0.627941 0.695576 0.60817 0.7211704 0.627941 0.7333441 0.6704819 0.7073758 0.6565751 0.7333441 0.6704819 0.7440828 0.7107319 0.7183363 0.7036405 0.7183363 0.7036405 0.7440828 0.7107319 0.7565715 0.75 0.6923549 0.6976841 0.7183363 0.7036405 0.7290915 0.75 0.666691 0.6924233 0.6923549 0.6976841 0.7016113 0.75 0.6412384 0.6875001 0.666691 0.6924233 0.6741313 0.75 0.6358256 0.6250001 0.6592315 0.6348159 0.666691 0.6924233 0.6304128 0.5625001 0.65174 0.5771574 0.6592315 0.6348159 0.7614649 0.6878252 0.7911233 0.7076228 0.7891002 0.6859024 0.7686039 0.7192653 0.7928901 0.7289342 0.7911233 0.7076228 0.7911233 0.7076228 0.8214991 0.728566 0.8254727 0.7177824 0.7928901 0.7289342 0.8174937 0.7392983 0.8214991 0.728566 0.7211704 0.627941 0.7534867 0.655045 0.7444201 0.6209047 0.733344 0.6704819 0.7614649 0.6878252 0.7534867 0.655045 0.7440828 0.7107319 0.7686039 0.7192653 0.7614649 0.6878252 0.7440828 0.7107319 0.7565715 0.75 0.7755374 0.75 0.7755374 0.75 0.7945032 0.7500001 0.7928901 0.7289342 0.7945032 0.7500001 0.813469 0.7500001 0.8174937 0.7392983 0.813469 0.7500001 0.8324348 0.7500001 0.8423087 0.7500001 0.8174937 0.7392983 0.8423087 0.7500001 0.8521825 0.7500001 0.8214991 0.728566 0.8521825 0.7500001 0.8620564 0.7500001 0.8254727 0.7177824 0.8620564 0.7500001 0.8719303 0.7500001 0.7891002 0.6859024 0.8254727 0.7177824 0.8294269 0.7069683 0.7534867 0.655045 0.7891002 0.6859024 0.7869234 0.6639365 0.5630295 0.3735732 0.5628374 0.4194282 0.5942473 0.4202082 0.5315207 0.3763146 0.5314208 0.4202863 0.5628374 0.4194282 0.5628374 0.4194282 0.5626646 0.4606969 0.5939958 0.4607798 0.5314208 0.4202863 0.5313326 0.4608188 0.5626646 0.4606969 0.5948474 0.3223918 0.5945158 0.3761961 0.6259794 0.3829564 0.5632627 0.3178901 0.5630295 0.3735732 0.5945158 0.3761961 0.5316396 0.3225612 0.5315207 0.3763146 0.5630295 0.3735732 0.5 0.3442543 0.5000001 0.3831908 0.5315207 0.3763146 0.5000001 0.3831908 0.5000001 0.4221272 0.5314208 0.4202863 0.5000001 0.4221272 0.5000001 0.4610636 0.5313326 0.4608188 0.5000001 0.4610636 0.5000001 0.5000001 0.5312501 0.5000001 0.5313326 0.4608188 0.5312501 0.5000001 0.5625001 0.5000001 0.5626646 0.4606969 0.5625001 0.5000001 0.5937501 0.5000001 0.5939958 0.4607798 0.5937501 0.5000001 0.6250001 0.5000001 0.5942473 0.4202082 0.5939958 0.4607798 0.6253265 0.4609855 0.5945158 0.3761961 0.5942473 0.4202082 0.625653 0.421971 0.5312501 0.1028875 0.5312501 0.14688 0.5625001 0.1469576 0.5312501 0.14688 0.5312501 0.1911972 0.5625001 0.1891838 0.5625001 0.1051654 0.5625001 0.1469576 0.5937501 0.1468801 0.5625001 0.1469576 0.5625001 0.1891838 0.59375 0.1911993 0.5 0.04742962 0.5000001 0.09706962 0.5312501 0.1028875 0.5000001 0.09706962 0.5000001 0.1467096 0.5312501 0.14688 0.5000001 0.1467096 0.5000001 0.1963496 0.5312501 0.1911972 0.5000001 0.1963496 0.5 0.2459896 0.5312501 0.2290151 0.5312501 0.1911972 0.5312501 0.2290151 0.5625001 0.2254273 0.5625001 0.1891838 0.5625001 0.2254273 0.59375 0.2290362 0.59375 0.1911993 0.59375 0.2290362 0.625 0.2459896 0.5937501 0.1468801 0.59375 0.1911993 0.6250001 0.1963496 0.5937501 0.1028875 0.5937501 0.1468801 0.6250001 0.1467096 0.59375 0.0664395 0.5937501 0.1028875 0.6250001 0.09706962 0.5625001 0.07047188 0.5625001 0.1051654 0.5937501 0.1028875 0.5312501 0.06643944 0.5312501 0.1028875 0.5625001 0.1051654 0.5312501 0.4792808 0.5625001 0.4794508 0.5625001 0.464762 0.53125 0.4904667 0.5625001 0.4911364 0.5625001 0.4794508 0.5625001 0.4794508 0.5937501 0.4806934 0.5937501 0.4671915 0.5625001 0.4911364 0.59375 0.4919403 0.5937501 0.4806934 0.5 0.4696316 0.5312501 0.4658452 0.5312501 0.4460214 0.5000001 0.4797544 0.5312501 0.4792808 0.5312501 0.4658452 0.5000001 0.4898772 0.53125 0.4904667 0.5312501 0.4792808 0.5000001 0.4898772 0.5000001 0.5000001 0.5312501 0.5007675 0.53125 0.4904667 0.5312501 0.5007675 0.5625001 0.501535 0.5625001 0.4911364 0.5625001 0.501535 0.5937501 0.5023024 0.59375 0.4919403 0.5937501 0.5023024 0.6250001 0.5030699 0.59375 0.4919403 0.6250001 0.4928247 0.6250001 0.4825796 0.5937501 0.4806934 0.6250001 0.4825796 0.6250001 0.4723345 0.5937501 0.4671915 0.6250001 0.4723345 0.625 0.4620893 0.5625001 0.464762 0.5937501 0.4671915 0.59375 0.4472602 0.5312501 0.4658452 0.5625001 0.464762 0.5625001 0.4436376 0.8228318 0.7358638 0.8396251 0.7387453 0.8369061 0.7319075 0.8264155 0.7443473 0.842293 0.7453299 0.8396251 0.7387453 0.8369061 0.7319075 0.8396251 0.7387453 0.8564955 0.7415071 0.842293 0.7453299 0.8582366 0.7462384 0.8564955 0.7415071 0.8014746 0.7220588 0.8191609 0.7271441 0.8154554 0.7180846 0.806195 0.7327644 0.8228318 0.7358638 0.8191609 0.7271441 0.8108046 0.7432948 0.8264155 0.7443473 0.8228318 0.7358638 0.8148712 0.7535985 0.8299035 0.752699 0.8264155 0.7443473 0.8299035 0.752699 0.8449357 0.7517994 0.842293 0.7453299 0.8449357 0.7517994 0.8599679 0.7508997 0.8582366 0.7462384 0.8599679 0.7508997 0.8750001 0.7500001 0.8741999 0.7471067 0.8564955 0.7415071 0.8582366 0.7462384 0.8741999 0.7471067 0.8547215 0.7365844 0.8564955 0.7415071 0.8733997 0.7442135 0.8528103 0.7310454 0.8547215 0.7365844 0.8725995 0.7413203 0.8341082 0.7245888 0.8369061 0.7319075 0.8547215 0.7365844 0.8191609 0.7271441 0.8369061 0.7319075 0.8341082 0.7245888 0.5315118 0.2291076 0.5313265 0.247671 0.5626114 0.2476987 0.5312597 0.2663491 0.562514 0.2682751 0.5626114 0.2476987 0.5629036 0.2272774 0.5626114 0.2476987 0.5938266 0.247671 0.562514 0.2682751 0.5937596 0.2663491 0.5938266 0.247671 0.5 0.219973 0.5000001 0.2337915 0.5315118 0.2291076 0.5000001 0.2337915 0.5000001 0.24761 0.5313265 0.247671 0.5 0.2614285 0.5312597 0.2663491 0.5313265 0.247671 0.5 0.275247 0.5312501 0.2913591 0.5312597 0.2663491 0.5312501 0.2913591 0.5625001 0.2947768 0.562514 0.2682751 0.5625001 0.2947768 0.59375 0.2913591 0.5937596 0.2663491 0.59375 0.2913591 0.625 0.2752471 0.6250001 0.2614286 0.5937596 0.2663491 0.6250001 0.2614286 0.6250001 0.2476101 0.5940675 0.2291107 0.5938266 0.247671 0.6250001 0.2476101 0.5949467 0.2046074 0.5940675 0.2291107 0.6250001 0.2337915 0.5636132 0.2013295 0.5629036 0.2272774 0.5940675 0.2291107 0.5318901 0.204577 0.5315118 0.2291076 0.5629036 0.2272774 0.5312501 0.4839728 0.5625001 0.4832478 0.5625001 0.4699423 0.53125 0.4925845 0.5625001 0.4924939 0.5625001 0.4832478 0.5625001 0.4832478 0.5937501 0.4839728 0.5937501 0.4723164 0.5625001 0.4924939 0.59375 0.4925845 0.5937501 0.4839728 0.5000001 0.4783514 0.5312501 0.4723164 0.5312501 0.4519971 0.5000001 0.4855676 0.5312501 0.4839728 0.5312501 0.4723164 0.5000001 0.4927839 0.53125 0.4925845 0.5312501 0.4839728 0.5000001 0.5000001 0.5312501 0.5000001 0.53125 0.4925845 0.5312501 0.5000001 0.5625001 0.5000001 0.5625001 0.4924939 0.5625001 0.5000001 0.5937501 0.5000001 0.59375 0.4925845 0.5937501 0.5000001 0.6250001 0.5000001 0.6250001 0.4927839 0.59375 0.4925845 0.6250001 0.4927839 0.6250001 0.4855676 0.5937501 0.4839728 0.6250001 0.4855676 0.6250001 0.4783514 0.5937501 0.4723164 0.6250001 0.4783514 0.625 0.4711352 0.5625001 0.4699423 0.5937501 0.4723164 0.59375 0.4519971 0.5312501 0.4723164 0.5625001 0.4699423 0.5625001 0.4479376 0.7819625 0.7143763 0.8063594 0.7207465 0.7983532 0.7044798 0.7940753 0.732398 0.8146521 0.7356619 0.8063594 0.7207465 0.7983532 0.7044798 0.8063594 0.7207465 0.8304202 0.7277721 0.8063594 0.7207465 0.8146521 0.7356619 0.8346391 0.7390825 0.7442433 0.687625 0.7711303 0.6954911 0.7610557 0.6752004 0.7563154 0.7085479 0.7819625 0.7143763 0.7711303 0.6954911 0.770665 0.7293133 0.7940753 0.732398 0.7819625 0.7143763 0.7917201 0.75 0.8074334 0.7500001 0.7940753 0.732398 0.8074334 0.7500001 0.8231465 0.7500001 0.8146521 0.7356619 0.8231465 0.7500001 0.8388598 0.7500001 0.8346391 0.7390825 0.8346391 0.7390825 0.8388598 0.7500001 0.854573 0.7500001 0.8304202 0.7277721 0.8346391 0.7390825 0.8544843 0.7425873 0.8260981 0.7152593 0.8304202 0.7277721 0.8543957 0.7351745 0.8209565 0.6982817 0.8260981 0.7152593 0.8543071 0.7277618 0.7902482 0.6853038 0.7983532 0.7044798 0.8260981 0.7152593 0.7610557 0.6752004 0.7711303 0.6954911 0.7983532 0.7044798 0.7327032 0.607901 0.7417756 0.6304088 0.7729358 0.636771 0.7417756 0.6304088 0.7512677 0.6532216 0.7816925 0.6621593 0.7643299 0.6115636 0.7729358 0.636771 0.8063009 0.642942 0.7729358 0.636771 0.7816925 0.6621593 0.8140225 0.6726277 0.6966992 0.583064 0.7049243 0.6029654 0.7327032 0.607901 0.7049243 0.6029654 0.7138141 0.6237702 0.7417756 0.6304088 0.7138141 0.6237702 0.7233333 0.6450724 0.7512677 0.6532216 0.7233333 0.6450724 0.7334464 0.6664657 0.7610557 0.6752004 0.7512677 0.6532216 0.7610557 0.6752004 0.7902482 0.6853038 0.7816925 0.6621593 0.7902482 0.6853038 0.8209565 0.6982817 0.8140225 0.6726277 0.8209565 0.6982817 0.8542184 0.7203488 0.8063009 0.642942 0.8140225 0.6726277 0.8474996 0.6846826 0.7985433 0.6133471 0.8063009 0.642942 0.840781 0.6490163 0.7908951 0.588023 0.7985433 0.6133471 0.8340622 0.61335 0.7560327 0.5889803 0.7643299 0.6115636 0.7985433 0.6133471 0.7241498 0.5868396 0.7327032 0.607901 0.7643299 0.6115636 0.5370339 0.007145345 0.5364131 0.01622402 0.5728431 0.01661378 0.5364131 0.01622402 0.5357441 0.02818107 0.5715371 0.03037285 0.5740698 0.006681084 0.5728431 0.01661378 0.6093016 0.01563698 0.5728431 0.01661378 0.5715371 0.03037285 0.607423 0.02808904 0.5000001 0 0.5000001 0.007507145 0.5370339 0.007145345 0.5000001 0.007507145 0.5000001 0.01501429 0.5364131 0.01622402 0.5000001 0.01501429 0.5000001 0.02252149 0.5357441 0.02818107 0.5000001 0.02252149 0.5 0.03002864 0.5349965 0.0483725 0.5357441 0.02818107 0.5349965 0.0483725 0.5700609 0.05233132 0.5715371 0.03037285 0.5700609 0.05233132 0.6052842 0.04863733 0.607423 0.02808904 0.6052842 0.04863733 0.6410292 0.03090369 0.6093016 0.01563698 0.607423 0.02808904 0.6434031 0.02237194 0.6111093 0.006045997 0.6093016 0.01563698 0.645777 0.01384019 0.6128935 -0.002417445 0.6111093 0.006045997 0.6481508 0.005308449 0.5752624 -0.00161159 0.5740698 0.006681084 0.6111093 0.006045997 0.5376312 -8.05825e-4 0.5370339 0.007145345 0.5740698 0.006681084 0.6621672 0.6928813 0.6879889 0.701179 0.6806978 0.6755798 0.6687529 0.7224751 0.6959673 0.7276944 0.6879889 0.701179 0.6879889 0.701179 0.7126815 0.7087601 0.7042906 0.6858754 0.6959673 0.7276944 0.7223535 0.7325674 0.7126815 0.7087601 0.6304128 0.6513213 0.655926 0.6639798 0.6506809 0.637421 0.6358256 0.6842142 0.6621672 0.6928813 0.655926 0.6639798 0.6412384 0.7171071 0.6687529 0.7224751 0.6621672 0.6928813 0.6466512 0.75 0.6754744 0.752313 0.6687529 0.7224751 0.6754744 0.752313 0.7042976 0.7546261 0.6959673 0.7276944 0.7042976 0.7546261 0.7331206 0.7569391 0.7223535 0.7325674 0.7331206 0.7569391 0.7619437 0.7592521 0.7460398 0.7365972 0.7223535 0.7325674 0.7460398 0.7365972 0.7352774 0.7153679 0.7126815 0.7087601 0.7352774 0.7153679 0.7263534 0.6949708 0.7042906 0.6858754 0.7263534 0.6949708 0.7185626 0.6754339 0.6806978 0.6755798 0.7042906 0.6858754 0.69698 0.6642225 0.655926 0.6639798 0.6806978 0.6755798 0.6743631 0.6517319 0.5312501 0.3781581 0.5625001 0.3785141 0.5625001 0.3430896 0.5312501 0.4148764 0.5625001 0.4137009 0.5625001 0.3785141 0.5625001 0.3785141 0.5937501 0.3789549 0.5937501 0.3418167 0.5625001 0.4137009 0.59375 0.4159148 0.5937501 0.3789549 0.5000001 0.3370251 0.5312501 0.3412618 0.5312501 0.3093634 0.5000001 0.377853 0.5312501 0.3781581 0.5312501 0.3412618 0.5 0.4186809 0.5312501 0.4148764 0.5312501 0.3781581 0.5 0.4595087 0.5312501 0.4460214 0.5312501 0.4148764 0.5312501 0.4460214 0.5625001 0.4436376 0.5625001 0.4137009 0.5625001 0.4436376 0.59375 0.4472602 0.59375 0.4159148 0.59375 0.4472602 0.625 0.4620893 0.6250001 0.420768 0.59375 0.4159148 0.6250001 0.420768 0.6250001 0.3794467 0.5937501 0.3789549 0.6250001 0.3794467 0.6250001 0.3381254 0.5937501 0.3418167 0.6250001 0.3381254 0.625 0.2968041 0.5625001 0.3430896 0.5937501 0.3418167 0.59375 0.3097143 0.5312501 0.3412618 0.5625001 0.3430896 0.5625001 0.3123044 0.5312501 0.2708421 0.5625001 0.2707693 0.5625001 0.2513611 0.5312501 0.2876915 0.5625001 0.2893447 0.5625001 0.2707693 0.5625001 0.2707693 0.5937501 0.2709938 0.5937501 0.2534428 0.5625001 0.2893447 0.59375 0.2879238 0.5937501 0.2709938 0.5 0.2459896 0.5000001 0.2585415 0.5312501 0.2533648 0.5000001 0.2710934 0.5312501 0.2708421 0.5312501 0.2533648 0.5000001 0.2836453 0.5312501 0.2876915 0.5312501 0.2708421 0.5 0.2961972 0.5312501 0.3093634 0.5312501 0.2876915 0.5312501 0.3093634 0.5625001 0.3123044 0.5625001 0.2893447 0.5625001 0.3123044 0.59375 0.3097143 0.59375 0.2879238 0.59375 0.3097143 0.625 0.2968041 0.6250001 0.2841005 0.59375 0.2879238 0.6250001 0.2841005 0.6250001 0.2713969 0.5937501 0.2709938 0.6250001 0.2713969 0.6250001 0.2586932 0.59375 0.2290362 0.5937501 0.2534428 0.6250001 0.2586932 0.5625001 0.2254273 0.5625001 0.2513611 0.5937501 0.2534428 0.5312501 0.2290151 0.5312501 0.2533648 0.5625001 0.2513611 0.6971724 0.5341463 0.7073549 0.5507609 0.7400776 0.5555899 0.7073549 0.5507609 0.7160065 0.5680083 0.7480632 0.5707333 0.731752 0.5418149 0.7400776 0.5555899 0.7759144 0.5600304 0.7400776 0.5555899 0.7480632 0.5707333 0.7833587 0.571701 0.6473531 0.5065118 0.6689078 0.5276442 0.6971724 0.5341463 0.6689078 0.5276442 0.6803081 0.5460948 0.7073549 0.5507609 0.6803081 0.5460948 0.6889148 0.5642846 0.7160065 0.5680083 0.6889148 0.5642846 0.6966992 0.583064 0.7241498 0.5868396 0.7160065 0.5680083 0.7241498 0.5868396 0.7560327 0.5889803 0.7480632 0.5707333 0.7560327 0.5889803 0.7908951 0.588023 0.7833587 0.571701 0.7908951 0.588023 0.8273433 0.5776836 0.7759144 0.5600304 0.7833587 0.571701 0.8202701 0.5709385 0.7759144 0.5600304 0.8131966 0.5641934 0.8061231 0.5574483 0.7685117 0.5496324 0.8061231 0.5574483 0.7990499 0.5507032 0.7232015 0.5286075 0.731752 0.5418149 0.7685117 0.5496324 0.6852774 0.5175597 0.6971724 0.5341463 0.731752 0.5418149 0.5341584 0.08321559 0.533299 0.1253317 0.5665733 0.1255418 0.533299 0.1253317 0.5325098 0.1678778 0.5649015 0.1661114 0.5683605 0.085536 0.5665733 0.1255418 0.5998064 0.1255505 0.5665733 0.1255418 0.5649015 0.1661114 0.5970691 0.1679902 0.5 0.03002864 0.5000001 0.07751476 0.5341584 0.08321559 0.5000001 0.07751476 0.5000001 0.1250008 0.533299 0.1253317 0.5000001 0.1250008 0.5000001 0.1724869 0.5325098 0.1678778 0.5000001 0.1724869 0.5 0.219973 0.5318901 0.204577 0.5325098 0.1678778 0.5318901 0.204577 0.5636132 0.2013295 0.5649015 0.1661114 0.5636132 0.2013295 0.5949467 0.2046074 0.5970691 0.1679902 0.5949467 0.2046074 0.625 0.219973 0.5998064 0.1255505 0.5970691 0.1679902 0.6290075 0.1727057 0.6026467 0.08352649 0.5998064 0.1255505 0.6330147 0.1254384 0.6052842 0.04863733 0.6026467 0.08352649 0.637022 0.07817107 0.5700609 0.05233132 0.5683605 0.085536 0.6026467 0.08352649 0.5349965 0.0483725 0.5341584 0.08321559 0.5683605 0.085536 0.7550859 0.7208545 0.7728781 0.7254207 0.7656503 0.7101168 0.76462 0.7391741 0.7805258 0.7408812 0.7728781 0.7254207 0.7728781 0.7254207 0.789695 0.729332 0.7837619 0.7164283 0.7805258 0.7408812 0.7956792 0.7421904 0.789695 0.729332 0.7263534 0.6949708 0.7466824 0.7030068 0.7391154 0.685662 0.7352774 0.7153679 0.7550859 0.7208545 0.7466824 0.7030068 0.7460398 0.7365972 0.76462 0.7391741 0.7550859 0.7208545 0.7619437 0.7592521 0.7751756 0.7578387 0.76462 0.7391741 0.7751756 0.7578387 0.7884075 0.7564254 0.7805258 0.7408812 0.7884075 0.7564254 0.8016394 0.7550119 0.7956792 0.7421904 0.8016394 0.7550119 0.8148712 0.7535985 0.8108046 0.7432948 0.7956792 0.7421904 0.8108046 0.7432948 0.806195 0.7327644 0.789695 0.729332 0.806195 0.7327644 0.8014746 0.7220588 0.7837619 0.7164283 0.8014746 0.7220588 0.7967754 0.7111442 0.7656503 0.7101168 0.7837619 0.7164283 0.7779749 0.7034782 0.7466824 0.7030068 0.7656503 0.7101168 0.7588372 0.6949971 0.6333767 0.5184543 0.6361941 0.5352694 0.6469441 0.5386285 0.6361941 0.5352694 0.639092 0.552047 0.651928 0.5561853 0.6416636 0.5209729 0.6469441 0.5386285 0.6607928 0.5421229 0.6469441 0.5386285 0.651928 0.5561853 0.6679523 0.5602823 0.6250001 0.5000001 0.6259401 0.5159738 0.6333767 0.5184543 0.6259401 0.5159738 0.6268802 0.5319474 0.6361941 0.5352694 0.6268802 0.5319474 0.6278202 0.547921 0.639092 0.552047 0.6278202 0.547921 0.6287602 0.5638946 0.642224 0.568668 0.639092 0.552047 0.642224 0.568668 0.6569889 0.5737015 0.651928 0.5561853 0.6569889 0.5737015 0.6746465 0.5785713 0.6679523 0.5602823 0.6746465 0.5785713 0.6966992 0.583064 0.6607928 0.5421229 0.6679523 0.5602823 0.6889148 0.5642846 0.6521288 0.5237056 0.6607928 0.5421229 0.6803081 0.5460948 0.6417649 0.5048839 0.6521288 0.5237056 0.6689078 0.5276442 0.6361766 0.5032559 0.6416636 0.5209729 0.6521288 0.5237056 0.6305884 0.501628 0.6333767 0.5184543 0.6416636 0.5209729 0.6496734 0.6014571 0.6686534 0.6093426 0.6625355 0.5913096 0.6539386 0.6186571 0.6753618 0.6282944 0.6686534 0.6093426 0.6625355 0.5913096 0.6686534 0.6093426 0.6896815 0.6167736 0.6753618 0.6282944 0.6982249 0.6369485 0.6896815 0.6167736 0.6287602 0.5638946 0.6302371 0.5786057 0.6457647 0.5850063 0.6302371 0.5786057 0.6317141 0.5933166 0.6496734 0.6014571 0.6331909 0.6080276 0.6539386 0.6186571 0.6496734 0.6014571 0.6346678 0.6227385 0.6587271 0.6386184 0.6539386 0.6186571 0.6587271 0.6386184 0.6827366 0.649098 0.6753618 0.6282944 0.6827366 0.649098 0.7074697 0.6580426 0.6982249 0.6369485 0.7074697 0.6580426 0.7334464 0.6664657 0.7233333 0.6450724 0.6896815 0.6167736 0.6982249 0.6369485 0.7233333 0.6450724 0.6818247 0.5973516 0.6896815 0.6167736 0.7138141 0.6237702 0.6746465 0.5785713 0.6818247 0.5973516 0.7049243 0.6029654 0.6569889 0.5737015 0.6625355 0.5913096 0.6818247 0.5973516 0.642224 0.568668 0.6457647 0.5850063 0.6625355 0.5913096 0.6642611 0.6639462 0.6702736 0.6920343 0.6997176 0.6976037 0.6702736 0.6920343 0.6765367 0.7208887 0.7092658 0.723618 0.6997176 0.6976037 0.728684 0.7030411 0.7175018 0.6801521 0.7092658 0.723618 0.7413874 0.7264056 0.728684 0.7030411 0.6346678 0.6227385 0.6376637 0.6545539 0.6642611 0.6639462 0.6376637 0.6545539 0.6406595 0.6863692 0.6702736 0.6920343 0.6406595 0.6863692 0.6436554 0.7181847 0.6765367 0.7208887 0.6436554 0.7181847 0.6466512 0.75 0.6829184 0.75 0.6765367 0.7208887 0.6829184 0.75 0.7191857 0.7500001 0.7092658 0.723618 0.7191857 0.7500001 0.7554529 0.7500001 0.7554529 0.7500001 0.7917201 0.75 0.770665 0.7293133 0.7413874 0.7264056 0.770665 0.7293133 0.7563154 0.7085479 0.728684 0.7030411 0.7563154 0.7085479 0.7442433 0.687625 0.7175018 0.6801521 0.7442433 0.687625 0.7334464 0.6664657 0.6908521 0.6724433 0.7175018 0.6801521 0.7074697 0.6580426 0.6642611 0.6639462 0.6908521 0.6724433 0.6827366 0.649098 0.5312501 0.3729389 0.5625001 0.3728243 0.5625001 0.3310087 0.5312501 0.416296 0.5625001 0.4139981 0.5625001 0.3728243 0.5625001 0.3728243 0.5937501 0.3729389 0.5937501 0.3291005 0.5625001 0.4139981 0.59375 0.416296 0.5937501 0.3729389 0.5 0.3242191 0.5312501 0.3291006 0.5312501 0.2913591 0.5000001 0.3731912 0.5312501 0.3729389 0.5312501 0.3291006 0.5000001 0.4221632 0.5312501 0.416296 0.5312501 0.3729389 0.5 0.4711352 0.5312501 0.4519971 0.5312501 0.416296 0.5312501 0.4519971 0.5625001 0.4479376 0.5625001 0.4139981 0.5625001 0.4479376 0.59375 0.4519971 0.59375 0.416296 0.59375 0.4519971 0.625 0.4711352 0.6250001 0.4221633 0.59375 0.416296 0.6250001 0.4221633 0.6250001 0.3731912 0.5937501 0.3729389 0.6250001 0.3731912 0.6250001 0.3242191 0.5937501 0.3291005 0.6250001 0.3242191 0.625 0.2752471 0.5625001 0.3310087 0.5937501 0.3291005 0.59375 0.2913591 0.5312501 0.3291006 0.5625001 0.3310087 0.5625001 0.2947768 0.6960073 0.5457663 0.7028028 0.5702031 0.7271717 0.5815739 0.7028028 0.5702031 0.7085065 0.5932263 0.7312744 0.6058873 0.7233204 0.5557418 0.7271717 0.5815739 0.7519408 0.5927022 0.7271717 0.5815739 0.7312744 0.6058873 0.7544918 0.6181657 0.6563566 0.5117151 0.672492 0.5367258 0.6960073 0.5457663 0.672492 0.5367258 0.6810962 0.5593415 0.7028028 0.5702031 0.6810962 0.5593415 0.6875183 0.5807185 0.7085065 0.5932263 0.693144 0.6009204 0.7138454 0.6144806 0.7085065 0.5932263 0.7138454 0.6144806 0.7357832 0.6279306 0.7312744 0.6058873 0.7312744 0.6058873 0.7357832 0.6279306 0.7581176 0.6408573 0.7544918 0.6181657 0.7581176 0.6408573 0.7800095 0.6528474 0.7519408 0.5927022 0.7544918 0.6181657 0.7768353 0.6295275 0.7508832 0.5656051 0.7519408 0.5927022 0.7748998 0.6028502 0.7512086 0.5378665 0.7508832 0.5656051 0.7753111 0.5743541 0.7195913 0.5291494 0.7233204 0.5557418 0.7508832 0.5656051 0.687974 0.5204323 0.6960073 0.5457663 0.7233204 0.5557418 0.6368462 0.5315819 0.6494314 0.5404313 0.6451703 0.5239239 0.6387985 0.5450189 0.6533128 0.5569767 0.6494314 0.5404313 0.6494314 0.5404313 0.6636598 0.5495277 0.6567576 0.5297753 0.6533128 0.5569767 0.6692798 0.5687337 0.6636598 0.5495277 0.6250001 0.5129437 0.634855 0.5183817 0.6328392 0.5052312 0.6250001 0.5228176 0.6368462 0.5315819 0.634855 0.5183817 0.6250001 0.5326914 0.6387985 0.5450189 0.6368462 0.5315819 0.625 0.5425652 0.6407387 0.5596796 0.6387985 0.5450189 0.6407387 0.5596796 0.6569964 0.5739654 0.6533128 0.5569767 0.6569964 0.5739654 0.6742918 0.5875186 0.6692798 0.5687337 0.6742918 0.5875186 0.693144 0.6009204 0.6875183 0.5807185 0.6692798 0.5687337 0.6875183 0.5807185 0.6810962 0.5593415 0.6567576 0.5297753 0.6636598 0.5495277 0.6810962 0.5593415 0.6485175 0.5095539 0.6567576 0.5297753 0.672492 0.5367258 0.6406784 0.5073925 0.6451703 0.5239239 0.6567576 0.5297753 0.634855 0.5183817 0.6451703 0.5239239 0.6406784 0.5073925 0.7928721 0.5809227 0.794477 0.6115552 0.8115985 0.6194388 0.794477 0.6115552 0.797349 0.6397534 0.8165418 0.6498804 0.8068493 0.5863031 0.8115985 0.6194388 0.8276331 0.6272389 0.8115985 0.6194388 0.8165418 0.6498804 0.8352426 0.6611561 0.7828258 0.5465836 0.7753111 0.5743541 0.7928721 0.5809227 0.7753111 0.5743541 0.7748998 0.6028502 0.794477 0.6115552 0.7748998 0.6028502 0.7768353 0.6295275 0.797349 0.6397534 0.7768353 0.6295275 0.7800095 0.6528474 0.8008748 0.6638386 0.797349 0.6397534 0.8008748 0.6638386 0.8211531 0.6751713 0.8165418 0.6498804 0.8211531 0.6751713 0.8416638 0.6889879 0.8352426 0.6611561 0.8416638 0.6889879 0.8647245 0.7128459 0.8276331 0.6272389 0.8352426 0.6611561 0.8539701 0.6739604 0.8198242 0.5913129 0.8276331 0.6272389 0.8432158 0.6350748 0.8119868 0.5546236 0.8198242 0.5913129 0.8324614 0.5961892 0.8022665 0.5519436 0.8068493 0.5863031 0.8198242 0.5913129 0.7925462 0.5492636 0.7928721 0.5809227 0.8068493 0.5863031 0.5312501 0.02378195 0.5312501 0.03285664 0.5625001 0.03365433 0.5312501 0.03285664 0.5312501 0.04528158 0.5625001 0.04764956 0.5625001 0.02412617 0.5625001 0.03365433 0.5937501 0.03285664 0.5625001 0.03365433 0.5625001 0.04764956 0.59375 0.04528158 0.5 0.0147739 0.5000001 0.02293783 0.5312501 0.02378195 0.5000001 0.02293783 0.5000001 0.03110176 0.5312501 0.03285664 0.5000001 0.03110176 0.5000001 0.03926569 0.5312501 0.04528158 0.5000001 0.03926569 0.5 0.04742962 0.5312501 0.06643944 0.5312501 0.04528158 0.5312501 0.06643944 0.5625001 0.07047188 0.5625001 0.04764956 0.5625001 0.07047188 0.59375 0.0664395 0.59375 0.04528158 0.59375 0.0664395 0.625 0.04742962 0.5937501 0.03285664 0.59375 0.04528158 0.6250001 0.03926569 0.5937501 0.02378195 0.5937501 0.03285664 0.6250001 0.03110176 0.59375 0.01682287 0.5937501 0.02378195 0.6250001 0.02293783 0.5625001 0.01725745 0.5625001 0.02412617 0.5937501 0.02378195 0.5312501 0.01682287 0.5312501 0.02378195 0.5625001 0.02412617 0.53125 0.003714799 0.5312501 0.00755769 0.5625001 0.007635295 0.5312501 0.00755769 0.5312501 0.01172655 0.5625001 0.01198071 0.5625001 0.003724515 0.5625001 0.007635295 0.5937501 0.00755769 0.5625001 0.007635295 0.5625001 0.01198071 0.59375 0.01172655 0.5000001 0 0.5000001 0.003693461 0.53125 0.003714799 0.5000001 0.003693461 0.5000001 0.007386922 0.5312501 0.00755769 0.5000001 0.007386922 0.5000001 0.01108044 0.5312501 0.01172655 0.5000001 0.01108044 0.5 0.0147739 0.5312501 0.01682287 0.5312501 0.01172655 0.5312501 0.01682287 0.5625001 0.01725745 0.5625001 0.01198071 0.5625001 0.01725745 0.59375 0.01682287 0.59375 0.01172655 0.59375 0.01682287 0.625 0.0147739 0.5937501 0.00755769 0.59375 0.01172655 0.6250001 0.01108038 0.5937501 0.003714799 0.5937501 0.00755769 0.6250001 0.007386922 0.5937501 0.003714799 0.6250001 0.003693461 0.6250001 0 0.5625001 0.003724515 0.5937501 0.003714799 0.5937501 0 0.53125 0.003714799 0.5625001 0.003724515 0.5625001 0 0.7255592 0.6516563 0.7463812 0.6642821 0.7408241 0.6472135 0.7320982 0.6687266 0.7524027 0.6799416 0.7463812 0.6642821 0.7463812 0.6642821 0.7672071 0.6761413 0.7624074 0.6599774 0.7524027 0.6799416 0.7724262 0.6903185 0.7672071 0.6761413 0.698869 0.6200136 0.7194809 0.6337934 0.7138454 0.6144806 0.7049494 0.6384398 0.7255592 0.6516563 0.7194809 0.6337934 0.7114818 0.6567346 0.7320982 0.6687266 0.7255592 0.6516563 0.7185626 0.6754339 0.7391154 0.685662 0.7320982 0.6687266 0.7391154 0.685662 0.7588372 0.6949971 0.7524027 0.6799416 0.7588372 0.6949971 0.7779749 0.7034782 0.7724262 0.6903185 0.7779749 0.7034782 0.7967754 0.7111442 0.7921995 0.6997963 0.7724262 0.6903185 0.7921995 0.6997963 0.7878288 0.6870578 0.7672071 0.6761413 0.7878288 0.6870578 0.7837399 0.6717882 0.7624074 0.6599774 0.7837399 0.6717882 0.7800095 0.6528474 0.7408241 0.6472135 0.7624074 0.6599774 0.7581176 0.6408573 0.7194809 0.6337934 0.7408241 0.6472135 0.7357832 0.6279306 0.6448282 0.5956814 0.664705 0.6105224 0.6607311 0.5917994 0.6472635 0.6153531 0.6691289 0.6302487 0.664705 0.6105224 0.664705 0.6105224 0.6846979 0.6247565 0.6793453 0.6060752 0.6691289 0.6302487 0.6905151 0.6439747 0.6846979 0.6247565 0.6250001 0.5615311 0.6427163 0.5769446 0.6407387 0.5596796 0.6250001 0.5804969 0.6448282 0.5956814 0.6427163 0.5769446 0.6250001 0.5994626 0.6472635 0.6153531 0.6448282 0.5956814 0.625 0.6184284 0.6506809 0.637421 0.6472635 0.6153531 0.6506809 0.637421 0.6743631 0.6517319 0.6691289 0.6302487 0.6743631 0.6517319 0.69698 0.6642225 0.6905151 0.6439747 0.69698 0.6642225 0.7185626 0.6754339 0.7114818 0.6567346 0.6905151 0.6439747 0.7114818 0.6567346 0.7049494 0.6384398 0.6846979 0.6247565 0.7049494 0.6384398 0.698869 0.6200136 0.6793453 0.6060752 0.698869 0.6200136 0.693144 0.6009204 0.6607311 0.5917994 0.6793453 0.6060752 0.6742918 0.5875186 0.6427163 0.5769446 0.6607311 0.5917994 0.6569964 0.5739654 0.8044881 0.6826141 0.8081076 0.696994 0.828181 0.706466 0.8117644 0.7083888 0.8312056 0.7164085 0.828181 0.706466 0.8249503 0.6934805 0.828181 0.706466 0.8482211 0.7160035 0.828181 0.706466 0.8312056 0.7164085 0.8506116 0.7242178 0.7800095 0.6528474 0.7837399 0.6717882 0.8044881 0.6826141 0.7878288 0.6870578 0.8081076 0.696994 0.8044881 0.6826141 0.7921995 0.6997963 0.8117644 0.7083888 0.8081076 0.696994 0.7967754 0.7111442 0.8154554 0.7180846 0.8117644 0.7083888 0.8154554 0.7180846 0.8341082 0.7245888 0.8312056 0.7164085 0.8312056 0.7164085 0.8341082 0.7245888 0.8528103 0.7310454 0.8506116 0.7242178 0.8528103 0.7310454 0.8717992 0.7384268 0.8482211 0.7160035 0.8506116 0.7242178 0.8700307 0.7320317 0.8455545 0.705577 0.8482211 0.7160035 0.8682619 0.7256365 0.8416638 0.6889879 0.8455545 0.705577 0.8664932 0.7192413 0.8211531 0.6751713 0.8249503 0.6934805 0.8455545 0.705577 0.8008748 0.6638386 0.8044881 0.6826141 0.8249503 0.6934805 0.5642367 0.08532065 0.5638855 0.1691774 0.5958194 0.1698319 0.5321186 0.08563071 0.5319448 0.1701609 0.5638855 0.1691774 0.5638855 0.1691774 0.5635535 0.2484477 0.5953019 0.251008 0.5319448 0.1701609 0.5317827 0.2512519 0.5635535 0.2484477 0.5968942 -7.52487e-4 0.596354 0.08521538 0.6284707 0.08523297 0.5645962 -5.01658e-4 0.5642367 0.08532065 0.596354 0.08521538 0.5322981 -2.50829e-4 0.5321186 0.08563071 0.5642367 0.08532065 0.5000001 0 0.5000001 0.08606356 0.5321186 0.08563071 0.5000001 0.08606356 0.5000001 0.1721271 0.5319448 0.1701609 0.5000001 0.1721271 0.5000001 0.2581908 0.5317827 0.2512519 0.5000001 0.2581908 0.5 0.3442543 0.5316396 0.3225612 0.5317827 0.2512519 0.5316396 0.3225612 0.5632627 0.3178901 0.5635535 0.2484477 0.5632627 0.3178901 0.5948474 0.3223918 0.5953019 0.251008 0.5948474 0.3223918 0.6263058 0.3439418 0.5958194 0.1698319 0.5953019 0.251008 0.6270275 0.2577056 0.596354 0.08521538 0.5958194 0.1698319 0.627749 0.1714692 0.6592315 0.6348159 0.6829449 0.6451228 0.6732784 0.5921524 0.6592315 0.6348159 0.6666911 0.6924233 0.6923549 0.6976841 0.6829449 0.6451228 0.7073757 0.6565751 0.6955759 0.60817 0.6829449 0.6451228 0.6923549 0.6976841 0.7183364 0.7036404 0.6304128 0.5625001 0.65174 0.5771574 0.6442292 0.5194683 0.6304128 0.5625001 0.6358256 0.6250001 0.6592315 0.6348159 0.6358256 0.6250001 0.6412384 0.6875001 0.6666911 0.6924233 0.6412384 0.6875001 0.6466512 0.75 0.6741313 0.75 0.6666911 0.6924233 0.6741313 0.75 0.7016113 0.75 0.6923549 0.6976841 0.7016113 0.75 0.7290915 0.75 0.7183364 0.7036404 0.7290915 0.75 0.7565715 0.75 0.7183364 0.7036404 0.7440828 0.7107319 0.733344 0.6704819 0.7073757 0.6565751 0.733344 0.6704819 0.7211704 0.627941 0.6955759 0.60817 0.7211704 0.627941 0.7019166 0.5778728 0.6732784 0.5921524 0.6955759 0.60817 0.6826875 0.5584047 0.65174 0.5771574 0.6732784 0.5921524 0.6634584 0.5389364 0.7614649 0.6878252 0.7911233 0.7076228 0.7891002 0.6859024 0.7686039 0.7192653 0.7928901 0.7289342 0.7911233 0.7076228 0.7911233 0.7076228 0.8214991 0.728566 0.8254727 0.7177824 0.7928901 0.7289342 0.8174937 0.7392983 0.8214991 0.728566 0.7211704 0.627941 0.7534867 0.655045 0.7444201 0.6209047 0.733344 0.6704819 0.7614649 0.6878252 0.7534867 0.655045 0.7440828 0.7107319 0.7686039 0.7192653 0.7614649 0.6878252 0.7440828 0.7107319 0.7565715 0.75 0.7755374 0.75 0.7755374 0.75 0.7945032 0.7500001 0.7928901 0.7289342 0.7945032 0.7500001 0.813469 0.7500001 0.8174937 0.7392983 0.813469 0.7500001 0.8324348 0.7500001 0.8423087 0.7500001 0.8174937 0.7392983 0.8423087 0.7500001 0.8521825 0.7500001 0.8214991 0.728566 0.8521825 0.7500001 0.8620564 0.7500001 0.8254727 0.7177824 0.8620564 0.7500001 0.8719303 0.7500001 0.7891002 0.6859024 0.8254727 0.7177824 0.8294269 0.7069683 0.7534867 0.655045 0.7891002 0.6859024 0.7869234 0.6639365 0.5630295 0.3735732 0.5628374 0.4194282 0.5942473 0.4202082 0.5315207 0.3763146 0.5314208 0.4202863 0.5628374 0.4194282 0.5628374 0.4194282 0.5626646 0.4606969 0.5939958 0.4607798 0.5314208 0.4202863 0.5313326 0.4608188 0.5626646 0.4606969 0.5948474 0.3223918 0.5945158 0.3761961 0.6259794 0.3829564 0.5632627 0.3178901 0.5630295 0.3735732 0.5945158 0.3761961 0.5316396 0.3225612 0.5315207 0.3763146 0.5630295 0.3735732 0.5 0.3442543 0.5000001 0.3831908 0.5315207 0.3763146 0.5000001 0.3831908 0.5000001 0.4221272 0.5314208 0.4202863 0.5000001 0.4221272 0.5000001 0.4610636 0.5313326 0.4608188 0.5000001 0.4610636 0.5000001 0.5000001 0.5312501 0.5000001 0.5313326 0.4608188 0.5312501 0.5000001 0.5625001 0.5000001 0.5626646 0.4606969 0.5625001 0.5000001 0.5937501 0.5000001 0.5939958 0.4607798 0.5937501 0.5000001 0.6250001 0.5000001 0.5942473 0.4202082 0.5939958 0.4607798 0.6253265 0.4609855 0.5945158 0.3761961 0.5942473 0.4202082 0.625653 0.421971 0.5312501 0.1028875 0.5312501 0.14688 0.5625001 0.1469576 0.5312501 0.14688 0.5312501 0.1911972 0.5625001 0.1891838 0.5625001 0.1051654 0.5625001 0.1469576 0.5937501 0.1468801 0.5625001 0.1469576 0.5625001 0.1891838 0.59375 0.1911993 0.5 0.04742962 0.5000001 0.09706962 0.5312501 0.1028875 0.5000001 0.09706962 0.5000001 0.1467096 0.5312501 0.14688 0.5000001 0.1467096 0.5000001 0.1963496 0.5312501 0.1911972 0.5000001 0.1963496 0.5 0.2459896 0.5312501 0.2290151 0.5312501 0.1911972 0.5312501 0.2290151 0.5625001 0.2254273 0.5625001 0.1891838 0.5625001 0.2254273 0.59375 0.2290362 0.59375 0.1911993 0.59375 0.2290362 0.625 0.2459896 0.5937501 0.1468801 0.59375 0.1911993 0.6250001 0.1963496 0.5937501 0.1028875 0.5937501 0.1468801 0.6250001 0.1467096 0.59375 0.0664395 0.5937501 0.1028875 0.6250001 0.09706962 0.5625001 0.07047188 0.5625001 0.1051654 0.5937501 0.1028875 0.5312501 0.06643944 0.5312501 0.1028875 0.5625001 0.1051654 0.5312501 0.4792808 0.5625001 0.4794508 0.5625001 0.464762 0.53125 0.4904667 0.5625001 0.4911364 0.5625001 0.4794508 0.5625001 0.4794508 0.5937501 0.4806934 0.5937501 0.4671915 0.5625001 0.4911364 0.59375 0.4919403 0.5937501 0.4806934 0.5 0.4696316 0.5312501 0.4658452 0.5312501 0.4460214 0.5000001 0.4797544 0.5312501 0.4792808 0.5312501 0.4658452 0.5000001 0.4898772 0.53125 0.4904667 0.5312501 0.4792808 0.5000001 0.4898772 0.5000001 0.5000001 0.5312501 0.5007675 0.53125 0.4904667 0.5312501 0.5007675 0.5625001 0.501535 0.5625001 0.4911364 0.5625001 0.501535 0.5937501 0.5023024 0.59375 0.4919403 0.5937501 0.5023024 0.6250001 0.5030699 0.59375 0.4919403 0.6250001 0.4928247 0.6250001 0.4825796 0.5937501 0.4806934 0.6250001 0.4825796 0.6250001 0.4723345 0.5937501 0.4671915 0.6250001 0.4723345 0.625 0.4620893 0.5625001 0.464762 0.5937501 0.4671915 0.59375 0.4472602 0.5312501 0.4658452 0.5625001 0.464762 0.5625001 0.4436376 0.8228318 0.7358638 0.8396251 0.7387453 0.8369061 0.7319075 0.8264155 0.7443473 0.842293 0.7453299 0.8396251 0.7387453 0.8369061 0.7319075 0.8396251 0.7387453 0.8564955 0.7415071 0.842293 0.7453299 0.8582366 0.7462384 0.8564955 0.7415071 0.8014746 0.7220588 0.8191609 0.7271441 0.8154554 0.7180846 0.806195 0.7327644 0.8228318 0.7358638 0.8191609 0.7271441 0.8108046 0.7432948 0.8264155 0.7443473 0.8228318 0.7358638 0.8148712 0.7535985 0.8299035 0.752699 0.8264155 0.7443473 0.8299035 0.752699 0.8449357 0.7517994 0.842293 0.7453299 0.8449357 0.7517994 0.8599679 0.7508997 0.8582366 0.7462384 0.8599679 0.7508997 0.8750001 0.7500001 0.8741999 0.7471067 0.8564955 0.7415071 0.8582366 0.7462384 0.8741999 0.7471067 0.8547215 0.7365844 0.8564955 0.7415071 0.8733997 0.7442135 0.8528103 0.7310454 0.8547215 0.7365844 0.8725995 0.7413203 0.8341082 0.7245888 0.8369061 0.7319075 0.8547215 0.7365844 0.8191609 0.7271441 0.8369061 0.7319075 0.8341082 0.7245888 0.5315118 0.2291076 0.5313265 0.247671 0.5626114 0.2476987 0.5312597 0.2663491 0.562514 0.2682751 0.5626114 0.2476987 0.5629036 0.2272774 0.5626114 0.2476987 0.5938266 0.247671 0.562514 0.2682751 0.5937596 0.2663491 0.5938266 0.247671 0.5 0.219973 0.5000001 0.2337915 0.5315118 0.2291076 0.5000001 0.2337915 0.5000001 0.24761 0.5313265 0.247671 0.5 0.2614285 0.5312597 0.2663491 0.5313265 0.247671 0.5 0.275247 0.5312501 0.2913591 0.5312597 0.2663491 0.5312501 0.2913591 0.5625001 0.2947768 0.562514 0.2682751 0.5625001 0.2947768 0.59375 0.2913591 0.5937596 0.2663491 0.59375 0.2913591 0.625 0.2752471 0.6250001 0.2614286 0.5937596 0.2663491 0.6250001 0.2614286 0.6250001 0.2476101 0.5940675 0.2291107 0.5938266 0.247671 0.6250001 0.2476101 0.5949467 0.2046074 0.5940675 0.2291107 0.6250001 0.2337915 0.5636132 0.2013295 0.5629036 0.2272774 0.5940675 0.2291107 0.5318901 0.204577 0.5315118 0.2291076 0.5629036 0.2272774 0.5312501 0.4839728 0.5625001 0.4832478 0.5625001 0.4699423 0.53125 0.4925845 0.5625001 0.4924939 0.5625001 0.4832478 0.5625001 0.4832478 0.5937501 0.4839728 0.5937501 0.4723164 0.5625001 0.4924939 0.59375 0.4925845 0.5937501 0.4839728 0.5000001 0.4783514 0.5312501 0.4723164 0.5312501 0.4519971 0.5000001 0.4855676 0.5312501 0.4839728 0.5312501 0.4723164 0.5000001 0.4927839 0.53125 0.4925845 0.5312501 0.4839728 0.5000001 0.5000001 0.5312501 0.5000001 0.53125 0.4925845 0.5312501 0.5000001 0.5625001 0.5000001 0.5625001 0.4924939 0.5625001 0.5000001 0.5937501 0.5000001 0.59375 0.4925845 0.5937501 0.5000001 0.6250001 0.5000001 0.6250001 0.4927839 0.59375 0.4925845 0.6250001 0.4927839 0.6250001 0.4855676 0.5937501 0.4839728 0.6250001 0.4855676 0.6250001 0.4783514 0.5937501 0.4723164 0.6250001 0.4783514 0.625 0.4711352 0.5625001 0.4699423 0.5937501 0.4723164 0.59375 0.4519971 0.5312501 0.4723164 0.5625001 0.4699423 0.5625001 0.4479376 0.7819625 0.7143763 0.8063594 0.7207465 0.7983532 0.7044798 0.7940753 0.732398 0.8146521 0.7356619 0.8063594 0.7207465 0.7983532 0.7044798 0.8063594 0.7207465 0.8304202 0.7277721 0.8063594 0.7207465 0.8146521 0.7356619 0.8346391 0.7390825 0.7442433 0.687625 0.7711303 0.6954911 0.7610557 0.6752004 0.7563154 0.7085479 0.7819625 0.7143763 0.7711303 0.6954911 0.770665 0.7293133 0.7940753 0.732398 0.7819625 0.7143763 0.7917201 0.75 0.8074334 0.7500001 0.7940753 0.732398 0.8074334 0.7500001 0.8231465 0.7500001 0.8146521 0.7356619 0.8231465 0.7500001 0.8388598 0.7500001 0.8346391 0.7390825 0.8346391 0.7390825 0.8388598 0.7500001 0.854573 0.7500001 0.8304202 0.7277721 0.8346391 0.7390825 0.8544843 0.7425873 0.8260981 0.7152593 0.8304202 0.7277721 0.8543957 0.7351745 0.8209565 0.6982817 0.8260981 0.7152593 0.8543071 0.7277618 0.7902482 0.6853038 0.7983532 0.7044798 0.8260981 0.7152593 0.7610557 0.6752004 0.7711303 0.6954911 0.7983532 0.7044798 0.7327032 0.607901 0.7417756 0.6304088 0.7729358 0.636771 0.7417756 0.6304088 0.7512677 0.6532216 0.7816925 0.6621593 0.7643299 0.6115636 0.7729358 0.636771 0.8063009 0.642942 0.7729358 0.636771 0.7816925 0.6621593 0.8140225 0.6726277 0.6966992 0.583064 0.7049243 0.6029654 0.7327032 0.607901 0.7049243 0.6029654 0.7138141 0.6237702 0.7417756 0.6304088 0.7138141 0.6237702 0.7233333 0.6450724 0.7512677 0.6532216 0.7233333 0.6450724 0.7334464 0.6664657 0.7610557 0.6752004 0.7512677 0.6532216 0.7610557 0.6752004 0.7902482 0.6853038 0.7816925 0.6621593 0.7902482 0.6853038 0.8209565 0.6982817 0.8140225 0.6726277 0.8209565 0.6982817 0.8542184 0.7203488 0.8063009 0.642942 0.8140225 0.6726277 0.8474996 0.6846826 0.7985433 0.6133471 0.8063009 0.642942 0.840781 0.6490163 0.7908951 0.588023 0.7985433 0.6133471 0.8340622 0.61335 0.7560327 0.5889803 0.7643299 0.6115636 0.7985433 0.6133471 0.7241498 0.5868396 0.7327032 0.607901 0.7643299 0.6115636 0.5370339 0.007145345 0.5364131 0.01622402 0.5728431 0.01661378 0.5364131 0.01622402 0.5357441 0.02818107 0.5715371 0.03037285 0.5740698 0.006681084 0.5728431 0.01661378 0.6093016 0.01563698 0.5728431 0.01661378 0.5715371 0.03037285 0.607423 0.02808904 0.5000001 0 0.5000001 0.007507145 0.5370339 0.007145345 0.5000001 0.007507145 0.5000001 0.01501429 0.5364131 0.01622402 0.5000001 0.01501429 0.5000001 0.02252149 0.5357441 0.02818107 0.5000001 0.02252149 0.5 0.03002864 0.5349965 0.0483725 0.5357441 0.02818107 0.5349965 0.0483725 0.5700609 0.05233132 0.5715371 0.03037285 0.5700609 0.05233132 0.6052842 0.04863733 0.607423 0.02808904 0.6052842 0.04863733 0.6410292 0.03090369 0.6093016 0.01563698 0.607423 0.02808904 0.6434031 0.02237194 0.6111093 0.006045997 0.6093016 0.01563698 0.645777 0.01384019 0.6128935 -0.002417445 0.6111093 0.006045997 0.6481508 0.005308449 0.5752624 -0.00161159 0.5740698 0.006681084 0.6111093 0.006045997 0.5376312 -8.05825e-4 0.5370339 0.007145345 0.5740698 0.006681084 0.6621672 0.6928813 0.6879889 0.701179 0.6806978 0.6755798 0.6687529 0.7224751 0.6959673 0.7276944 0.6879889 0.701179 0.6879889 0.701179 0.7126815 0.7087601 0.7042906 0.6858754 0.6959673 0.7276944 0.7223535 0.7325674 0.7126815 0.7087601 0.6304128 0.6513213 0.655926 0.6639798 0.6506809 0.637421 0.6358256 0.6842142 0.6621672 0.6928813 0.655926 0.6639798 0.6412384 0.7171071 0.6687529 0.7224751 0.6621672 0.6928813 0.6466512 0.75 0.6754744 0.752313 0.6687529 0.7224751 0.6754744 0.752313 0.7042976 0.7546261 0.6959673 0.7276944 0.7042976 0.7546261 0.7331206 0.7569391 0.7223535 0.7325674 0.7331206 0.7569391 0.7619437 0.7592521 0.7460398 0.7365972 0.7223535 0.7325674 0.7460398 0.7365972 0.7352774 0.7153679 0.7126815 0.7087601 0.7352774 0.7153679 0.7263534 0.6949708 0.7042906 0.6858754 0.7263534 0.6949708 0.7185626 0.6754339 0.6806978 0.6755798 0.7042906 0.6858754 0.69698 0.6642225 0.655926 0.6639798 0.6806978 0.6755798 0.6743631 0.6517319 0.5312501 0.3781581 0.5625001 0.3785141 0.5625001 0.3430896 0.5312501 0.4148764 0.5625001 0.4137009 0.5625001 0.3785141 0.5625001 0.3785141 0.5937501 0.3789549 0.5937501 0.3418167 0.5625001 0.4137009 0.59375 0.4159148 0.5937501 0.3789549 0.5000001 0.3370251 0.5312501 0.3412618 0.5312501 0.3093634 0.5000001 0.377853 0.5312501 0.3781581 0.5312501 0.3412618 0.5 0.4186809 0.5312501 0.4148764 0.5312501 0.3781581 0.5 0.4595087 0.5312501 0.4460214 0.5312501 0.4148764 0.5312501 0.4460214 0.5625001 0.4436376 0.5625001 0.4137009 0.5625001 0.4436376 0.59375 0.4472602 0.59375 0.4159148 0.59375 0.4472602 0.625 0.4620893 0.6250001 0.420768 0.59375 0.4159148 0.6250001 0.420768 0.6250001 0.3794467 0.5937501 0.3789549 0.6250001 0.3794467 0.6250001 0.3381254 0.5937501 0.3418167 0.6250001 0.3381254 0.625 0.2968041 0.5625001 0.3430896 0.5937501 0.3418167 0.59375 0.3097143 0.5312501 0.3412618 0.5625001 0.3430896 0.5625001 0.3123044 0.5312501 0.2708421 0.5625001 0.2707693 0.5625001 0.2513611 0.5312501 0.2876915 0.5625001 0.2893447 0.5625001 0.2707693 0.5625001 0.2707693 0.5937501 0.2709938 0.5937501 0.2534428 0.5625001 0.2893447 0.59375 0.2879238 0.5937501 0.2709938 0.5 0.2459896 0.5000001 0.2585415 0.5312501 0.2533648 0.5000001 0.2710934 0.5312501 0.2708421 0.5312501 0.2533648 0.5000001 0.2836453 0.5312501 0.2876915 0.5312501 0.2708421 0.5 0.2961972 0.5312501 0.3093634 0.5312501 0.2876915 0.5312501 0.3093634 0.5625001 0.3123044 0.5625001 0.2893447 0.5625001 0.3123044 0.59375 0.3097143 0.59375 0.2879238 0.59375 0.3097143 0.625 0.2968041 0.6250001 0.2841005 0.59375 0.2879238 0.6250001 0.2841005 0.6250001 0.2713969 0.5937501 0.2709938 0.6250001 0.2713969 0.6250001 0.2586932 0.59375 0.2290362 0.5937501 0.2534428 0.6250001 0.2586932 0.5625001 0.2254273 0.5625001 0.2513611 0.5937501 0.2534428 0.5312501 0.2290151 0.5312501 0.2533648 0.5625001 0.2513611 0.6971724 0.5341463 0.7073549 0.5507609 0.7400776 0.5555899 0.7073549 0.5507609 0.7160065 0.5680083 0.7480632 0.5707333 0.731752 0.5418149 0.7400776 0.5555899 0.7759144 0.5600304 0.7400776 0.5555899 0.7480632 0.5707333 0.7833587 0.571701 0.6473531 0.5065118 0.6689078 0.5276442 0.6971724 0.5341463 0.6689078 0.5276442 0.6803081 0.5460948 0.7073549 0.5507609 0.6803081 0.5460948 0.6889148 0.5642846 0.7160065 0.5680083 0.6889148 0.5642846 0.6966992 0.583064 0.7241498 0.5868396 0.7160065 0.5680083 0.7241498 0.5868396 0.7560327 0.5889803 0.7480632 0.5707333 0.7560327 0.5889803 0.7908951 0.588023 0.7833587 0.571701 0.7908951 0.588023 0.8273433 0.5776836 0.7759144 0.5600304 0.7833587 0.571701 0.8202701 0.5709385 0.7759144 0.5600304 0.8131966 0.5641934 0.8061231 0.5574483 0.7685117 0.5496324 0.8061231 0.5574483 0.7990499 0.5507032 0.7232015 0.5286075 0.731752 0.5418149 0.7685117 0.5496324 0.6852774 0.5175597 0.6971724 0.5341463 0.731752 0.5418149 0.5341584 0.08321559 0.533299 0.1253317 0.5665733 0.1255418 0.533299 0.1253317 0.5325098 0.1678778 0.5649015 0.1661114 0.5683605 0.085536 0.5665733 0.1255418 0.5998064 0.1255505 0.5665733 0.1255418 0.5649015 0.1661114 0.5970691 0.1679902 0.5 0.03002864 0.5000001 0.07751476 0.5341584 0.08321559 0.5000001 0.07751476 0.5000001 0.1250008 0.533299 0.1253317 0.5000001 0.1250008 0.5000001 0.1724869 0.5325098 0.1678778 0.5000001 0.1724869 0.5 0.219973 0.5318901 0.204577 0.5325098 0.1678778 0.5318901 0.204577 0.5636132 0.2013295 0.5649015 0.1661114 0.5636132 0.2013295 0.5949467 0.2046074 0.5970691 0.1679902 0.5949467 0.2046074 0.625 0.219973 0.5998064 0.1255505 0.5970691 0.1679902 0.6290075 0.1727057 0.6026467 0.08352649 0.5998064 0.1255505 0.6330147 0.1254384 0.6052842 0.04863733 0.6026467 0.08352649 0.637022 0.07817107 0.5700609 0.05233132 0.5683605 0.085536 0.6026467 0.08352649 0.5349965 0.0483725 0.5341584 0.08321559 0.5683605 0.085536 0.7550859 0.7208545 0.7728781 0.7254207 0.7656503 0.7101168 0.76462 0.7391741 0.7805258 0.7408812 0.7728781 0.7254207 0.7728781 0.7254207 0.789695 0.729332 0.7837619 0.7164283 0.7805258 0.7408812 0.7956792 0.7421904 0.789695 0.729332 0.7263534 0.6949708 0.7466824 0.7030068 0.7391154 0.685662 0.7352774 0.7153679 0.7550859 0.7208545 0.7466824 0.7030068 0.7460398 0.7365972 0.76462 0.7391741 0.7550859 0.7208545 0.7619437 0.7592521 0.7751756 0.7578387 0.76462 0.7391741 0.7751756 0.7578387 0.7884075 0.7564254 0.7805258 0.7408812 0.7884075 0.7564254 0.8016394 0.7550119 0.7956792 0.7421904 0.8016394 0.7550119 0.8148712 0.7535985 0.8108046 0.7432948 0.7956792 0.7421904 0.8108046 0.7432948 0.806195 0.7327644 0.789695 0.729332 0.806195 0.7327644 0.8014746 0.7220588 0.7837619 0.7164283 0.8014746 0.7220588 0.7967754 0.7111442 0.7656503 0.7101168 0.7837619 0.7164283 0.7779749 0.7034782 0.7466824 0.7030068 0.7656503 0.7101168 0.7588372 0.6949971 0.6333767 0.5184543 0.6361941 0.5352694 0.6469441 0.5386285 0.6361941 0.5352694 0.639092 0.552047 0.651928 0.5561853 0.6416636 0.5209729 0.6469441 0.5386285 0.6607928 0.5421229 0.6469441 0.5386285 0.651928 0.5561853 0.6679523 0.5602823 0.6250001 0.5000001 0.6259401 0.5159738 0.6333767 0.5184543 0.6259401 0.5159738 0.6268802 0.5319474 0.6361941 0.5352694 0.6268802 0.5319474 0.6278202 0.547921 0.639092 0.552047 0.6278202 0.547921 0.6287602 0.5638946 0.642224 0.568668 0.639092 0.552047 0.642224 0.568668 0.6569889 0.5737015 0.651928 0.5561853 0.6569889 0.5737015 0.6746465 0.5785713 0.6679523 0.5602823 0.6746465 0.5785713 0.6966992 0.583064 0.6607928 0.5421229 0.6679523 0.5602823 0.6889148 0.5642846 0.6521288 0.5237056 0.6607928 0.5421229 0.6803081 0.5460948 0.6417649 0.5048839 0.6521288 0.5237056 0.6689078 0.5276442 0.6361766 0.5032559 0.6416636 0.5209729 0.6521288 0.5237056 0.6305884 0.501628 0.6333767 0.5184543 0.6416636 0.5209729 0.6496734 0.6014571 0.6686534 0.6093426 0.6625355 0.5913096 0.6539386 0.6186571 0.6753618 0.6282944 0.6686534 0.6093426 0.6625355 0.5913096 0.6686534 0.6093426 0.6896815 0.6167736 0.6753618 0.6282944 0.6982249 0.6369485 0.6896815 0.6167736 0.6287602 0.5638946 0.6302371 0.5786057 0.6457647 0.5850063 0.6302371 0.5786057 0.6317141 0.5933166 0.6496734 0.6014571 0.6331909 0.6080276 0.6539386 0.6186571 0.6496734 0.6014571 0.6346678 0.6227385 0.6587271 0.6386184 0.6539386 0.6186571 0.6587271 0.6386184 0.6827366 0.649098 0.6753618 0.6282944 0.6827366 0.649098 0.7074697 0.6580426 0.6982249 0.6369485 0.7074697 0.6580426 0.7334464 0.6664657 0.7233333 0.6450724 0.6896815 0.6167736 0.6982249 0.6369485 0.7233333 0.6450724 0.6818247 0.5973516 0.6896815 0.6167736 0.7138141 0.6237702 0.6746465 0.5785713 0.6818247 0.5973516 0.7049243 0.6029654 0.6569889 0.5737015 0.6625355 0.5913096 0.6818247 0.5973516 0.642224 0.568668 0.6457647 0.5850063 0.6625355 0.5913096 0.6642611 0.6639462 0.6702736 0.6920343 0.6997176 0.6976037 0.6702736 0.6920343 0.6765367 0.7208887 0.7092658 0.723618 0.6997176 0.6976037 0.728684 0.7030411 0.7175018 0.6801521 0.7092658 0.723618 0.7413874 0.7264056 0.728684 0.7030411 0.6346678 0.6227385 0.6376637 0.6545539 0.6642611 0.6639462 0.6376637 0.6545539 0.6406595 0.6863692 0.6702736 0.6920343 0.6406595 0.6863692 0.6436554 0.7181847 0.6765367 0.7208887 0.6436554 0.7181847 0.6466512 0.75 0.6829184 0.75 0.6765367 0.7208887 0.6829184 0.75 0.7191857 0.7500001 0.7092658 0.723618 0.7191857 0.7500001 0.7554529 0.7500001 0.7554529 0.7500001 0.7917201 0.75 0.770665 0.7293133 0.7413874 0.7264056 0.770665 0.7293133 0.7563154 0.7085479 0.728684 0.7030411 0.7563154 0.7085479 0.7442433 0.687625 0.7175018 0.6801521 0.7442433 0.687625 0.7334464 0.6664657 0.6908521 0.6724433 0.7175018 0.6801521 0.7074697 0.6580426 0.6642611 0.6639462 0.6908521 0.6724433 0.6827366 0.649098 0.5312501 0.3729389 0.5625001 0.3728243 0.5625001 0.3310087 0.5312501 0.416296 0.5625001 0.4139981 0.5625001 0.3728243 0.5625001 0.3728243 0.5937501 0.3729389 0.5937501 0.3291005 0.5625001 0.4139981 0.59375 0.416296 0.5937501 0.3729389 0.5 0.3242191 0.5312501 0.3291006 0.5312501 0.2913591 0.5000001 0.3731912 0.5312501 0.3729389 0.5312501 0.3291006 0.5000001 0.4221632 0.5312501 0.416296 0.5312501 0.3729389 0.5 0.4711352 0.5312501 0.4519971 0.5312501 0.416296 0.5312501 0.4519971 0.5625001 0.4479376 0.5625001 0.4139981 0.5625001 0.4479376 0.59375 0.4519971 0.59375 0.416296 0.59375 0.4519971 0.625 0.4711352 0.6250001 0.4221633 0.59375 0.416296 0.6250001 0.4221633 0.6250001 0.3731912 0.5937501 0.3729389 0.6250001 0.3731912 0.6250001 0.3242191 0.5937501 0.3291005 0.6250001 0.3242191 0.625 0.2752471 0.5625001 0.3310087 0.5937501 0.3291005 0.59375 0.2913591 0.5312501 0.3291006 0.5625001 0.3310087 0.5625001 0.2947768 0.6960073 0.5457663 0.7028028 0.5702031 0.7271717 0.5815739 0.7028028 0.5702031 0.7085065 0.5932263 0.7312744 0.6058873 0.7233204 0.5557418 0.7271717 0.5815739 0.7519408 0.5927022 0.7271717 0.5815739 0.7312744 0.6058873 0.7544918 0.6181657 0.6563566 0.5117151 0.672492 0.5367258 0.6960073 0.5457663 0.672492 0.5367258 0.6810962 0.5593415 0.7028028 0.5702031 0.6810962 0.5593415 0.6875183 0.5807185 0.7085065 0.5932263 0.693144 0.6009204 0.7138454 0.6144806 0.7085065 0.5932263 0.7138454 0.6144806 0.7357832 0.6279306 0.7312744 0.6058873 0.7312744 0.6058873 0.7357832 0.6279306 0.7581176 0.6408573 0.7544918 0.6181657 0.7581176 0.6408573 0.7800095 0.6528474 0.7519408 0.5927022 0.7544918 0.6181657 0.7768353 0.6295275 0.7508832 0.5656051 0.7519408 0.5927022 0.7748998 0.6028502 0.7512086 0.5378665 0.7508832 0.5656051 0.7753111 0.5743541 0.7195913 0.5291494 0.7233204 0.5557418 0.7508832 0.5656051 0.687974 0.5204323 0.6960073 0.5457663 0.7233204 0.5557418 0.6368462 0.5315819 0.6494314 0.5404313 0.6451703 0.5239239 0.6387985 0.5450189 0.6533128 0.5569767 0.6494314 0.5404313 0.6494314 0.5404313 0.6636598 0.5495277 0.6567576 0.5297753 0.6533128 0.5569767 0.6692798 0.5687337 0.6636598 0.5495277 0.6250001 0.5129437 0.634855 0.5183817 0.6328392 0.5052312 0.6250001 0.5228176 0.6368462 0.5315819 0.634855 0.5183817 0.6250001 0.5326914 0.6387985 0.5450189 0.6368462 0.5315819 0.625 0.5425652 0.6407387 0.5596796 0.6387985 0.5450189 0.6407387 0.5596796 0.6569964 0.5739654 0.6533128 0.5569767 0.6569964 0.5739654 0.6742918 0.5875186 0.6692798 0.5687337 0.6742918 0.5875186 0.693144 0.6009204 0.6875183 0.5807185 0.6692798 0.5687337 0.6875183 0.5807185 0.6810962 0.5593415 0.6567576 0.5297753 0.6636598 0.5495277 0.6810962 0.5593415 0.6485175 0.5095539 0.6567576 0.5297753 0.672492 0.5367258 0.6406784 0.5073925 0.6451703 0.5239239 0.6567576 0.5297753 0.634855 0.5183817 0.6451703 0.5239239 0.6406784 0.5073925 0.7928721 0.5809227 0.794477 0.6115552 0.8115985 0.6194388 0.794477 0.6115552 0.797349 0.6397534 0.8165418 0.6498804 0.8068493 0.5863031 0.8115985 0.6194388 0.8276331 0.6272389 0.8115985 0.6194388 0.8165418 0.6498804 0.8352426 0.6611561 0.7828258 0.5465836 0.7753111 0.5743541 0.7928721 0.5809227 0.7753111 0.5743541 0.7748998 0.6028502 0.794477 0.6115552 0.7748998 0.6028502 0.7768353 0.6295275 0.797349 0.6397534 0.7768353 0.6295275 0.7800095 0.6528474 0.8008748 0.6638386 0.797349 0.6397534 0.8008748 0.6638386 0.8211531 0.6751713 0.8165418 0.6498804 0.8211531 0.6751713 0.8416638 0.6889879 0.8352426 0.6611561 0.8416638 0.6889879 0.8647245 0.7128459 0.8276331 0.6272389 0.8352426 0.6611561 0.8539701 0.6739604 0.8198242 0.5913129 0.8276331 0.6272389 0.8432158 0.6350748 0.8119868 0.5546236 0.8198242 0.5913129 0.8324614 0.5961892 0.8022665 0.5519436 0.8068493 0.5863031 0.8198242 0.5913129 0.7925462 0.5492636 0.7928721 0.5809227 0.8068493 0.5863031 0.5312501 0.02378195 0.5312501 0.03285664 0.5625001 0.03365433 0.5312501 0.03285664 0.5312501 0.04528158 0.5625001 0.04764956 0.5625001 0.02412617 0.5625001 0.03365433 0.5937501 0.03285664 0.5625001 0.03365433 0.5625001 0.04764956 0.59375 0.04528158 0.5 0.0147739 0.5000001 0.02293783 0.5312501 0.02378195 0.5000001 0.02293783 0.5000001 0.03110176 0.5312501 0.03285664 0.5000001 0.03110176 0.5000001 0.03926569 0.5312501 0.04528158 0.5000001 0.03926569 0.5 0.04742962 0.5312501 0.06643944 0.5312501 0.04528158 0.5312501 0.06643944 0.5625001 0.07047188 0.5625001 0.04764956 0.5625001 0.07047188 0.59375 0.0664395 0.59375 0.04528158 0.59375 0.0664395 0.625 0.04742962 0.5937501 0.03285664 0.59375 0.04528158 0.6250001 0.03926569 0.5937501 0.02378195 0.5937501 0.03285664 0.6250001 0.03110176 0.59375 0.01682287 0.5937501 0.02378195 0.6250001 0.02293783 0.5625001 0.01725745 0.5625001 0.02412617 0.5937501 0.02378195 0.5312501 0.01682287 0.5312501 0.02378195 0.5625001 0.02412617 0.53125 0.003714799 0.5312501 0.00755769 0.5625001 0.007635295 0.5312501 0.00755769 0.5312501 0.01172655 0.5625001 0.01198071 0.5625001 0.003724515 0.5625001 0.007635295 0.5937501 0.00755769 0.5625001 0.007635295 0.5625001 0.01198071 0.59375 0.01172655 0.5000001 0 0.5000001 0.003693461 0.53125 0.003714799 0.5000001 0.003693461 0.5000001 0.007386922 0.5312501 0.00755769 0.5000001 0.007386922 0.5000001 0.01108044 0.5312501 0.01172655 0.5000001 0.01108044 0.5 0.0147739 0.5312501 0.01682287 0.5312501 0.01172655 0.5312501 0.01682287 0.5625001 0.01725745 0.5625001 0.01198071 0.5625001 0.01725745 0.59375 0.01682287 0.59375 0.01172655 0.59375 0.01682287 0.625 0.0147739 0.5937501 0.00755769 0.59375 0.01172655 0.6250001 0.01108038 0.5937501 0.003714799 0.5937501 0.00755769 0.6250001 0.007386922 0.5937501 0.003714799 0.6250001 0.003693461 0.6250001 0 0.5625001 0.003724515 0.5937501 0.003714799 0.5937501 0 0.53125 0.003714799 0.5625001 0.003724515 0.5625001 0 0.7255592 0.6516563 0.7463812 0.6642821 0.7408241 0.6472135 0.7320982 0.6687266 0.7524027 0.6799416 0.7463812 0.6642821 0.7463812 0.6642821 0.7672071 0.6761413 0.7624074 0.6599774 0.7524027 0.6799416 0.7724262 0.6903185 0.7672071 0.6761413 0.698869 0.6200136 0.7194809 0.6337934 0.7138454 0.6144806 0.7049494 0.6384398 0.7255592 0.6516563 0.7194809 0.6337934 0.7114818 0.6567346 0.7320982 0.6687266 0.7255592 0.6516563 0.7185626 0.6754339 0.7391154 0.685662 0.7320982 0.6687266 0.7391154 0.685662 0.7588372 0.6949971 0.7524027 0.6799416 0.7588372 0.6949971 0.7779749 0.7034782 0.7724262 0.6903185 0.7779749 0.7034782 0.7967754 0.7111442 0.7921995 0.6997963 0.7724262 0.6903185 0.7921995 0.6997963 0.7878288 0.6870578 0.7672071 0.6761413 0.7878288 0.6870578 0.7837399 0.6717882 0.7624074 0.6599774 0.7837399 0.6717882 0.7800095 0.6528474 0.7408241 0.6472135 0.7624074 0.6599774 0.7581176 0.6408573 0.7194809 0.6337934 0.7408241 0.6472135 0.7357832 0.6279306 0.6448282 0.5956814 0.664705 0.6105224 0.6607311 0.5917994 0.6472635 0.6153531 0.6691289 0.6302487 0.664705 0.6105224 0.664705 0.6105224 0.6846979 0.6247565 0.6793453 0.6060752 0.6691289 0.6302487 0.6905151 0.6439747 0.6846979 0.6247565 0.6250001 0.5615311 0.6427163 0.5769446 0.6407387 0.5596796 0.6250001 0.5804969 0.6448282 0.5956814 0.6427163 0.5769446 0.6250001 0.5994626 0.6472635 0.6153531 0.6448282 0.5956814 0.625 0.6184284 0.6506809 0.637421 0.6472635 0.6153531 0.6506809 0.637421 0.6743631 0.6517319 0.6691289 0.6302487 0.6743631 0.6517319 0.69698 0.6642225 0.6905151 0.6439747 0.69698 0.6642225 0.7185626 0.6754339 0.7114818 0.6567346 0.6905151 0.6439747 0.7114818 0.6567346 0.7049494 0.6384398 0.6846979 0.6247565 0.7049494 0.6384398 0.698869 0.6200136 0.6793453 0.6060752 0.698869 0.6200136 0.693144 0.6009204 0.6607311 0.5917994 0.6793453 0.6060752 0.6742918 0.5875186 0.6427163 0.5769446 0.6607311 0.5917994 0.6569964 0.5739654 0.8044881 0.6826141 0.8081076 0.696994 0.828181 0.706466 0.8117644 0.7083888 0.8312056 0.7164085 0.828181 0.706466 0.8249503 0.6934805 0.828181 0.706466 0.8482211 0.7160035 0.828181 0.706466 0.8312056 0.7164085 0.8506116 0.7242178 0.7800095 0.6528474 0.7837399 0.6717882 0.8044881 0.6826141 0.7878288 0.6870578 0.8081076 0.696994 0.8044881 0.6826141 0.7921995 0.6997963 0.8117644 0.7083888 0.8081076 0.696994 0.7967754 0.7111442 0.8154554 0.7180846 0.8117644 0.7083888 0.8154554 0.7180846 0.8341082 0.7245888 0.8312056 0.7164085 0.8312056 0.7164085 0.8341082 0.7245888 0.8528103 0.7310454 0.8506116 0.7242178 0.8528103 0.7310454 0.8717992 0.7384268 0.8482211 0.7160035 0.8506116 0.7242178 0.8700307 0.7320317 0.8455545 0.705577 0.8482211 0.7160035 0.8682619 0.7256365 0.8416638 0.6889879 0.8455545 0.705577 0.8664932 0.7192413 0.8211531 0.6751713 0.8249503 0.6934805 0.8455545 0.705577 0.8008748 0.6638386 0.8044881 0.6826141 0.8249503 0.6934805 0.5642367 0.08532065 0.5638855 0.1691774 0.5958194 0.1698319 0.5321186 0.08563071 0.5319448 0.1701609 0.5638855 0.1691774 0.5638855 0.1691774 0.5635535 0.2484477 0.5953019 0.251008 0.5319448 0.1701609 0.5317827 0.2512519 0.5635535 0.2484477 0.5968942 -7.52487e-4 0.596354 0.08521538 0.6284707 0.08523297 0.5645962 -5.01658e-4 0.5642367 0.08532065 0.596354 0.08521538 0.5322981 -2.50829e-4 0.5321186 0.08563071 0.5642367 0.08532065 0.5000001 0 0.5000001 0.08606356 0.5321186 0.08563071 0.5000001 0.08606356 0.5000001 0.1721271 0.5319448 0.1701609 0.5000001 0.1721271 0.5000001 0.2581908 0.5317827 0.2512519 0.5000001 0.2581908 0.5 0.3442543 0.5316396 0.3225612 0.5317827 0.2512519 0.5316396 0.3225612 0.5632627 0.3178901 0.5635535 0.2484477 0.5632627 0.3178901 0.5948474 0.3223918 0.5953019 0.251008 0.5948474 0.3223918 0.6263058 0.3439418 0.5958194 0.1698319 0.5953019 0.251008 0.6270275 0.2577056 0.596354 0.08521538 0.5958194 0.1698319 0.627749 0.1714692 0.6592315 0.6348159 0.6829449 0.6451228 0.6732784 0.5921524 0.6592315 0.6348159 0.6666911 0.6924233 0.6923549 0.6976841 0.6829449 0.6451228 0.7073757 0.6565751 0.6955759 0.60817 0.6829449 0.6451228 0.6923549 0.6976841 0.7183364 0.7036404 0.6304128 0.5625001 0.65174 0.5771574 0.6442292 0.5194683 0.6304128 0.5625001 0.6358256 0.6250001 0.6592315 0.6348159 0.6358256 0.6250001 0.6412384 0.6875001 0.6666911 0.6924233 0.6412384 0.6875001 0.6466512 0.75 0.6741313 0.75 0.6666911 0.6924233 0.6741313 0.75 0.7016113 0.75 0.6923549 0.6976841 0.7016113 0.75 0.7290915 0.75 0.7183364 0.7036404 0.7290915 0.75 0.7565715 0.75 0.7183364 0.7036404 0.7440828 0.7107319 0.733344 0.6704819 0.7073757 0.6565751 0.733344 0.6704819 0.7211704 0.627941 0.6955759 0.60817 0.7211704 0.627941 0.7019166 0.5778728 0.6732784 0.5921524 0.6955759 0.60817 0.6826875 0.5584047 0.65174 0.5771574 0.6732784 0.5921524 0.6634584 0.5389364 0.7891002 0.6859024 0.7911233 0.7076228 0.761465 0.6878251 0.8254726 0.7177824 0.8214991 0.7285659 0.7911233 0.7076228 0.7911233 0.7076228 0.7928901 0.7289341 0.7686039 0.7192653 0.8214991 0.7285659 0.8174937 0.7392984 0.7928901 0.7289341 0.7444201 0.6209047 0.7534868 0.655045 0.7211704 0.627941 0.7869234 0.6639365 0.7891002 0.6859024 0.7534868 0.655045 0.8294269 0.7069683 0.8254726 0.7177824 0.7891002 0.6859024 0.8719303 0.7500001 0.8620564 0.7500001 0.8254726 0.7177824 0.8620564 0.7500001 0.8521825 0.7500001 0.8214991 0.7285659 0.8521825 0.7500001 0.8423087 0.7500001 0.8174937 0.7392984 0.8423087 0.7500001 0.8324348 0.7500001 0.813469 0.7500001 0.8174937 0.7392984 0.813469 0.7500001 0.7945032 0.7500001 0.7928901 0.7289341 0.7945032 0.7500001 0.7755374 0.75 0.7440828 0.7107319 0.7686039 0.7192653 0.7755374 0.75 0.761465 0.6878251 0.7686039 0.7192653 0.7440828 0.7107319 0.7534868 0.655045 0.761465 0.6878251 0.7333441 0.6704819 0.5942472 0.4202082 0.5628374 0.4194282 0.5630295 0.3735731 0.5939958 0.4607798 0.5626646 0.4606969 0.5628374 0.4194282 0.5628374 0.4194282 0.5314208 0.4202863 0.5315207 0.3763146 0.5626646 0.4606969 0.5313326 0.4608189 0.5314208 0.4202863 0.6259794 0.3829564 0.5945158 0.3761962 0.5948474 0.3223918 0.625653 0.421971 0.5942472 0.4202082 0.5945158 0.3761962 0.6253265 0.4609855 0.5939958 0.4607798 0.5942472 0.4202082 0.6250001 0.5000001 0.5937501 0.5000001 0.5939958 0.4607798 0.5937501 0.5000001 0.5625001 0.5000001 0.5626646 0.4606969 0.5625001 0.5000001 0.5312501 0.5000001 0.5313326 0.4608189 0.5312501 0.5000001 0.5000001 0.5000001 0.5000001 0.4610636 0.5313326 0.4608189 0.5000001 0.4610636 0.5000001 0.4221272 0.5314208 0.4202863 0.5000001 0.4221272 0.5000001 0.3831908 0.5315207 0.3763146 0.5000001 0.3831908 0.5 0.3442543 0.5630295 0.3735731 0.5315207 0.3763146 0.5316396 0.3225612 0.5945158 0.3761962 0.5630295 0.3735731 0.5632627 0.3178901 0.5312501 0.1028875 0.5625001 0.1051654 0.5625001 0.1469576 0.5625001 0.1051654 0.59375 0.1028875 0.59375 0.1468801 0.5312501 0.1468801 0.5625001 0.1469576 0.5625001 0.1891838 0.5625001 0.1469576 0.59375 0.1468801 0.59375 0.1911993 0.5 0.04742962 0.5312501 0.06643944 0.5312501 0.1028875 0.5312501 0.06643944 0.5625001 0.07047188 0.5625001 0.1051654 0.5625001 0.07047188 0.59375 0.06643944 0.59375 0.1028875 0.59375 0.06643944 0.625 0.04742962 0.6250001 0.09706962 0.59375 0.1028875 0.6250001 0.09706962 0.6250001 0.1467096 0.59375 0.1468801 0.6250001 0.1467096 0.6250001 0.1963496 0.59375 0.1911993 0.6250001 0.1963496 0.625 0.2459896 0.5625001 0.1891838 0.59375 0.1911993 0.59375 0.2290362 0.5312501 0.1911971 0.5625001 0.1891838 0.5625001 0.2254273 0.5000001 0.1963496 0.5312501 0.1911971 0.5312501 0.2290151 0.5000001 0.1467096 0.5312501 0.1468801 0.5312501 0.1911971 0.5000001 0.09706962 0.5312501 0.1028875 0.5312501 0.1468801 0.5625001 0.464762 0.5625001 0.4794508 0.5312501 0.4792808 0.59375 0.4671915 0.59375 0.4806934 0.5625001 0.4794508 0.5625001 0.4794508 0.5625001 0.4911364 0.53125 0.4904666 0.59375 0.4806934 0.59375 0.4919404 0.5625001 0.4911364 0.5312501 0.4460214 0.5312501 0.4658452 0.5 0.4696316 0.5625001 0.4436376 0.5625001 0.464762 0.5312501 0.4658452 0.59375 0.4472602 0.59375 0.4671915 0.5625001 0.464762 0.625 0.4620893 0.6250001 0.4723345 0.59375 0.4671915 0.6250001 0.4723345 0.6250001 0.4825796 0.59375 0.4806934 0.6250001 0.4825796 0.6250001 0.4928247 0.59375 0.4919404 0.59375 0.4919404 0.6250001 0.4928247 0.6250001 0.5030699 0.5625001 0.4911364 0.59375 0.4919404 0.5937501 0.5023024 0.53125 0.4904666 0.5625001 0.4911364 0.5625001 0.501535 0.5000001 0.4898772 0.53125 0.4904666 0.5312501 0.5007675 0.5312501 0.4792808 0.53125 0.4904666 0.5000001 0.4898772 0.5312501 0.4658452 0.5312501 0.4792808 0.5000001 0.4797544 0.8369061 0.7319076 0.8396251 0.7387452 0.8228318 0.7358638 0.8369061 0.7319076 0.8547214 0.7365844 0.8564954 0.7415071 0.8396251 0.7387452 0.842293 0.7453299 0.8264156 0.7443472 0.8564954 0.7415071 0.8582365 0.7462384 0.842293 0.7453299 0.8154554 0.7180846 0.819161 0.7271441 0.8014745 0.7220588 0.8341082 0.7245888 0.8369061 0.7319076 0.819161 0.7271441 0.8341082 0.7245888 0.8528103 0.7310455 0.8547214 0.7365844 0.8528103 0.7310455 0.8717992 0.7384268 0.8725995 0.7413203 0.8547214 0.7365844 0.8725995 0.7413203 0.8733997 0.7442135 0.8564954 0.7415071 0.8733997 0.7442135 0.8741999 0.7471067 0.8741999 0.7471067 0.8750001 0.7500001 0.8599679 0.7508997 0.8582365 0.7462384 0.8599679 0.7508997 0.8449357 0.7517994 0.842293 0.7453299 0.8449357 0.7517994 0.8299035 0.752699 0.8264156 0.7443472 0.8299035 0.752699 0.8148712 0.7535985 0.8228318 0.7358638 0.8264156 0.7443472 0.8108046 0.7432948 0.819161 0.7271441 0.8228318 0.7358638 0.806195 0.7327644 0.5315118 0.2291076 0.5629036 0.2272774 0.5626114 0.2476987 0.5629036 0.2272774 0.5940675 0.2291107 0.5938266 0.247671 0.5626114 0.2476987 0.562514 0.2682751 0.5312596 0.2663491 0.5938266 0.247671 0.5937596 0.2663491 0.562514 0.2682751 0.5 0.219973 0.5318901 0.204577 0.5315118 0.2291076 0.5318901 0.204577 0.5636131 0.2013295 0.5629036 0.2272774 0.5636131 0.2013295 0.5949467 0.2046074 0.5940675 0.2291107 0.5949467 0.2046074 0.625 0.219973 0.6250001 0.2337915 0.5940675 0.2291107 0.6250001 0.2337915 0.6250001 0.2476101 0.6250001 0.2476101 0.6250001 0.2614286 0.5937596 0.2663491 0.6250001 0.2614286 0.625 0.2752471 0.59375 0.2913591 0.5937596 0.2663491 0.59375 0.2913591 0.5625001 0.2947768 0.562514 0.2682751 0.5625001 0.2947768 0.5312501 0.2913591 0.5312596 0.2663491 0.5312501 0.2913591 0.5 0.275247 0.5313266 0.247671 0.5312596 0.2663491 0.5 0.2614285 0.5000001 0.2337915 0.5315118 0.2291076 0.5313266 0.247671 0.5625001 0.4699423 0.5625001 0.4832478 0.5312501 0.4839729 0.59375 0.4723165 0.59375 0.4839728 0.5625001 0.4832478 0.5625001 0.4832478 0.5625001 0.4924938 0.53125 0.4925845 0.59375 0.4839728 0.59375 0.4925845 0.5625001 0.4924938 0.5312501 0.4519971 0.5312501 0.4723164 0.5000001 0.4783514 0.5625001 0.4479376 0.5625001 0.4699423 0.5312501 0.4723164 0.59375 0.4519972 0.59375 0.4723165 0.5625001 0.4699423 0.625 0.4711352 0.6250001 0.4783514 0.59375 0.4723165 0.6250001 0.4783514 0.6250001 0.4855676 0.59375 0.4839728 0.6250001 0.4855676 0.6250001 0.4927839 0.59375 0.4925845 0.6250001 0.4927839 0.6250001 0.5000001 0.5937501 0.5000001 0.59375 0.4925845 0.5937501 0.5000001 0.5625001 0.5000001 0.5625001 0.4924938 0.5625001 0.5000001 0.5312501 0.5000001 0.53125 0.4925845 0.5312501 0.5000001 0.5000001 0.5000001 0.5312501 0.4839729 0.53125 0.4925845 0.5000001 0.4927839 0.5312501 0.4723164 0.5312501 0.4839729 0.5000001 0.4855676 0.7983531 0.7044798 0.8063594 0.7207463 0.7819625 0.7143762 0.7983531 0.7044798 0.8260981 0.7152592 0.8304202 0.7277721 0.8063594 0.7207463 0.8146521 0.735662 0.7940752 0.7323979 0.8063594 0.7207463 0.8304202 0.7277721 0.8346391 0.7390825 0.7610557 0.6752004 0.7711303 0.6954912 0.7442433 0.687625 0.7610557 0.6752004 0.7902482 0.6853038 0.7983531 0.7044798 0.7902482 0.6853038 0.8209566 0.6982817 0.8260981 0.7152592 0.8209566 0.6982817 0.8542184 0.7203488 0.8543071 0.7277618 0.8260981 0.7152592 0.8543071 0.7277618 0.8543957 0.7351745 0.8304202 0.7277721 0.8543957 0.7351745 0.8544843 0.7425873 0.8346391 0.7390825 0.8544843 0.7425873 0.854573 0.7500001 0.8346391 0.7390825 0.8388598 0.7500001 0.8231465 0.7500001 0.8146521 0.735662 0.8231465 0.7500001 0.8074334 0.7500001 0.7940752 0.7323979 0.8074334 0.7500001 0.7917201 0.75 0.7819625 0.7143762 0.7940752 0.7323979 0.770665 0.7293134 0.7711303 0.6954912 0.7819625 0.7143762 0.7563154 0.7085478 0.7327032 0.607901 0.76433 0.6115635 0.7729358 0.636771 0.76433 0.6115635 0.7985434 0.6133471 0.8063009 0.642942 0.7417756 0.6304088 0.7729358 0.636771 0.7816925 0.6621594 0.7729358 0.636771 0.8063009 0.642942 0.8140225 0.6726276 0.6966992 0.5830639 0.7241498 0.5868395 0.7327032 0.607901 0.7241498 0.5868395 0.7560328 0.5889804 0.76433 0.6115635 0.7560328 0.5889804 0.7908951 0.588023 0.7985434 0.6133471 0.7908951 0.588023 0.8273433 0.5776836 0.8340622 0.61335 0.7985434 0.6133471 0.8340622 0.61335 0.840781 0.6490163 0.8063009 0.642942 0.840781 0.6490163 0.8474996 0.6846826 0.8140225 0.6726276 0.8474996 0.6846826 0.8542184 0.7203488 0.7816925 0.6621594 0.8140225 0.6726276 0.8209566 0.6982817 0.7512677 0.6532215 0.7816925 0.6621594 0.7902482 0.6853038 0.7233333 0.6450724 0.7512677 0.6532215 0.7610557 0.6752004 0.7138141 0.6237702 0.7417756 0.6304088 0.7512677 0.6532215 0.7049244 0.6029654 0.7327032 0.607901 0.7417756 0.6304088 0.5370339 0.007145345 0.5740697 0.006681084 0.5728431 0.01661378 0.5740697 0.006681084 0.6111093 0.006045997 0.6093016 0.01563698 0.5364131 0.01622402 0.5728431 0.01661378 0.5715371 0.03037285 0.5728431 0.01661378 0.6093016 0.01563698 0.607423 0.02808904 0.5000001 0 0.5376312 -8.05825e-4 0.5370339 0.007145345 0.5376312 -8.05825e-4 0.5752624 -0.00161159 0.5740697 0.006681084 0.5752624 -0.00161159 0.6128935 -0.002417445 0.6111093 0.006045997 0.6128935 -0.002417445 0.6505247 -0.00322324 0.6481508 0.005308449 0.6111093 0.006045997 0.6481508 0.005308449 0.645777 0.01384019 0.6093016 0.01563698 0.645777 0.01384019 0.6434031 0.02237194 0.607423 0.02808904 0.6434031 0.02237194 0.6410292 0.03090369 0.5715371 0.03037285 0.607423 0.02808904 0.6052842 0.04863733 0.5357441 0.02818107 0.5715371 0.03037285 0.5700609 0.05233132 0.5000001 0.02252149 0.5357441 0.02818107 0.5349965 0.0483725 0.5000001 0.01501429 0.5364131 0.01622402 0.5357441 0.02818107 0.5000001 0.007507145 0.5370339 0.007145345 0.5364131 0.01622402 0.6806979 0.6755799 0.6879889 0.7011789 0.6621672 0.6928813 0.7042906 0.6858753 0.7126815 0.7087601 0.6879889 0.7011789 0.6879889 0.7011789 0.6959673 0.7276943 0.6687528 0.722475 0.7126815 0.7087601 0.7223536 0.7325674 0.6959673 0.7276943 0.6506809 0.637421 0.655926 0.6639798 0.6304128 0.6513213 0.6743631 0.6517318 0.6806979 0.6755799 0.655926 0.6639798 0.6969801 0.6642225 0.7042906 0.6858753 0.6806979 0.6755799 0.7185626 0.6754339 0.7263534 0.6949708 0.7042906 0.6858753 0.7263534 0.6949708 0.7352774 0.7153679 0.7126815 0.7087601 0.7352774 0.7153679 0.7460398 0.7365972 0.7223536 0.7325674 0.7460398 0.7365972 0.7619437 0.7592521 0.7331206 0.7569391 0.7223536 0.7325674 0.7331206 0.7569391 0.7042976 0.7546261 0.6959673 0.7276943 0.7042976 0.7546261 0.6754744 0.752313 0.6687528 0.722475 0.6754744 0.752313 0.6466512 0.75 0.6621672 0.6928813 0.6687528 0.722475 0.6412384 0.7171071 0.655926 0.6639798 0.6621672 0.6928813 0.6358256 0.6842142 0.5625001 0.3430896 0.5625001 0.3785141 0.5312501 0.3781581 0.59375 0.3418167 0.59375 0.3789549 0.5625001 0.3785141 0.5625001 0.3785141 0.5625001 0.4137009 0.5312501 0.4148764 0.59375 0.3789549 0.59375 0.4159148 0.5625001 0.4137009 0.5312501 0.3093634 0.5312501 0.3412618 0.5000001 0.3370251 0.5625001 0.3123045 0.5625001 0.3430896 0.5312501 0.3412618 0.59375 0.3097142 0.59375 0.3418167 0.5625001 0.3430896 0.625 0.2968041 0.6250001 0.3381254 0.59375 0.3418167 0.6250001 0.3381254 0.6250001 0.3794467 0.59375 0.3789549 0.6250001 0.3794467 0.6250001 0.420768 0.59375 0.4159148 0.6250001 0.420768 0.625 0.4620893 0.59375 0.4472602 0.59375 0.4159148 0.59375 0.4472602 0.5625001 0.4436376 0.5625001 0.4137009 0.5625001 0.4436376 0.5312501 0.4460214 0.5312501 0.4148764 0.5312501 0.4460214 0.5 0.4595087 0.5312501 0.3781581 0.5312501 0.4148764 0.5 0.4186809 0.5312501 0.3412618 0.5312501 0.3781581 0.5000001 0.377853 0.5625001 0.2513611 0.5625001 0.2707693 0.5312501 0.2708421 0.59375 0.2534428 0.59375 0.2709938 0.5625001 0.2707693 0.5625001 0.2707693 0.5625001 0.2893448 0.5312501 0.2876915 0.59375 0.2709938 0.59375 0.2879238 0.5625001 0.2893448 0.5 0.2459896 0.5312501 0.2290151 0.5312501 0.2533648 0.5312501 0.2290151 0.5625001 0.2254273 0.5625001 0.2513611 0.5625001 0.2254273 0.59375 0.2290362 0.59375 0.2534428 0.59375 0.2290362 0.625 0.2459896 0.6250001 0.2586932 0.6250001 0.2586932 0.6250001 0.2713969 0.59375 0.2709938 0.6250001 0.2713969 0.6250001 0.2841005 0.59375 0.2879238 0.6250001 0.2841005 0.625 0.2968041 0.59375 0.3097142 0.59375 0.2879238 0.59375 0.3097142 0.5625001 0.3123045 0.5625001 0.2893448 0.5625001 0.3123045 0.5312501 0.3093634 0.5312501 0.2876915 0.5312501 0.3093634 0.5 0.2961972 0.5312501 0.2708421 0.5312501 0.2876915 0.5000001 0.2836453 0.5312501 0.2533648 0.5312501 0.2708421 0.5000001 0.2710934 0.6971724 0.5341463 0.731752 0.541815 0.7400776 0.55559 0.731752 0.541815 0.7685118 0.5496324 0.7759144 0.5600304 0.7073549 0.5507609 0.7400776 0.55559 0.7480632 0.5707333 0.7400776 0.55559 0.7759144 0.5600304 0.7833587 0.571701 0.6473531 0.5065118 0.6852774 0.5175597 0.6971724 0.5341463 0.6852774 0.5175597 0.7232015 0.5286075 0.731752 0.541815 0.7232015 0.5286075 0.7611257 0.5396553 0.7685118 0.5496324 0.7990499 0.5507032 0.8061231 0.5574483 0.7685118 0.5496324 0.8061231 0.5574483 0.8131966 0.5641934 0.7759144 0.5600304 0.7759144 0.5600304 0.8131966 0.5641934 0.8202701 0.5709385 0.7833587 0.571701 0.8202701 0.5709385 0.8273433 0.5776836 0.7480632 0.5707333 0.7833587 0.571701 0.7908951 0.588023 0.7160065 0.5680083 0.7480632 0.5707333 0.7560328 0.5889804 0.6889147 0.5642846 0.7160065 0.5680083 0.7241498 0.5868395 0.6803082 0.5460948 0.7073549 0.5507609 0.7160065 0.5680083 0.6689079 0.5276442 0.6971724 0.5341463 0.7073549 0.5507609 0.5341585 0.08321559 0.5683605 0.08553594 0.5665733 0.1255418 0.5683605 0.08553594 0.6026467 0.08352649 0.5998064 0.1255505 0.533299 0.1253317 0.5665733 0.1255418 0.5649016 0.1661114 0.5665733 0.1255418 0.5998064 0.1255505 0.597069 0.1679902 0.5 0.03002864 0.5349965 0.0483725 0.5341585 0.08321559 0.5349965 0.0483725 0.5700609 0.05233132 0.5683605 0.08553594 0.5700609 0.05233132 0.6052842 0.04863733 0.6026467 0.08352649 0.6052842 0.04863733 0.6410292 0.03090369 0.637022 0.07817107 0.6026467 0.08352649 0.637022 0.07817107 0.6330147 0.1254384 0.5998064 0.1255505 0.6330147 0.1254384 0.6290075 0.1727057 0.597069 0.1679902 0.6290075 0.1727057 0.625 0.219973 0.5649016 0.1661114 0.597069 0.1679902 0.5949467 0.2046074 0.5325098 0.1678778 0.5649016 0.1661114 0.5636131 0.2013295 0.5000001 0.1724869 0.5325098 0.1678778 0.5318901 0.204577 0.5000001 0.1250008 0.533299 0.1253317 0.5325098 0.1678778 0.5000001 0.07751476 0.5341585 0.08321559 0.533299 0.1253317 0.7656503 0.7101168 0.772878 0.7254208 0.7550859 0.7208545 0.7837619 0.7164283 0.789695 0.7293319 0.772878 0.7254208 0.772878 0.7254208 0.7805258 0.7408811 0.76462 0.7391741 0.789695 0.7293319 0.7956791 0.7421904 0.7805258 0.7408811 0.7391154 0.685662 0.7466824 0.7030069 0.7263534 0.6949708 0.7588372 0.694997 0.7656503 0.7101168 0.7466824 0.7030069 0.7779747 0.7034782 0.7837619 0.7164283 0.7656503 0.7101168 0.7967753 0.7111443 0.8014745 0.7220588 0.7837619 0.7164283 0.8014745 0.7220588 0.806195 0.7327644 0.789695 0.7293319 0.806195 0.7327644 0.8108046 0.7432948 0.7956791 0.7421904 0.8108046 0.7432948 0.8148712 0.7535985 0.8016394 0.7550119 0.7956791 0.7421904 0.8016394 0.7550119 0.7884075 0.7564254 0.7805258 0.7408811 0.7884075 0.7564254 0.7751756 0.7578387 0.76462 0.7391741 0.7751756 0.7578387 0.7619437 0.7592521 0.7550859 0.7208545 0.76462 0.7391741 0.7460398 0.7365972 0.7466824 0.7030069 0.7550859 0.7208545 0.7352774 0.7153679 0.6333765 0.5184544 0.6416636 0.5209729 0.6469442 0.5386285 0.6416636 0.5209729 0.6521288 0.5237057 0.6607928 0.5421229 0.6361941 0.5352694 0.6469442 0.5386285 0.651928 0.5561852 0.6469442 0.5386285 0.6607928 0.5421229 0.6679523 0.5602823 0.6250001 0.5000001 0.6305884 0.501628 0.6333765 0.5184544 0.6305884 0.501628 0.6361766 0.5032559 0.6416636 0.5209729 0.6361766 0.5032559 0.6417649 0.5048839 0.6521288 0.5237057 0.6417649 0.5048839 0.6473531 0.5065118 0.6689079 0.5276442 0.6521288 0.5237057 0.6689079 0.5276442 0.6803082 0.5460948 0.6607928 0.5421229 0.6803082 0.5460948 0.6889147 0.5642846 0.6679523 0.5602823 0.6889147 0.5642846 0.6966992 0.5830639 0.651928 0.5561852 0.6679523 0.5602823 0.6746465 0.5785713 0.639092 0.552047 0.651928 0.5561852 0.6569889 0.5737015 0.6278202 0.547921 0.639092 0.552047 0.6422241 0.568668 0.6268802 0.5319474 0.6361941 0.5352694 0.639092 0.552047 0.6259401 0.5159738 0.6333765 0.5184544 0.6361941 0.5352694 0.6625355 0.5913096 0.6686534 0.6093426 0.6496734 0.601457 0.6625355 0.5913096 0.6818247 0.5973516 0.6896816 0.6167736 0.6686534 0.6093426 0.6753618 0.6282944 0.6539387 0.6186571 0.6896816 0.6167736 0.6982248 0.6369487 0.6753618 0.6282944 0.6287602 0.5638946 0.6422241 0.568668 0.6457647 0.5850062 0.6422241 0.568668 0.6569889 0.5737015 0.6625355 0.5913096 0.6569889 0.5737015 0.6746465 0.5785713 0.6818247 0.5973516 0.6746465 0.5785713 0.6966992 0.5830639 0.7049244 0.6029654 0.6818247 0.5973516 0.7049244 0.6029654 0.7138141 0.6237702 0.6896816 0.6167736 0.7138141 0.6237702 0.7233333 0.6450724 0.7233333 0.6450724 0.7334463 0.6664658 0.7074697 0.6580426 0.6982248 0.6369487 0.7074697 0.6580426 0.6827365 0.649098 0.6753618 0.6282944 0.6827365 0.649098 0.6587271 0.6386184 0.6539387 0.6186571 0.6587271 0.6386184 0.6346678 0.6227385 0.6496734 0.601457 0.6539387 0.6186571 0.6331909 0.6080276 0.6302371 0.5786057 0.6457647 0.5850062 0.6496734 0.601457 0.6642611 0.6639462 0.6908521 0.6724434 0.6997176 0.6976038 0.7175018 0.6801521 0.728684 0.7030411 0.6997176 0.6976038 0.6702736 0.6920343 0.6997176 0.6976038 0.7092658 0.7236181 0.728684 0.7030411 0.7413874 0.7264056 0.7092658 0.7236181 0.6346678 0.6227385 0.6587271 0.6386184 0.6642611 0.6639462 0.6827365 0.649098 0.6908521 0.6724434 0.6642611 0.6639462 0.7074697 0.6580426 0.7175018 0.6801521 0.6908521 0.6724434 0.7334463 0.6664658 0.7442433 0.687625 0.7175018 0.6801521 0.7442433 0.687625 0.7563154 0.7085478 0.728684 0.7030411 0.7563154 0.7085478 0.770665 0.7293134 0.7413874 0.7264056 0.770665 0.7293134 0.7917201 0.75 0.7554529 0.7500001 0.7092658 0.7236181 0.7413874 0.7264056 0.7554529 0.7500001 0.6765367 0.7208887 0.7092658 0.7236181 0.7191857 0.7500001 0.6436554 0.7181847 0.6765367 0.7208887 0.6829184 0.75 0.6406595 0.6863692 0.6702736 0.6920343 0.6765367 0.7208887 0.6376637 0.6545539 0.6642611 0.6639462 0.6702736 0.6920343 0.5625001 0.3310087 0.5625001 0.3728244 0.5312501 0.372939 0.59375 0.3291006 0.59375 0.372939 0.5625001 0.3728244 0.5625001 0.3728244 0.5625001 0.4139981 0.5312501 0.416296 0.59375 0.372939 0.59375 0.416296 0.5625001 0.4139981 0.5312501 0.2913591 0.5312501 0.3291005 0.5 0.3242191 0.5625001 0.2947768 0.5625001 0.3310087 0.5312501 0.3291005 0.59375 0.2913591 0.59375 0.3291006 0.5625001 0.3310087 0.625 0.2752471 0.6250001 0.3242191 0.59375 0.3291006 0.6250001 0.3242191 0.6250001 0.3731912 0.59375 0.372939 0.6250001 0.3731912 0.6250001 0.4221633 0.59375 0.416296 0.6250001 0.4221633 0.625 0.4711352 0.59375 0.4519972 0.59375 0.416296 0.59375 0.4519972 0.5625001 0.4479376 0.5625001 0.4139981 0.5625001 0.4479376 0.5312501 0.4519971 0.5312501 0.416296 0.5312501 0.4519971 0.5 0.4711352 0.5312501 0.372939 0.5312501 0.416296 0.5000001 0.4221632 0.5312501 0.3291005 0.5312501 0.372939 0.5000001 0.3731912 0.6960073 0.5457664 0.7233203 0.5557419 0.7271717 0.5815739 0.7233203 0.5557419 0.7508832 0.565605 0.7519409 0.5927022 0.7028028 0.570203 0.7271717 0.5815739 0.7312744 0.6058872 0.7271717 0.5815739 0.7519409 0.5927022 0.7544918 0.6181656 0.6563566 0.5117151 0.687974 0.5204323 0.6960073 0.5457664 0.687974 0.5204323 0.7195913 0.5291494 0.7233203 0.5557419 0.7195913 0.5291494 0.7512086 0.5378665 0.7508832 0.565605 0.7512086 0.5378665 0.7828258 0.5465836 0.7753111 0.5743541 0.7508832 0.565605 0.7753111 0.5743541 0.7748999 0.6028502 0.7519409 0.5927022 0.7748999 0.6028502 0.7768353 0.6295275 0.7544918 0.6181656 0.7768353 0.6295275 0.7800095 0.6528474 0.7312744 0.6058872 0.7544918 0.6181656 0.7581176 0.6408572 0.7312744 0.6058872 0.7357832 0.6279306 0.7138455 0.6144806 0.7085065 0.5932264 0.7138455 0.6144806 0.693144 0.6009204 0.6810962 0.5593415 0.7028028 0.570203 0.7085065 0.5932264 0.672492 0.5367258 0.6960073 0.5457664 0.7028028 0.570203 0.6451704 0.5239239 0.6494314 0.5404313 0.6368461 0.5315819 0.6567577 0.5297754 0.6636598 0.5495277 0.6494314 0.5404313 0.6494314 0.5404313 0.6533128 0.5569766 0.6387984 0.5450188 0.6636598 0.5495277 0.6692798 0.5687338 0.6533128 0.5569766 0.6328392 0.5052312 0.634855 0.5183817 0.6250001 0.5129437 0.6406784 0.5073925 0.6451704 0.5239239 0.634855 0.5183817 0.6406784 0.5073925 0.6485175 0.5095539 0.6567577 0.5297754 0.6485175 0.5095539 0.6563566 0.5117151 0.672492 0.5367258 0.6567577 0.5297754 0.672492 0.5367258 0.6810962 0.5593415 0.6810962 0.5593415 0.6875183 0.5807185 0.6692798 0.5687338 0.6875183 0.5807185 0.693144 0.6009204 0.6742918 0.5875186 0.6692798 0.5687338 0.6742918 0.5875186 0.6569964 0.5739654 0.6533128 0.5569766 0.6569964 0.5739654 0.6407387 0.5596796 0.6387984 0.5450188 0.6407387 0.5596796 0.625 0.5425652 0.6368461 0.5315819 0.6387984 0.5450188 0.6250001 0.5326914 0.634855 0.5183817 0.6368461 0.5315819 0.6250001 0.5228176 0.7928721 0.5809226 0.8068493 0.586303 0.8115985 0.6194388 0.8068493 0.586303 0.8198242 0.591313 0.8276331 0.6272389 0.7944769 0.6115552 0.8115985 0.6194388 0.8165419 0.6498804 0.8115985 0.6194388 0.8276331 0.6272389 0.8352426 0.6611561 0.7828258 0.5465836 0.7925462 0.5492636 0.7928721 0.5809226 0.7925462 0.5492636 0.8022665 0.5519436 0.8068493 0.586303 0.8022665 0.5519436 0.8119868 0.5546236 0.8198242 0.591313 0.8119868 0.5546236 0.821707 0.5573036 0.8324614 0.5961892 0.8198242 0.591313 0.8324614 0.5961892 0.8432158 0.6350748 0.8276331 0.6272389 0.8432158 0.6350748 0.8539701 0.6739604 0.8352426 0.6611561 0.8539701 0.6739604 0.8647245 0.7128459 0.8165419 0.6498804 0.8352426 0.6611561 0.8416638 0.6889879 0.797349 0.6397534 0.8165419 0.6498804 0.8211531 0.6751713 0.7768353 0.6295275 0.797349 0.6397534 0.8008748 0.6638386 0.7748999 0.6028502 0.7944769 0.6115552 0.797349 0.6397534 0.7753111 0.5743541 0.7928721 0.5809226 0.7944769 0.6115552 0.5312501 0.02378195 0.5625001 0.02412617 0.5625001 0.03365433 0.5625001 0.02412617 0.59375 0.02378195 0.59375 0.03285664 0.5312501 0.03285664 0.5625001 0.03365433 0.5625001 0.04764956 0.5625001 0.03365433 0.59375 0.03285664 0.59375 0.04528158 0.5 0.0147739 0.5312501 0.01682287 0.5312501 0.02378195 0.5312501 0.01682287 0.5625001 0.01725745 0.5625001 0.02412617 0.5625001 0.01725745 0.59375 0.01682287 0.59375 0.02378195 0.59375 0.01682287 0.625 0.0147739 0.6250001 0.02293783 0.59375 0.02378195 0.6250001 0.02293783 0.6250001 0.03110176 0.59375 0.03285664 0.6250001 0.03110176 0.6250001 0.03926569 0.59375 0.04528158 0.6250001 0.03926569 0.625 0.04742962 0.5625001 0.04764956 0.59375 0.04528158 0.59375 0.06643944 0.5312501 0.04528158 0.5625001 0.04764956 0.5625001 0.07047188 0.5000001 0.03926569 0.5312501 0.04528158 0.5312501 0.06643944 0.5000001 0.03110176 0.5312501 0.03285664 0.5312501 0.04528158 0.5000001 0.02293783 0.5312501 0.02378195 0.5312501 0.03285664 0.53125 0.003714799 0.5625001 0.003724515 0.5625001 0.007635295 0.5625001 0.003724515 0.59375 0.003714799 0.59375 0.00755769 0.5312501 0.00755769 0.5625001 0.007635295 0.5625001 0.01198071 0.5625001 0.007635295 0.59375 0.00755769 0.59375 0.01172655 0.5000001 0 0.5312501 0 0.53125 0.003714799 0.5625001 0 0.5625001 0.003724515 0.53125 0.003714799 0.5937501 0 0.59375 0.003714799 0.5625001 0.003724515 0.6250001 0 0.6250001 0.003693461 0.59375 0.003714799 0.59375 0.003714799 0.6250001 0.003693461 0.6250001 0.007386922 0.59375 0.00755769 0.6250001 0.007386922 0.6250001 0.01108038 0.59375 0.01172655 0.6250001 0.01108038 0.625 0.0147739 0.5625001 0.01198071 0.59375 0.01172655 0.59375 0.01682287 0.5312501 0.01172655 0.5625001 0.01198071 0.5625001 0.01725745 0.5000001 0.01108044 0.5312501 0.01172655 0.5312501 0.01682287 0.5000001 0.007386922 0.5312501 0.00755769 0.5312501 0.01172655 0.5000001 0.003693461 0.53125 0.003714799 0.5312501 0.00755769 0.740824 0.6472136 0.7463812 0.664282 0.7255592 0.6516564 0.7624074 0.6599773 0.7672071 0.6761413 0.7463812 0.664282 0.7463812 0.664282 0.7524027 0.6799416 0.7320982 0.6687266 0.7672071 0.6761413 0.7724263 0.6903185 0.7524027 0.6799416 0.7138455 0.6144806 0.719481 0.6337934 0.6988689 0.6200136 0.7357832 0.6279306 0.740824 0.6472136 0.719481 0.6337934 0.7581176 0.6408572 0.7624074 0.6599773 0.740824 0.6472136 0.7800095 0.6528474 0.7837399 0.6717882 0.7624074 0.6599773 0.7837399 0.6717882 0.7878288 0.6870578 0.7672071 0.6761413 0.7878288 0.6870578 0.7921994 0.6997963 0.7724263 0.6903185 0.7921994 0.6997963 0.7967753 0.7111443 0.7779747 0.7034782 0.7724263 0.6903185 0.7779747 0.7034782 0.7588372 0.694997 0.7524027 0.6799416 0.7588372 0.694997 0.7391154 0.685662 0.7320982 0.6687266 0.7391154 0.685662 0.7185626 0.6754339 0.7255592 0.6516564 0.7320982 0.6687266 0.7114818 0.6567347 0.719481 0.6337934 0.7255592 0.6516564 0.7049494 0.6384398 0.6607311 0.5917993 0.664705 0.6105224 0.6448282 0.5956814 0.6793452 0.6060753 0.6846979 0.6247565 0.664705 0.6105224 0.664705 0.6105224 0.6691289 0.6302487 0.6472635 0.6153531 0.6846979 0.6247565 0.6905149 0.6439746 0.6691289 0.6302487 0.6407387 0.5596796 0.6427163 0.5769445 0.6250001 0.5615311 0.6569964 0.5739654 0.6607311 0.5917993 0.6427163 0.5769445 0.6742918 0.5875186 0.6793452 0.6060753 0.6607311 0.5917993 0.693144 0.6009204 0.6988689 0.6200136 0.6793452 0.6060753 0.6988689 0.6200136 0.7049494 0.6384398 0.6846979 0.6247565 0.7049494 0.6384398 0.7114818 0.6567347 0.6905149 0.6439746 0.7114818 0.6567347 0.7185626 0.6754339 0.6969801 0.6642225 0.6905149 0.6439746 0.6969801 0.6642225 0.6743631 0.6517318 0.6691289 0.6302487 0.6743631 0.6517318 0.6506809 0.637421 0.6472635 0.6153531 0.6506809 0.637421 0.625 0.6184284 0.6448282 0.5956814 0.6472635 0.6153531 0.6250001 0.5994626 0.6427163 0.5769445 0.6448282 0.5956814 0.6250001 0.5804969 0.8044881 0.6826141 0.8249503 0.6934804 0.8281809 0.706466 0.8249503 0.6934804 0.8455545 0.705577 0.8482211 0.7160035 0.8281809 0.706466 0.8312056 0.7164085 0.8117644 0.7083888 0.8281809 0.706466 0.8482211 0.7160035 0.8506117 0.7242178 0.7800095 0.6528474 0.8008748 0.6638386 0.8044881 0.6826141 0.8008748 0.6638386 0.8211531 0.6751713 0.8249503 0.6934804 0.8211531 0.6751713 0.8416638 0.6889879 0.8455545 0.705577 0.8416638 0.6889879 0.8647245 0.7128459 0.8664932 0.7192413 0.8455545 0.705577 0.8664932 0.7192413 0.8682619 0.7256365 0.8482211 0.7160035 0.8682619 0.7256365 0.8700307 0.7320317 0.8506117 0.7242178 0.8700307 0.7320317 0.8717992 0.7384268 0.8312056 0.7164085 0.8506117 0.7242178 0.8528103 0.7310455 0.8312056 0.7164085 0.8341082 0.7245888 0.8154554 0.7180846 0.8117644 0.7083888 0.8154554 0.7180846 0.7967753 0.7111443 0.8081076 0.696994 0.8117644 0.7083888 0.7921994 0.6997963 0.8044881 0.6826141 0.8081076 0.696994 0.7878288 0.6870578 0.5958194 0.1698319 0.5638856 0.1691774 0.5642367 0.08532065 0.5953019 0.251008 0.5635535 0.2484477 0.5638856 0.1691774 0.5638856 0.1691774 0.5319449 0.1701608 0.5321186 0.08563071 0.5635535 0.2484477 0.5317827 0.2512519 0.5319449 0.1701608 0.6284707 0.08523297 0.596354 0.08521538 0.5968942 -7.52487e-4 0.627749 0.1714692 0.5958194 0.1698319 0.596354 0.08521538 0.6270275 0.2577056 0.5953019 0.251008 0.5958194 0.1698319 0.6263058 0.3439418 0.5948474 0.3223918 0.5953019 0.251008 0.5948474 0.3223918 0.5632627 0.3178901 0.5635535 0.2484477 0.5632627 0.3178901 0.5316396 0.3225612 0.5317827 0.2512519 0.5316396 0.3225612 0.5 0.3442543 0.5000001 0.2581908 0.5317827 0.2512519 0.5000001 0.2581908 0.5000001 0.1721271 0.5319449 0.1701608 0.5000001 0.1721271 0.5000001 0.08606356 0.5321186 0.08563071 0.5000001 0.08606356 0.5000001 0 0.5642367 0.08532065 0.5321186 0.08563071 0.5322981 -2.50829e-4 0.596354 0.08521538 0.5642367 0.08532065 0.5645962 -5.01658e-4 0.6732784 0.5921523 0.6829449 0.6451228 0.6592315 0.6348159 0.695576 0.60817 0.7073758 0.6565751 0.6829449 0.6451228 0.6592315 0.6348159 0.6829449 0.6451228 0.6923549 0.6976841 0.6829449 0.6451228 0.7073758 0.6565751 0.7183363 0.7036405 0.6442292 0.5194683 0.65174 0.5771574 0.6304128 0.5625001 0.6634584 0.5389364 0.6732784 0.5921523 0.65174 0.5771574 0.6826875 0.5584047 0.695576 0.60817 0.6732784 0.5921523 0.7019166 0.5778728 0.7211704 0.627941 0.695576 0.60817 0.7211704 0.627941 0.7333441 0.6704819 0.7073758 0.6565751 0.7333441 0.6704819 0.7440828 0.7107319 0.7183363 0.7036405 0.7183363 0.7036405 0.7440828 0.7107319 0.7565715 0.75 0.6923549 0.6976841 0.7183363 0.7036405 0.7290915 0.75 0.666691 0.6924233 0.6923549 0.6976841 0.7016113 0.75 0.6412384 0.6875001 0.666691 0.6924233 0.6741313 0.75 0.6358256 0.6250001 0.6592315 0.6348159 0.666691 0.6924233 0.6304128 0.5625001 0.65174 0.5771574 0.6592315 0.6348159</float_array>
          <technique_common>
            <accessor source="#Cube_003-mesh-map-0-array" count="12480" stride="2">
              <param name="S" type="float"/>
              <param name="T" type="float"/>
            </accessor>
          </technique_common>
        </source>
        <vertices id="Cube_003-mesh-vertices">
          <input semantic="POSITION" source="#Cube_003-mesh-positions"/>
        </vertices>
        <triangles material="Material_002-material" count="320">
          <input semantic="VERTEX" source="#Cube_003-mesh-vertices" offset="0"/>
          <input semantic="NORMAL" source="#Cube_003-mesh-normals" offset="1"/>
          <input semantic="TEXCOORD" source="#Cube_003-mesh-map-0" offset="2" set="0"/>
          <p>39 0 0 42 1 1 41 2 2 41 2 3 44 3 4 43 4 5 38 5 6 40 6 7 39 0 8 37 7 9 8 8 10 40 6 11 40 6 12 9 9 13 42 1 14 42 1 15 10 10 16 44 3 17 44 3 18 1 11 19 11 12 20 43 4 21 11 12 22 12 13 23 45 14 24 48 15 25 47 16 26 48 15 27 49 17 28 47 16 29 12 13 30 46 18 31 45 14 32 11 12 33 13 19 34 46 18 35 46 18 36 14 20 37 48 15 38 14 20 39 50 21 40 48 15 41 15 22 42 16 23 43 50 21 44 50 21 45 17 24 46 49 17 47 51 25 48 54 26 49 53 27 50 53 27 51 56 28 52 55 29 53 36 30 54 52 31 55 51 25 56 35 32 57 18 33 58 52 31 59 52 31 60 19 34 61 54 26 62 54 26 63 20 35 64 56 28 65 56 28 66 2 36 67 21 37 68 55 29 69 21 37 70 22 38 71 57 39 72 60 40 73 59 41 74 60 40 75 61 42 76 59 41 77 22 38 78 58 43 79 57 39 80 21 37 81 23 44 82 58 43 83 58 43 84 24 45 85 60 40 86 24 45 87 62 46 88 60 40 89 25 47 90 7 48 91 62 46 92 62 46 93 6 49 94 61 42 95 63 50 96 67 51 97 66 52 98 65 53 99 67 51 100 64 54 101 67 51 102 69 55 103 66 52 104 67 51 105 71 56 106 70 57 107 5 58 108 63 50 109 18 33 110 34 59 111 64 54 112 63 50 113 32 60 114 64 54 115 33 61 116 4 62 117 65 53 118 32 60 119 28 63 120 68 64 121 65 53 122 27 65 123 71 56 124 68 64 125 71 56 126 0 66 127 25 47 128 70 57 129 25 47 130 24 45 131 70 57 132 23 44 133 69 55 134 69 55 135 2 36 136 20 35 137 19 34 138 69 55 139 20 35 140 18 33 141 66 52 142 19 34 143 72 67 144 76 68 145 75 69 146 74 70 147 76 68 148 73 71 149 76 68 150 78 72 151 75 69 152 76 68 153 80 73 154 79 74 155 3 75 156 72 67 157 29 76 158 15 22 159 73 71 160 72 67 161 13 19 162 73 71 163 14 20 164 1 11 165 74 70 166 13 19 167 74 70 168 9 9 169 77 77 170 77 77 171 8 8 172 80 73 173 80 73 174 4 62 175 32 60 176 79 74 177 32 60 178 33 61 179 79 74 180 34 59 181 78 72 182 78 72 183 5 58 184 31 78 185 75 69 186 31 78 187 30 79 188 72 67 189 30 79 190 29 76 191 82 80 192 83 81 193 81 82 194 84 83 195 85 84 196 83 81 197 16 23 198 81 82 199 17 24 200 3 75 201 82 80 202 16 23 203 29 76 204 84 83 205 82 80 206 30 79 207 86 85 208 84 83 209 31 78 210 35 32 211 86 85 212 86 85 213 36 30 214 85 84 215 88 86 216 89 87 217 87 88 218 90 89 219 91 90 220 89 87 221 7 48 222 87 88 223 6 49 224 0 66 225 88 86 226 7 48 227 26 91 228 90 89 229 88 86 230 27 65 231 92 92 232 90 89 233 28 63 234 37 7 235 92 92 236 92 92 237 38 5 238 91 90 239 132 93 240 135 94 241 133 95 242 134 96 243 137 97 244 135 94 245 131 98 246 133 95 247 130 99 248 130 99 249 101 100 250 97 101 251 133 95 252 102 102 253 101 100 254 135 94 255 103 103 256 102 102 257 137 97 258 94 104 259 103 103 260 136 105 261 104 106 262 137 97 263 138 107 264 141 108 265 139 109 266 142 110 267 141 108 268 140 111 269 105 112 270 139 109 271 104 106 272 104 106 273 106 113 274 94 104 275 139 109 276 107 114 277 106 113 278 143 115 279 107 114 280 141 108 281 109 116 282 108 117 283 143 115 284 110 118 285 143 115 286 142 110 287 144 119 288 147 120 289 145 121 290 146 122 291 149 123 292 147 120 293 129 124 294 145 121 295 128 125 296 128 125 297 111 126 298 98 127 299 145 121 300 112 128 301 111 126 302 147 120 303 113 129 304 112 128 305 149 123 306 95 130 307 113 129 308 148 131 309 114 132 310 149 123 311 150 133 312 153 134 313 151 135 314 154 136 315 153 134 316 152 137 317 115 138 318 151 135 319 114 132 320 114 132 321 116 139 322 95 130 323 151 135 324 117 140 325 116 139 326 155 141 327 117 140 328 153 134 329 100 142 330 118 143 331 155 141 332 99 144 333 155 141 334 154 136 335 156 145 336 160 146 337 157 147 338 160 146 339 158 148 340 157 147 341 162 149 342 160 146 343 159 150 344 160 146 345 164 151 346 161 152 347 98 127 348 156 145 349 127 153 350 127 153 351 157 147 352 126 154 353 157 147 354 125 155 355 126 154 356 158 148 357 97 101 358 125 155 359 161 152 360 121 156 361 158 148 362 164 151 363 120 157 364 161 152 365 164 151 366 93 158 367 119 159 368 163 160 369 118 143 370 164 151 371 116 139 372 163 160 373 162 149 374 95 130 375 162 149 376 113 129 377 112 128 378 162 149 379 159 150 380 111 126 381 159 150 382 156 145 383 165 161 384 169 162 385 166 163 386 169 162 387 167 164 388 166 163 389 171 165 390 169 162 391 168 166 392 169 162 393 173 167 394 170 168 395 96 169 396 165 161 397 108 117 398 108 117 399 166 163 400 107 114 401 166 163 402 106 113 403 107 114 404 167 164 405 94 104 406 106 113 407 167 164 408 102 102 409 103 103 410 170 168 411 101 100 412 102 102 413 173 167 414 97 101 415 101 100 416 172 170 417 125 155 418 173 167 419 127 153 420 172 170 421 171 165 422 98 127 423 171 165 424 124 171 425 124 171 426 168 166 427 123 172 428 123 172 429 165 161 430 122 173 431 176 174 432 175 175 433 174 176 434 178 177 435 177 178 436 176 174 437 174 176 438 109 116 439 110 118 440 175 175 441 96 169 442 109 116 443 177 178 444 122 173 445 175 175 446 179 179 447 123 172 448 177 178 449 128 125 450 124 171 451 179 179 452 129 124 453 179 179 454 178 177 455 182 180 456 181 181 457 180 182 458 184 183 459 183 184 460 182 180 461 180 182 462 100 142 463 99 144 464 181 181 465 93 158 466 100 142 467 183 184 468 119 159 469 181 181 470 185 185 471 120 157 472 183 184 473 130 99 474 121 156 475 185 185 476 131 98 477 185 185 478 184 183 479 39 0 6240 40 6 6241 42 1 6242 41 2 6243 42 1 6244 44 3 6245 38 5 6246 37 7 6247 40 6 6248 37 7 6249 4 62 6250 8 8 6251 40 6 6252 8 8 6253 9 9 6254 42 1 6255 9 9 6256 10 10 6257 44 3 6258 10 10 6259 1 11 6260 43 4 6261 44 3 6262 11 12 6263 45 14 6264 46 18 6265 48 15 6266 48 15 6267 50 21 6268 49 17 6269 12 13 6270 11 12 6271 46 18 6272 11 12 6273 1 11 6274 13 19 6275 46 18 6276 13 19 6277 14 20 6278 14 20 6279 15 22 6280 50 21 6281 15 22 6282 3 75 6283 16 23 6284 50 21 6285 16 23 6286 17 24 6287 51 25 6288 52 31 6289 54 26 6290 53 27 6291 54 26 6292 56 28 6293 36 30 6294 35 32 6295 52 31 6296 35 32 6297 5 58 6298 18 33 6299 52 31 6300 18 33 6301 19 34 6302 54 26 6303 19 34 6304 20 35 6305 56 28 6306 20 35 6307 2 36 6308 55 29 6309 56 28 6310 21 37 6311 57 39 6312 58 43 6313 60 40 6314 60 40 6315 62 46 6316 61 42 6317 22 38 6318 21 37 6319 58 43 6320 21 37 6321 2 36 6322 23 44 6323 58 43 6324 23 44 6325 24 45 6326 24 45 6327 25 47 6328 62 46 6329 25 47 6330 0 66 6331 7 48 6332 62 46 6333 7 48 6334 6 49 6335 63 50 6336 64 54 6337 67 51 6338 65 53 6339 68 64 6340 67 51 6341 67 51 6342 70 57 6343 69 55 6344 67 51 6345 68 64 6346 71 56 6347 5 58 6348 34 59 6349 63 50 6350 34 59 6351 33 61 6352 64 54 6353 32 60 6354 65 53 6355 64 54 6356 4 62 6357 28 63 6358 65 53 6359 28 63 6360 27 65 6361 68 64 6362 27 65 6363 26 91 6364 71 56 6365 71 56 6366 26 91 6367 0 66 6368 70 57 6369 71 56 6370 25 47 6371 70 57 6372 24 45 6373 23 44 6374 69 55 6375 23 44 6376 2 36 6377 19 34 6378 66 52 6379 69 55 6380 18 33 6381 63 50 6382 66 52 6383 72 67 6384 73 71 6385 76 68 6386 74 70 6387 77 77 6388 76 68 6389 76 68 6390 79 74 6391 78 72 6392 76 68 6393 77 77 6394 80 73 6395 3 75 6396 15 22 6397 72 67 6398 15 22 6399 14 20 6400 73 71 6401 13 19 6402 74 70 6403 73 71 6404 1 11 6405 10 10 6406 74 70 6407 74 70 6408 10 10 6409 9 9 6410 77 77 6411 9 9 6412 8 8 6413 80 73 6414 8 8 6415 4 62 6416 79 74 6417 80 73 6418 32 60 6419 79 74 6420 33 61 6421 34 59 6422 78 72 6423 34 59 6424 5 58 6425 75 69 6426 78 72 6427 31 78 6428 72 67 6429 75 69 6430 30 79 6431 82 80 6432 84 83 6433 83 81 6434 84 83 6435 86 85 6436 85 84 6437 16 23 6438 82 80 6439 81 82 6440 3 75 6441 29 76 6442 82 80 6443 29 76 6444 30 79 6445 84 83 6446 30 79 6447 31 78 6448 86 85 6449 31 78 6450 5 58 6451 35 32 6452 86 85 6453 35 32 6454 36 30 6455 88 86 6456 90 89 6457 89 87 6458 90 89 6459 92 92 6460 91 90 6461 7 48 6462 88 86 6463 87 88 6464 0 66 6465 26 91 6466 88 86 6467 26 91 6468 27 65 6469 90 89 6470 27 65 6471 28 63 6472 92 92 6473 28 63 6474 4 62 6475 37 7 6476 92 92 6477 37 7 6478 38 5 6479 132 93 6480 134 96 6481 135 94 6482 134 96 6483 136 105 6484 137 97 6485 131 98 6486 132 93 6487 133 95 6488 130 99 6489 133 95 6490 101 100 6491 133 95 6492 135 94 6493 102 102 6494 135 94 6495 137 97 6496 103 103 6497 137 97 6498 104 106 6499 94 104 6500 136 105 6501 105 112 6502 104 106 6503 138 107 6504 140 111 6505 141 108 6506 142 110 6507 143 115 6508 141 108 6509 105 112 6510 138 107 6511 139 109 6512 104 106 6513 139 109 6514 106 113 6515 139 109 6516 141 108 6517 107 114 6518 143 115 6519 108 117 6520 107 114 6521 109 116 6522 96 169 6523 108 117 6524 110 118 6525 109 116 6526 143 115 6527 144 119 6528 146 122 6529 147 120 6530 146 122 6531 148 131 6532 149 123 6533 129 124 6534 144 119 6535 145 121 6536 128 125 6537 145 121 6538 111 126 6539 145 121 6540 147 120 6541 112 128 6542 147 120 6543 149 123 6544 113 129 6545 149 123 6546 114 132 6547 95 130 6548 148 131 6549 115 138 6550 114 132 6551 150 133 6552 152 137 6553 153 134 6554 154 136 6555 155 141 6556 153 134 6557 115 138 6558 150 133 6559 151 135 6560 114 132 6561 151 135 6562 116 139 6563 151 135 6564 153 134 6565 117 140 6566 155 141 6567 118 143 6568 117 140 6569 100 142 6570 93 158 6571 118 143 6572 99 144 6573 100 142 6574 155 141 6575 156 145 6576 159 150 6577 160 146 6578 160 146 6579 161 152 6580 158 148 6581 162 149 6582 163 160 6583 160 146 6584 160 146 6585 163 160 6586 164 151 6587 98 127 6588 111 126 6589 156 145 6590 127 153 6591 156 145 6592 157 147 6593 157 147 6594 158 148 6595 125 155 6596 158 148 6597 121 156 6598 97 101 6599 161 152 6600 120 157 6601 121 156 6602 164 151 6603 119 159 6604 120 157 6605 164 151 6606 118 143 6607 93 158 6608 163 160 6609 117 140 6610 118 143 6611 116 139 6612 117 140 6613 163 160 6614 95 130 6615 116 139 6616 162 149 6617 112 128 6618 113 129 6619 162 149 6620 111 126 6621 112 128 6622 159 150 6623 165 161 6624 168 166 6625 169 162 6626 169 162 6627 170 168 6628 167 164 6629 171 165 6630 172 170 6631 169 162 6632 169 162 6633 172 170 6634 173 167 6635 96 169 6636 122 173 6637 165 161 6638 108 117 6639 165 161 6640 166 163 6641 166 163 6642 167 164 6643 106 113 6644 167 164 6645 103 103 6646 94 104 6647 167 164 6648 170 168 6649 102 102 6650 170 168 6651 173 167 6652 101 100 6653 173 167 6654 125 155 6655 97 101 6656 172 170 6657 126 154 6658 125 155 6659 127 153 6660 126 154 6661 172 170 6662 98 127 6663 127 153 6664 171 165 6665 124 171 6666 171 165 6667 168 166 6668 123 172 6669 168 166 6670 165 161 6671 176 174 6672 177 178 6673 175 175 6674 178 177 6675 179 179 6676 177 178 6677 174 176 6678 175 175 6679 109 116 6680 175 175 6681 122 173 6682 96 169 6683 177 178 6684 123 172 6685 122 173 6686 179 179 6687 124 171 6688 123 172 6689 128 125 6690 98 127 6691 124 171 6692 129 124 6693 128 125 6694 179 179 6695 182 180 6696 183 184 6697 181 181 6698 184 183 6699 185 185 6700 183 184 6701 180 182 6702 181 181 6703 100 142 6704 181 181 6705 119 159 6706 93 158 6707 183 184 6708 120 157 6709 119 159 6710 185 185 6711 121 156 6712 120 157 6713 130 99 6714 97 101 6715 121 156 6716 131 98 6717 130 99 6718 185 185 6719</p>
        </triangles>
        <triangles material="Material_001-material" count="3840">
          <input semantic="VERTEX" source="#Cube_003-mesh-vertices" offset="0"/>
          <input semantic="NORMAL" source="#Cube_003-mesh-normals" offset="1"/>
          <input semantic="TEXCOORD" source="#Cube_003-mesh-map-0" offset="2" set="0"/>
          <p>1029 186 480 1031 187 481 1028 188 482 1030 189 483 1032 190 484 1029 186 485 1032 190 486 1034 191 487 1031 187 488 1033 192 489 1035 193 490 1032 190 491 478 194 492 512 195 493 219 196 494 477 197 495 1028 188 496 478 194 497 476 198 498 1029 186 499 477 197 500 186 199 501 1030 189 502 476 198 503 319 200 504 1033 192 505 1030 189 506 318 201 507 1036 202 508 1033 192 509 317 203 510 451 204 511 1036 202 512 1036 202 513 450 205 514 1035 193 515 1035 193 516 449 206 517 1034 191 518 514 207 519 449 206 520 223 208 521 1031 187 522 514 207 523 513 209 524 1028 188 525 513 209 526 512 195 527 1038 210 528 1040 211 529 1037 212 530 1039 213 531 1041 214 532 1038 210 533 1041 214 534 1043 215 535 1040 211 536 1042 216 537 1044 217 538 1041 214 539 311 218 540 509 219 541 219 196 542 312 220 543 1037 212 544 311 218 545 313 221 546 1038 210 547 312 220 548 188 222 549 1039 213 550 313 221 551 320 223 552 1042 216 553 1039 213 554 321 224 555 1045 225 556 1042 216 557 322 226 558 325 227 559 1045 225 560 1045 225 561 324 228 562 1044 217 563 1044 217 564 323 229 565 1043 215 566 1043 215 567 220 230 568 511 231 569 1040 211 570 511 231 571 510 232 572 1037 212 573 510 232 574 509 219 575 1046 233 576 1050 234 577 1049 235 578 1047 236 579 1051 237 580 1050 234 581 1049 235 582 1053 238 583 1052 239 584 1050 234 585 1054 240 586 1053 238 587 216 241 588 1046 233 589 341 242 590 475 243 591 1047 236 592 1046 233 593 474 244 594 1048 245 595 1047 236 596 473 246 597 329 247 598 1048 245 599 1048 245 600 330 248 601 1051 237 602 1051 237 603 331 249 604 1054 240 605 1054 240 606 192 250 607 335 251 608 1053 238 609 335 251 610 336 252 611 1052 239 612 336 252 613 337 253 614 343 254 615 337 253 616 194 255 617 342 256 618 1052 239 619 343 254 620 341 242 621 1049 235 622 342 256 623 1056 257 624 1058 258 625 1055 259 626 1057 260 627 1059 261 628 1056 257 629 1059 261 630 1061 262 631 1058 258 632 1060 263 633 1062 264 634 1059 261 635 394 265 636 332 266 637 199 267 638 393 268 639 1055 259 640 394 265 641 392 269 642 1056 257 643 393 268 644 201 270 645 1057 260 646 392 269 647 344 271 648 1060 263 649 1057 260 650 345 272 651 1063 273 652 1060 263 653 1063 273 654 186 199 655 310 274 656 1062 264 657 310 274 658 309 275 659 1061 262 660 309 275 661 308 276 662 334 277 663 308 276 664 189 278 665 1058 258 666 334 277 667 333 279 668 1055 259 669 333 279 670 332 266 671 1065 280 672 1067 281 673 1064 282 674 1065 280 675 1069 283 676 1068 284 677 1068 284 678 1070 285 679 1067 281 680 1069 283 681 1071 286 682 1068 284 683 508 287 684 419 288 685 222 289 686 507 290 687 1064 282 688 508 287 689 507 290 690 1066 291 691 1065 280 692 506 292 693 493 293 694 1066 291 695 1066 291 696 492 294 697 1069 283 698 1069 283 699 491 295 700 1072 296 701 491 295 702 340 297 703 1072 296 704 1072 296 705 339 298 706 1071 286 707 1071 286 708 338 299 709 1070 285 710 1070 285 711 204 300 712 421 301 713 1067 281 714 421 301 715 420 302 716 1064 282 717 420 302 718 419 288 719 1073 303 720 1077 304 721 1076 305 722 1074 306 723 1078 307 724 1077 304 725 1077 304 726 1079 308 727 1076 305 728 1078 307 729 1080 309 730 1077 304 731 206 310 732 1073 303 733 359 311 734 418 312 735 1074 306 736 1073 303 737 417 313 738 1075 314 739 1074 306 740 416 315 741 353 316 742 1075 314 743 1075 314 744 354 317 745 1078 307 746 354 317 747 1081 318 748 1078 307 749 355 319 750 356 320 751 1081 318 752 1081 318 753 357 321 754 1080 309 755 1080 309 756 358 322 757 1079 308 758 1079 308 759 198 323 760 361 324 761 1076 305 762 361 324 763 360 325 764 359 311 765 1076 305 766 360 325 767 1083 326 768 1085 327 769 1082 328 770 1084 329 771 1086 330 772 1083 326 773 1086 330 774 1088 331 775 1085 327 776 1087 332 777 1089 333 778 1086 330 779 448 334 780 347 335 781 209 336 782 447 337 783 1082 328 784 448 334 785 446 338 786 1083 326 787 447 337 788 211 339 789 1084 329 790 446 338 791 365 340 792 1087 332 793 1084 329 794 366 341 795 1090 342 796 1087 332 797 367 343 798 326 344 799 1090 342 800 1090 342 801 327 345 802 1089 333 803 1089 333 804 328 346 805 1088 331 806 1088 331 807 193 347 808 349 348 809 1085 327 810 349 348 811 348 349 812 1082 328 813 348 349 814 347 335 815 1092 350 816 1094 351 817 1091 352 818 1092 350 819 1096 353 820 1095 354 821 1095 354 822 1097 355 823 1094 351 824 1095 354 825 1099 356 826 1098 357 827 433 358 828 443 359 829 212 360 830 433 358 831 1092 350 832 1091 352 833 432 361 834 1093 362 835 1092 350 836 431 363 837 379 364 838 1093 362 839 1093 362 840 378 365 841 1096 353 842 1096 353 843 377 366 844 1099 356 845 1099 356 846 195 367 847 364 368 848 1099 356 849 363 369 850 1098 357 851 1098 357 852 362 370 853 1097 355 854 1097 355 855 210 371 856 445 372 857 1094 351 858 445 372 859 444 373 860 1091 352 861 444 373 862 443 359 863 1100 374 864 1104 375 865 1103 376 866 1101 377 867 1105 378 868 1104 375 869 1103 376 870 1107 379 871 1106 380 872 1104 375 873 1108 381 874 1107 379 875 213 382 876 1100 374 877 440 383 878 436 384 879 1101 377 880 1100 374 881 435 385 882 1102 386 883 1101 377 884 434 387 885 400 388 886 1102 386 887 1102 386 888 399 389 889 1105 378 890 1105 378 891 398 390 892 1108 381 893 1108 381 894 202 391 895 431 363 896 1107 379 897 431 363 898 432 361 899 1106 380 900 432 361 901 433 358 902 442 392 903 433 358 904 212 360 905 441 393 906 1106 380 907 442 392 908 440 383 909 1103 376 910 441 393 911 1109 394 912 1113 395 913 1112 396 914 1110 397 915 1114 398 916 1113 395 917 1112 396 918 1116 399 919 1115 400 920 1113 395 921 1117 401 922 1116 399 923 197 402 924 1109 394 925 380 403 926 352 404 927 1110 397 928 1109 394 929 351 405 930 1111 406 931 1110 397 932 350 407 933 377 366 934 1111 406 935 1111 406 936 378 365 937 1114 398 938 1114 398 939 379 364 940 1117 401 941 1117 401 942 202 391 943 386 408 944 1116 399 945 386 408 946 387 409 947 1115 400 948 387 409 949 388 410 950 382 411 951 388 410 952 203 412 953 381 413 954 1115 400 955 382 411 956 380 403 957 1112 396 958 381 413 959 1119 414 960 1121 415 961 1118 416 962 1120 417 963 1122 418 964 1119 414 965 1122 418 966 1124 419 967 1121 415 968 1123 420 969 1125 421 970 1122 418 971 505 422 972 490 423 973 223 208 974 504 424 975 1118 416 976 505 422 977 503 425 978 1119 414 979 504 424 980 221 426 981 1120 417 982 503 425 983 389 427 984 1123 420 985 1120 417 986 390 428 987 1126 429 988 1123 420 989 391 430 990 373 431 991 1126 429 992 1126 429 993 372 432 994 1125 421 995 1125 421 996 371 433 997 1124 419 998 1124 419 999 187 434 1000 488 435 1001 1121 415 1002 488 435 1003 489 436 1004 1118 416 1005 489 436 1006 490 423 1007 1128 437 1008 1130 438 1009 1127 439 1010 1129 440 1011 1131 441 1012 1128 437 1013 1131 441 1014 1133 442 1015 1130 438 1016 1132 443 1017 1134 444 1018 1131 441 1019 412 445 1020 368 446 1021 207 447 1022 411 448 1023 1127 439 1024 412 445 1025 410 449 1026 1128 437 1027 411 448 1028 208 450 1029 1129 440 1030 410 449 1031 374 451 1032 1132 443 1033 1129 440 1034 375 452 1035 1135 453 1036 1132 443 1037 376 454 1038 392 269 1039 1135 453 1040 1135 453 1041 393 268 1042 1134 444 1043 1134 444 1044 394 265 1045 1133 442 1046 1133 442 1047 199 267 1048 370 455 1049 1130 438 1050 370 455 1051 369 456 1052 1127 439 1053 369 456 1054 368 446 1055 1137 457 1056 1139 458 1057 1136 459 1058 1138 460 1059 1140 461 1060 1137 457 1061 1140 461 1062 1142 462 1063 1139 458 1064 1141 463 1065 1143 464 1066 1140 461 1067 194 255 1068 1136 459 1069 404 465 1070 337 253 1071 1137 457 1072 1136 459 1073 336 252 1074 1138 460 1075 1137 457 1076 335 251 1077 407 466 1078 1138 460 1079 407 466 1080 1141 463 1081 1138 460 1082 408 467 1083 1144 468 1084 1141 463 1085 409 469 1086 410 449 1087 1144 468 1088 1144 468 1089 411 448 1090 1143 464 1091 1143 464 1092 412 445 1093 1142 462 1094 1142 462 1095 207 447 1096 406 470 1097 1139 458 1098 406 470 1099 405 471 1100 1136 459 1101 405 471 1102 404 465 1103 1145 472 1104 1149 473 1105 1148 474 1106 1146 475 1107 1150 476 1108 1149 473 1109 1148 474 1110 1152 477 1111 1151 478 1112 1149 473 1113 1153 479 1114 1152 477 1115 211 339 1116 1145 472 1117 437 480 1118 430 481 1119 1146 475 1120 1145 472 1121 429 482 1122 1147 483 1123 1146 475 1124 196 484 1125 1147 483 1126 428 485 1127 355 319 1128 1150 476 1129 1147 483 1130 1150 476 1131 353 316 1132 1153 479 1133 1153 479 1134 205 486 1135 434 387 1136 1152 477 1137 434 387 1138 435 385 1139 1151 478 1140 435 385 1141 436 384 1142 439 487 1143 436 384 1144 213 382 1145 438 488 1146 1151 478 1147 439 487 1148 437 480 1149 1148 474 1150 438 488 1151 1154 489 1152 1158 490 1153 1157 491 1154 1155 492 1155 1159 493 1156 1158 490 1157 1157 491 1158 1161 494 1159 1160 495 1160 1158 490 1161 1162 496 1162 1161 494 1163 203 412 1164 1154 489 1165 401 497 1166 388 410 1167 1155 492 1168 1154 489 1169 387 409 1170 1156 498 1171 1155 492 1172 386 408 1173 398 390 1174 1156 498 1175 1156 498 1176 399 389 1177 1159 493 1178 1159 493 1179 400 388 1180 1162 496 1181 1162 496 1182 205 486 1183 416 315 1184 1161 494 1185 416 315 1186 417 313 1187 1160 495 1188 417 313 1189 418 312 1190 403 499 1191 418 312 1192 206 310 1193 402 500 1194 1160 495 1195 403 499 1196 401 497 1197 1157 491 1198 402 500 1199 1164 501 1200 1166 502 1201 1163 503 1202 1165 504 1203 1167 505 1204 1164 501 1205 1167 505 1206 1169 506 1207 1166 502 1208 1168 507 1209 1170 508 1210 1167 505 1211 502 509 1212 389 427 1213 221 426 1214 501 510 1215 1163 503 1216 502 509 1217 500 511 1218 1164 501 1219 501 510 1220 222 289 1221 1165 504 1222 500 511 1223 419 288 1224 1168 507 1225 1165 504 1226 420 302 1227 1171 512 1228 1168 507 1229 421 301 1230 397 513 1231 1171 512 1232 1171 512 1233 396 514 1234 1170 508 1235 1170 508 1236 395 515 1237 1169 506 1238 1169 506 1239 200 516 1240 391 430 1241 1166 502 1242 391 430 1243 390 428 1244 1163 503 1245 390 428 1246 389 427 1247 1172 517 1248 1176 518 1249 1175 519 1250 1173 520 1251 1177 521 1252 1176 518 1253 1175 519 1254 1179 522 1255 1178 523 1256 1176 518 1257 1180 524 1258 1179 522 1259 191 525 1260 1172 517 1261 340 297 1262 367 343 1263 1173 520 1264 1172 517 1265 366 341 1266 1174 526 1267 1173 520 1268 365 340 1269 437 480 1270 1174 526 1271 1174 526 1272 438 488 1273 1177 521 1274 1177 521 1275 439 487 1276 1180 524 1277 1180 524 1278 213 382 1279 413 527 1280 1179 522 1281 413 527 1282 414 528 1283 1178 523 1284 414 528 1285 415 529 1286 338 299 1287 415 529 1288 204 300 1289 339 298 1290 1178 523 1291 338 299 1292 340 297 1293 1175 519 1294 339 298 1295 1182 530 1296 1184 531 1297 1181 532 1298 1182 530 1299 1186 533 1300 1185 534 1301 1185 534 1302 1187 535 1303 1184 531 1304 1186 533 1305 1188 536 1306 1185 534 1307 204 300 1308 1181 532 1309 397 513 1310 415 529 1311 1182 530 1312 1181 532 1313 414 528 1314 1183 537 1315 1182 530 1316 413 527 1317 440 383 1318 1183 537 1319 1183 537 1320 441 393 1321 1186 533 1322 1186 533 1323 442 392 1324 1189 538 1325 442 392 1326 383 539 1327 1189 538 1328 1189 538 1329 384 540 1330 1188 536 1331 1188 536 1332 385 541 1333 1187 535 1334 1187 535 1335 200 516 1336 395 515 1337 1184 531 1338 395 515 1339 396 514 1340 397 513 1341 1184 531 1342 396 514 1343 1190 542 1344 1194 543 1345 1193 544 1346 1192 545 1347 1194 543 1348 1191 546 1349 1193 544 1350 1197 547 1351 1196 548 1352 1195 549 1353 1197 547 1354 1194 543 1355 200 516 1356 1190 542 1357 373 431 1358 384 540 1359 1190 542 1360 385 541 1361 383 539 1362 1191 546 1363 384 540 1364 212 360 1365 1192 545 1366 383 539 1367 443 359 1368 1195 549 1369 1192 545 1370 444 373 1371 1198 550 1372 1195 549 1373 445 372 1374 427 551 1375 1198 550 1376 1197 547 1377 427 551 1378 426 552 1379 1196 548 1380 426 552 1381 425 553 1382 371 433 1383 425 553 1384 187 434 1385 372 432 1386 1196 548 1387 371 433 1388 373 431 1389 1193 544 1390 372 432 1391 1200 554 1392 1202 555 1393 1199 556 1394 1201 557 1395 1203 558 1396 1200 554 1397 1203 558 1398 1205 559 1399 1202 555 1400 1204 560 1401 1206 561 1402 1203 558 1403 358 322 1404 422 562 1405 198 323 1406 357 321 1407 1199 556 1408 358 322 1409 356 320 1410 1200 554 1411 357 321 1412 196 484 1413 1201 557 1414 356 320 1415 428 485 1416 1204 560 1417 1201 557 1418 429 482 1419 1207 563 1420 1204 560 1421 430 481 1422 446 338 1423 1207 563 1424 1207 563 1425 447 337 1426 1206 561 1427 1206 561 1428 448 334 1429 1205 559 1430 1205 559 1431 209 336 1432 424 564 1433 1202 555 1434 424 564 1435 423 565 1436 1199 556 1437 423 565 1438 422 562 1439 1208 566 1440 1212 567 1441 1211 568 1442 1209 569 1443 1213 570 1444 1212 567 1445 1211 568 1446 1215 571 1447 1214 572 1448 1212 567 1449 1216 573 1450 1215 571 1451 201 270 1452 1208 566 1453 458 574 1454 376 454 1455 1209 569 1456 1208 566 1457 375 452 1458 1210 575 1459 1209 569 1460 374 451 1461 461 576 1462 1210 575 1463 1210 575 1464 462 577 1465 1213 570 1466 1213 570 1467 463 578 1468 1216 573 1469 1216 573 1470 218 579 1471 464 580 1472 1215 571 1473 464 580 1474 465 581 1475 1215 571 1476 466 582 1477 1214 572 1478 1214 572 1479 217 583 1480 460 584 1481 459 585 1482 1214 572 1483 460 584 1484 458 574 1485 1211 568 1486 459 585 1487 1218 586 1488 1220 587 1489 1217 588 1490 1219 589 1491 1221 590 1492 1218 586 1493 1221 590 1494 1223 591 1495 1220 587 1496 1222 592 1497 1224 593 1498 1221 590 1499 346 594 1500 319 200 1501 186 199 1502 345 272 1503 1217 588 1504 346 594 1505 345 272 1506 1219 589 1507 1218 586 1508 344 271 1509 458 574 1510 1219 589 1511 1219 589 1512 459 585 1513 1222 592 1514 459 585 1515 1225 595 1516 1222 592 1517 460 584 1518 467 596 1519 1225 595 1520 1225 595 1521 468 597 1522 1224 593 1523 1224 593 1524 469 598 1525 1223 591 1526 1223 591 1527 214 599 1528 317 203 1529 1220 587 1530 317 203 1531 318 201 1532 1217 588 1533 318 201 1534 319 200 1535 1226 600 1536 1230 601 1537 1229 602 1538 1227 603 1539 1231 604 1540 1230 601 1541 1229 602 1542 1233 605 1543 1232 606 1544 1230 601 1545 1234 607 1546 1233 605 1547 208 450 1548 1226 600 1549 461 576 1550 409 469 1551 1227 603 1552 1226 600 1553 408 467 1554 1228 608 1555 1227 603 1556 407 466 1557 331 249 1558 1228 608 1559 1228 608 1560 330 248 1561 1231 604 1562 1231 604 1563 329 247 1564 1234 607 1565 1234 607 1566 215 609 1567 470 610 1568 1233 605 1569 470 610 1570 471 611 1571 1232 606 1572 471 611 1573 472 612 1574 463 578 1575 472 612 1576 218 579 1577 462 577 1578 1232 606 1579 463 578 1580 461 576 1581 1229 602 1582 462 577 1583 1235 613 1584 1239 614 1585 1238 615 1586 1236 616 1587 1240 617 1588 1239 614 1589 1238 615 1590 1242 618 1591 1241 619 1592 1239 614 1593 1243 620 1594 1242 618 1595 225 621 1596 1235 613 1597 455 622 1598 499 623 1599 1236 616 1600 1235 613 1601 498 624 1602 1237 625 1603 1236 616 1604 497 626 1605 452 627 1606 1237 625 1607 1237 625 1608 453 628 1609 1240 617 1610 1240 617 1611 454 629 1612 1243 620 1613 1243 620 1614 215 609 1615 473 246 1616 1242 618 1617 473 246 1618 474 244 1619 1241 619 1620 474 244 1621 475 243 1622 457 630 1623 475 243 1624 216 241 1625 456 631 1626 1241 619 1627 457 630 1628 455 622 1629 1238 615 1630 456 631 1631 1244 632 1632 1248 633 1633 1247 634 1634 1245 635 1635 1249 636 1636 1248 633 1637 1247 634 1638 1251 637 1639 1250 638 1640 1248 633 1641 1252 639 1642 1251 637 1643 193 347 1644 1244 632 1645 494 640 1646 327 345 1647 1244 632 1648 328 346 1649 326 344 1650 1245 635 1651 327 345 1652 191 525 1653 1246 641 1654 326 344 1655 1246 641 1656 492 294 1657 1249 636 1658 1249 636 1659 493 293 1660 1252 639 1661 1252 639 1662 224 642 1663 497 626 1664 1251 637 1665 497 626 1666 498 624 1667 1250 638 1668 498 624 1669 499 623 1670 496 643 1671 499 623 1672 225 621 1673 495 644 1674 1250 638 1675 496 643 1676 494 640 1677 1247 634 1678 495 644 1679 1254 645 1680 1256 646 1681 1253 647 1682 1255 648 1683 1257 649 1684 1254 645 1685 1257 649 1686 1259 650 1687 1256 646 1688 1258 651 1689 1260 652 1690 1257 649 1691 466 582 1692 482 653 1693 217 583 1694 465 581 1695 1253 647 1696 466 582 1697 464 580 1698 1254 645 1699 465 581 1700 218 579 1701 1255 648 1702 464 580 1703 485 654 1704 1258 651 1705 1255 648 1706 486 655 1707 1261 656 1708 1258 651 1709 487 657 1710 500 511 1711 1261 656 1712 1261 656 1713 501 510 1714 1260 652 1715 1260 652 1716 502 509 1717 1259 650 1718 1259 650 1719 221 426 1720 484 658 1721 1256 646 1722 484 658 1723 483 659 1724 1253 647 1725 483 659 1726 482 653 1727 1263 660 1728 1265 661 1729 1262 662 1730 1264 663 1731 1266 664 1732 1263 660 1733 1266 664 1734 1268 665 1735 1265 661 1736 1267 666 1737 1269 667 1738 1266 664 1739 469 598 1740 451 204 1741 214 599 1742 468 597 1743 1262 662 1744 469 598 1745 467 596 1746 1263 660 1747 468 597 1748 217 583 1749 1264 663 1750 467 596 1751 482 653 1752 1267 666 1753 1264 663 1754 483 659 1755 1270 668 1756 1267 666 1757 484 658 1758 503 425 1759 1270 668 1760 1270 668 1761 504 424 1762 1269 667 1763 1269 667 1764 505 422 1765 1268 665 1766 1268 665 1767 223 208 1768 449 206 1769 1265 661 1770 449 206 1771 450 205 1772 1262 662 1773 450 205 1774 451 204 1775 1271 669 1776 1275 670 1777 1274 671 1778 1272 672 1779 1276 673 1780 1275 670 1781 1275 670 1782 1277 674 1783 1274 671 1784 1275 670 1785 1279 675 1786 1278 676 1787 218 579 1788 1271 669 1789 485 654 1790 472 612 1791 1272 672 1792 1271 669 1793 471 611 1794 1273 677 1795 1272 672 1796 470 610 1797 454 629 1798 1273 677 1799 1273 677 1800 453 628 1801 1276 673 1802 1276 673 1803 452 627 1804 1279 675 1805 1279 675 1806 224 642 1807 506 292 1808 1278 676 1809 506 292 1810 507 290 1811 1278 676 1812 508 287 1813 1277 674 1814 1277 674 1815 222 289 1816 487 657 1817 1274 671 1818 487 657 1819 486 655 1820 1271 669 1821 486 655 1822 485 654 1823 1281 678 1824 1283 679 1825 1280 680 1826 1282 681 1827 1284 682 1828 1281 678 1829 1284 682 1830 1286 683 1831 1283 679 1832 1285 684 1833 1287 685 1834 1284 682 1835 476 198 1836 310 274 1837 186 199 1838 477 197 1839 1280 680 1840 476 198 1841 478 194 1842 1281 678 1843 477 197 1844 219 196 1845 1282 681 1846 478 194 1847 509 219 1848 1285 684 1849 1282 681 1850 510 232 1851 1288 686 1852 1285 684 1853 511 231 1854 481 687 1855 1288 686 1856 1288 686 1857 480 688 1858 1287 685 1859 1287 685 1860 479 689 1861 1286 683 1862 1286 683 1863 189 278 1864 308 276 1865 1283 679 1866 308 276 1867 309 275 1868 1280 680 1869 309 275 1870 310 274 1871 1290 690 1872 1292 691 1873 1289 692 1874 1291 693 1875 1293 694 1876 1290 690 1877 1292 691 1878 1296 695 1879 1295 696 1880 1293 694 1881 1297 697 1882 1296 695 1883 313 221 1884 314 698 1885 188 222 1886 312 220 1887 1289 692 1888 313 221 1889 311 218 1890 1290 690 1891 312 220 1892 219 196 1893 1291 693 1894 311 218 1895 512 195 1896 1294 699 1897 1291 693 1898 513 209 1899 1297 697 1900 1294 699 1901 1297 697 1902 223 208 1903 490 423 1904 1296 695 1905 490 423 1906 489 436 1907 1295 696 1908 489 436 1909 488 435 1910 316 700 1911 488 435 1912 187 434 1913 315 701 1914 1295 696 1915 316 700 1916 314 698 1917 1292 691 1918 315 701 1919 1299 702 1920 1301 703 1921 1298 704 1922 1300 705 1923 1302 706 1924 1299 702 1925 1302 706 1926 1304 707 1927 1301 703 1928 1303 708 1929 1305 709 1930 1302 706 1931 704 710 1932 670 711 1933 253 712 1934 705 713 1935 1298 704 1936 704 710 1937 706 714 1938 1299 702 1939 705 713 1940 706 714 1941 641 715 1942 1300 705 1943 641 715 1944 1303 708 1945 1300 705 1946 642 716 1947 1306 717 1948 1303 708 1949 643 718 1950 521 719 1951 1306 717 1952 1306 717 1953 522 720 1954 1305 709 1955 1305 709 1956 523 721 1957 1304 707 1958 1304 707 1959 226 722 1960 668 723 1961 1301 703 1962 668 723 1963 669 724 1964 1298 704 1965 669 724 1966 670 711 1967 1308 725 1968 1310 726 1969 1307 727 1970 1309 728 1971 1311 729 1972 1308 725 1973 1311 729 1974 1313 730 1975 1310 726 1976 1312 731 1977 1314 732 1978 1311 729 1979 701 733 1980 518 734 1981 253 712 1982 702 735 1983 1307 727 1984 701 733 1985 703 736 1986 1308 725 1987 702 735 1988 254 737 1989 1309 728 1990 703 736 1991 524 738 1992 1312 731 1993 1309 728 1994 525 739 1995 1315 740 1996 1312 731 1997 526 741 1998 322 226 1999 1315 740 2000 1315 740 2001 321 224 2002 1314 732 2003 1314 732 2004 320 223 2005 1313 730 2006 1313 730 2007 188 222 2008 520 742 2009 1310 726 2010 520 742 2011 519 743 2012 1307 727 2013 519 743 2014 518 734 2015 1316 744 2016 1320 745 2017 1319 746 2018 1317 747 2019 1321 748 2020 1320 745 2021 1319 746 2022 1323 749 2023 1322 750 2024 1320 745 2025 1324 751 2026 1323 749 2027 250 752 2028 1316 744 2029 667 753 2030 542 754 2031 1317 747 2032 1316 744 2033 543 755 2034 1318 756 2035 1317 747 2036 544 757 2037 538 758 2038 1318 756 2039 1318 756 2040 537 759 2041 1321 748 2042 1321 748 2043 536 760 2044 1324 751 2045 1324 751 2046 229 761 2047 532 762 2048 1323 749 2049 532 762 2050 531 763 2051 1322 750 2052 531 763 2053 530 764 2054 665 765 2055 530 764 2056 249 766 2057 666 767 2058 1322 750 2059 665 765 2060 667 753 2061 1319 746 2062 666 767 2063 1326 768 2064 1328 769 2065 1325 770 2066 1327 771 2067 1329 772 2068 1326 768 2069 1329 772 2070 1331 773 2071 1328 769 2072 1330 774 2073 1332 775 2074 1329 772 2075 533 776 2076 589 777 2077 234 778 2078 534 779 2079 1325 770 2080 533 776 2081 535 780 2082 1326 768 2083 534 779 2084 535 780 2085 515 781 2086 1327 771 2087 1327 771 2088 516 782 2089 1330 774 2090 1330 774 2091 517 783 2092 1333 784 2093 1333 784 2094 226 722 2095 547 785 2096 1333 784 2097 546 786 2098 1332 775 2099 1332 775 2100 545 787 2101 1331 773 2102 1331 773 2103 236 788 2104 587 789 2105 1328 769 2106 587 789 2107 588 790 2108 1325 770 2109 588 790 2110 589 777 2111 1335 791 2112 1337 792 2113 1334 793 2114 1336 794 2115 1338 795 2116 1335 791 2117 1337 792 2118 1341 796 2119 1340 797 2120 1339 798 2121 1341 796 2122 1338 795 2123 614 799 2124 700 800 2125 256 801 2126 615 802 2127 1334 793 2128 614 799 2129 616 803 2130 1335 791 2131 615 802 2132 239 804 2133 1336 794 2134 616 803 2135 539 805 2136 1339 798 2137 1336 794 2138 540 806 2139 1342 807 2140 1339 798 2141 541 808 2142 683 809 2143 1342 807 2144 1341 796 2145 683 809 2146 684 810 2147 1340 797 2148 684 810 2149 685 811 2150 698 812 2151 685 811 2152 258 813 2153 699 814 2154 1340 797 2155 698 812 2156 1334 793 2157 699 814 2158 700 800 2159 1343 815 2160 1347 816 2161 1346 817 2162 1345 818 2163 1347 816 2164 1344 819 2165 1346 817 2166 1350 820 2167 1349 821 2168 1348 822 2169 1350 820 2170 1347 816 2171 241 823 2172 1343 815 2173 613 824 2174 557 825 2175 1344 819 2176 1343 815 2177 559 826 2178 1344 819 2179 558 827 2180 233 828 2181 1345 818 2182 559 826 2183 556 829 2184 1348 822 2185 1345 818 2186 555 830 2187 1351 831 2188 1348 822 2189 554 832 2190 553 833 2191 1351 831 2192 1351 831 2193 552 834 2194 1350 820 2195 1349 821 2196 552 834 2197 551 835 2198 611 836 2199 551 835 2200 240 837 2201 612 838 2202 1349 821 2203 611 836 2204 613 824 2205 1346 817 2206 612 838 2207 1353 839 2208 1355 840 2209 1352 841 2210 1354 842 2211 1356 843 2212 1353 839 2213 1356 843 2214 1358 844 2215 1355 840 2216 1357 845 2217 1359 846 2218 1356 843 2219 548 847 2220 640 848 2221 244 849 2222 549 850 2223 1352 841 2224 548 847 2225 550 851 2226 1353 839 2227 549 850 2228 230 852 2229 1354 842 2230 550 851 2231 529 853 2232 1357 845 2233 1354 842 2234 528 854 2235 1360 855 2236 1357 845 2237 527 856 2238 562 857 2239 1360 855 2240 1360 855 2241 561 858 2242 1359 846 2243 1359 846 2244 560 859 2245 1358 844 2246 1358 844 2247 245 860 2248 638 861 2249 1355 840 2250 638 861 2251 639 862 2252 1352 841 2253 639 862 2254 640 848 2255 1362 863 2256 1364 864 2257 1361 865 2258 1363 866 2259 1365 867 2260 1362 863 2261 1364 864 2262 1368 868 2263 1367 869 2264 1365 867 2265 1369 870 2266 1368 868 2267 635 871 2268 625 872 2269 246 873 2270 636 874 2271 1361 865 2272 635 871 2273 637 875 2274 1362 863 2275 636 874 2276 210 371 2277 1363 866 2278 637 875 2279 362 370 2280 1366 876 2281 1363 866 2282 363 369 2283 1369 870 2284 1366 876 2285 1369 870 2286 195 367 2287 572 877 2288 1368 868 2289 572 877 2290 573 878 2291 1367 869 2292 573 878 2293 574 879 2294 623 880 2295 574 879 2296 237 881 2297 624 882 2298 1367 869 2299 623 880 2300 625 872 2301 1364 864 2302 624 882 2303 1370 883 2304 1374 884 2305 1373 885 2306 1371 886 2307 1375 887 2308 1374 884 2309 1373 885 2310 1377 888 2311 1376 889 2312 1374 884 2313 1378 890 2314 1377 888 2315 247 891 2316 1370 883 2317 628 892 2318 632 893 2319 1371 886 2320 1370 883 2321 633 894 2322 1372 895 2323 1371 886 2324 634 896 2325 625 872 2326 1372 895 2327 1372 895 2328 624 882 2329 1375 887 2330 1375 887 2331 623 880 2332 1378 890 2333 1378 890 2334 237 881 2335 593 897 2336 1377 888 2337 593 897 2338 594 898 2339 1376 889 2340 594 898 2341 595 899 2342 626 900 2343 595 899 2344 240 837 2345 627 901 2346 1376 889 2347 626 900 2348 628 892 2349 1373 885 2350 627 901 2351 1379 902 2352 1383 903 2353 1382 904 2354 1380 905 2355 1384 906 2356 1383 903 2357 1382 904 2358 1386 907 2359 1385 908 2360 1383 903 2361 1387 909 2362 1386 907 2363 197 402 2364 1379 902 2365 352 404 2366 575 910 2367 1380 905 2368 1379 902 2369 576 911 2370 1381 912 2371 1380 905 2372 577 913 2373 583 914 2374 1381 912 2375 1381 912 2376 582 915 2377 1384 906 2378 1384 906 2379 581 916 2380 1387 909 2381 1387 909 2382 237 881 2383 574 879 2384 1386 907 2385 574 879 2386 573 878 2387 1385 908 2388 573 878 2389 572 877 2390 350 407 2391 572 877 2392 195 367 2393 351 405 2394 1385 908 2395 350 407 2396 352 404 2397 1382 904 2398 351 405 2399 1389 917 2400 1391 918 2401 1388 919 2402 1390 920 2403 1392 921 2404 1389 917 2405 1392 921 2406 1394 922 2407 1391 918 2408 1393 923 2409 1395 924 2410 1392 921 2411 682 925 2412 697 926 2413 257 927 2414 681 928 2415 1388 919 2416 682 925 2417 680 929 2418 1389 917 2419 681 928 2420 187 434 2421 1390 920 2422 680 929 2423 566 930 2424 1393 923 2425 1390 920 2426 567 931 2427 1396 932 2428 1393 923 2429 568 933 2430 586 934 2431 1396 932 2432 1396 932 2433 585 935 2434 1395 924 2435 1395 924 2436 584 936 2437 1394 922 2438 1394 922 2439 255 937 2440 695 938 2441 1391 918 2442 695 938 2443 696 939 2444 1388 919 2445 696 939 2446 697 926 2447 1398 940 2448 1400 941 2449 1397 942 2450 1399 943 2451 1401 944 2452 1398 940 2453 1401 944 2454 1403 945 2455 1400 941 2456 1402 946 2457 1404 947 2458 1401 944 2459 563 948 2460 607 949 2461 242 950 2462 564 951 2463 1397 942 2464 563 948 2465 565 952 2466 1398 940 2467 564 951 2468 234 778 2469 1399 943 2470 565 952 2471 589 777 2472 1402 946 2473 1399 943 2474 588 790 2475 1405 953 2476 1402 946 2477 587 789 2478 571 954 2479 1405 953 2480 1405 953 2481 570 955 2482 1404 947 2483 1404 947 2484 569 956 2485 1403 945 2486 1403 945 2487 243 957 2488 605 958 2489 1400 941 2490 605 958 2491 606 959 2492 1397 942 2493 606 959 2494 607 949 2495 1407 960 2496 1409 961 2497 1406 962 2498 1408 963 2499 1410 964 2500 1407 960 2501 1410 964 2502 1412 965 2503 1409 961 2504 1411 966 2505 1413 967 2506 1410 964 2507 231 968 2508 1406 962 2509 538 758 2510 600 969 2511 1406 962 2512 599 970 2513 601 971 2514 1407 960 2515 600 969 2516 242 950 2517 1408 963 2518 601 971 2519 607 949 2520 1411 966 2521 1408 963 2522 606 959 2523 1414 972 2524 1411 966 2525 605 958 2526 604 973 2527 1414 972 2528 1414 972 2529 603 974 2530 1413 967 2531 1413 967 2532 602 975 2533 1412 965 2534 536 760 2535 602 975 2536 229 761 2537 537 759 2538 1412 965 2539 536 760 2540 538 758 2541 1409 961 2542 537 759 2543 1415 976 2544 1419 977 2545 1418 978 2546 1416 979 2547 1420 980 2548 1419 977 2549 1418 978 2550 1422 981 2551 1421 982 2552 1419 977 2553 1423 983 2554 1422 981 2555 245 860 2556 1415 976 2557 622 984 2558 629 985 2559 1416 979 2560 1415 976 2561 630 986 2562 1417 987 2563 1416 979 2564 631 988 2565 628 892 2566 1417 987 2567 1417 987 2568 627 901 2569 1420 980 2570 1420 980 2571 626 900 2572 1423 983 2573 1423 983 2574 240 837 2575 551 835 2576 1422 981 2577 551 835 2578 552 834 2579 1422 981 2580 553 833 2581 1421 982 2582 1421 982 2583 232 989 2584 620 990 2585 621 991 2586 1421 982 2587 620 990 2588 622 984 2589 1418 978 2590 621 991 2591 1424 992 2592 1428 993 2593 1427 994 2594 1425 995 2595 1429 996 2596 1428 993 2597 1427 994 2598 1431 997 2599 1430 998 2600 1428 993 2601 1432 999 2602 1431 997 2603 238 1000 2604 1424 992 2605 583 914 2606 596 1001 2607 1425 995 2608 1424 992 2609 597 1002 2610 1426 1003 2611 1425 995 2612 598 1004 2613 613 824 2614 1426 1003 2615 1426 1003 2616 612 838 2617 1429 996 2618 1429 996 2619 611 836 2620 1432 999 2621 1432 999 2622 240 837 2623 595 899 2624 1431 997 2625 595 899 2626 594 898 2627 1430 998 2628 594 898 2629 593 897 2630 581 916 2631 593 897 2632 237 881 2633 582 915 2634 1430 998 2635 581 916 2636 583 914 2637 1427 994 2638 582 915 2639 1434 1005 2640 1436 1006 2641 1433 1007 2642 1435 1008 2643 1437 1009 2644 1434 1005 2645 1437 1009 2646 1439 1010 2647 1436 1006 2648 1438 1011 2649 1440 1012 2650 1437 1009 2651 584 936 2652 694 1013 2653 255 937 2654 585 935 2655 1433 1007 2656 584 936 2657 586 934 2658 1434 1005 2659 585 935 2660 235 1014 2661 1435 1008 2662 586 934 2663 590 1015 2664 1438 1011 2665 1435 1008 2666 591 1016 2667 1441 1017 2668 1438 1011 2669 592 1018 2670 616 803 2671 1441 1017 2672 1441 1017 2673 615 802 2674 1440 1012 2675 1440 1012 2676 614 799 2677 1439 1010 2678 1439 1010 2679 256 801 2680 692 1019 2681 1436 1006 2682 692 1019 2683 693 1020 2684 1433 1007 2685 693 1020 2686 694 1013 2687 1442 1021 2688 1446 1022 2689 1445 1023 2690 1443 1024 2691 1447 1025 2692 1446 1022 2693 1445 1023 2694 1449 1026 2695 1448 1027 2696 1446 1022 2697 1450 1028 2698 1449 1026 2699 228 1029 2700 1442 1021 2701 562 857 2702 541 808 2703 1443 1024 2704 1442 1021 2705 540 806 2706 1444 1030 2707 1443 1024 2708 539 805 2709 610 1031 2710 1444 1030 2711 1444 1030 2712 609 1032 2713 1447 1025 2714 1447 1025 2715 608 1033 2716 1450 1028 2717 1450 1028 2718 247 891 2719 631 988 2720 1449 1026 2721 631 988 2722 630 986 2723 1448 1027 2724 630 986 2725 629 985 2726 560 859 2727 629 985 2728 245 860 2729 561 858 2730 1448 1027 2731 560 859 2732 562 857 2733 1445 1023 2734 561 858 2735 1452 1034 2736 1454 1035 2737 1451 1036 2738 1453 1037 2739 1455 1038 2740 1452 1034 2741 1454 1035 2742 1458 1039 2743 1457 1040 2744 1456 1041 2745 1458 1039 2746 1455 1038 2747 239 804 2748 1451 1036 2749 610 1031 2750 592 1018 2751 1452 1034 2752 1451 1036 2753 590 1015 2754 1452 1034 2755 591 1016 2756 235 1014 2757 1453 1037 2758 590 1015 2759 580 1042 2760 1456 1041 2761 1453 1037 2762 579 1043 2763 1459 1044 2764 1456 1041 2765 578 1045 2766 634 896 2767 1459 1044 2768 1458 1039 2769 634 896 2770 633 894 2771 1457 1040 2772 633 894 2773 632 893 2774 608 1033 2775 632 893 2776 247 891 2777 609 1032 2778 1457 1040 2779 608 1033 2780 610 1031 2781 1454 1035 2782 609 1032 2783 1460 1046 2784 1464 1047 2785 1463 1048 2786 1461 1049 2787 1465 1050 2788 1464 1047 2789 1464 1047 2790 1466 1051 2791 1463 1048 2792 1465 1050 2793 1467 1052 2794 1464 1047 2795 235 1014 2796 1460 1046 2797 580 1042 2798 568 933 2799 1461 1049 2800 1460 1046 2801 567 931 2802 1462 1053 2803 1461 1049 2804 566 930 2805 425 553 2806 1462 1053 2807 1462 1053 2808 426 552 2809 1465 1050 2810 1465 1050 2811 427 551 2812 1468 1054 2813 427 551 2814 637 875 2815 1468 1054 2816 1468 1054 2817 636 874 2818 1467 1052 2819 1467 1052 2820 635 871 2821 1466 1051 2822 1466 1051 2823 246 873 2824 578 1045 2825 1463 1048 2826 578 1045 2827 579 1043 2828 1460 1046 2829 579 1043 2830 580 1042 2831 1470 1055 2832 1472 1056 2833 1469 1057 2834 1471 1058 2835 1473 1059 2836 1470 1055 2837 1473 1059 2838 1475 1060 2839 1472 1056 2840 1474 1061 2841 1476 1062 2842 1473 1059 2843 617 1063 2844 556 829 2845 233 828 2846 618 1064 2847 1469 1057 2848 617 1063 2849 619 1065 2850 1470 1055 2851 618 1064 2852 244 849 2853 1471 1058 2854 619 1065 2855 640 848 2856 1474 1061 2857 1471 1058 2858 639 862 2859 1477 1066 2860 1474 1061 2861 638 861 2862 622 984 2863 1477 1066 2864 1477 1066 2865 621 991 2866 1476 1062 2867 1476 1062 2868 620 990 2869 1475 1060 2870 1475 1060 2871 232 989 2872 554 832 2873 1472 1056 2874 554 832 2875 555 830 2876 1469 1057 2877 555 830 2878 556 829 2879 1478 1067 2880 1482 1068 2881 1481 1069 2882 1479 1070 2883 1483 1071 2884 1482 1068 2885 1481 1069 2886 1485 1072 2887 1484 1073 2888 1482 1068 2889 1486 1074 2890 1485 1072 2891 236 788 2892 1478 1067 2893 571 954 2894 650 1075 2895 1479 1070 2896 1478 1067 2897 651 1076 2898 1480 1077 2899 1479 1070 2900 251 1078 2901 1480 1077 2902 652 1079 2903 658 1080 2904 1483 1071 2905 1480 1077 2906 1483 1071 2907 656 1081 2908 1486 1074 2909 1486 1074 2910 252 1082 2911 655 1083 2912 1485 1072 2913 655 1083 2914 654 1084 2915 1484 1073 2916 654 1084 2917 653 1085 2918 569 956 2919 653 1085 2920 243 957 2921 570 955 2922 1484 1073 2923 569 956 2924 571 954 2925 1481 1069 2926 570 955 2927 1488 1086 2928 1490 1087 2929 1487 1088 2930 1489 1089 2931 1491 1090 2932 1488 1086 2933 1491 1090 2934 1493 1091 2935 1490 1087 2936 1492 1092 2937 1494 1093 2938 1491 1090 2939 523 721 2940 547 785 2941 226 722 2942 522 720 2943 1487 1088 2944 523 721 2945 521 719 2946 1488 1086 2947 522 720 2948 248 1094 2949 1489 1089 2950 521 719 2951 661 1095 2952 1492 1092 2953 1489 1089 2954 660 1096 2955 1495 1097 2956 1492 1092 2957 659 1098 2958 652 1079 2959 1495 1097 2960 1495 1097 2961 651 1076 2962 1494 1093 2963 1493 1091 2964 651 1076 2965 650 1075 2966 545 787 2967 650 1075 2968 236 788 2969 546 786 2970 1493 1091 2971 545 787 2972 1487 1088 2973 546 786 2974 547 785 2975 1496 1099 2976 1500 1100 2977 1499 1101 2978 1497 1102 2979 1501 1103 2980 1500 1100 2981 1499 1101 2982 1503 1104 2983 1502 1105 2984 1500 1100 2985 1504 1106 2986 1503 1104 2987 243 957 2988 1496 1099 2989 604 973 2990 653 1085 2991 1497 1102 2992 1496 1099 2993 654 1084 2994 1498 1107 2995 1497 1102 2996 655 1083 2997 664 1108 2998 1498 1107 2999 1498 1107 3000 663 1109 3001 1501 1103 3002 1501 1103 3003 662 1110 3004 1504 1106 3005 1504 1106 3006 249 766 3007 530 764 3008 1503 1104 3009 530 764 3010 531 763 3011 1502 1105 3012 531 763 3013 532 762 3014 602 975 3015 532 762 3016 229 761 3017 603 974 3018 1502 1105 3019 602 975 3020 604 973 3021 1499 1101 3022 603 974 3023 1505 1111 3024 1509 1112 3025 1508 1113 3026 1506 1114 3027 1510 1115 3028 1509 1112 3029 1508 1113 3030 1512 1116 3031 1511 1117 3032 1509 1112 3033 1513 1118 3034 1512 1116 3035 259 1119 3036 1505 1111 3037 691 1120 3038 647 1121 3039 1506 1114 3040 1505 1111 3041 648 1122 3042 1507 1123 3043 1506 1114 3044 649 1124 3045 667 753 3046 1507 1123 3047 1507 1123 3048 666 767 3049 1510 1115 3050 1510 1115 3051 665 765 3052 1513 1118 3053 1513 1118 3054 249 766 3055 646 1125 3056 1512 1116 3057 646 1125 3058 645 1126 3059 1511 1117 3060 645 1126 3061 644 1127 3062 689 1128 3063 644 1127 3064 258 813 3065 690 1129 3066 1511 1117 3067 689 1128 3068 691 1120 3069 1508 1113 3070 690 1129 3071 1514 1130 3072 1518 1131 3073 1517 1132 3074 1515 1133 3075 1519 1134 3076 1518 1131 3077 1517 1132 3078 1521 1135 3079 1520 1136 3080 1518 1131 3081 1522 1137 3082 1521 1135 3083 230 852 3084 1514 1130 3085 529 853 3086 686 1138 3087 1515 1133 3088 1514 1130 3089 687 1139 3090 1516 1140 3091 1515 1133 3092 688 1141 3093 691 1120 3094 1516 1140 3095 1516 1140 3096 690 1129 3097 1519 1134 3098 1519 1134 3099 689 1128 3100 1522 1137 3101 1522 1137 3102 258 813 3103 685 811 3104 1521 1135 3105 685 811 3106 684 810 3107 1520 1136 3108 684 810 3109 683 809 3110 1520 1136 3111 228 1029 3112 527 856 3113 1517 1132 3114 527 856 3115 528 854 3116 1514 1130 3117 528 854 3118 529 853 3119 1524 1142 3120 1526 1143 3121 1523 1144 3122 1525 1145 3123 1527 1146 3124 1524 1142 3125 1527 1146 3126 1529 1147 3127 1526 1143 3128 1528 1148 3129 1530 1149 3130 1527 1146 3131 674 1150 3132 658 1080 3133 251 1078 3134 675 1151 3135 1523 1144 3136 674 1150 3137 676 1152 3138 1524 1142 3139 675 1151 3140 255 937 3141 1525 1145 3142 676 1152 3143 694 1013 3144 1528 1148 3145 1525 1145 3146 693 1020 3147 1531 1153 3148 1528 1148 3149 692 1019 3150 679 1154 3151 1531 1153 3152 1531 1153 3153 678 1155 3154 1530 1149 3155 1530 1149 3156 677 1156 3157 1529 1147 3158 1529 1147 3159 252 1082 3160 656 1081 3161 1526 1143 3162 656 1081 3163 657 1157 3164 1523 1144 3165 657 1157 3166 658 1080 3167 1533 1158 3168 1535 1159 3169 1532 1160 3170 1534 1161 3171 1536 1162 3172 1533 1158 3173 1536 1162 3174 1538 1163 3175 1535 1159 3176 1537 1164 3177 1539 1165 3178 1536 1162 3179 643 718 3180 661 1095 3181 248 1094 3182 642 716 3183 1532 1160 3184 643 718 3185 641 715 3186 1533 1158 3187 642 716 3188 257 927 3189 1534 1161 3190 641 715 3191 697 926 3192 1537 1164 3193 1534 1161 3194 696 939 3195 1540 1166 3196 1537 1164 3197 695 938 3198 676 1152 3199 1540 1166 3200 1540 1166 3201 675 1151 3202 1539 1165 3203 1539 1165 3204 674 1150 3205 1538 1163 3206 1538 1163 3207 251 1078 3208 659 1098 3209 1535 1159 3210 659 1098 3211 660 1096 3212 1532 1160 3213 660 1096 3214 661 1095 3215 1541 1167 3216 1545 1168 3217 1544 1169 3218 1543 1170 3219 1545 1168 3220 1542 1171 3221 1544 1169 3222 1548 1172 3223 1547 1173 3224 1545 1168 3225 1549 1174 3226 1548 1172 3227 252 1082 3228 1541 1167 3229 664 1108 3230 678 1155 3231 1541 1167 3232 677 1156 3233 679 1154 3234 1542 1171 3235 678 1155 3236 256 801 3237 1543 1170 3238 679 1154 3239 700 800 3240 1546 1175 3241 1543 1170 3242 1546 1175 3243 698 812 3244 1549 1174 3245 1549 1174 3246 258 813 3247 644 1127 3248 1548 1172 3249 644 1127 3250 645 1126 3251 1547 1173 3252 645 1126 3253 646 1125 3254 662 1110 3255 646 1125 3256 249 766 3257 663 1109 3258 1547 1173 3259 662 1110 3260 664 1108 3261 1544 1169 3262 663 1109 3263 1551 1176 3264 1553 1177 3265 1550 1178 3266 1552 1179 3267 1554 1180 3268 1551 1176 3269 1554 1180 3270 1556 1181 3271 1553 1177 3272 1555 1182 3273 1557 1183 3274 1554 1180 3275 517 783 3276 668 723 3277 226 722 3278 516 782 3279 1550 1178 3280 517 783 3281 515 781 3282 1551 1176 3283 516 782 3284 227 1184 3285 1552 1179 3286 515 781 3287 671 1185 3288 1555 1182 3289 1552 1179 3290 672 1186 3291 1558 1187 3292 1555 1182 3293 673 1188 3294 703 736 3295 1558 1187 3296 1558 1187 3297 702 735 3298 1557 1183 3299 1557 1183 3300 701 733 3301 1556 1181 3302 1556 1181 3303 253 712 3304 670 711 3305 1553 1177 3306 670 711 3307 669 724 3308 1550 1178 3309 669 724 3310 668 723 3311 1560 1189 3312 1562 1190 3313 1559 1191 3314 1560 1189 3315 1564 1192 3316 1563 1193 3317 1563 1193 3318 1565 1194 3319 1562 1190 3320 1563 1193 3321 1567 1195 3322 1566 1196 3323 314 698 3324 520 742 3325 188 222 3326 314 698 3327 1560 1189 3328 1559 1191 3329 315 701 3330 1561 1197 3331 1560 1189 3332 316 700 3333 680 929 3334 1561 1197 3335 1561 1197 3336 681 928 3337 1564 1192 3338 1564 1192 3339 682 925 3340 1567 1195 3341 1567 1195 3342 257 927 3343 706 714 3344 1567 1195 3345 705 713 3346 1566 1196 3347 1566 1196 3348 704 710 3349 1565 1194 3350 1565 1194 3351 253 712 3352 518 734 3353 1562 1190 3354 518 734 3355 519 743 3356 1559 1191 3357 519 743 3358 520 742 3359 1569 1198 3360 1571 1199 3361 1568 1200 3362 1570 1201 3363 1572 1202 3364 1569 1198 3365 1572 1202 3366 1574 1203 3367 1571 1199 3368 1573 1204 3369 1575 1205 3370 1572 1202 3371 872 1206 3372 844 1207 3373 281 1208 3374 873 1209 3375 1568 1200 3376 872 1206 3377 874 1210 3378 1569 1198 3379 873 1209 3380 874 1210 3381 818 1211 3382 1570 1201 3383 818 1211 3384 1573 1204 3385 1570 1201 3386 819 1212 3387 1576 1213 3388 1573 1204 3389 820 1214 3390 716 1215 3391 1576 1213 3392 1576 1213 3393 717 1216 3394 1575 1205 3395 1575 1205 3396 718 1217 3397 1574 1203 3398 1574 1203 3399 260 1218 3400 842 1219 3401 1571 1199 3402 842 1219 3403 843 1220 3404 1568 1200 3405 843 1220 3406 844 1207 3407 1578 1221 3408 1580 1222 3409 1577 1223 3410 1579 1224 3411 1581 1225 3412 1578 1221 3413 1581 1225 3414 1583 1226 3415 1580 1222 3416 1582 1227 3417 1584 1228 3418 1581 1225 3419 869 1229 3420 710 1230 3421 281 1208 3422 870 1231 3423 1577 1223 3424 869 1229 3425 871 1232 3426 1578 1221 3427 870 1231 3428 220 230 3429 1579 1224 3430 871 1232 3431 323 229 3432 1582 1227 3433 1579 1224 3434 324 228 3435 1585 1233 3436 1582 1227 3437 325 227 3438 721 1234 3439 1585 1233 3440 1585 1233 3441 720 1235 3442 1584 1228 3443 1584 1228 3444 719 1236 3445 1583 1226 3446 1583 1226 3447 262 1237 3448 712 1238 3449 1580 1222 3450 712 1238 3451 711 1239 3452 1577 1223 3453 711 1239 3454 710 1230 3455 1586 1240 3456 1590 1241 3457 1589 1242 3458 1587 1243 3459 1591 1244 3460 1590 1241 3461 1589 1242 3462 1593 1245 3463 1592 1246 3464 1590 1241 3465 1594 1247 3466 1593 1245 3467 216 241 3468 1586 1240 3469 841 1248 3470 341 242 3471 1587 1243 3472 1586 1240 3473 342 256 3474 1588 1249 3475 1587 1243 3476 343 254 3477 730 1250 3478 1588 1249 3479 1588 1249 3480 729 1251 3481 1591 1244 3482 1591 1244 3483 728 1252 3484 1594 1247 3485 1594 1247 3486 264 1253 3487 727 1254 3488 1593 1245 3489 727 1254 3490 726 1255 3491 1592 1246 3492 726 1255 3493 725 1256 3494 839 1257 3495 725 1256 3496 278 1258 3497 840 1259 3498 1592 1246 3499 839 1257 3500 841 1248 3501 1589 1242 3502 840 1259 3503 1596 1260 3504 1598 1261 3505 1595 1262 3506 1597 1263 3507 1599 1264 3508 1596 1260 3509 1599 1264 3510 1601 1265 3511 1598 1261 3512 1600 1266 3513 1602 1267 3514 1599 1264 3515 332 266 3516 772 1268 3517 199 267 3518 333 279 3519 1595 1262 3520 332 266 3521 334 277 3522 1596 1260 3523 333 279 3524 334 277 3525 707 1269 3526 1597 1263 3527 1597 1263 3528 708 1270 3529 1600 1266 3530 1600 1266 3531 709 1271 3532 1603 1272 3533 1603 1272 3534 260 1218 3535 736 1273 3536 1603 1272 3537 735 1274 3538 1602 1267 3539 1602 1267 3540 734 1275 3541 1601 1265 3542 1601 1265 3543 268 1276 3544 770 1277 3545 1598 1261 3546 770 1277 3547 771 1278 3548 1595 1262 3549 771 1278 3550 772 1268 3551 1605 1279 3552 1607 1280 3553 1604 1281 3554 1606 1282 3555 1608 1283 3556 1605 1279 3557 1607 1280 3558 1611 1284 3559 1610 1285 3560 1609 1286 3561 1611 1284 3562 1608 1283 3563 791 1287 3564 868 1288 3565 283 1289 3566 792 1290 3567 1604 1281 3568 791 1287 3569 793 1291 3570 1605 1279 3571 792 1290 3572 270 1292 3573 1606 1282 3574 793 1291 3575 731 1293 3576 1609 1286 3577 1606 1282 3578 732 1294 3579 1612 1295 3580 1609 1286 3581 733 1296 3582 854 1297 3583 1612 1295 3584 1611 1284 3585 854 1297 3586 855 1298 3587 1610 1285 3588 855 1298 3589 856 1299 3590 866 1300 3591 856 1299 3592 285 1301 3593 867 1302 3594 1610 1285 3595 866 1300 3596 1604 1281 3597 867 1302 3598 868 1288 3599 1613 1303 3600 1617 1304 3601 1616 1305 3602 1615 1306 3603 1617 1304 3604 1614 1307 3605 1616 1305 3606 1620 1308 3607 1619 1309 3608 1618 1310 3609 1620 1308 3610 1617 1304 3611 206 310 3612 1613 1303 3613 790 1311 3614 359 311 3615 1614 1307 3616 1613 1303 3617 361 324 3618 1614 1307 3619 360 325 3620 198 323 3621 1615 1306 3622 361 324 3623 745 1312 3624 1618 1310 3625 1615 1306 3626 744 1313 3627 1621 1314 3628 1618 1310 3629 743 1315 3630 742 1316 3631 1621 1314 3632 1621 1314 3633 741 1317 3634 1620 1308 3635 1619 1309 3636 741 1317 3637 740 1318 3638 788 1319 3639 740 1318 3640 271 1320 3641 789 1321 3642 1619 1309 3643 788 1319 3644 790 1311 3645 1616 1305 3646 789 1321 3647 1623 1322 3648 1625 1323 3649 1622 1324 3650 1624 1325 3651 1626 1326 3652 1623 1322 3653 1626 1326 3654 1628 1327 3655 1625 1323 3656 1627 1328 3657 1629 1329 3658 1626 1326 3659 347 335 3660 817 1330 3661 209 336 3662 348 349 3663 1622 1324 3664 347 335 3665 349 348 3666 1623 1322 3667 348 349 3668 193 347 3669 1624 1325 3670 349 348 3671 724 1331 3672 1627 1328 3673 1624 1325 3674 723 1332 3675 1630 1333 3676 1627 1328 3677 722 1334 3678 751 1335 3679 1630 1333 3680 1630 1333 3681 750 1336 3682 1629 1329 3683 1629 1329 3684 749 1337 3685 1628 1327 3686 1628 1327 3687 274 1338 3688 815 1339 3689 1625 1323 3690 815 1339 3691 816 1340 3692 1622 1324 3693 816 1340 3694 817 1330 3695 1632 1341 3696 1634 1342 3697 1631 1343 3698 1633 1344 3699 1635 1345 3700 1632 1341 3701 1634 1342 3702 1638 1346 3703 1637 1347 3704 1635 1345 3705 1639 1348 3706 1638 1346 3707 812 1349 3708 802 1350 3709 275 1351 3710 813 1352 3711 1631 1343 3712 812 1349 3713 814 1353 3714 1632 1341 3715 813 1352 3716 273 1354 3717 1633 1344 3718 814 1353 3719 746 1355 3720 1636 1356 3721 1633 1344 3722 747 1357 3723 1639 1348 3724 1636 1356 3725 1639 1348 3726 265 1358 3727 758 1359 3728 1638 1346 3729 758 1359 3730 759 1360 3731 1637 1347 3732 759 1360 3733 760 1361 3734 800 1362 3735 760 1361 3736 269 1363 3737 801 1364 3738 1637 1347 3739 800 1362 3740 802 1350 3741 1634 1342 3742 801 1364 3743 1640 1365 3744 1644 1366 3745 1643 1367 3746 1641 1368 3747 1645 1369 3748 1644 1366 3749 1643 1367 3750 1647 1370 3751 1646 1371 3752 1644 1366 3753 1648 1372 3754 1647 1370 3755 276 1373 3756 1640 1365 3757 805 1374 3758 809 1375 3759 1641 1368 3760 1640 1365 3761 810 1376 3762 1642 1377 3763 1641 1368 3764 811 1378 3765 802 1350 3766 1642 1377 3767 1642 1377 3768 801 1364 3769 1645 1369 3770 1645 1369 3771 800 1362 3772 1648 1372 3773 1648 1372 3774 269 1363 3775 776 1379 3776 1647 1370 3777 776 1379 3778 777 1380 3779 1646 1371 3780 777 1380 3781 778 1381 3782 803 1382 3783 778 1381 3784 271 1320 3785 804 1383 3786 1646 1371 3787 803 1382 3788 805 1374 3789 1643 1367 3790 804 1383 3791 1649 1384 3792 1653 1385 3793 1652 1386 3794 1650 1387 3795 1654 1388 3796 1653 1385 3797 1652 1386 3798 1656 1389 3799 1655 1390 3800 1653 1385 3801 1657 1391 3802 1656 1389 3803 197 402 3804 1649 1384 3805 739 1392 3806 380 403 3807 1650 1387 3808 1649 1384 3809 381 413 3810 1651 1393 3811 1650 1387 3812 382 411 3813 766 1394 3814 1651 1393 3815 1651 1393 3816 765 1395 3817 1654 1388 3818 1654 1388 3819 764 1396 3820 1657 1391 3821 1657 1391 3822 269 1363 3823 760 1361 3824 1656 1389 3825 760 1361 3826 759 1360 3827 1655 1390 3828 759 1360 3829 758 1359 3830 737 1397 3831 758 1359 3832 265 1358 3833 738 1398 3834 1655 1390 3835 737 1397 3836 739 1392 3837 1652 1386 3838 738 1398 3839 1659 1399 3840 1661 1400 3841 1658 1401 3842 1660 1402 3843 1662 1403 3844 1659 1399 3845 1662 1403 3846 1664 1404 3847 1661 1400 3848 1663 1405 3849 1665 1406 3850 1662 1403 3851 853 1407 3852 865 1408 3853 284 1409 3854 852 1410 3855 1658 1401 3856 853 1407 3857 851 1411 3858 1659 1399 3859 852 1410 3860 261 1412 3861 1660 1402 3862 851 1411 3863 752 1413 3864 1663 1405 3865 1660 1402 3866 753 1414 3867 1666 1415 3868 1663 1405 3869 754 1416 3870 769 1417 3871 1666 1415 3872 1666 1415 3873 768 1418 3874 1665 1406 3875 1665 1406 3876 767 1419 3877 1664 1404 3878 1664 1404 3879 282 1420 3880 863 1421 3881 1661 1400 3882 863 1421 3883 864 1422 3884 1658 1401 3885 864 1422 3886 865 1408 3887 1668 1423 3888 1670 1424 3889 1667 1425 3890 1669 1426 3891 1671 1427 3892 1668 1423 3893 1671 1427 3894 1673 1428 3895 1670 1424 3896 1672 1429 3897 1674 1430 3898 1671 1427 3899 368 446 3900 784 1431 3901 207 447 3902 369 456 3903 1667 1425 3904 368 446 3905 370 455 3906 1668 1423 3907 369 456 3908 199 267 3909 1669 1426 3910 370 455 3911 772 1268 3912 1672 1429 3913 1669 1426 3914 771 1278 3915 1675 1432 3916 1672 1429 3917 770 1277 3918 757 1433 3919 1675 1432 3920 1675 1432 3921 756 1434 3922 1674 1430 3923 1674 1430 3924 755 1435 3925 1673 1428 3926 1673 1428 3927 272 1436 3928 782 1437 3929 1670 1424 3930 782 1437 3931 783 1438 3932 1667 1425 3933 783 1438 3934 784 1431 3935 1677 1439 3936 1679 1440 3937 1676 1441 3938 1678 1442 3939 1680 1443 3940 1677 1439 3941 1680 1443 3942 1682 1444 3943 1679 1440 3944 1681 1445 3945 1683 1446 3946 1680 1443 3947 194 255 3948 1676 1441 3949 730 1250 3950 405 471 3951 1676 1441 3952 404 465 3953 406 470 3954 1677 1439 3955 405 471 3956 207 447 3957 1678 1442 3958 406 470 3959 784 1431 3960 1681 1445 3961 1678 1442 3962 783 1438 3963 1684 1447 3964 1681 1445 3965 782 1437 3966 781 1448 3967 1684 1447 3968 1684 1447 3969 780 1449 3970 1683 1446 3971 1683 1446 3972 779 1450 3973 1682 1444 3974 728 1252 3975 779 1450 3976 264 1253 3977 729 1251 3978 1682 1444 3979 728 1252 3980 730 1250 3981 1679 1440 3982 729 1251 3983 1685 1451 3984 1689 1452 3985 1688 1453 3986 1686 1454 3987 1690 1455 3988 1689 1452 3989 1688 1453 3990 1692 1456 3991 1691 1457 3992 1689 1452 3993 1693 1458 3994 1692 1456 3995 274 1338 3996 1685 1451 3997 799 1459 3998 806 1460 3999 1686 1454 4000 1685 1451 4001 807 1461 4002 1687 1462 4003 1686 1454 4004 808 1463 4005 805 1374 4006 1687 1462 4007 1687 1462 4008 804 1383 4009 1690 1455 4010 1690 1455 4011 803 1382 4012 1693 1458 4013 1693 1458 4014 271 1320 4015 740 1318 4016 1692 1456 4017 740 1318 4018 741 1317 4019 1692 1456 4020 742 1316 4021 1691 1457 4022 1691 1457 4023 266 1464 4024 797 1465 4025 798 1466 4026 1691 1457 4027 797 1465 4028 799 1459 4029 1688 1453 4030 798 1466 4031 1694 1467 4032 1698 1468 4033 1697 1469 4034 1695 1470 4035 1699 1471 4036 1698 1468 4037 1697 1469 4038 1701 1472 4039 1700 1473 4040 1698 1468 4041 1702 1474 4042 1701 1472 4043 203 412 4044 1694 1467 4045 766 1394 4046 401 497 4047 1695 1470 4048 1694 1467 4049 402 500 4050 1696 1475 4051 1695 1470 4052 403 499 4053 790 1311 4054 1696 1475 4055 1696 1475 4056 789 1321 4057 1699 1471 4058 1699 1471 4059 788 1319 4060 1702 1474 4061 1702 1474 4062 271 1320 4063 778 1381 4064 1701 1472 4065 778 1381 4066 777 1380 4067 1700 1473 4068 777 1380 4069 776 1379 4070 764 1396 4071 776 1379 4072 269 1363 4073 765 1395 4074 1700 1473 4075 764 1396 4076 766 1394 4077 1697 1469 4078 765 1395 4079 1704 1476 4080 1706 1477 4081 1703 1478 4082 1705 1479 4083 1707 1480 4084 1704 1476 4085 1707 1480 4086 1709 1481 4087 1706 1477 4088 1708 1482 4089 1710 1483 4090 1707 1480 4091 767 1419 4092 862 1484 4093 282 1420 4094 768 1418 4095 1703 1478 4096 767 1419 4097 769 1417 4098 1704 1476 4099 768 1418 4100 267 1485 4101 1705 1479 4102 769 1417 4103 773 1486 4104 1708 1482 4105 1705 1479 4106 774 1487 4107 1711 1488 4108 1708 1482 4109 775 1489 4110 793 1291 4111 1711 1488 4112 1711 1488 4113 792 1290 4114 1710 1483 4115 1710 1483 4116 791 1287 4117 1709 1481 4118 1709 1481 4119 283 1289 4120 860 1490 4121 1706 1477 4122 860 1490 4123 861 1491 4124 1703 1478 4125 861 1491 4126 862 1484 4127 1712 1492 4128 1716 1493 4129 1715 1494 4130 1713 1495 4131 1717 1496 4132 1716 1493 4133 1715 1494 4134 1719 1497 4135 1718 1498 4136 1716 1493 4137 1720 1499 4138 1719 1497 4139 263 1500 4140 1712 1492 4141 751 1335 4142 733 1296 4143 1713 1495 4144 1712 1492 4145 732 1294 4146 1714 1501 4147 1713 1495 4148 731 1293 4149 787 1502 4150 1714 1501 4151 1714 1501 4152 786 1503 4153 1717 1496 4154 1717 1496 4155 785 1504 4156 1720 1499 4157 1720 1499 4158 276 1373 4159 808 1463 4160 1719 1497 4161 808 1463 4162 807 1461 4163 1718 1498 4164 807 1461 4165 806 1460 4166 749 1337 4167 806 1460 4168 274 1338 4169 750 1336 4170 1718 1498 4171 749 1337 4172 751 1335 4173 1715 1494 4174 750 1336 4175 1722 1505 4176 1724 1506 4177 1721 1507 4178 1723 1508 4179 1725 1509 4180 1722 1505 4181 1724 1506 4182 1728 1510 4183 1727 1511 4184 1726 1512 4185 1728 1510 4186 1725 1509 4187 270 1292 4188 1721 1507 4189 787 1502 4190 775 1489 4191 1722 1505 4192 1721 1507 4193 773 1486 4194 1722 1505 4195 774 1487 4196 267 1485 4197 1723 1508 4198 773 1486 4199 763 1513 4200 1726 1512 4201 1723 1508 4202 762 1514 4203 1729 1515 4204 1726 1512 4205 761 1516 4206 811 1378 4207 1729 1515 4208 1728 1510 4209 811 1378 4210 810 1376 4211 1727 1511 4212 810 1376 4213 809 1375 4214 785 1504 4215 809 1375 4216 276 1373 4217 786 1503 4218 1727 1511 4219 785 1504 4220 787 1502 4221 1724 1506 4222 786 1503 4223 1730 1517 4224 1734 1518 4225 1733 1519 4226 1731 1520 4227 1735 1521 4228 1734 1518 4229 1734 1518 4230 1736 1522 4231 1733 1519 4232 1735 1521 4233 1737 1523 4234 1734 1518 4235 267 1485 4236 1730 1517 4237 763 1513 4238 754 1416 4239 1731 1520 4240 1730 1517 4241 753 1414 4242 1732 1524 4243 1731 1520 4244 752 1413 4245 794 1525 4246 1732 1524 4247 1732 1524 4248 795 1526 4249 1735 1521 4250 1735 1521 4251 796 1527 4252 1738 1528 4253 796 1527 4254 814 1353 4255 1738 1528 4256 1738 1528 4257 813 1352 4258 1737 1523 4259 1737 1523 4260 812 1349 4261 1736 1522 4262 1736 1522 4263 275 1351 4264 761 1516 4265 1733 1519 4266 761 1516 4267 762 1514 4268 1730 1517 4269 762 1514 4270 763 1513 4271 1740 1529 4272 1742 1530 4273 1739 1531 4274 1741 1532 4275 1743 1533 4276 1740 1529 4277 1743 1533 4278 1745 1534 4279 1742 1530 4280 1744 1535 4281 1746 1536 4282 1743 1533 4283 422 562 4284 745 1312 4285 198 323 4286 423 565 4287 1739 1531 4288 422 562 4289 424 564 4290 1740 1529 4291 423 565 4292 209 336 4293 1741 1532 4294 424 564 4295 817 1330 4296 1744 1535 4297 1741 1532 4298 816 1340 4299 1747 1537 4300 1744 1535 4301 815 1339 4302 799 1459 4303 1747 1537 4304 1747 1537 4305 798 1466 4306 1746 1536 4307 1746 1536 4308 797 1465 4309 1745 1534 4310 1745 1534 4311 266 1464 4312 743 1315 4313 1742 1530 4314 743 1315 4315 744 1313 4316 1739 1531 4317 744 1313 4318 745 1312 4319 1748 1538 4320 1752 1539 4321 1751 1540 4322 1749 1541 4323 1753 1542 4324 1752 1539 4325 1751 1540 4326 1755 1543 4327 1754 1544 4328 1752 1539 4329 1756 1545 4330 1755 1543 4331 268 1276 4332 1748 1538 4333 757 1433 4334 824 1546 4335 1749 1541 4336 1748 1538 4337 825 1547 4338 1750 1548 4339 1749 1541 4340 279 1549 4341 1750 1548 4342 826 1550 4343 832 1551 4344 1753 1542 4345 1750 1548 4346 1753 1542 4347 830 1552 4348 1756 1545 4349 1756 1545 4350 280 1553 4351 829 1554 4352 1755 1543 4353 829 1554 4354 828 1555 4355 1754 1544 4356 828 1555 4357 827 1556 4358 755 1435 4359 827 1556 4360 272 1436 4361 756 1434 4362 1754 1544 4363 755 1435 4364 757 1433 4365 1751 1540 4366 756 1434 4367 1758 1557 4368 1760 1558 4369 1757 1559 4370 1759 1560 4371 1761 1561 4372 1758 1557 4373 1761 1561 4374 1763 1562 4375 1760 1558 4376 1762 1563 4377 1764 1564 4378 1761 1561 4379 718 1217 4380 736 1273 4381 260 1218 4382 717 1216 4383 1757 1559 4384 718 1217 4385 716 1215 4386 1758 1557 4387 717 1216 4388 277 1565 4389 1759 1560 4390 716 1215 4391 835 1566 4392 1762 1563 4393 1759 1560 4394 834 1567 4395 1765 1568 4396 1762 1563 4397 833 1569 4398 826 1550 4399 1765 1568 4400 1765 1568 4401 825 1547 4402 1764 1564 4403 1763 1562 4404 825 1547 4405 824 1546 4406 734 1275 4407 824 1546 4408 268 1276 4409 735 1274 4410 1763 1562 4411 734 1275 4412 1757 1559 4413 735 1274 4414 736 1273 4415 1766 1570 4416 1770 1571 4417 1769 1572 4418 1767 1573 4419 1771 1574 4420 1770 1571 4421 1769 1572 4422 1773 1575 4423 1772 1576 4424 1770 1571 4425 1774 1577 4426 1773 1575 4427 272 1436 4428 1766 1570 4429 781 1448 4430 827 1556 4431 1767 1573 4432 1766 1570 4433 828 1555 4434 1768 1578 4435 1767 1573 4436 829 1554 4437 838 1579 4438 1768 1578 4439 1768 1578 4440 837 1580 4441 1771 1574 4442 1771 1574 4443 836 1581 4444 1774 1577 4445 1774 1577 4446 278 1258 4447 725 1256 4448 1773 1575 4449 725 1256 4450 726 1255 4451 1772 1576 4452 726 1255 4453 727 1254 4454 779 1450 4455 727 1254 4456 264 1253 4457 780 1449 4458 1772 1576 4459 779 1450 4460 781 1448 4461 1769 1572 4462 780 1449 4463 1775 1582 4464 1779 1583 4465 1778 1584 4466 1776 1585 4467 1780 1586 4468 1779 1583 4469 1778 1584 4470 1782 1587 4471 1781 1588 4472 1779 1583 4473 1783 1589 4474 1782 1587 4475 225 621 4476 1775 1582 4477 859 1590 4478 455 622 4479 1776 1585 4480 1775 1582 4481 456 631 4482 1777 1591 4483 1776 1585 4484 457 630 4485 841 1248 4486 1777 1591 4487 1777 1591 4488 840 1259 4489 1780 1586 4490 1780 1586 4491 839 1257 4492 1783 1589 4493 1783 1589 4494 278 1258 4495 823 1592 4496 1782 1587 4497 823 1592 4498 822 1593 4499 1781 1588 4500 822 1593 4501 821 1594 4502 857 1595 4503 821 1594 4504 285 1301 4505 858 1596 4506 1781 1588 4507 857 1595 4508 859 1590 4509 1778 1584 4510 858 1596 4511 1784 1597 4512 1788 1598 4513 1787 1599 4514 1785 1600 4515 1789 1601 4516 1788 1598 4517 1787 1599 4518 1791 1602 4519 1790 1603 4520 1788 1598 4521 1792 1604 4522 1791 1602 4523 193 347 4524 1784 1597 4525 724 1331 4526 494 640 4527 1785 1600 4528 1784 1597 4529 495 644 4530 1786 1605 4531 1785 1600 4532 496 643 4533 859 1590 4534 1786 1605 4535 1786 1605 4536 858 1596 4537 1789 1601 4538 1789 1601 4539 857 1595 4540 1792 1604 4541 1792 1604 4542 285 1301 4543 856 1299 4544 1791 1602 4545 856 1299 4546 855 1298 4547 1790 1603 4548 855 1298 4549 854 1297 4550 1790 1603 4551 263 1500 4552 722 1334 4553 1787 1599 4554 722 1334 4555 723 1332 4556 1784 1597 4557 723 1332 4558 724 1331 4559 1794 1606 4560 1796 1607 4561 1793 1608 4562 1795 1609 4563 1797 1610 4564 1794 1606 4565 1797 1610 4566 1799 1611 4567 1796 1607 4568 1798 1612 4569 1800 1613 4570 1797 1610 4571 845 1614 4572 832 1551 4573 279 1549 4574 846 1615 4575 1793 1608 4576 845 1614 4577 847 1616 4578 1794 1606 4579 846 1615 4580 282 1420 4581 1795 1609 4582 847 1616 4583 862 1484 4584 1798 1612 4585 1795 1609 4586 861 1491 4587 1801 1617 4588 1798 1612 4589 860 1490 4590 850 1618 4591 1801 1617 4592 1801 1617 4593 849 1619 4594 1800 1613 4595 1800 1613 4596 848 1620 4597 1799 1611 4598 1799 1611 4599 280 1553 4600 830 1552 4601 1796 1607 4602 830 1552 4603 831 1621 4604 1793 1608 4605 831 1621 4606 832 1551 4607 1803 1622 4608 1805 1623 4609 1802 1624 4610 1804 1625 4611 1806 1626 4612 1803 1622 4613 1806 1626 4614 1808 1627 4615 1805 1623 4616 1807 1628 4617 1809 1629 4618 1806 1626 4619 820 1214 4620 835 1566 4621 277 1565 4622 819 1212 4623 1802 1624 4624 820 1214 4625 818 1211 4626 1803 1622 4627 819 1212 4628 284 1409 4629 1804 1625 4630 818 1211 4631 865 1408 4632 1807 1628 4633 1804 1625 4634 864 1422 4635 1810 1630 4636 1807 1628 4637 863 1421 4638 847 1616 4639 1810 1630 4640 1810 1630 4641 846 1615 4642 1809 1629 4643 1809 1629 4644 845 1614 4645 1808 1627 4646 1808 1627 4647 279 1549 4648 833 1569 4649 1805 1623 4650 833 1569 4651 834 1567 4652 1802 1624 4653 834 1567 4654 835 1566 4655 1811 1631 4656 1815 1632 4657 1814 1633 4658 1813 1634 4659 1815 1632 4660 1812 1635 4661 1814 1633 4662 1818 1636 4663 1817 1637 4664 1815 1632 4665 1819 1638 4666 1818 1636 4667 280 1553 4668 1811 1631 4669 838 1579 4670 849 1619 4671 1811 1631 4672 848 1620 4673 850 1618 4674 1812 1635 4675 849 1619 4676 283 1289 4677 1813 1634 4678 850 1618 4679 868 1288 4680 1816 1639 4681 1813 1634 4682 1816 1639 4683 866 1300 4684 1819 1638 4685 1819 1638 4686 285 1301 4687 821 1594 4688 1818 1636 4689 821 1594 4690 822 1593 4691 1817 1637 4692 822 1593 4693 823 1592 4694 836 1581 4695 823 1592 4696 278 1258 4697 837 1580 4698 1817 1637 4699 836 1581 4700 838 1579 4701 1814 1633 4702 837 1580 4703 1821 1640 4704 1823 1641 4705 1820 1642 4706 1822 1643 4707 1824 1644 4708 1821 1640 4709 1824 1644 4710 1826 1645 4711 1823 1641 4712 1825 1646 4713 1827 1647 4714 1824 1644 4715 709 1271 4716 842 1219 4717 260 1218 4718 708 1270 4719 1820 1642 4720 709 1271 4721 707 1269 4722 1821 1640 4723 708 1270 4724 189 278 4725 1822 1643 4726 707 1269 4727 479 689 4728 1825 1646 4729 1822 1643 4730 480 688 4731 1828 1648 4732 1825 1646 4733 481 687 4734 871 1232 4735 1828 1648 4736 1828 1648 4737 870 1231 4738 1827 1647 4739 1827 1647 4740 869 1229 4741 1826 1645 4742 1826 1645 4743 281 1208 4744 844 1207 4745 1823 1641 4746 844 1207 4747 843 1220 4748 1820 1642 4749 843 1220 4750 842 1219 4751 1830 1649 4752 1832 1650 4753 1829 1651 4754 1830 1649 4755 1834 1652 4756 1833 1653 4757 1833 1653 4758 1835 1654 4759 1832 1650 4760 1833 1653 4761 1837 1655 4762 1836 1656 4763 713 1657 4764 712 1238 4765 262 1237 4766 713 1657 4767 1830 1649 4768 1829 1651 4769 714 1658 4770 1831 1659 4771 1830 1649 4772 715 1660 4773 851 1411 4774 1831 1659 4775 1831 1659 4776 852 1410 4777 1834 1652 4778 1834 1652 4779 853 1407 4780 1837 1655 4781 1837 1655 4782 284 1409 4783 874 1210 4784 1837 1655 4785 873 1209 4786 1836 1656 4787 1836 1656 4788 872 1206 4789 1835 1654 4790 1835 1654 4791 281 1208 4792 710 1230 4793 1832 1650 4794 710 1230 4795 711 1239 4796 1829 1651 4797 711 1239 4798 712 1238 4799 1839 1661 4800 1841 1662 4801 1838 1663 4802 1840 1664 4803 1842 1665 4804 1839 1661 4805 1842 1665 4806 1844 1666 4807 1841 1662 4808 1843 1667 4809 1845 1668 4810 1842 1665 4811 997 1669 4812 1025 1670 4813 303 1671 4814 996 1672 4815 1838 1663 4816 997 1669 4817 995 1673 4818 1839 1661 4819 996 1672 4820 286 1674 4821 1840 1664 4822 995 1673 4823 883 1675 4824 1843 1667 4825 1840 1664 4826 882 1676 4827 1846 1677 4828 1843 1667 4829 881 1678 4830 973 1679 4831 1846 1677 4832 1846 1677 4833 972 1680 4834 1845 1668 4835 1845 1668 4836 971 1681 4837 1844 1666 4838 1027 1682 4839 971 1681 4840 306 1683 4841 1841 1662 4842 1027 1682 4843 1026 1684 4844 1838 1663 4845 1026 1684 4846 1025 1670 4847 1848 1685 4848 1850 1686 4849 1847 1687 4850 1849 1688 4851 1851 1689 4852 1848 1685 4853 1851 1689 4854 1853 1690 4855 1850 1686 4856 1852 1691 4857 1854 1692 4858 1851 1689 4859 878 1693 4860 1022 1694 4861 303 1671 4862 879 1695 4863 1847 1687 4864 878 1693 4865 880 1696 4866 1848 1685 4867 879 1695 4868 262 1237 4869 1849 1688 4870 880 1696 4871 719 1236 4872 1852 1691 4873 1849 1688 4874 720 1235 4875 1855 1697 4876 1852 1691 4877 721 1234 4878 526 741 4879 1855 1697 4880 1855 1697 4881 525 739 4882 1854 1692 4883 1854 1692 4884 524 738 4885 1853 1690 4886 1853 1690 4887 254 737 4888 1024 1698 4889 1850 1686 4890 1024 1698 4891 1023 1699 4892 1847 1687 4893 1023 1699 4894 1022 1694 4895 1856 1700 4896 1860 1701 4897 1859 1702 4898 1857 1703 4899 1861 1704 4900 1860 1701 4901 1859 1702 4902 1863 1705 4903 1862 1706 4904 1860 1701 4905 1864 1707 4906 1863 1705 4907 250 752 4908 1856 1700 4909 542 754 4910 994 1708 4911 1857 1703 4912 1856 1700 4913 993 1709 4914 1858 1710 4915 1857 1703 4916 992 1711 4917 887 1712 4918 1858 1710 4919 1858 1710 4920 888 1713 4921 1861 1704 4922 1861 1704 4923 889 1714 4924 1864 1707 4925 1864 1707 4926 288 1715 4927 890 1716 4928 1863 1705 4929 890 1716 4930 891 1717 4931 1862 1706 4932 891 1717 4933 892 1718 4934 544 757 4935 892 1718 4936 231 968 4937 543 755 4938 1862 1706 4939 544 757 4940 542 754 4941 1859 1702 4942 543 755 4943 1866 1719 4944 1868 1720 4945 1865 1721 4946 1867 1722 4947 1869 1723 4948 1866 1719 4949 1869 1723 4950 1871 1724 4951 1868 1720 4952 1870 1725 4953 1872 1726 4954 1869 1723 4955 928 1727 4956 533 776 4957 234 778 4958 927 1728 4959 1865 1721 4960 928 1727 4961 926 1729 4962 1866 1719 4963 927 1728 4964 291 1730 4965 1867 1722 4966 926 1729 4967 896 1731 4968 1870 1725 4969 1867 1722 4970 897 1732 4971 1873 1733 4972 1870 1725 4973 1873 1733 4974 286 1674 4975 877 1734 4976 1872 1726 4977 877 1734 4978 876 1735 4979 1871 1724 4980 876 1735 4981 875 1736 4982 535 780 4983 875 1736 4984 227 1184 4985 1868 1720 4986 535 780 4987 534 779 4988 1865 1721 4989 534 779 4990 533 776 4991 1875 1737 4992 1877 1738 4993 1874 1739 4994 1875 1737 4995 1879 1740 4996 1878 1741 4997 1878 1741 4998 1880 1742 4999 1877 1738 5000 1879 1740 5001 1881 1743 5002 1878 1741 5003 1021 1744 5004 947 1745 5005 305 1746 5006 1020 1747 5007 1874 1739 5008 1021 1744 5009 1020 1747 5010 1876 1748 5011 1875 1737 5012 1019 1749 5013 1009 1750 5014 1876 1748 5015 1876 1748 5016 1008 1751 5017 1879 1740 5018 1879 1740 5019 1007 1752 5020 1882 1753 5021 1007 1752 5022 895 1754 5023 1882 1753 5024 1882 1753 5025 894 1755 5026 1881 1743 5027 1881 1743 5028 893 1756 5029 1880 1742 5030 1880 1742 5031 293 1757 5032 949 1758 5033 1877 1738 5034 949 1758 5035 948 1759 5036 1874 1739 5037 948 1759 5038 947 1745 5039 1883 1760 5040 1887 1761 5041 1886 1762 5042 1884 1763 5043 1888 1764 5044 1887 1761 5045 1887 1761 5046 1889 1765 5047 1886 1762 5048 1888 1764 5049 1890 1766 5050 1887 1761 5051 241 823 5052 1883 1760 5053 557 825 5054 946 1767 5055 1884 1763 5056 1883 1760 5057 945 1768 5058 1885 1769 5059 1884 1763 5060 944 1770 5061 899 1771 5062 1885 1769 5063 1885 1769 5064 900 1772 5065 1888 1764 5066 900 1772 5067 1891 1773 5068 1888 1764 5069 901 1774 5070 902 1775 5071 1891 1773 5072 1891 1773 5073 903 1776 5074 1890 1766 5075 1890 1766 5076 904 1777 5077 1889 1765 5078 1889 1765 5079 233 828 5080 559 826 5081 1886 1762 5082 559 826 5083 558 827 5084 557 825 5085 1886 1762 5086 558 827 5087 1893 1778 5088 1895 1779 5089 1892 1780 5090 1894 1781 5091 1896 1782 5092 1893 1778 5093 1896 1782 5094 1898 1783 5095 1895 1779 5096 1897 1784 5097 1899 1785 5098 1896 1782 5099 970 1786 5100 548 847 5101 244 849 5102 969 1787 5103 1892 1780 5104 970 1786 5105 968 1788 5106 1893 1778 5107 969 1787 5108 296 1789 5109 1894 1781 5110 968 1788 5111 905 1790 5112 1897 1784 5113 1894 1781 5114 906 1791 5115 1900 1792 5116 1897 1784 5117 907 1793 5118 884 1794 5119 1900 1792 5120 1900 1792 5121 885 1795 5122 1899 1785 5123 1899 1785 5124 886 1796 5125 1898 1783 5126 1898 1783 5127 230 852 5128 550 851 5129 1895 1779 5130 550 851 5131 549 850 5132 1892 1780 5133 549 850 5134 548 847 5135 1902 1797 5136 1904 1798 5137 1901 1799 5138 1902 1797 5139 1906 1800 5140 1905 1801 5141 1905 1801 5142 1907 1802 5143 1904 1798 5144 1905 1801 5145 1909 1803 5146 1908 1804 5147 955 1805 5148 965 1806 5149 297 1807 5150 955 1805 5151 1902 1797 5152 1901 1799 5153 954 1808 5154 1903 1809 5155 1902 1797 5156 953 1810 5157 916 1811 5158 1903 1809 5159 1903 1809 5160 915 1812 5161 1906 1800 5162 1906 1800 5163 914 1813 5164 1909 1803 5165 1909 1803 5166 265 1358 5167 748 1814 5168 1909 1803 5169 747 1357 5170 1908 1804 5171 1908 1804 5172 746 1355 5173 1907 1802 5174 1907 1802 5175 273 1354 5176 967 1815 5177 1904 1798 5178 967 1815 5179 966 1816 5180 1901 1799 5181 966 1816 5182 965 1806 5183 1910 1817 5184 1914 1818 5185 1913 1819 5186 1911 1820 5187 1915 1821 5188 1914 1818 5189 1913 1819 5190 1917 1822 5191 1916 1823 5192 1914 1818 5193 1918 1824 5194 1917 1822 5195 298 1825 5196 1910 1817 5197 962 1826 5198 958 1827 5199 1911 1820 5200 1910 1817 5201 957 1828 5202 1912 1829 5203 1911 1820 5204 956 1830 5205 934 1831 5206 1912 1829 5207 1912 1829 5208 933 1832 5209 1915 1821 5210 1915 1821 5211 932 1833 5212 1918 1824 5213 1918 1824 5214 292 1834 5215 953 1810 5216 1917 1822 5217 953 1810 5218 954 1808 5219 1916 1823 5220 954 1808 5221 955 1805 5222 964 1835 5223 955 1805 5224 297 1807 5225 963 1836 5226 1916 1823 5227 964 1835 5228 962 1826 5229 1913 1819 5230 963 1836 5231 1919 1837 5232 1923 1838 5233 1922 1839 5234 1920 1840 5235 1924 1841 5236 1923 1838 5237 1922 1839 5238 1926 1842 5239 1925 1843 5240 1923 1838 5241 1927 1844 5242 1926 1842 5243 197 402 5244 1919 1837 5245 575 910 5246 739 1392 5247 1920 1840 5248 1919 1837 5249 738 1398 5250 1921 1845 5251 1920 1840 5252 737 1397 5253 914 1813 5254 1921 1845 5255 1921 1845 5256 915 1812 5257 1924 1841 5258 1924 1841 5259 916 1811 5260 1927 1844 5261 1927 1844 5262 292 1834 5263 920 1846 5264 1926 1842 5265 920 1846 5266 921 1847 5267 1925 1843 5268 921 1847 5269 922 1848 5270 577 913 5271 922 1848 5272 238 1000 5273 576 911 5274 1925 1843 5275 577 913 5276 575 910 5277 1922 1839 5278 576 911 5279 1929 1849 5280 1931 1850 5281 1928 1851 5282 1930 1852 5283 1932 1853 5284 1929 1849 5285 1932 1853 5286 1934 1854 5287 1931 1850 5288 1933 1855 5289 1935 1856 5290 1932 1853 5291 1018 1857 5292 1006 1858 5293 306 1683 5294 1017 1859 5295 1928 1851 5296 1018 1857 5297 1016 1860 5298 1929 1849 5299 1017 1859 5300 304 1861 5301 1930 1852 5302 1016 1860 5303 923 1862 5304 1933 1855 5305 1930 1852 5306 924 1863 5307 1936 1864 5308 1933 1855 5309 925 1865 5310 910 1866 5311 1936 1864 5312 1936 1864 5313 909 1867 5314 1935 1856 5315 1935 1856 5316 908 1868 5317 1934 1854 5318 1934 1854 5319 261 1412 5320 1004 1869 5321 1931 1850 5322 1004 1869 5323 1005 1870 5324 1928 1851 5325 1005 1870 5326 1006 1858 5327 1938 1871 5328 1940 1872 5329 1937 1873 5330 1939 1874 5331 1941 1875 5332 1938 1871 5333 1941 1875 5334 1943 1876 5335 1940 1872 5336 1942 1877 5337 1944 1878 5338 1941 1875 5339 940 1879 5340 563 948 5341 242 950 5342 939 1880 5343 1937 1873 5344 940 1879 5345 938 1881 5346 1938 1871 5347 939 1880 5348 295 1882 5349 1939 1874 5350 938 1881 5351 911 1883 5352 1942 1877 5353 1939 1874 5354 912 1884 5355 1945 1885 5356 1942 1877 5357 913 1886 5358 926 1729 5359 1945 1885 5360 1945 1885 5361 927 1728 5362 1944 1878 5363 1944 1878 5364 928 1727 5365 1943 1876 5366 1943 1876 5367 234 778 5368 565 952 5369 1940 1872 5370 565 952 5371 564 951 5372 1937 1873 5373 564 951 5374 563 948 5375 1947 1887 5376 1949 1888 5377 1946 1889 5378 1948 1890 5379 1950 1891 5380 1947 1887 5381 1950 1891 5382 1952 1892 5383 1949 1888 5384 1951 1893 5385 1953 1894 5386 1950 1891 5387 231 968 5388 1946 1889 5389 599 970 5390 892 1718 5391 1947 1887 5392 1946 1889 5393 891 1717 5394 1948 1890 5395 1947 1887 5396 890 1716 5397 935 1895 5398 1948 1890 5399 935 1895 5400 1951 1893 5401 1948 1890 5402 936 1896 5403 1954 1897 5404 1951 1893 5405 937 1898 5406 938 1881 5407 1954 1897 5408 1954 1897 5409 939 1880 5410 1953 1894 5411 1953 1894 5412 940 1879 5413 1952 1892 5414 1952 1892 5415 242 950 5416 601 971 5417 1949 1888 5418 601 971 5419 600 969 5420 1946 1889 5421 600 969 5422 599 970 5423 1955 1899 5424 1959 1900 5425 1958 1901 5426 1956 1902 5427 1960 1903 5428 1959 1900 5429 1958 1901 5430 1962 1904 5431 1961 1905 5432 1959 1900 5433 1963 1906 5434 1962 1904 5435 296 1789 5436 1955 1899 5437 959 1907 5438 952 1908 5439 1956 1902 5440 1955 1899 5441 951 1909 5442 1957 1910 5443 1956 1902 5444 289 1911 5445 1957 1910 5446 950 1912 5447 901 1774 5448 1960 1903 5449 1957 1910 5450 1960 1903 5451 899 1771 5452 1963 1906 5453 1963 1906 5454 294 1913 5455 956 1830 5456 1962 1904 5457 956 1830 5458 957 1828 5459 1961 1905 5460 957 1828 5461 958 1827 5462 961 1914 5463 958 1827 5464 298 1825 5465 960 1915 5466 1961 1905 5467 961 1914 5468 959 1907 5469 1958 1901 5470 960 1915 5471 1964 1916 5472 1968 1917 5473 1967 1918 5474 1965 1919 5475 1969 1920 5476 1968 1917 5477 1967 1918 5478 1971 1921 5479 1970 1922 5480 1968 1917 5481 1972 1923 5482 1971 1921 5483 238 1000 5484 1964 1916 5485 596 1001 5486 922 1848 5487 1965 1919 5488 1964 1916 5489 921 1847 5490 1966 1924 5491 1965 1919 5492 920 1846 5493 932 1833 5494 1966 1924 5495 1966 1924 5496 933 1832 5497 1969 1920 5498 1969 1920 5499 934 1831 5500 1972 1923 5501 1972 1923 5502 294 1913 5503 944 1770 5504 1971 1921 5505 944 1770 5506 945 1768 5507 1970 1922 5508 945 1768 5509 946 1767 5510 598 1004 5511 946 1767 5512 241 823 5513 597 1002 5514 1970 1922 5515 598 1004 5516 596 1001 5517 1967 1918 5518 597 1002 5519 1974 1925 5520 1976 1926 5521 1973 1927 5522 1975 1928 5523 1977 1929 5524 1974 1925 5525 1977 1929 5526 1979 1930 5527 1976 1926 5528 1978 1931 5529 1980 1932 5530 1977 1929 5531 1015 1933 5532 923 1862 5533 304 1861 5534 1014 1934 5535 1973 1927 5536 1015 1933 5537 1013 1935 5538 1974 1925 5539 1014 1934 5540 305 1746 5541 1975 1928 5542 1013 1935 5543 947 1745 5544 1978 1931 5545 1975 1928 5546 948 1759 5547 1981 1936 5548 1978 1931 5549 949 1758 5550 931 1937 5551 1981 1936 5552 1981 1936 5553 930 1938 5554 1980 1932 5555 1980 1932 5556 929 1939 5557 1979 1930 5558 1979 1930 5559 290 1940 5560 925 1865 5561 1976 1926 5562 925 1865 5563 924 1863 5564 1973 1927 5565 924 1863 5566 923 1862 5567 1982 1941 5568 1986 1942 5569 1985 1943 5570 1983 1944 5571 1987 1945 5572 1986 1942 5573 1985 1943 5574 1989 1946 5575 1988 1947 5576 1986 1942 5577 1990 1948 5578 1989 1946 5579 287 1949 5580 1982 1941 5581 895 1754 5582 907 1793 5583 1983 1944 5584 1982 1941 5585 906 1791 5586 1984 1950 5587 1983 1944 5588 905 1790 5589 959 1907 5590 1984 1950 5591 1984 1950 5592 960 1915 5593 1987 1945 5594 1987 1945 5595 961 1914 5596 1990 1948 5597 1990 1948 5598 298 1825 5599 941 1951 5600 1989 1946 5601 941 1951 5602 942 1952 5603 1988 1947 5604 942 1952 5605 943 1953 5606 893 1756 5607 943 1953 5608 293 1757 5609 894 1755 5610 1988 1947 5611 893 1756 5612 895 1754 5613 1985 1943 5614 894 1755 5615 1992 1954 5616 1994 1955 5617 1991 1956 5618 1992 1954 5619 1996 1957 5620 1995 1958 5621 1995 1958 5622 1997 1959 5623 1994 1955 5624 1996 1957 5625 1998 1960 5626 1995 1958 5627 293 1757 5628 1991 1956 5629 931 1937 5630 943 1953 5631 1992 1954 5632 1991 1956 5633 942 1952 5634 1993 1961 5635 1992 1954 5636 941 1951 5637 962 1826 5638 1993 1961 5639 1993 1961 5640 963 1836 5641 1996 1957 5642 1996 1957 5643 964 1835 5644 1999 1962 5645 964 1835 5646 917 1963 5647 1999 1962 5648 1999 1962 5649 918 1964 5650 1998 1960 5651 1998 1960 5652 919 1965 5653 1997 1959 5654 1997 1959 5655 290 1940 5656 929 1939 5657 1994 1955 5658 929 1939 5659 930 1938 5660 931 1937 5661 1994 1955 5662 930 1938 5663 2000 1966 5664 2004 1967 5665 2003 1968 5666 2002 1969 5667 2004 1967 5668 2001 1970 5669 2003 1968 5670 2007 1971 5671 2006 1972 5672 2005 1973 5673 2007 1971 5674 2004 1967 5675 290 1940 5676 2000 1966 5677 910 1866 5678 918 1964 5679 2000 1966 5680 919 1965 5681 917 1963 5682 2001 1970 5683 918 1964 5684 297 1807 5685 2002 1969 5686 917 1963 5687 965 1806 5688 2005 1973 5689 2002 1969 5690 966 1816 5691 2008 1974 5692 2005 1973 5693 967 1815 5694 796 1527 5695 2008 1974 5696 2007 1971 5697 796 1527 5698 795 1526 5699 2006 1972 5700 795 1526 5701 794 1525 5702 908 1868 5703 794 1525 5704 261 1412 5705 909 1867 5706 2006 1972 5707 908 1868 5708 910 1866 5709 2003 1968 5710 909 1867 5711 2010 1975 5712 2012 1976 5713 2009 1977 5714 2011 1978 5715 2013 1979 5716 2010 1975 5717 2013 1979 5718 2015 1980 5719 2012 1976 5720 2014 1981 5721 2016 1982 5722 2013 1979 5723 904 1777 5724 617 1063 5725 233 828 5726 903 1776 5727 2009 1977 5728 904 1777 5729 902 1775 5730 2010 1975 5731 903 1776 5732 289 1911 5733 2011 1978 5734 902 1775 5735 950 1912 5736 2014 1981 5737 2011 1978 5738 951 1909 5739 2017 1983 5740 2014 1981 5741 952 1908 5742 968 1788 5743 2017 1983 5744 2017 1983 5745 969 1787 5746 2016 1982 5747 2016 1982 5748 970 1786 5749 2015 1980 5750 2015 1980 5751 244 849 5752 619 1065 5753 2012 1976 5754 619 1065 5755 618 1064 5756 2009 1977 5757 618 1064 5758 617 1063 5759 2018 1984 5760 2022 1985 5761 2021 1986 5762 2019 1987 5763 2023 1988 5764 2022 1985 5765 2021 1986 5766 2025 1989 5767 2024 1990 5768 2022 1985 5769 2026 1991 5770 2025 1989 5771 291 1730 5772 2018 1984 5773 977 1992 5774 913 1886 5775 2019 1987 5776 2018 1984 5777 912 1884 5778 2020 1993 5779 2019 1987 5780 911 1883 5781 980 1994 5782 2020 1993 5783 2020 1993 5784 981 1995 5785 2023 1988 5786 2023 1988 5787 982 1996 5788 2026 1991 5789 2026 1991 5790 302 1997 5791 983 1998 5792 2025 1989 5793 983 1998 5794 984 1999 5795 2025 1989 5796 985 2000 5797 2024 1990 5798 2024 1990 5799 301 2001 5800 979 2002 5801 978 2003 5802 2024 1990 5803 979 2002 5804 977 1992 5805 2021 1986 5806 978 2003 5807 2028 2004 5808 2030 2005 5809 2027 2006 5810 2029 2007 5811 2031 2008 5812 2028 2004 5813 2031 2008 5814 2033 2009 5815 2030 2005 5816 2032 2010 5817 2034 2011 5818 2031 2008 5819 898 2012 5820 883 1675 5821 286 1674 5822 897 1732 5823 2027 2006 5824 898 2012 5825 897 1732 5826 2029 2007 5827 2028 2004 5828 896 1731 5829 977 1992 5830 2029 2007 5831 2029 2007 5832 978 2003 5833 2032 2010 5834 978 2003 5835 2035 2013 5836 2032 2010 5837 979 2002 5838 986 2014 5839 2035 2013 5840 2035 2013 5841 987 2015 5842 2034 2011 5843 2034 2011 5844 988 2016 5845 2033 2009 5846 2033 2009 5847 299 2017 5848 881 1678 5849 2030 2005 5850 881 1678 5851 882 1676 5852 2027 2006 5853 882 1676 5854 883 1675 5855 2036 2018 5856 2040 2019 5857 2039 2020 5858 2037 2021 5859 2041 2022 5860 2040 2019 5861 2039 2020 5862 2043 2023 5863 2042 2024 5864 2040 2019 5865 2044 2025 5866 2043 2023 5867 295 1882 5868 2036 2018 5869 980 1994 5870 937 1898 5871 2037 2021 5872 2036 2018 5873 936 1896 5874 2038 2026 5875 2037 2021 5876 935 1895 5877 889 1714 5878 2038 2026 5879 2038 2026 5880 888 1713 5881 2041 2022 5882 2041 2022 5883 887 1712 5884 2044 2025 5885 2044 2025 5886 300 2027 5887 989 2028 5888 2043 2023 5889 989 2028 5890 990 2029 5891 2042 2024 5892 990 2029 5893 991 2030 5894 982 1996 5895 991 2030 5896 302 1997 5897 981 1995 5898 2042 2024 5899 982 1996 5900 980 1994 5901 2039 2020 5902 981 1995 5903 2045 2031 5904 2049 2032 5905 2048 2033 5906 2046 2034 5907 2050 2035 5908 2049 2032 5909 2048 2033 5910 2052 2036 5911 2051 2037 5912 2049 2032 5913 2053 2038 5914 2052 2036 5915 259 1119 5916 2045 2031 5917 647 1121 5918 1012 2039 5919 2046 2034 5920 2045 2031 5921 1011 2040 5922 2047 2041 5923 2046 2034 5924 1010 2042 5925 974 2043 5926 2047 2041 5927 2047 2041 5928 975 2044 5929 2050 2035 5930 2050 2035 5931 976 2045 5932 2053 2038 5933 2053 2038 5934 300 2027 5935 992 1711 5936 2052 2036 5937 992 1711 5938 993 1709 5939 2051 2037 5940 993 1709 5941 994 1708 5942 649 1124 5943 994 1708 5944 250 752 5945 648 1122 5946 2051 2037 5947 649 1124 5948 647 1121 5949 2048 2033 5950 648 1122 5951 2054 2046 5952 2058 2047 5953 2057 2048 5954 2055 2049 5955 2059 2050 5956 2058 2047 5957 2057 2048 5958 2061 2051 5959 2060 2052 5960 2058 2047 5961 2062 2053 5962 2061 2051 5963 230 852 5964 2054 2046 5965 686 1138 5966 885 1795 5967 2054 2046 5968 886 1796 5969 884 1794 5970 2055 2049 5971 885 1795 5972 287 1949 5973 2056 2054 5974 884 1794 5975 2056 2054 5976 1008 1751 5977 2059 2050 5978 2059 2050 5979 1009 1750 5980 2062 2053 5981 2062 2053 5982 307 2055 5983 1010 2042 5984 2061 2051 5985 1010 2042 5986 1011 2040 5987 2060 2052 5988 1011 2040 5989 1012 2039 5990 688 1141 5991 1012 2039 5992 259 1119 5993 687 1139 5994 2060 2052 5995 688 1141 5996 686 1138 5997 2057 2048 5998 687 1139 5999 2064 2056 6000 2066 2057 6001 2063 2058 6002 2065 2059 6003 2067 2060 6004 2064 2056 6005 2067 2060 6006 2069 2061 6007 2066 2057 6008 2068 2062 6009 2070 2063 6010 2067 2060 6011 985 2000 6012 998 2064 6013 301 2001 6014 984 1999 6015 2063 2058 6016 985 2000 6017 983 1998 6018 2064 2056 6019 984 1999 6020 302 1997 6021 2065 2059 6022 983 1998 6023 1001 2065 6024 2068 2062 6025 2065 2059 6026 1002 2066 6027 2071 2067 6028 2068 2062 6029 1003 2068 6030 1013 1935 6031 2071 2067 6032 2071 2067 6033 1014 1934 6034 2070 2063 6035 2070 2063 6036 1015 1933 6037 2069 2061 6038 2069 2061 6039 304 1861 6040 1000 2069 6041 2066 2057 6042 1000 2069 6043 999 2070 6044 2063 2058 6045 999 2070 6046 998 2064 6047 2073 2071 6048 2075 2072 6049 2072 2073 6050 2074 2074 6051 2076 2075 6052 2073 2071 6053 2076 2075 6054 2078 2076 6055 2075 2072 6056 2077 2077 6057 2079 2078 6058 2076 2075 6059 988 2016 6060 973 1679 6061 299 2017 6062 987 2015 6063 2072 2073 6064 988 2016 6065 986 2014 6066 2073 2071 6067 987 2015 6068 301 2001 6069 2074 2074 6070 986 2014 6071 998 2064 6072 2077 2077 6073 2074 2074 6074 999 2070 6075 2080 2079 6076 2077 2077 6077 1000 2069 6078 1016 1860 6079 2080 2079 6080 2080 2079 6081 1017 1859 6082 2079 2078 6083 2079 2078 6084 1018 1857 6085 2078 2076 6086 2078 2076 6087 306 1683 6088 971 1681 6089 2075 2072 6090 971 1681 6091 972 1680 6092 2072 2073 6093 972 1680 6094 973 1679 6095 2081 2080 6096 2085 2081 6097 2084 2082 6098 2082 2083 6099 2086 2084 6100 2085 2081 6101 2085 2081 6102 2087 2085 6103 2084 2082 6104 2085 2081 6105 2089 2086 6106 2088 2087 6107 302 1997 6108 2081 2080 6109 1001 2065 6110 991 2030 6111 2082 2083 6112 2081 2080 6113 990 2029 6114 2083 2088 6115 2082 2083 6116 989 2028 6117 976 2045 6118 2083 2088 6119 2083 2088 6120 975 2044 6121 2086 2084 6122 2086 2084 6123 974 2043 6124 2089 2086 6125 2089 2086 6126 307 2055 6127 1019 1749 6128 2088 2087 6129 1019 1749 6130 1020 1747 6131 2088 2087 6132 1021 1744 6133 2087 2085 6134 2087 2085 6135 305 1746 6136 1003 2068 6137 2084 2082 6138 1003 2068 6139 1002 2066 6140 2081 2080 6141 1002 2066 6142 1001 2065 6143 2091 2089 6144 2093 2090 6145 2090 2091 6146 2092 2092 6147 2094 2093 6148 2091 2089 6149 2094 2093 6150 2096 2094 6151 2093 2090 6152 2095 2095 6153 2097 2096 6154 2094 2093 6155 995 1673 6156 877 1734 6157 286 1674 6158 996 1672 6159 2090 2091 6160 995 1673 6161 997 1669 6162 2091 2089 6163 996 1672 6164 303 1671 6165 2092 2092 6166 997 1669 6167 1022 1694 6168 2095 2095 6169 2092 2092 6170 1023 1699 6171 2098 2097 6172 2095 2095 6173 1024 1698 6174 673 1188 6175 2098 2097 6176 2098 2097 6177 672 1186 6178 2097 2096 6179 2097 2096 6180 671 1185 6181 2096 2094 6182 2096 2094 6183 227 1184 6184 875 1736 6185 2093 2090 6186 875 1736 6187 876 1735 6188 2090 2091 6189 876 1735 6190 877 1734 6191 2100 2098 6192 2102 2099 6193 2099 2100 6194 2101 2101 6195 2103 2102 6196 2100 2098 6197 2102 2099 6198 2106 2103 6199 2105 2104 6200 2103 2102 6201 2107 2105 6202 2106 2103 6203 880 1696 6204 713 1657 6205 262 1237 6206 879 1695 6207 2099 2100 6208 880 1696 6209 878 1693 6210 2100 2098 6211 879 1695 6212 303 1671 6213 2101 2101 6214 878 1693 6215 1025 1670 6216 2104 2106 6217 2101 2101 6218 1026 1684 6219 2107 2105 6220 2104 2106 6221 2107 2105 6222 306 1683 6223 1006 1858 6224 2106 2103 6225 1006 1858 6226 1005 1870 6227 2105 2104 6228 1005 1870 6229 1004 1869 6230 715 1660 6231 1004 1869 6232 261 1412 6233 714 1658 6234 2105 2104 6235 715 1660 6236 713 1657 6237 2102 2099 6238 714 1658 6239 1029 186 6720 1032 190 6721 1031 187 6722 1030 189 6723 1033 192 6724 1032 190 6725 1032 190 6726 1035 193 6727 1034 191 6728 1033 192 6729 1036 202 6730 1035 193 6731 478 194 6732 1028 188 6733 512 195 6734 477 197 6735 1029 186 6736 1028 188 6737 476 198 6738 1030 189 6739 1029 186 6740 186 199 6741 319 200 6742 1030 189 6743 319 200 6744 318 201 6745 1033 192 6746 318 201 6747 317 203 6748 1036 202 6749 317 203 6750 214 599 6751 451 204 6752 1036 202 6753 451 204 6754 450 205 6755 1035 193 6756 450 205 6757 449 206 6758 514 207 6759 1034 191 6760 449 206 6761 1031 187 6762 1034 191 6763 514 207 6764 1028 188 6765 1031 187 6766 513 209 6767 1038 210 6768 1041 214 6769 1040 211 6770 1039 213 6771 1042 216 6772 1041 214 6773 1041 214 6774 1044 217 6775 1043 215 6776 1042 216 6777 1045 225 6778 1044 217 6779 311 218 6780 1037 212 6781 509 219 6782 312 220 6783 1038 210 6784 1037 212 6785 313 221 6786 1039 213 6787 1038 210 6788 188 222 6789 320 223 6790 1039 213 6791 320 223 6792 321 224 6793 1042 216 6794 321 224 6795 322 226 6796 1045 225 6797 322 226 6798 190 2107 6799 325 227 6800 1045 225 6801 325 227 6802 324 228 6803 1044 217 6804 324 228 6805 323 229 6806 1043 215 6807 323 229 6808 220 230 6809 1040 211 6810 1043 215 6811 511 231 6812 1037 212 6813 1040 211 6814 510 232 6815 1046 233 6816 1047 236 6817 1050 234 6818 1047 236 6819 1048 245 6820 1051 237 6821 1049 235 6822 1050 234 6823 1053 238 6824 1050 234 6825 1051 237 6826 1054 240 6827 216 241 6828 475 243 6829 1046 233 6830 475 243 6831 474 244 6832 1047 236 6833 474 244 6834 473 246 6835 1048 245 6836 473 246 6837 215 609 6838 329 247 6839 1048 245 6840 329 247 6841 330 248 6842 1051 237 6843 330 248 6844 331 249 6845 1054 240 6846 331 249 6847 192 250 6848 1053 238 6849 1054 240 6850 335 251 6851 1052 239 6852 1053 238 6853 336 252 6854 343 254 6855 1052 239 6856 337 253 6857 342 256 6858 1049 235 6859 1052 239 6860 341 242 6861 1046 233 6862 1049 235 6863 1056 257 6864 1059 261 6865 1058 258 6866 1057 260 6867 1060 263 6868 1059 261 6869 1059 261 6870 1062 264 6871 1061 262 6872 1060 263 6873 1063 273 6874 1062 264 6875 394 265 6876 1055 259 6877 332 266 6878 393 268 6879 1056 257 6880 1055 259 6881 392 269 6882 1057 260 6883 1056 257 6884 201 270 6885 344 271 6886 1057 260 6887 344 271 6888 345 272 6889 1060 263 6890 345 272 6891 346 594 6892 1063 273 6893 1063 273 6894 346 594 6895 186 199 6896 1062 264 6897 1063 273 6898 310 274 6899 1061 262 6900 1062 264 6901 309 275 6902 334 277 6903 1061 262 6904 308 276 6905 1058 258 6906 1061 262 6907 334 277 6908 1055 259 6909 1058 258 6910 333 279 6911 1065 280 6912 1068 284 6913 1067 281 6914 1065 280 6915 1066 291 6916 1069 283 6917 1068 284 6918 1071 286 6919 1070 285 6920 1069 283 6921 1072 296 6922 1071 286 6923 508 287 6924 1064 282 6925 419 288 6926 507 290 6927 1065 280 6928 1064 282 6929 507 290 6930 506 292 6931 1066 291 6932 506 292 6933 224 642 6934 493 293 6935 1066 291 6936 493 293 6937 492 294 6938 1069 283 6939 492 294 6940 491 295 6941 491 295 6942 191 525 6943 340 297 6944 1072 296 6945 340 297 6946 339 298 6947 1071 286 6948 339 298 6949 338 299 6950 1070 285 6951 338 299 6952 204 300 6953 1067 281 6954 1070 285 6955 421 301 6956 1064 282 6957 1067 281 6958 420 302 6959 1073 303 6960 1074 306 6961 1077 304 6962 1074 306 6963 1075 314 6964 1078 307 6965 1077 304 6966 1080 309 6967 1079 308 6968 1078 307 6969 1081 318 6970 1080 309 6971 206 310 6972 418 312 6973 1073 303 6974 418 312 6975 417 313 6976 1074 306 6977 417 313 6978 416 315 6979 1075 314 6980 416 315 6981 205 486 6982 353 316 6983 1075 314 6984 353 316 6985 354 317 6986 354 317 6987 355 319 6988 1081 318 6989 355 319 6990 196 484 6991 356 320 6992 1081 318 6993 356 320 6994 357 321 6995 1080 309 6996 357 321 6997 358 322 6998 1079 308 6999 358 322 7000 198 323 7001 1076 305 7002 1079 308 7003 361 324 7004 359 311 7005 1073 303 7006 1076 305 7007 1083 326 7008 1086 330 7009 1085 327 7010 1084 329 7011 1087 332 7012 1086 330 7013 1086 330 7014 1089 333 7015 1088 331 7016 1087 332 7017 1090 342 7018 1089 333 7019 448 334 7020 1082 328 7021 347 335 7022 447 337 7023 1083 326 7024 1082 328 7025 446 338 7026 1084 329 7027 1083 326 7028 211 339 7029 365 340 7030 1084 329 7031 365 340 7032 366 341 7033 1087 332 7034 366 341 7035 367 343 7036 1090 342 7037 367 343 7038 191 525 7039 326 344 7040 1090 342 7041 326 344 7042 327 345 7043 1089 333 7044 327 345 7045 328 346 7046 1088 331 7047 328 346 7048 193 347 7049 1085 327 7050 1088 331 7051 349 348 7052 1082 328 7053 1085 327 7054 348 349 7055 1092 350 7056 1095 354 7057 1094 351 7058 1092 350 7059 1093 362 7060 1096 353 7061 1095 354 7062 1098 357 7063 1097 355 7064 1095 354 7065 1096 353 7066 1099 356 7067 433 358 7068 1091 352 7069 443 359 7070 433 358 7071 432 361 7072 1092 350 7073 432 361 7074 431 363 7075 1093 362 7076 431 363 7077 202 391 7078 379 364 7079 1093 362 7080 379 364 7081 378 365 7082 1096 353 7083 378 365 7084 377 366 7085 1099 356 7086 377 366 7087 195 367 7088 1099 356 7089 364 368 7090 363 369 7091 1098 357 7092 363 369 7093 362 370 7094 1097 355 7095 362 370 7096 210 371 7097 1094 351 7098 1097 355 7099 445 372 7100 1091 352 7101 1094 351 7102 444 373 7103 1100 374 7104 1101 377 7105 1104 375 7106 1101 377 7107 1102 386 7108 1105 378 7109 1103 376 7110 1104 375 7111 1107 379 7112 1104 375 7113 1105 378 7114 1108 381 7115 213 382 7116 436 384 7117 1100 374 7118 436 384 7119 435 385 7120 1101 377 7121 435 385 7122 434 387 7123 1102 386 7124 434 387 7125 205 486 7126 400 388 7127 1102 386 7128 400 388 7129 399 389 7130 1105 378 7131 399 389 7132 398 390 7133 1108 381 7134 398 390 7135 202 391 7136 1107 379 7137 1108 381 7138 431 363 7139 1106 380 7140 1107 379 7141 432 361 7142 442 392 7143 1106 380 7144 433 358 7145 441 393 7146 1103 376 7147 1106 380 7148 440 383 7149 1100 374 7150 1103 376 7151 1109 394 7152 1110 397 7153 1113 395 7154 1110 397 7155 1111 406 7156 1114 398 7157 1112 396 7158 1113 395 7159 1116 399 7160 1113 395 7161 1114 398 7162 1117 401 7163 197 402 7164 352 404 7165 1109 394 7166 352 404 7167 351 405 7168 1110 397 7169 351 405 7170 350 407 7171 1111 406 7172 350 407 7173 195 367 7174 377 366 7175 1111 406 7176 377 366 7177 378 365 7178 1114 398 7179 378 365 7180 379 364 7181 1117 401 7182 379 364 7183 202 391 7184 1116 399 7185 1117 401 7186 386 408 7187 1115 400 7188 1116 399 7189 387 409 7190 382 411 7191 1115 400 7192 388 410 7193 381 413 7194 1112 396 7195 1115 400 7196 380 403 7197 1109 394 7198 1112 396 7199 1119 414 7200 1122 418 7201 1121 415 7202 1120 417 7203 1123 420 7204 1122 418 7205 1122 418 7206 1125 421 7207 1124 419 7208 1123 420 7209 1126 429 7210 1125 421 7211 505 422 7212 1118 416 7213 490 423 7214 504 424 7215 1119 414 7216 1118 416 7217 503 425 7218 1120 417 7219 1119 414 7220 221 426 7221 389 427 7222 1120 417 7223 389 427 7224 390 428 7225 1123 420 7226 390 428 7227 391 430 7228 1126 429 7229 391 430 7230 200 516 7231 373 431 7232 1126 429 7233 373 431 7234 372 432 7235 1125 421 7236 372 432 7237 371 433 7238 1124 419 7239 371 433 7240 187 434 7241 1121 415 7242 1124 419 7243 488 435 7244 1118 416 7245 1121 415 7246 489 436 7247 1128 437 7248 1131 441 7249 1130 438 7250 1129 440 7251 1132 443 7252 1131 441 7253 1131 441 7254 1134 444 7255 1133 442 7256 1132 443 7257 1135 453 7258 1134 444 7259 412 445 7260 1127 439 7261 368 446 7262 411 448 7263 1128 437 7264 1127 439 7265 410 449 7266 1129 440 7267 1128 437 7268 208 450 7269 374 451 7270 1129 440 7271 374 451 7272 375 452 7273 1132 443 7274 375 452 7275 376 454 7276 1135 453 7277 376 454 7278 201 270 7279 392 269 7280 1135 453 7281 392 269 7282 393 268 7283 1134 444 7284 393 268 7285 394 265 7286 1133 442 7287 394 265 7288 199 267 7289 1130 438 7290 1133 442 7291 370 455 7292 1127 439 7293 1130 438 7294 369 456 7295 1137 457 7296 1140 461 7297 1139 458 7298 1138 460 7299 1141 463 7300 1140 461 7301 1140 461 7302 1143 464 7303 1142 462 7304 1141 463 7305 1144 468 7306 1143 464 7307 194 255 7308 337 253 7309 1136 459 7310 337 253 7311 336 252 7312 1137 457 7313 336 252 7314 335 251 7315 1138 460 7316 335 251 7317 192 250 7318 407 466 7319 407 466 7320 408 467 7321 1141 463 7322 408 467 7323 409 469 7324 1144 468 7325 409 469 7326 208 450 7327 410 449 7328 1144 468 7329 410 449 7330 411 448 7331 1143 464 7332 411 448 7333 412 445 7334 1142 462 7335 412 445 7336 207 447 7337 1139 458 7338 1142 462 7339 406 470 7340 1136 459 7341 1139 458 7342 405 471 7343 1145 472 7344 1146 475 7345 1149 473 7346 1146 475 7347 1147 483 7348 1150 476 7349 1148 474 7350 1149 473 7351 1152 477 7352 1149 473 7353 1150 476 7354 1153 479 7355 211 339 7356 430 481 7357 1145 472 7358 430 481 7359 429 482 7360 1146 475 7361 429 482 7362 428 485 7363 1147 483 7364 196 484 7365 355 319 7366 1147 483 7367 355 319 7368 354 317 7369 1150 476 7370 1150 476 7371 354 317 7372 353 316 7373 1153 479 7374 353 316 7375 205 486 7376 1152 477 7377 1153 479 7378 434 387 7379 1151 478 7380 1152 477 7381 435 385 7382 439 487 7383 1151 478 7384 436 384 7385 438 488 7386 1148 474 7387 1151 478 7388 437 480 7389 1145 472 7390 1148 474 7391 1154 489 7392 1155 492 7393 1158 490 7394 1155 492 7395 1156 498 7396 1159 493 7397 1157 491 7398 1158 490 7399 1161 494 7400 1158 490 7401 1159 493 7402 1162 496 7403 203 412 7404 388 410 7405 1154 489 7406 388 410 7407 387 409 7408 1155 492 7409 387 409 7410 386 408 7411 1156 498 7412 386 408 7413 202 391 7414 398 390 7415 1156 498 7416 398 390 7417 399 389 7418 1159 493 7419 399 389 7420 400 388 7421 1162 496 7422 400 388 7423 205 486 7424 1161 494 7425 1162 496 7426 416 315 7427 1160 495 7428 1161 494 7429 417 313 7430 403 499 7431 1160 495 7432 418 312 7433 402 500 7434 1157 491 7435 1160 495 7436 401 497 7437 1154 489 7438 1157 491 7439 1164 501 7440 1167 505 7441 1166 502 7442 1165 504 7443 1168 507 7444 1167 505 7445 1167 505 7446 1170 508 7447 1169 506 7448 1168 507 7449 1171 512 7450 1170 508 7451 502 509 7452 1163 503 7453 389 427 7454 501 510 7455 1164 501 7456 1163 503 7457 500 511 7458 1165 504 7459 1164 501 7460 222 289 7461 419 288 7462 1165 504 7463 419 288 7464 420 302 7465 1168 507 7466 420 302 7467 421 301 7468 1171 512 7469 421 301 7470 204 300 7471 397 513 7472 1171 512 7473 397 513 7474 396 514 7475 1170 508 7476 396 514 7477 395 515 7478 1169 506 7479 395 515 7480 200 516 7481 1166 502 7482 1169 506 7483 391 430 7484 1163 503 7485 1166 502 7486 390 428 7487 1172 517 7488 1173 520 7489 1176 518 7490 1173 520 7491 1174 526 7492 1177 521 7493 1175 519 7494 1176 518 7495 1179 522 7496 1176 518 7497 1177 521 7498 1180 524 7499 191 525 7500 367 343 7501 1172 517 7502 367 343 7503 366 341 7504 1173 520 7505 366 341 7506 365 340 7507 1174 526 7508 365 340 7509 211 339 7510 437 480 7511 1174 526 7512 437 480 7513 438 488 7514 1177 521 7515 438 488 7516 439 487 7517 1180 524 7518 439 487 7519 213 382 7520 1179 522 7521 1180 524 7522 413 527 7523 1178 523 7524 1179 522 7525 414 528 7526 338 299 7527 1178 523 7528 415 529 7529 339 298 7530 1175 519 7531 1178 523 7532 340 297 7533 1172 517 7534 1175 519 7535 1182 530 7536 1185 534 7537 1184 531 7538 1182 530 7539 1183 537 7540 1186 533 7541 1185 534 7542 1188 536 7543 1187 535 7544 1186 533 7545 1189 538 7546 1188 536 7547 204 300 7548 415 529 7549 1181 532 7550 415 529 7551 414 528 7552 1182 530 7553 414 528 7554 413 527 7555 1183 537 7556 413 527 7557 213 382 7558 440 383 7559 1183 537 7560 440 383 7561 441 393 7562 1186 533 7563 441 393 7564 442 392 7565 442 392 7566 212 360 7567 383 539 7568 1189 538 7569 383 539 7570 384 540 7571 1188 536 7572 384 540 7573 385 541 7574 1187 535 7575 385 541 7576 200 516 7577 1184 531 7578 1187 535 7579 395 515 7580 397 513 7581 1181 532 7582 1184 531 7583 1190 542 7584 1191 546 7585 1194 543 7586 1192 545 7587 1195 549 7588 1194 543 7589 1193 544 7590 1194 543 7591 1197 547 7592 1195 549 7593 1198 550 7594 1197 547 7595 200 516 7596 385 541 7597 1190 542 7598 384 540 7599 1191 546 7600 1190 542 7601 383 539 7602 1192 545 7603 1191 546 7604 212 360 7605 443 359 7606 1192 545 7607 443 359 7608 444 373 7609 1195 549 7610 444 373 7611 445 372 7612 1198 550 7613 445 372 7614 210 371 7615 427 551 7616 1197 547 7617 1198 550 7618 427 551 7619 1196 548 7620 1197 547 7621 426 552 7622 371 433 7623 1196 548 7624 425 553 7625 372 432 7626 1193 544 7627 1196 548 7628 373 431 7629 1190 542 7630 1193 544 7631 1200 554 7632 1203 558 7633 1202 555 7634 1201 557 7635 1204 560 7636 1203 558 7637 1203 558 7638 1206 561 7639 1205 559 7640 1204 560 7641 1207 563 7642 1206 561 7643 358 322 7644 1199 556 7645 422 562 7646 357 321 7647 1200 554 7648 1199 556 7649 356 320 7650 1201 557 7651 1200 554 7652 196 484 7653 428 485 7654 1201 557 7655 428 485 7656 429 482 7657 1204 560 7658 429 482 7659 430 481 7660 1207 563 7661 430 481 7662 211 339 7663 446 338 7664 1207 563 7665 446 338 7666 447 337 7667 1206 561 7668 447 337 7669 448 334 7670 1205 559 7671 448 334 7672 209 336 7673 1202 555 7674 1205 559 7675 424 564 7676 1199 556 7677 1202 555 7678 423 565 7679 1208 566 7680 1209 569 7681 1212 567 7682 1209 569 7683 1210 575 7684 1213 570 7685 1211 568 7686 1212 567 7687 1215 571 7688 1212 567 7689 1213 570 7690 1216 573 7691 201 270 7692 376 454 7693 1208 566 7694 376 454 7695 375 452 7696 1209 569 7697 375 452 7698 374 451 7699 1210 575 7700 374 451 7701 208 450 7702 461 576 7703 1210 575 7704 461 576 7705 462 577 7706 1213 570 7707 462 577 7708 463 578 7709 1216 573 7710 463 578 7711 218 579 7712 1215 571 7713 1216 573 7714 464 580 7715 1215 571 7716 465 581 7717 466 582 7718 1214 572 7719 466 582 7720 217 583 7721 459 585 7722 1211 568 7723 1214 572 7724 458 574 7725 1208 566 7726 1211 568 7727 1218 586 7728 1221 590 7729 1220 587 7730 1219 589 7731 1222 592 7732 1221 590 7733 1221 590 7734 1224 593 7735 1223 591 7736 1222 592 7737 1225 595 7738 1224 593 7739 346 594 7740 1217 588 7741 319 200 7742 345 272 7743 1218 586 7744 1217 588 7745 345 272 7746 344 271 7747 1219 589 7748 344 271 7749 201 270 7750 458 574 7751 1219 589 7752 458 574 7753 459 585 7754 459 585 7755 460 584 7756 1225 595 7757 460 584 7758 217 583 7759 467 596 7760 1225 595 7761 467 596 7762 468 597 7763 1224 593 7764 468 597 7765 469 598 7766 1223 591 7767 469 598 7768 214 599 7769 1220 587 7770 1223 591 7771 317 203 7772 1217 588 7773 1220 587 7774 318 201 7775 1226 600 7776 1227 603 7777 1230 601 7778 1227 603 7779 1228 608 7780 1231 604 7781 1229 602 7782 1230 601 7783 1233 605 7784 1230 601 7785 1231 604 7786 1234 607 7787 208 450 7788 409 469 7789 1226 600 7790 409 469 7791 408 467 7792 1227 603 7793 408 467 7794 407 466 7795 1228 608 7796 407 466 7797 192 250 7798 331 249 7799 1228 608 7800 331 249 7801 330 248 7802 1231 604 7803 330 248 7804 329 247 7805 1234 607 7806 329 247 7807 215 609 7808 1233 605 7809 1234 607 7810 470 610 7811 1232 606 7812 1233 605 7813 471 611 7814 463 578 7815 1232 606 7816 472 612 7817 462 577 7818 1229 602 7819 1232 606 7820 461 576 7821 1226 600 7822 1229 602 7823 1235 613 7824 1236 616 7825 1239 614 7826 1236 616 7827 1237 625 7828 1240 617 7829 1238 615 7830 1239 614 7831 1242 618 7832 1239 614 7833 1240 617 7834 1243 620 7835 225 621 7836 499 623 7837 1235 613 7838 499 623 7839 498 624 7840 1236 616 7841 498 624 7842 497 626 7843 1237 625 7844 497 626 7845 224 642 7846 452 627 7847 1237 625 7848 452 627 7849 453 628 7850 1240 617 7851 453 628 7852 454 629 7853 1243 620 7854 454 629 7855 215 609 7856 1242 618 7857 1243 620 7858 473 246 7859 1241 619 7860 1242 618 7861 474 244 7862 457 630 7863 1241 619 7864 475 243 7865 456 631 7866 1238 615 7867 1241 619 7868 455 622 7869 1235 613 7870 1238 615 7871 1244 632 7872 1245 635 7873 1248 633 7874 1245 635 7875 1246 641 7876 1249 636 7877 1247 634 7878 1248 633 7879 1251 637 7880 1248 633 7881 1249 636 7882 1252 639 7883 193 347 7884 328 346 7885 1244 632 7886 327 345 7887 1245 635 7888 1244 632 7889 326 344 7890 1246 641 7891 1245 635 7892 191 525 7893 491 295 7894 1246 641 7895 1246 641 7896 491 295 7897 492 294 7898 1249 636 7899 492 294 7900 493 293 7901 1252 639 7902 493 293 7903 224 642 7904 1251 637 7905 1252 639 7906 497 626 7907 1250 638 7908 1251 637 7909 498 624 7910 496 643 7911 1250 638 7912 499 623 7913 495 644 7914 1247 634 7915 1250 638 7916 494 640 7917 1244 632 7918 1247 634 7919 1254 645 7920 1257 649 7921 1256 646 7922 1255 648 7923 1258 651 7924 1257 649 7925 1257 649 7926 1260 652 7927 1259 650 7928 1258 651 7929 1261 656 7930 1260 652 7931 466 582 7932 1253 647 7933 482 653 7934 465 581 7935 1254 645 7936 1253 647 7937 464 580 7938 1255 648 7939 1254 645 7940 218 579 7941 485 654 7942 1255 648 7943 485 654 7944 486 655 7945 1258 651 7946 486 655 7947 487 657 7948 1261 656 7949 487 657 7950 222 289 7951 500 511 7952 1261 656 7953 500 511 7954 501 510 7955 1260 652 7956 501 510 7957 502 509 7958 1259 650 7959 502 509 7960 221 426 7961 1256 646 7962 1259 650 7963 484 658 7964 1253 647 7965 1256 646 7966 483 659 7967 1263 660 7968 1266 664 7969 1265 661 7970 1264 663 7971 1267 666 7972 1266 664 7973 1266 664 7974 1269 667 7975 1268 665 7976 1267 666 7977 1270 668 7978 1269 667 7979 469 598 7980 1262 662 7981 451 204 7982 468 597 7983 1263 660 7984 1262 662 7985 467 596 7986 1264 663 7987 1263 660 7988 217 583 7989 482 653 7990 1264 663 7991 482 653 7992 483 659 7993 1267 666 7994 483 659 7995 484 658 7996 1270 668 7997 484 658 7998 221 426 7999 503 425 8000 1270 668 8001 503 425 8002 504 424 8003 1269 667 8004 504 424 8005 505 422 8006 1268 665 8007 505 422 8008 223 208 8009 1265 661 8010 1268 665 8011 449 206 8012 1262 662 8013 1265 661 8014 450 205 8015 1271 669 8016 1272 672 8017 1275 670 8018 1272 672 8019 1273 677 8020 1276 673 8021 1275 670 8022 1278 676 8023 1277 674 8024 1275 670 8025 1276 673 8026 1279 675 8027 218 579 8028 472 612 8029 1271 669 8030 472 612 8031 471 611 8032 1272 672 8033 471 611 8034 470 610 8035 1273 677 8036 470 610 8037 215 609 8038 454 629 8039 1273 677 8040 454 629 8041 453 628 8042 1276 673 8043 453 628 8044 452 627 8045 1279 675 8046 452 627 8047 224 642 8048 1278 676 8049 1279 675 8050 506 292 8051 1278 676 8052 507 290 8053 508 287 8054 1277 674 8055 508 287 8056 222 289 8057 1274 671 8058 1277 674 8059 487 657 8060 1271 669 8061 1274 671 8062 486 655 8063 1281 678 8064 1284 682 8065 1283 679 8066 1282 681 8067 1285 684 8068 1284 682 8069 1284 682 8070 1287 685 8071 1286 683 8072 1285 684 8073 1288 686 8074 1287 685 8075 476 198 8076 1280 680 8077 310 274 8078 477 197 8079 1281 678 8080 1280 680 8081 478 194 8082 1282 681 8083 1281 678 8084 219 196 8085 509 219 8086 1282 681 8087 509 219 8088 510 232 8089 1285 684 8090 510 232 8091 511 231 8092 1288 686 8093 511 231 8094 220 230 8095 481 687 8096 1288 686 8097 481 687 8098 480 688 8099 1287 685 8100 480 688 8101 479 689 8102 1286 683 8103 479 689 8104 189 278 8105 1283 679 8106 1286 683 8107 308 276 8108 1280 680 8109 1283 679 8110 309 275 8111 1290 690 8112 1293 694 8113 1292 691 8114 1291 693 8115 1294 699 8116 1293 694 8117 1292 691 8118 1293 694 8119 1296 695 8120 1293 694 8121 1294 699 8122 1297 697 8123 313 221 8124 1289 692 8125 314 698 8126 312 220 8127 1290 690 8128 1289 692 8129 311 218 8130 1291 693 8131 1290 690 8132 219 196 8133 512 195 8134 1291 693 8135 512 195 8136 513 209 8137 1294 699 8138 513 209 8139 514 207 8140 1297 697 8141 1297 697 8142 514 207 8143 223 208 8144 1296 695 8145 1297 697 8146 490 423 8147 1295 696 8148 1296 695 8149 489 436 8150 316 700 8151 1295 696 8152 488 435 8153 315 701 8154 1292 691 8155 1295 696 8156 314 698 8157 1289 692 8158 1292 691 8159 1299 702 8160 1302 706 8161 1301 703 8162 1300 705 8163 1303 708 8164 1302 706 8165 1302 706 8166 1305 709 8167 1304 707 8168 1303 708 8169 1306 717 8170 1305 709 8171 704 710 8172 1298 704 8173 670 711 8174 705 713 8175 1299 702 8176 1298 704 8177 706 714 8178 1300 705 8179 1299 702 8180 706 714 8181 257 927 8182 641 715 8183 641 715 8184 642 716 8185 1303 708 8186 642 716 8187 643 718 8188 1306 717 8189 643 718 8190 248 1094 8191 521 719 8192 1306 717 8193 521 719 8194 522 720 8195 1305 709 8196 522 720 8197 523 721 8198 1304 707 8199 523 721 8200 226 722 8201 1301 703 8202 1304 707 8203 668 723 8204 1298 704 8205 1301 703 8206 669 724 8207 1308 725 8208 1311 729 8209 1310 726 8210 1309 728 8211 1312 731 8212 1311 729 8213 1311 729 8214 1314 732 8215 1313 730 8216 1312 731 8217 1315 740 8218 1314 732 8219 701 733 8220 1307 727 8221 518 734 8222 702 735 8223 1308 725 8224 1307 727 8225 703 736 8226 1309 728 8227 1308 725 8228 254 737 8229 524 738 8230 1309 728 8231 524 738 8232 525 739 8233 1312 731 8234 525 739 8235 526 741 8236 1315 740 8237 526 741 8238 190 2107 8239 322 226 8240 1315 740 8241 322 226 8242 321 224 8243 1314 732 8244 321 224 8245 320 223 8246 1313 730 8247 320 223 8248 188 222 8249 1310 726 8250 1313 730 8251 520 742 8252 1307 727 8253 1310 726 8254 519 743 8255 1316 744 8256 1317 747 8257 1320 745 8258 1317 747 8259 1318 756 8260 1321 748 8261 1319 746 8262 1320 745 8263 1323 749 8264 1320 745 8265 1321 748 8266 1324 751 8267 250 752 8268 542 754 8269 1316 744 8270 542 754 8271 543 755 8272 1317 747 8273 543 755 8274 544 757 8275 1318 756 8276 544 757 8277 231 968 8278 538 758 8279 1318 756 8280 538 758 8281 537 759 8282 1321 748 8283 537 759 8284 536 760 8285 1324 751 8286 536 760 8287 229 761 8288 1323 749 8289 1324 751 8290 532 762 8291 1322 750 8292 1323 749 8293 531 763 8294 665 765 8295 1322 750 8296 530 764 8297 666 767 8298 1319 746 8299 1322 750 8300 667 753 8301 1316 744 8302 1319 746 8303 1326 768 8304 1329 772 8305 1328 769 8306 1327 771 8307 1330 774 8308 1329 772 8309 1329 772 8310 1332 775 8311 1331 773 8312 1330 774 8313 1333 784 8314 1332 775 8315 533 776 8316 1325 770 8317 589 777 8318 534 779 8319 1326 768 8320 1325 770 8321 535 780 8322 1327 771 8323 1326 768 8324 535 780 8325 227 1184 8326 515 781 8327 1327 771 8328 515 781 8329 516 782 8330 1330 774 8331 516 782 8332 517 783 8333 1333 784 8334 517 783 8335 226 722 8336 1333 784 8337 547 785 8338 546 786 8339 1332 775 8340 546 786 8341 545 787 8342 1331 773 8343 545 787 8344 236 788 8345 1328 769 8346 1331 773 8347 587 789 8348 1325 770 8349 1328 769 8350 588 790 8351 1335 791 8352 1338 795 8353 1337 792 8354 1336 794 8355 1339 798 8356 1338 795 8357 1337 792 8358 1338 795 8359 1341 796 8360 1339 798 8361 1342 807 8362 1341 796 8363 614 799 8364 1334 793 8365 700 800 8366 615 802 8367 1335 791 8368 1334 793 8369 616 803 8370 1336 794 8371 1335 791 8372 239 804 8373 539 805 8374 1336 794 8375 539 805 8376 540 806 8377 1339 798 8378 540 806 8379 541 808 8380 1342 807 8381 541 808 8382 228 1029 8383 683 809 8384 1341 796 8385 1342 807 8386 683 809 8387 1340 797 8388 1341 796 8389 684 810 8390 698 812 8391 1340 797 8392 685 811 8393 699 814 8394 1337 792 8395 1340 797 8396 1334 793 8397 1337 792 8398 699 814 8399 1343 815 8400 1344 819 8401 1347 816 8402 1345 818 8403 1348 822 8404 1347 816 8405 1346 817 8406 1347 816 8407 1350 820 8408 1348 822 8409 1351 831 8410 1350 820 8411 241 823 8412 557 825 8413 1343 815 8414 557 825 8415 558 827 8416 1344 819 8417 559 826 8418 1345 818 8419 1344 819 8420 233 828 8421 556 829 8422 1345 818 8423 556 829 8424 555 830 8425 1348 822 8426 555 830 8427 554 832 8428 1351 831 8429 554 832 8430 232 989 8431 553 833 8432 1351 831 8433 553 833 8434 552 834 8435 1349 821 8436 1350 820 8437 552 834 8438 611 836 8439 1349 821 8440 551 835 8441 612 838 8442 1346 817 8443 1349 821 8444 613 824 8445 1343 815 8446 1346 817 8447 1353 839 8448 1356 843 8449 1355 840 8450 1354 842 8451 1357 845 8452 1356 843 8453 1356 843 8454 1359 846 8455 1358 844 8456 1357 845 8457 1360 855 8458 1359 846 8459 548 847 8460 1352 841 8461 640 848 8462 549 850 8463 1353 839 8464 1352 841 8465 550 851 8466 1354 842 8467 1353 839 8468 230 852 8469 529 853 8470 1354 842 8471 529 853 8472 528 854 8473 1357 845 8474 528 854 8475 527 856 8476 1360 855 8477 527 856 8478 228 1029 8479 562 857 8480 1360 855 8481 562 857 8482 561 858 8483 1359 846 8484 561 858 8485 560 859 8486 1358 844 8487 560 859 8488 245 860 8489 1355 840 8490 1358 844 8491 638 861 8492 1352 841 8493 1355 840 8494 639 862 8495 1362 863 8496 1365 867 8497 1364 864 8498 1363 866 8499 1366 876 8500 1365 867 8501 1364 864 8502 1365 867 8503 1368 868 8504 1365 867 8505 1366 876 8506 1369 870 8507 635 871 8508 1361 865 8509 625 872 8510 636 874 8511 1362 863 8512 1361 865 8513 637 875 8514 1363 866 8515 1362 863 8516 210 371 8517 362 370 8518 1363 866 8519 362 370 8520 363 369 8521 1366 876 8522 363 369 8523 364 368 8524 1369 870 8525 1369 870 8526 364 368 8527 195 367 8528 1368 868 8529 1369 870 8530 572 877 8531 1367 869 8532 1368 868 8533 573 878 8534 623 880 8535 1367 869 8536 574 879 8537 624 882 8538 1364 864 8539 1367 869 8540 625 872 8541 1361 865 8542 1364 864 8543 1370 883 8544 1371 886 8545 1374 884 8546 1371 886 8547 1372 895 8548 1375 887 8549 1373 885 8550 1374 884 8551 1377 888 8552 1374 884 8553 1375 887 8554 1378 890 8555 247 891 8556 632 893 8557 1370 883 8558 632 893 8559 633 894 8560 1371 886 8561 633 894 8562 634 896 8563 1372 895 8564 634 896 8565 246 873 8566 625 872 8567 1372 895 8568 625 872 8569 624 882 8570 1375 887 8571 624 882 8572 623 880 8573 1378 890 8574 623 880 8575 237 881 8576 1377 888 8577 1378 890 8578 593 897 8579 1376 889 8580 1377 888 8581 594 898 8582 626 900 8583 1376 889 8584 595 899 8585 627 901 8586 1373 885 8587 1376 889 8588 628 892 8589 1370 883 8590 1373 885 8591 1379 902 8592 1380 905 8593 1383 903 8594 1380 905 8595 1381 912 8596 1384 906 8597 1382 904 8598 1383 903 8599 1386 907 8600 1383 903 8601 1384 906 8602 1387 909 8603 197 402 8604 575 910 8605 1379 902 8606 575 910 8607 576 911 8608 1380 905 8609 576 911 8610 577 913 8611 1381 912 8612 577 913 8613 238 1000 8614 583 914 8615 1381 912 8616 583 914 8617 582 915 8618 1384 906 8619 582 915 8620 581 916 8621 1387 909 8622 581 916 8623 237 881 8624 1386 907 8625 1387 909 8626 574 879 8627 1385 908 8628 1386 907 8629 573 878 8630 350 407 8631 1385 908 8632 572 877 8633 351 405 8634 1382 904 8635 1385 908 8636 352 404 8637 1379 902 8638 1382 904 8639 1389 917 8640 1392 921 8641 1391 918 8642 1390 920 8643 1393 923 8644 1392 921 8645 1392 921 8646 1395 924 8647 1394 922 8648 1393 923 8649 1396 932 8650 1395 924 8651 682 925 8652 1388 919 8653 697 926 8654 681 928 8655 1389 917 8656 1388 919 8657 680 929 8658 1390 920 8659 1389 917 8660 187 434 8661 566 930 8662 1390 920 8663 566 930 8664 567 931 8665 1393 923 8666 567 931 8667 568 933 8668 1396 932 8669 568 933 8670 235 1014 8671 586 934 8672 1396 932 8673 586 934 8674 585 935 8675 1395 924 8676 585 935 8677 584 936 8678 1394 922 8679 584 936 8680 255 937 8681 1391 918 8682 1394 922 8683 695 938 8684 1388 919 8685 1391 918 8686 696 939 8687 1398 940 8688 1401 944 8689 1400 941 8690 1399 943 8691 1402 946 8692 1401 944 8693 1401 944 8694 1404 947 8695 1403 945 8696 1402 946 8697 1405 953 8698 1404 947 8699 563 948 8700 1397 942 8701 607 949 8702 564 951 8703 1398 940 8704 1397 942 8705 565 952 8706 1399 943 8707 1398 940 8708 234 778 8709 589 777 8710 1399 943 8711 589 777 8712 588 790 8713 1402 946 8714 588 790 8715 587 789 8716 1405 953 8717 587 789 8718 236 788 8719 571 954 8720 1405 953 8721 571 954 8722 570 955 8723 1404 947 8724 570 955 8725 569 956 8726 1403 945 8727 569 956 8728 243 957 8729 1400 941 8730 1403 945 8731 605 958 8732 1397 942 8733 1400 941 8734 606 959 8735 1407 960 8736 1410 964 8737 1409 961 8738 1408 963 8739 1411 966 8740 1410 964 8741 1410 964 8742 1413 967 8743 1412 965 8744 1411 966 8745 1414 972 8746 1413 967 8747 231 968 8748 599 970 8749 1406 962 8750 600 969 8751 1407 960 8752 1406 962 8753 601 971 8754 1408 963 8755 1407 960 8756 242 950 8757 607 949 8758 1408 963 8759 607 949 8760 606 959 8761 1411 966 8762 606 959 8763 605 958 8764 1414 972 8765 605 958 8766 243 957 8767 604 973 8768 1414 972 8769 604 973 8770 603 974 8771 1413 967 8772 603 974 8773 602 975 8774 536 760 8775 1412 965 8776 602 975 8777 537 759 8778 1409 961 8779 1412 965 8780 538 758 8781 1406 962 8782 1409 961 8783 1415 976 8784 1416 979 8785 1419 977 8786 1416 979 8787 1417 987 8788 1420 980 8789 1418 978 8790 1419 977 8791 1422 981 8792 1419 977 8793 1420 980 8794 1423 983 8795 245 860 8796 629 985 8797 1415 976 8798 629 985 8799 630 986 8800 1416 979 8801 630 986 8802 631 988 8803 1417 987 8804 631 988 8805 247 891 8806 628 892 8807 1417 987 8808 628 892 8809 627 901 8810 1420 980 8811 627 901 8812 626 900 8813 1423 983 8814 626 900 8815 240 837 8816 1422 981 8817 1423 983 8818 551 835 8819 1422 981 8820 552 834 8821 553 833 8822 1421 982 8823 553 833 8824 232 989 8825 621 991 8826 1418 978 8827 1421 982 8828 622 984 8829 1415 976 8830 1418 978 8831 1424 992 8832 1425 995 8833 1428 993 8834 1425 995 8835 1426 1003 8836 1429 996 8837 1427 994 8838 1428 993 8839 1431 997 8840 1428 993 8841 1429 996 8842 1432 999 8843 238 1000 8844 596 1001 8845 1424 992 8846 596 1001 8847 597 1002 8848 1425 995 8849 597 1002 8850 598 1004 8851 1426 1003 8852 598 1004 8853 241 823 8854 613 824 8855 1426 1003 8856 613 824 8857 612 838 8858 1429 996 8859 612 838 8860 611 836 8861 1432 999 8862 611 836 8863 240 837 8864 1431 997 8865 1432 999 8866 595 899 8867 1430 998 8868 1431 997 8869 594 898 8870 581 916 8871 1430 998 8872 593 897 8873 582 915 8874 1427 994 8875 1430 998 8876 583 914 8877 1424 992 8878 1427 994 8879 1434 1005 8880 1437 1009 8881 1436 1006 8882 1435 1008 8883 1438 1011 8884 1437 1009 8885 1437 1009 8886 1440 1012 8887 1439 1010 8888 1438 1011 8889 1441 1017 8890 1440 1012 8891 584 936 8892 1433 1007 8893 694 1013 8894 585 935 8895 1434 1005 8896 1433 1007 8897 586 934 8898 1435 1008 8899 1434 1005 8900 235 1014 8901 590 1015 8902 1435 1008 8903 590 1015 8904 591 1016 8905 1438 1011 8906 591 1016 8907 592 1018 8908 1441 1017 8909 592 1018 8910 239 804 8911 616 803 8912 1441 1017 8913 616 803 8914 615 802 8915 1440 1012 8916 615 802 8917 614 799 8918 1439 1010 8919 614 799 8920 256 801 8921 1436 1006 8922 1439 1010 8923 692 1019 8924 1433 1007 8925 1436 1006 8926 693 1020 8927 1442 1021 8928 1443 1024 8929 1446 1022 8930 1443 1024 8931 1444 1030 8932 1447 1025 8933 1445 1023 8934 1446 1022 8935 1449 1026 8936 1446 1022 8937 1447 1025 8938 1450 1028 8939 228 1029 8940 541 808 8941 1442 1021 8942 541 808 8943 540 806 8944 1443 1024 8945 540 806 8946 539 805 8947 1444 1030 8948 539 805 8949 239 804 8950 610 1031 8951 1444 1030 8952 610 1031 8953 609 1032 8954 1447 1025 8955 609 1032 8956 608 1033 8957 1450 1028 8958 608 1033 8959 247 891 8960 1449 1026 8961 1450 1028 8962 631 988 8963 1448 1027 8964 1449 1026 8965 630 986 8966 560 859 8967 1448 1027 8968 629 985 8969 561 858 8970 1445 1023 8971 1448 1027 8972 562 857 8973 1442 1021 8974 1445 1023 8975 1452 1034 8976 1455 1038 8977 1454 1035 8978 1453 1037 8979 1456 1041 8980 1455 1038 8981 1454 1035 8982 1455 1038 8983 1458 1039 8984 1456 1041 8985 1459 1044 8986 1458 1039 8987 239 804 8988 592 1018 8989 1451 1036 8990 592 1018 8991 591 1016 8992 1452 1034 8993 590 1015 8994 1453 1037 8995 1452 1034 8996 235 1014 8997 580 1042 8998 1453 1037 8999 580 1042 9000 579 1043 9001 1456 1041 9002 579 1043 9003 578 1045 9004 1459 1044 9005 578 1045 9006 246 873 9007 634 896 9008 1458 1039 9009 1459 1044 9010 634 896 9011 1457 1040 9012 1458 1039 9013 633 894 9014 608 1033 9015 1457 1040 9016 632 893 9017 609 1032 9018 1454 1035 9019 1457 1040 9020 610 1031 9021 1451 1036 9022 1454 1035 9023 1460 1046 9024 1461 1049 9025 1464 1047 9026 1461 1049 9027 1462 1053 9028 1465 1050 9029 1464 1047 9030 1467 1052 9031 1466 1051 9032 1465 1050 9033 1468 1054 9034 1467 1052 9035 235 1014 9036 568 933 9037 1460 1046 9038 568 933 9039 567 931 9040 1461 1049 9041 567 931 9042 566 930 9043 1462 1053 9044 566 930 9045 187 434 9046 425 553 9047 1462 1053 9048 425 553 9049 426 552 9050 1465 1050 9051 426 552 9052 427 551 9053 427 551 9054 210 371 9055 637 875 9056 1468 1054 9057 637 875 9058 636 874 9059 1467 1052 9060 636 874 9061 635 871 9062 1466 1051 9063 635 871 9064 246 873 9065 1463 1048 9066 1466 1051 9067 578 1045 9068 1460 1046 9069 1463 1048 9070 579 1043 9071 1470 1055 9072 1473 1059 9073 1472 1056 9074 1471 1058 9075 1474 1061 9076 1473 1059 9077 1473 1059 9078 1476 1062 9079 1475 1060 9080 1474 1061 9081 1477 1066 9082 1476 1062 9083 617 1063 9084 1469 1057 9085 556 829 9086 618 1064 9087 1470 1055 9088 1469 1057 9089 619 1065 9090 1471 1058 9091 1470 1055 9092 244 849 9093 640 848 9094 1471 1058 9095 640 848 9096 639 862 9097 1474 1061 9098 639 862 9099 638 861 9100 1477 1066 9101 638 861 9102 245 860 9103 622 984 9104 1477 1066 9105 622 984 9106 621 991 9107 1476 1062 9108 621 991 9109 620 990 9110 1475 1060 9111 620 990 9112 232 989 9113 1472 1056 9114 1475 1060 9115 554 832 9116 1469 1057 9117 1472 1056 9118 555 830 9119 1478 1067 9120 1479 1070 9121 1482 1068 9122 1479 1070 9123 1480 1077 9124 1483 1071 9125 1481 1069 9126 1482 1068 9127 1485 1072 9128 1482 1068 9129 1483 1071 9130 1486 1074 9131 236 788 9132 650 1075 9133 1478 1067 9134 650 1075 9135 651 1076 9136 1479 1070 9137 651 1076 9138 652 1079 9139 1480 1077 9140 251 1078 9141 658 1080 9142 1480 1077 9143 658 1080 9144 657 1157 9145 1483 1071 9146 1483 1071 9147 657 1157 9148 656 1081 9149 1486 1074 9150 656 1081 9151 252 1082 9152 1485 1072 9153 1486 1074 9154 655 1083 9155 1484 1073 9156 1485 1072 9157 654 1084 9158 569 956 9159 1484 1073 9160 653 1085 9161 570 955 9162 1481 1069 9163 1484 1073 9164 571 954 9165 1478 1067 9166 1481 1069 9167 1488 1086 9168 1491 1090 9169 1490 1087 9170 1489 1089 9171 1492 1092 9172 1491 1090 9173 1491 1090 9174 1494 1093 9175 1493 1091 9176 1492 1092 9177 1495 1097 9178 1494 1093 9179 523 721 9180 1487 1088 9181 547 785 9182 522 720 9183 1488 1086 9184 1487 1088 9185 521 719 9186 1489 1089 9187 1488 1086 9188 248 1094 9189 661 1095 9190 1489 1089 9191 661 1095 9192 660 1096 9193 1492 1092 9194 660 1096 9195 659 1098 9196 1495 1097 9197 659 1098 9198 251 1078 9199 652 1079 9200 1495 1097 9201 652 1079 9202 651 1076 9203 1493 1091 9204 1494 1093 9205 651 1076 9206 545 787 9207 1493 1091 9208 650 1075 9209 546 786 9210 1490 1087 9211 1493 1091 9212 1487 1088 9213 1490 1087 9214 546 786 9215 1496 1099 9216 1497 1102 9217 1500 1100 9218 1497 1102 9219 1498 1107 9220 1501 1103 9221 1499 1101 9222 1500 1100 9223 1503 1104 9224 1500 1100 9225 1501 1103 9226 1504 1106 9227 243 957 9228 653 1085 9229 1496 1099 9230 653 1085 9231 654 1084 9232 1497 1102 9233 654 1084 9234 655 1083 9235 1498 1107 9236 655 1083 9237 252 1082 9238 664 1108 9239 1498 1107 9240 664 1108 9241 663 1109 9242 1501 1103 9243 663 1109 9244 662 1110 9245 1504 1106 9246 662 1110 9247 249 766 9248 1503 1104 9249 1504 1106 9250 530 764 9251 1502 1105 9252 1503 1104 9253 531 763 9254 602 975 9255 1502 1105 9256 532 762 9257 603 974 9258 1499 1101 9259 1502 1105 9260 604 973 9261 1496 1099 9262 1499 1101 9263 1505 1111 9264 1506 1114 9265 1509 1112 9266 1506 1114 9267 1507 1123 9268 1510 1115 9269 1508 1113 9270 1509 1112 9271 1512 1116 9272 1509 1112 9273 1510 1115 9274 1513 1118 9275 259 1119 9276 647 1121 9277 1505 1111 9278 647 1121 9279 648 1122 9280 1506 1114 9281 648 1122 9282 649 1124 9283 1507 1123 9284 649 1124 9285 250 752 9286 667 753 9287 1507 1123 9288 667 753 9289 666 767 9290 1510 1115 9291 666 767 9292 665 765 9293 1513 1118 9294 665 765 9295 249 766 9296 1512 1116 9297 1513 1118 9298 646 1125 9299 1511 1117 9300 1512 1116 9301 645 1126 9302 689 1128 9303 1511 1117 9304 644 1127 9305 690 1129 9306 1508 1113 9307 1511 1117 9308 691 1120 9309 1505 1111 9310 1508 1113 9311 1514 1130 9312 1515 1133 9313 1518 1131 9314 1515 1133 9315 1516 1140 9316 1519 1134 9317 1517 1132 9318 1518 1131 9319 1521 1135 9320 1518 1131 9321 1519 1134 9322 1522 1137 9323 230 852 9324 686 1138 9325 1514 1130 9326 686 1138 9327 687 1139 9328 1515 1133 9329 687 1139 9330 688 1141 9331 1516 1140 9332 688 1141 9333 259 1119 9334 691 1120 9335 1516 1140 9336 691 1120 9337 690 1129 9338 1519 1134 9339 690 1129 9340 689 1128 9341 1522 1137 9342 689 1128 9343 258 813 9344 1521 1135 9345 1522 1137 9346 685 811 9347 1520 1136 9348 1521 1135 9349 684 810 9350 1520 1136 9351 683 809 9352 228 1029 9353 1517 1132 9354 1520 1136 9355 527 856 9356 1514 1130 9357 1517 1132 9358 528 854 9359 1524 1142 9360 1527 1146 9361 1526 1143 9362 1525 1145 9363 1528 1148 9364 1527 1146 9365 1527 1146 9366 1530 1149 9367 1529 1147 9368 1528 1148 9369 1531 1153 9370 1530 1149 9371 674 1150 9372 1523 1144 9373 658 1080 9374 675 1151 9375 1524 1142 9376 1523 1144 9377 676 1152 9378 1525 1145 9379 1524 1142 9380 255 937 9381 694 1013 9382 1525 1145 9383 694 1013 9384 693 1020 9385 1528 1148 9386 693 1020 9387 692 1019 9388 1531 1153 9389 692 1019 9390 256 801 9391 679 1154 9392 1531 1153 9393 679 1154 9394 678 1155 9395 1530 1149 9396 678 1155 9397 677 1156 9398 1529 1147 9399 677 1156 9400 252 1082 9401 1526 1143 9402 1529 1147 9403 656 1081 9404 1523 1144 9405 1526 1143 9406 657 1157 9407 1533 1158 9408 1536 1162 9409 1535 1159 9410 1534 1161 9411 1537 1164 9412 1536 1162 9413 1536 1162 9414 1539 1165 9415 1538 1163 9416 1537 1164 9417 1540 1166 9418 1539 1165 9419 643 718 9420 1532 1160 9421 661 1095 9422 642 716 9423 1533 1158 9424 1532 1160 9425 641 715 9426 1534 1161 9427 1533 1158 9428 257 927 9429 697 926 9430 1534 1161 9431 697 926 9432 696 939 9433 1537 1164 9434 696 939 9435 695 938 9436 1540 1166 9437 695 938 9438 255 937 9439 676 1152 9440 1540 1166 9441 676 1152 9442 675 1151 9443 1539 1165 9444 675 1151 9445 674 1150 9446 1538 1163 9447 674 1150 9448 251 1078 9449 1535 1159 9450 1538 1163 9451 659 1098 9452 1532 1160 9453 1535 1159 9454 660 1096 9455 1541 1167 9456 1542 1171 9457 1545 1168 9458 1543 1170 9459 1546 1175 9460 1545 1168 9461 1544 1169 9462 1545 1168 9463 1548 1172 9464 1545 1168 9465 1546 1175 9466 1549 1174 9467 252 1082 9468 677 1156 9469 1541 1167 9470 678 1155 9471 1542 1171 9472 1541 1167 9473 679 1154 9474 1543 1170 9475 1542 1171 9476 256 801 9477 700 800 9478 1543 1170 9479 700 800 9480 699 814 9481 1546 1175 9482 1546 1175 9483 699 814 9484 698 812 9485 1549 1174 9486 698 812 9487 258 813 9488 1548 1172 9489 1549 1174 9490 644 1127 9491 1547 1173 9492 1548 1172 9493 645 1126 9494 662 1110 9495 1547 1173 9496 646 1125 9497 663 1109 9498 1544 1169 9499 1547 1173 9500 664 1108 9501 1541 1167 9502 1544 1169 9503 1551 1176 9504 1554 1180 9505 1553 1177 9506 1552 1179 9507 1555 1182 9508 1554 1180 9509 1554 1180 9510 1557 1183 9511 1556 1181 9512 1555 1182 9513 1558 1187 9514 1557 1183 9515 517 783 9516 1550 1178 9517 668 723 9518 516 782 9519 1551 1176 9520 1550 1178 9521 515 781 9522 1552 1179 9523 1551 1176 9524 227 1184 9525 671 1185 9526 1552 1179 9527 671 1185 9528 672 1186 9529 1555 1182 9530 672 1186 9531 673 1188 9532 1558 1187 9533 673 1188 9534 254 737 9535 703 736 9536 1558 1187 9537 703 736 9538 702 735 9539 1557 1183 9540 702 735 9541 701 733 9542 1556 1181 9543 701 733 9544 253 712 9545 1553 1177 9546 1556 1181 9547 670 711 9548 1550 1178 9549 1553 1177 9550 669 724 9551 1560 1189 9552 1563 1193 9553 1562 1190 9554 1560 1189 9555 1561 1197 9556 1564 1192 9557 1563 1193 9558 1566 1196 9559 1565 1194 9560 1563 1193 9561 1564 1192 9562 1567 1195 9563 314 698 9564 1559 1191 9565 520 742 9566 314 698 9567 315 701 9568 1560 1189 9569 315 701 9570 316 700 9571 1561 1197 9572 316 700 9573 187 434 9574 680 929 9575 1561 1197 9576 680 929 9577 681 928 9578 1564 1192 9579 681 928 9580 682 925 9581 1567 1195 9582 682 925 9583 257 927 9584 1567 1195 9585 706 714 9586 705 713 9587 1566 1196 9588 705 713 9589 704 710 9590 1565 1194 9591 704 710 9592 253 712 9593 1562 1190 9594 1565 1194 9595 518 734 9596 1559 1191 9597 1562 1190 9598 519 743 9599 1569 1198 9600 1572 1202 9601 1571 1199 9602 1570 1201 9603 1573 1204 9604 1572 1202 9605 1572 1202 9606 1575 1205 9607 1574 1203 9608 1573 1204 9609 1576 1213 9610 1575 1205 9611 872 1206 9612 1568 1200 9613 844 1207 9614 873 1209 9615 1569 1198 9616 1568 1200 9617 874 1210 9618 1570 1201 9619 1569 1198 9620 874 1210 9621 284 1409 9622 818 1211 9623 818 1211 9624 819 1212 9625 1573 1204 9626 819 1212 9627 820 1214 9628 1576 1213 9629 820 1214 9630 277 1565 9631 716 1215 9632 1576 1213 9633 716 1215 9634 717 1216 9635 1575 1205 9636 717 1216 9637 718 1217 9638 1574 1203 9639 718 1217 9640 260 1218 9641 1571 1199 9642 1574 1203 9643 842 1219 9644 1568 1200 9645 1571 1199 9646 843 1220 9647 1578 1221 9648 1581 1225 9649 1580 1222 9650 1579 1224 9651 1582 1227 9652 1581 1225 9653 1581 1225 9654 1584 1228 9655 1583 1226 9656 1582 1227 9657 1585 1233 9658 1584 1228 9659 869 1229 9660 1577 1223 9661 710 1230 9662 870 1231 9663 1578 1221 9664 1577 1223 9665 871 1232 9666 1579 1224 9667 1578 1221 9668 220 230 9669 323 229 9670 1579 1224 9671 323 229 9672 324 228 9673 1582 1227 9674 324 228 9675 325 227 9676 1585 1233 9677 325 227 9678 190 2107 9679 721 1234 9680 1585 1233 9681 721 1234 9682 720 1235 9683 1584 1228 9684 720 1235 9685 719 1236 9686 1583 1226 9687 719 1236 9688 262 1237 9689 1580 1222 9690 1583 1226 9691 712 1238 9692 1577 1223 9693 1580 1222 9694 711 1239 9695 1586 1240 9696 1587 1243 9697 1590 1241 9698 1587 1243 9699 1588 1249 9700 1591 1244 9701 1589 1242 9702 1590 1241 9703 1593 1245 9704 1590 1241 9705 1591 1244 9706 1594 1247 9707 216 241 9708 341 242 9709 1586 1240 9710 341 242 9711 342 256 9712 1587 1243 9713 342 256 9714 343 254 9715 1588 1249 9716 343 254 9717 194 255 9718 730 1250 9719 1588 1249 9720 730 1250 9721 729 1251 9722 1591 1244 9723 729 1251 9724 728 1252 9725 1594 1247 9726 728 1252 9727 264 1253 9728 1593 1245 9729 1594 1247 9730 727 1254 9731 1592 1246 9732 1593 1245 9733 726 1255 9734 839 1257 9735 1592 1246 9736 725 1256 9737 840 1259 9738 1589 1242 9739 1592 1246 9740 841 1248 9741 1586 1240 9742 1589 1242 9743 1596 1260 9744 1599 1264 9745 1598 1261 9746 1597 1263 9747 1600 1266 9748 1599 1264 9749 1599 1264 9750 1602 1267 9751 1601 1265 9752 1600 1266 9753 1603 1272 9754 1602 1267 9755 332 266 9756 1595 1262 9757 772 1268 9758 333 279 9759 1596 1260 9760 1595 1262 9761 334 277 9762 1597 1263 9763 1596 1260 9764 334 277 9765 189 278 9766 707 1269 9767 1597 1263 9768 707 1269 9769 708 1270 9770 1600 1266 9771 708 1270 9772 709 1271 9773 1603 1272 9774 709 1271 9775 260 1218 9776 1603 1272 9777 736 1273 9778 735 1274 9779 1602 1267 9780 735 1274 9781 734 1275 9782 1601 1265 9783 734 1275 9784 268 1276 9785 1598 1261 9786 1601 1265 9787 770 1277 9788 1595 1262 9789 1598 1261 9790 771 1278 9791 1605 1279 9792 1608 1283 9793 1607 1280 9794 1606 1282 9795 1609 1286 9796 1608 1283 9797 1607 1280 9798 1608 1283 9799 1611 1284 9800 1609 1286 9801 1612 1295 9802 1611 1284 9803 791 1287 9804 1604 1281 9805 868 1288 9806 792 1290 9807 1605 1279 9808 1604 1281 9809 793 1291 9810 1606 1282 9811 1605 1279 9812 270 1292 9813 731 1293 9814 1606 1282 9815 731 1293 9816 732 1294 9817 1609 1286 9818 732 1294 9819 733 1296 9820 1612 1295 9821 733 1296 9822 263 1500 9823 854 1297 9824 1611 1284 9825 1612 1295 9826 854 1297 9827 1610 1285 9828 1611 1284 9829 855 1298 9830 866 1300 9831 1610 1285 9832 856 1299 9833 867 1302 9834 1607 1280 9835 1610 1285 9836 1604 1281 9837 1607 1280 9838 867 1302 9839 1613 1303 9840 1614 1307 9841 1617 1304 9842 1615 1306 9843 1618 1310 9844 1617 1304 9845 1616 1305 9846 1617 1304 9847 1620 1308 9848 1618 1310 9849 1621 1314 9850 1620 1308 9851 206 310 9852 359 311 9853 1613 1303 9854 359 311 9855 360 325 9856 1614 1307 9857 361 324 9858 1615 1306 9859 1614 1307 9860 198 323 9861 745 1312 9862 1615 1306 9863 745 1312 9864 744 1313 9865 1618 1310 9866 744 1313 9867 743 1315 9868 1621 1314 9869 743 1315 9870 266 1464 9871 742 1316 9872 1621 1314 9873 742 1316 9874 741 1317 9875 1619 1309 9876 1620 1308 9877 741 1317 9878 788 1319 9879 1619 1309 9880 740 1318 9881 789 1321 9882 1616 1305 9883 1619 1309 9884 790 1311 9885 1613 1303 9886 1616 1305 9887 1623 1322 9888 1626 1326 9889 1625 1323 9890 1624 1325 9891 1627 1328 9892 1626 1326 9893 1626 1326 9894 1629 1329 9895 1628 1327 9896 1627 1328 9897 1630 1333 9898 1629 1329 9899 347 335 9900 1622 1324 9901 817 1330 9902 348 349 9903 1623 1322 9904 1622 1324 9905 349 348 9906 1624 1325 9907 1623 1322 9908 193 347 9909 724 1331 9910 1624 1325 9911 724 1331 9912 723 1332 9913 1627 1328 9914 723 1332 9915 722 1334 9916 1630 1333 9917 722 1334 9918 263 1500 9919 751 1335 9920 1630 1333 9921 751 1335 9922 750 1336 9923 1629 1329 9924 750 1336 9925 749 1337 9926 1628 1327 9927 749 1337 9928 274 1338 9929 1625 1323 9930 1628 1327 9931 815 1339 9932 1622 1324 9933 1625 1323 9934 816 1340 9935 1632 1341 9936 1635 1345 9937 1634 1342 9938 1633 1344 9939 1636 1356 9940 1635 1345 9941 1634 1342 9942 1635 1345 9943 1638 1346 9944 1635 1345 9945 1636 1356 9946 1639 1348 9947 812 1349 9948 1631 1343 9949 802 1350 9950 813 1352 9951 1632 1341 9952 1631 1343 9953 814 1353 9954 1633 1344 9955 1632 1341 9956 273 1354 9957 746 1355 9958 1633 1344 9959 746 1355 9960 747 1357 9961 1636 1356 9962 747 1357 9963 748 1814 9964 1639 1348 9965 1639 1348 9966 748 1814 9967 265 1358 9968 1638 1346 9969 1639 1348 9970 758 1359 9971 1637 1347 9972 1638 1346 9973 759 1360 9974 800 1362 9975 1637 1347 9976 760 1361 9977 801 1364 9978 1634 1342 9979 1637 1347 9980 802 1350 9981 1631 1343 9982 1634 1342 9983 1640 1365 9984 1641 1368 9985 1644 1366 9986 1641 1368 9987 1642 1377 9988 1645 1369 9989 1643 1367 9990 1644 1366 9991 1647 1370 9992 1644 1366 9993 1645 1369 9994 1648 1372 9995 276 1373 9996 809 1375 9997 1640 1365 9998 809 1375 9999 810 1376 10000 1641 1368 10001 810 1376 10002 811 1378 10003 1642 1377 10004 811 1378 10005 275 1351 10006 802 1350 10007 1642 1377 10008 802 1350 10009 801 1364 10010 1645 1369 10011 801 1364 10012 800 1362 10013 1648 1372 10014 800 1362 10015 269 1363 10016 1647 1370 10017 1648 1372 10018 776 1379 10019 1646 1371 10020 1647 1370 10021 777 1380 10022 803 1382 10023 1646 1371 10024 778 1381 10025 804 1383 10026 1643 1367 10027 1646 1371 10028 805 1374 10029 1640 1365 10030 1643 1367 10031 1649 1384 10032 1650 1387 10033 1653 1385 10034 1650 1387 10035 1651 1393 10036 1654 1388 10037 1652 1386 10038 1653 1385 10039 1656 1389 10040 1653 1385 10041 1654 1388 10042 1657 1391 10043 197 402 10044 380 403 10045 1649 1384 10046 380 403 10047 381 413 10048 1650 1387 10049 381 413 10050 382 411 10051 1651 1393 10052 382 411 10053 203 412 10054 766 1394 10055 1651 1393 10056 766 1394 10057 765 1395 10058 1654 1388 10059 765 1395 10060 764 1396 10061 1657 1391 10062 764 1396 10063 269 1363 10064 1656 1389 10065 1657 1391 10066 760 1361 10067 1655 1390 10068 1656 1389 10069 759 1360 10070 737 1397 10071 1655 1390 10072 758 1359 10073 738 1398 10074 1652 1386 10075 1655 1390 10076 739 1392 10077 1649 1384 10078 1652 1386 10079 1659 1399 10080 1662 1403 10081 1661 1400 10082 1660 1402 10083 1663 1405 10084 1662 1403 10085 1662 1403 10086 1665 1406 10087 1664 1404 10088 1663 1405 10089 1666 1415 10090 1665 1406 10091 853 1407 10092 1658 1401 10093 865 1408 10094 852 1410 10095 1659 1399 10096 1658 1401 10097 851 1411 10098 1660 1402 10099 1659 1399 10100 261 1412 10101 752 1413 10102 1660 1402 10103 752 1413 10104 753 1414 10105 1663 1405 10106 753 1414 10107 754 1416 10108 1666 1415 10109 754 1416 10110 267 1485 10111 769 1417 10112 1666 1415 10113 769 1417 10114 768 1418 10115 1665 1406 10116 768 1418 10117 767 1419 10118 1664 1404 10119 767 1419 10120 282 1420 10121 1661 1400 10122 1664 1404 10123 863 1421 10124 1658 1401 10125 1661 1400 10126 864 1422 10127 1668 1423 10128 1671 1427 10129 1670 1424 10130 1669 1426 10131 1672 1429 10132 1671 1427 10133 1671 1427 10134 1674 1430 10135 1673 1428 10136 1672 1429 10137 1675 1432 10138 1674 1430 10139 368 446 10140 1667 1425 10141 784 1431 10142 369 456 10143 1668 1423 10144 1667 1425 10145 370 455 10146 1669 1426 10147 1668 1423 10148 199 267 10149 772 1268 10150 1669 1426 10151 772 1268 10152 771 1278 10153 1672 1429 10154 771 1278 10155 770 1277 10156 1675 1432 10157 770 1277 10158 268 1276 10159 757 1433 10160 1675 1432 10161 757 1433 10162 756 1434 10163 1674 1430 10164 756 1434 10165 755 1435 10166 1673 1428 10167 755 1435 10168 272 1436 10169 1670 1424 10170 1673 1428 10171 782 1437 10172 1667 1425 10173 1670 1424 10174 783 1438 10175 1677 1439 10176 1680 1443 10177 1679 1440 10178 1678 1442 10179 1681 1445 10180 1680 1443 10181 1680 1443 10182 1683 1446 10183 1682 1444 10184 1681 1445 10185 1684 1447 10186 1683 1446 10187 194 255 10188 404 465 10189 1676 1441 10190 405 471 10191 1677 1439 10192 1676 1441 10193 406 470 10194 1678 1442 10195 1677 1439 10196 207 447 10197 784 1431 10198 1678 1442 10199 784 1431 10200 783 1438 10201 1681 1445 10202 783 1438 10203 782 1437 10204 1684 1447 10205 782 1437 10206 272 1436 10207 781 1448 10208 1684 1447 10209 781 1448 10210 780 1449 10211 1683 1446 10212 780 1449 10213 779 1450 10214 728 1252 10215 1682 1444 10216 779 1450 10217 729 1251 10218 1679 1440 10219 1682 1444 10220 730 1250 10221 1676 1441 10222 1679 1440 10223 1685 1451 10224 1686 1454 10225 1689 1452 10226 1686 1454 10227 1687 1462 10228 1690 1455 10229 1688 1453 10230 1689 1452 10231 1692 1456 10232 1689 1452 10233 1690 1455 10234 1693 1458 10235 274 1338 10236 806 1460 10237 1685 1451 10238 806 1460 10239 807 1461 10240 1686 1454 10241 807 1461 10242 808 1463 10243 1687 1462 10244 808 1463 10245 276 1373 10246 805 1374 10247 1687 1462 10248 805 1374 10249 804 1383 10250 1690 1455 10251 804 1383 10252 803 1382 10253 1693 1458 10254 803 1382 10255 271 1320 10256 1692 1456 10257 1693 1458 10258 740 1318 10259 1692 1456 10260 741 1317 10261 742 1316 10262 1691 1457 10263 742 1316 10264 266 1464 10265 798 1466 10266 1688 1453 10267 1691 1457 10268 799 1459 10269 1685 1451 10270 1688 1453 10271 1694 1467 10272 1695 1470 10273 1698 1468 10274 1695 1470 10275 1696 1475 10276 1699 1471 10277 1697 1469 10278 1698 1468 10279 1701 1472 10280 1698 1468 10281 1699 1471 10282 1702 1474 10283 203 412 10284 401 497 10285 1694 1467 10286 401 497 10287 402 500 10288 1695 1470 10289 402 500 10290 403 499 10291 1696 1475 10292 403 499 10293 206 310 10294 790 1311 10295 1696 1475 10296 790 1311 10297 789 1321 10298 1699 1471 10299 789 1321 10300 788 1319 10301 1702 1474 10302 788 1319 10303 271 1320 10304 1701 1472 10305 1702 1474 10306 778 1381 10307 1700 1473 10308 1701 1472 10309 777 1380 10310 764 1396 10311 1700 1473 10312 776 1379 10313 765 1395 10314 1697 1469 10315 1700 1473 10316 766 1394 10317 1694 1467 10318 1697 1469 10319 1704 1476 10320 1707 1480 10321 1706 1477 10322 1705 1479 10323 1708 1482 10324 1707 1480 10325 1707 1480 10326 1710 1483 10327 1709 1481 10328 1708 1482 10329 1711 1488 10330 1710 1483 10331 767 1419 10332 1703 1478 10333 862 1484 10334 768 1418 10335 1704 1476 10336 1703 1478 10337 769 1417 10338 1705 1479 10339 1704 1476 10340 267 1485 10341 773 1486 10342 1705 1479 10343 773 1486 10344 774 1487 10345 1708 1482 10346 774 1487 10347 775 1489 10348 1711 1488 10349 775 1489 10350 270 1292 10351 793 1291 10352 1711 1488 10353 793 1291 10354 792 1290 10355 1710 1483 10356 792 1290 10357 791 1287 10358 1709 1481 10359 791 1287 10360 283 1289 10361 1706 1477 10362 1709 1481 10363 860 1490 10364 1703 1478 10365 1706 1477 10366 861 1491 10367 1712 1492 10368 1713 1495 10369 1716 1493 10370 1713 1495 10371 1714 1501 10372 1717 1496 10373 1715 1494 10374 1716 1493 10375 1719 1497 10376 1716 1493 10377 1717 1496 10378 1720 1499 10379 263 1500 10380 733 1296 10381 1712 1492 10382 733 1296 10383 732 1294 10384 1713 1495 10385 732 1294 10386 731 1293 10387 1714 1501 10388 731 1293 10389 270 1292 10390 787 1502 10391 1714 1501 10392 787 1502 10393 786 1503 10394 1717 1496 10395 786 1503 10396 785 1504 10397 1720 1499 10398 785 1504 10399 276 1373 10400 1719 1497 10401 1720 1499 10402 808 1463 10403 1718 1498 10404 1719 1497 10405 807 1461 10406 749 1337 10407 1718 1498 10408 806 1460 10409 750 1336 10410 1715 1494 10411 1718 1498 10412 751 1335 10413 1712 1492 10414 1715 1494 10415 1722 1505 10416 1725 1509 10417 1724 1506 10418 1723 1508 10419 1726 1512 10420 1725 1509 10421 1724 1506 10422 1725 1509 10423 1728 1510 10424 1726 1512 10425 1729 1515 10426 1728 1510 10427 270 1292 10428 775 1489 10429 1721 1507 10430 775 1489 10431 774 1487 10432 1722 1505 10433 773 1486 10434 1723 1508 10435 1722 1505 10436 267 1485 10437 763 1513 10438 1723 1508 10439 763 1513 10440 762 1514 10441 1726 1512 10442 762 1514 10443 761 1516 10444 1729 1515 10445 761 1516 10446 275 1351 10447 811 1378 10448 1728 1510 10449 1729 1515 10450 811 1378 10451 1727 1511 10452 1728 1510 10453 810 1376 10454 785 1504 10455 1727 1511 10456 809 1375 10457 786 1503 10458 1724 1506 10459 1727 1511 10460 787 1502 10461 1721 1507 10462 1724 1506 10463 1730 1517 10464 1731 1520 10465 1734 1518 10466 1731 1520 10467 1732 1524 10468 1735 1521 10469 1734 1518 10470 1737 1523 10471 1736 1522 10472 1735 1521 10473 1738 1528 10474 1737 1523 10475 267 1485 10476 754 1416 10477 1730 1517 10478 754 1416 10479 753 1414 10480 1731 1520 10481 753 1414 10482 752 1413 10483 1732 1524 10484 752 1413 10485 261 1412 10486 794 1525 10487 1732 1524 10488 794 1525 10489 795 1526 10490 1735 1521 10491 795 1526 10492 796 1527 10493 796 1527 10494 273 1354 10495 814 1353 10496 1738 1528 10497 814 1353 10498 813 1352 10499 1737 1523 10500 813 1352 10501 812 1349 10502 1736 1522 10503 812 1349 10504 275 1351 10505 1733 1519 10506 1736 1522 10507 761 1516 10508 1730 1517 10509 1733 1519 10510 762 1514 10511 1740 1529 10512 1743 1533 10513 1742 1530 10514 1741 1532 10515 1744 1535 10516 1743 1533 10517 1743 1533 10518 1746 1536 10519 1745 1534 10520 1744 1535 10521 1747 1537 10522 1746 1536 10523 422 562 10524 1739 1531 10525 745 1312 10526 423 565 10527 1740 1529 10528 1739 1531 10529 424 564 10530 1741 1532 10531 1740 1529 10532 209 336 10533 817 1330 10534 1741 1532 10535 817 1330 10536 816 1340 10537 1744 1535 10538 816 1340 10539 815 1339 10540 1747 1537 10541 815 1339 10542 274 1338 10543 799 1459 10544 1747 1537 10545 799 1459 10546 798 1466 10547 1746 1536 10548 798 1466 10549 797 1465 10550 1745 1534 10551 797 1465 10552 266 1464 10553 1742 1530 10554 1745 1534 10555 743 1315 10556 1739 1531 10557 1742 1530 10558 744 1313 10559 1748 1538 10560 1749 1541 10561 1752 1539 10562 1749 1541 10563 1750 1548 10564 1753 1542 10565 1751 1540 10566 1752 1539 10567 1755 1543 10568 1752 1539 10569 1753 1542 10570 1756 1545 10571 268 1276 10572 824 1546 10573 1748 1538 10574 824 1546 10575 825 1547 10576 1749 1541 10577 825 1547 10578 826 1550 10579 1750 1548 10580 279 1549 10581 832 1551 10582 1750 1548 10583 832 1551 10584 831 1621 10585 1753 1542 10586 1753 1542 10587 831 1621 10588 830 1552 10589 1756 1545 10590 830 1552 10591 280 1553 10592 1755 1543 10593 1756 1545 10594 829 1554 10595 1754 1544 10596 1755 1543 10597 828 1555 10598 755 1435 10599 1754 1544 10600 827 1556 10601 756 1434 10602 1751 1540 10603 1754 1544 10604 757 1433 10605 1748 1538 10606 1751 1540 10607 1758 1557 10608 1761 1561 10609 1760 1558 10610 1759 1560 10611 1762 1563 10612 1761 1561 10613 1761 1561 10614 1764 1564 10615 1763 1562 10616 1762 1563 10617 1765 1568 10618 1764 1564 10619 718 1217 10620 1757 1559 10621 736 1273 10622 717 1216 10623 1758 1557 10624 1757 1559 10625 716 1215 10626 1759 1560 10627 1758 1557 10628 277 1565 10629 835 1566 10630 1759 1560 10631 835 1566 10632 834 1567 10633 1762 1563 10634 834 1567 10635 833 1569 10636 1765 1568 10637 833 1569 10638 279 1549 10639 826 1550 10640 1765 1568 10641 826 1550 10642 825 1547 10643 1763 1562 10644 1764 1564 10645 825 1547 10646 734 1275 10647 1763 1562 10648 824 1546 10649 735 1274 10650 1760 1558 10651 1763 1562 10652 1757 1559 10653 1760 1558 10654 735 1274 10655 1766 1570 10656 1767 1573 10657 1770 1571 10658 1767 1573 10659 1768 1578 10660 1771 1574 10661 1769 1572 10662 1770 1571 10663 1773 1575 10664 1770 1571 10665 1771 1574 10666 1774 1577 10667 272 1436 10668 827 1556 10669 1766 1570 10670 827 1556 10671 828 1555 10672 1767 1573 10673 828 1555 10674 829 1554 10675 1768 1578 10676 829 1554 10677 280 1553 10678 838 1579 10679 1768 1578 10680 838 1579 10681 837 1580 10682 1771 1574 10683 837 1580 10684 836 1581 10685 1774 1577 10686 836 1581 10687 278 1258 10688 1773 1575 10689 1774 1577 10690 725 1256 10691 1772 1576 10692 1773 1575 10693 726 1255 10694 779 1450 10695 1772 1576 10696 727 1254 10697 780 1449 10698 1769 1572 10699 1772 1576 10700 781 1448 10701 1766 1570 10702 1769 1572 10703 1775 1582 10704 1776 1585 10705 1779 1583 10706 1776 1585 10707 1777 1591 10708 1780 1586 10709 1778 1584 10710 1779 1583 10711 1782 1587 10712 1779 1583 10713 1780 1586 10714 1783 1589 10715 225 621 10716 455 622 10717 1775 1582 10718 455 622 10719 456 631 10720 1776 1585 10721 456 631 10722 457 630 10723 1777 1591 10724 457 630 10725 216 241 10726 841 1248 10727 1777 1591 10728 841 1248 10729 840 1259 10730 1780 1586 10731 840 1259 10732 839 1257 10733 1783 1589 10734 839 1257 10735 278 1258 10736 1782 1587 10737 1783 1589 10738 823 1592 10739 1781 1588 10740 1782 1587 10741 822 1593 10742 857 1595 10743 1781 1588 10744 821 1594 10745 858 1596 10746 1778 1584 10747 1781 1588 10748 859 1590 10749 1775 1582 10750 1778 1584 10751 1784 1597 10752 1785 1600 10753 1788 1598 10754 1785 1600 10755 1786 1605 10756 1789 1601 10757 1787 1599 10758 1788 1598 10759 1791 1602 10760 1788 1598 10761 1789 1601 10762 1792 1604 10763 193 347 10764 494 640 10765 1784 1597 10766 494 640 10767 495 644 10768 1785 1600 10769 495 644 10770 496 643 10771 1786 1605 10772 496 643 10773 225 621 10774 859 1590 10775 1786 1605 10776 859 1590 10777 858 1596 10778 1789 1601 10779 858 1596 10780 857 1595 10781 1792 1604 10782 857 1595 10783 285 1301 10784 1791 1602 10785 1792 1604 10786 856 1299 10787 1790 1603 10788 1791 1602 10789 855 1298 10790 1790 1603 10791 854 1297 10792 263 1500 10793 1787 1599 10794 1790 1603 10795 722 1334 10796 1784 1597 10797 1787 1599 10798 723 1332 10799 1794 1606 10800 1797 1610 10801 1796 1607 10802 1795 1609 10803 1798 1612 10804 1797 1610 10805 1797 1610 10806 1800 1613 10807 1799 1611 10808 1798 1612 10809 1801 1617 10810 1800 1613 10811 845 1614 10812 1793 1608 10813 832 1551 10814 846 1615 10815 1794 1606 10816 1793 1608 10817 847 1616 10818 1795 1609 10819 1794 1606 10820 282 1420 10821 862 1484 10822 1795 1609 10823 862 1484 10824 861 1491 10825 1798 1612 10826 861 1491 10827 860 1490 10828 1801 1617 10829 860 1490 10830 283 1289 10831 850 1618 10832 1801 1617 10833 850 1618 10834 849 1619 10835 1800 1613 10836 849 1619 10837 848 1620 10838 1799 1611 10839 848 1620 10840 280 1553 10841 1796 1607 10842 1799 1611 10843 830 1552 10844 1793 1608 10845 1796 1607 10846 831 1621 10847 1803 1622 10848 1806 1626 10849 1805 1623 10850 1804 1625 10851 1807 1628 10852 1806 1626 10853 1806 1626 10854 1809 1629 10855 1808 1627 10856 1807 1628 10857 1810 1630 10858 1809 1629 10859 820 1214 10860 1802 1624 10861 835 1566 10862 819 1212 10863 1803 1622 10864 1802 1624 10865 818 1211 10866 1804 1625 10867 1803 1622 10868 284 1409 10869 865 1408 10870 1804 1625 10871 865 1408 10872 864 1422 10873 1807 1628 10874 864 1422 10875 863 1421 10876 1810 1630 10877 863 1421 10878 282 1420 10879 847 1616 10880 1810 1630 10881 847 1616 10882 846 1615 10883 1809 1629 10884 846 1615 10885 845 1614 10886 1808 1627 10887 845 1614 10888 279 1549 10889 1805 1623 10890 1808 1627 10891 833 1569 10892 1802 1624 10893 1805 1623 10894 834 1567 10895 1811 1631 10896 1812 1635 10897 1815 1632 10898 1813 1634 10899 1816 1639 10900 1815 1632 10901 1814 1633 10902 1815 1632 10903 1818 1636 10904 1815 1632 10905 1816 1639 10906 1819 1638 10907 280 1553 10908 848 1620 10909 1811 1631 10910 849 1619 10911 1812 1635 10912 1811 1631 10913 850 1618 10914 1813 1634 10915 1812 1635 10916 283 1289 10917 868 1288 10918 1813 1634 10919 868 1288 10920 867 1302 10921 1816 1639 10922 1816 1639 10923 867 1302 10924 866 1300 10925 1819 1638 10926 866 1300 10927 285 1301 10928 1818 1636 10929 1819 1638 10930 821 1594 10931 1817 1637 10932 1818 1636 10933 822 1593 10934 836 1581 10935 1817 1637 10936 823 1592 10937 837 1580 10938 1814 1633 10939 1817 1637 10940 838 1579 10941 1811 1631 10942 1814 1633 10943 1821 1640 10944 1824 1644 10945 1823 1641 10946 1822 1643 10947 1825 1646 10948 1824 1644 10949 1824 1644 10950 1827 1647 10951 1826 1645 10952 1825 1646 10953 1828 1648 10954 1827 1647 10955 709 1271 10956 1820 1642 10957 842 1219 10958 708 1270 10959 1821 1640 10960 1820 1642 10961 707 1269 10962 1822 1643 10963 1821 1640 10964 189 278 10965 479 689 10966 1822 1643 10967 479 689 10968 480 688 10969 1825 1646 10970 480 688 10971 481 687 10972 1828 1648 10973 481 687 10974 220 230 10975 871 1232 10976 1828 1648 10977 871 1232 10978 870 1231 10979 1827 1647 10980 870 1231 10981 869 1229 10982 1826 1645 10983 869 1229 10984 281 1208 10985 1823 1641 10986 1826 1645 10987 844 1207 10988 1820 1642 10989 1823 1641 10990 843 1220 10991 1830 1649 10992 1833 1653 10993 1832 1650 10994 1830 1649 10995 1831 1659 10996 1834 1652 10997 1833 1653 10998 1836 1656 10999 1835 1654 11000 1833 1653 11001 1834 1652 11002 1837 1655 11003 713 1657 11004 1829 1651 11005 712 1238 11006 713 1657 11007 714 1658 11008 1830 1649 11009 714 1658 11010 715 1660 11011 1831 1659 11012 715 1660 11013 261 1412 11014 851 1411 11015 1831 1659 11016 851 1411 11017 852 1410 11018 1834 1652 11019 852 1410 11020 853 1407 11021 1837 1655 11022 853 1407 11023 284 1409 11024 1837 1655 11025 874 1210 11026 873 1209 11027 1836 1656 11028 873 1209 11029 872 1206 11030 1835 1654 11031 872 1206 11032 281 1208 11033 1832 1650 11034 1835 1654 11035 710 1230 11036 1829 1651 11037 1832 1650 11038 711 1239 11039 1839 1661 11040 1842 1665 11041 1841 1662 11042 1840 1664 11043 1843 1667 11044 1842 1665 11045 1842 1665 11046 1845 1668 11047 1844 1666 11048 1843 1667 11049 1846 1677 11050 1845 1668 11051 997 1669 11052 1838 1663 11053 1025 1670 11054 996 1672 11055 1839 1661 11056 1838 1663 11057 995 1673 11058 1840 1664 11059 1839 1661 11060 286 1674 11061 883 1675 11062 1840 1664 11063 883 1675 11064 882 1676 11065 1843 1667 11066 882 1676 11067 881 1678 11068 1846 1677 11069 881 1678 11070 299 2017 11071 973 1679 11072 1846 1677 11073 973 1679 11074 972 1680 11075 1845 1668 11076 972 1680 11077 971 1681 11078 1027 1682 11079 1844 1666 11080 971 1681 11081 1841 1662 11082 1844 1666 11083 1027 1682 11084 1838 1663 11085 1841 1662 11086 1026 1684 11087 1848 1685 11088 1851 1689 11089 1850 1686 11090 1849 1688 11091 1852 1691 11092 1851 1689 11093 1851 1689 11094 1854 1692 11095 1853 1690 11096 1852 1691 11097 1855 1697 11098 1854 1692 11099 878 1693 11100 1847 1687 11101 1022 1694 11102 879 1695 11103 1848 1685 11104 1847 1687 11105 880 1696 11106 1849 1688 11107 1848 1685 11108 262 1237 11109 719 1236 11110 1849 1688 11111 719 1236 11112 720 1235 11113 1852 1691 11114 720 1235 11115 721 1234 11116 1855 1697 11117 721 1234 11118 190 2107 11119 526 741 11120 1855 1697 11121 526 741 11122 525 739 11123 1854 1692 11124 525 739 11125 524 738 11126 1853 1690 11127 524 738 11128 254 737 11129 1850 1686 11130 1853 1690 11131 1024 1698 11132 1847 1687 11133 1850 1686 11134 1023 1699 11135 1856 1700 11136 1857 1703 11137 1860 1701 11138 1857 1703 11139 1858 1710 11140 1861 1704 11141 1859 1702 11142 1860 1701 11143 1863 1705 11144 1860 1701 11145 1861 1704 11146 1864 1707 11147 250 752 11148 994 1708 11149 1856 1700 11150 994 1708 11151 993 1709 11152 1857 1703 11153 993 1709 11154 992 1711 11155 1858 1710 11156 992 1711 11157 300 2027 11158 887 1712 11159 1858 1710 11160 887 1712 11161 888 1713 11162 1861 1704 11163 888 1713 11164 889 1714 11165 1864 1707 11166 889 1714 11167 288 1715 11168 1863 1705 11169 1864 1707 11170 890 1716 11171 1862 1706 11172 1863 1705 11173 891 1717 11174 544 757 11175 1862 1706 11176 892 1718 11177 543 755 11178 1859 1702 11179 1862 1706 11180 542 754 11181 1856 1700 11182 1859 1702 11183 1866 1719 11184 1869 1723 11185 1868 1720 11186 1867 1722 11187 1870 1725 11188 1869 1723 11189 1869 1723 11190 1872 1726 11191 1871 1724 11192 1870 1725 11193 1873 1733 11194 1872 1726 11195 928 1727 11196 1865 1721 11197 533 776 11198 927 1728 11199 1866 1719 11200 1865 1721 11201 926 1729 11202 1867 1722 11203 1866 1719 11204 291 1730 11205 896 1731 11206 1867 1722 11207 896 1731 11208 897 1732 11209 1870 1725 11210 897 1732 11211 898 2012 11212 1873 1733 11213 1873 1733 11214 898 2012 11215 286 1674 11216 1872 1726 11217 1873 1733 11218 877 1734 11219 1871 1724 11220 1872 1726 11221 876 1735 11222 535 780 11223 1871 1724 11224 875 1736 11225 1868 1720 11226 1871 1724 11227 535 780 11228 1865 1721 11229 1868 1720 11230 534 779 11231 1875 1737 11232 1878 1741 11233 1877 1738 11234 1875 1737 11235 1876 1748 11236 1879 1740 11237 1878 1741 11238 1881 1743 11239 1880 1742 11240 1879 1740 11241 1882 1753 11242 1881 1743 11243 1021 1744 11244 1874 1739 11245 947 1745 11246 1020 1747 11247 1875 1737 11248 1874 1739 11249 1020 1747 11250 1019 1749 11251 1876 1748 11252 1019 1749 11253 307 2055 11254 1009 1750 11255 1876 1748 11256 1009 1750 11257 1008 1751 11258 1879 1740 11259 1008 1751 11260 1007 1752 11261 1007 1752 11262 287 1949 11263 895 1754 11264 1882 1753 11265 895 1754 11266 894 1755 11267 1881 1743 11268 894 1755 11269 893 1756 11270 1880 1742 11271 893 1756 11272 293 1757 11273 1877 1738 11274 1880 1742 11275 949 1758 11276 1874 1739 11277 1877 1738 11278 948 1759 11279 1883 1760 11280 1884 1763 11281 1887 1761 11282 1884 1763 11283 1885 1769 11284 1888 1764 11285 1887 1761 11286 1890 1766 11287 1889 1765 11288 1888 1764 11289 1891 1773 11290 1890 1766 11291 241 823 11292 946 1767 11293 1883 1760 11294 946 1767 11295 945 1768 11296 1884 1763 11297 945 1768 11298 944 1770 11299 1885 1769 11300 944 1770 11301 294 1913 11302 899 1771 11303 1885 1769 11304 899 1771 11305 900 1772 11306 900 1772 11307 901 1774 11308 1891 1773 11309 901 1774 11310 289 1911 11311 902 1775 11312 1891 1773 11313 902 1775 11314 903 1776 11315 1890 1766 11316 903 1776 11317 904 1777 11318 1889 1765 11319 904 1777 11320 233 828 11321 1886 1762 11322 1889 1765 11323 559 826 11324 557 825 11325 1883 1760 11326 1886 1762 11327 1893 1778 11328 1896 1782 11329 1895 1779 11330 1894 1781 11331 1897 1784 11332 1896 1782 11333 1896 1782 11334 1899 1785 11335 1898 1783 11336 1897 1784 11337 1900 1792 11338 1899 1785 11339 970 1786 11340 1892 1780 11341 548 847 11342 969 1787 11343 1893 1778 11344 1892 1780 11345 968 1788 11346 1894 1781 11347 1893 1778 11348 296 1789 11349 905 1790 11350 1894 1781 11351 905 1790 11352 906 1791 11353 1897 1784 11354 906 1791 11355 907 1793 11356 1900 1792 11357 907 1793 11358 287 1949 11359 884 1794 11360 1900 1792 11361 884 1794 11362 885 1795 11363 1899 1785 11364 885 1795 11365 886 1796 11366 1898 1783 11367 886 1796 11368 230 852 11369 1895 1779 11370 1898 1783 11371 550 851 11372 1892 1780 11373 1895 1779 11374 549 850 11375 1902 1797 11376 1905 1801 11377 1904 1798 11378 1902 1797 11379 1903 1809 11380 1906 1800 11381 1905 1801 11382 1908 1804 11383 1907 1802 11384 1905 1801 11385 1906 1800 11386 1909 1803 11387 955 1805 11388 1901 1799 11389 965 1806 11390 955 1805 11391 954 1808 11392 1902 1797 11393 954 1808 11394 953 1810 11395 1903 1809 11396 953 1810 11397 292 1834 11398 916 1811 11399 1903 1809 11400 916 1811 11401 915 1812 11402 1906 1800 11403 915 1812 11404 914 1813 11405 1909 1803 11406 914 1813 11407 265 1358 11408 1909 1803 11409 748 1814 11410 747 1357 11411 1908 1804 11412 747 1357 11413 746 1355 11414 1907 1802 11415 746 1355 11416 273 1354 11417 1904 1798 11418 1907 1802 11419 967 1815 11420 1901 1799 11421 1904 1798 11422 966 1816 11423 1910 1817 11424 1911 1820 11425 1914 1818 11426 1911 1820 11427 1912 1829 11428 1915 1821 11429 1913 1819 11430 1914 1818 11431 1917 1822 11432 1914 1818 11433 1915 1821 11434 1918 1824 11435 298 1825 11436 958 1827 11437 1910 1817 11438 958 1827 11439 957 1828 11440 1911 1820 11441 957 1828 11442 956 1830 11443 1912 1829 11444 956 1830 11445 294 1913 11446 934 1831 11447 1912 1829 11448 934 1831 11449 933 1832 11450 1915 1821 11451 933 1832 11452 932 1833 11453 1918 1824 11454 932 1833 11455 292 1834 11456 1917 1822 11457 1918 1824 11458 953 1810 11459 1916 1823 11460 1917 1822 11461 954 1808 11462 964 1835 11463 1916 1823 11464 955 1805 11465 963 1836 11466 1913 1819 11467 1916 1823 11468 962 1826 11469 1910 1817 11470 1913 1819 11471 1919 1837 11472 1920 1840 11473 1923 1838 11474 1920 1840 11475 1921 1845 11476 1924 1841 11477 1922 1839 11478 1923 1838 11479 1926 1842 11480 1923 1838 11481 1924 1841 11482 1927 1844 11483 197 402 11484 739 1392 11485 1919 1837 11486 739 1392 11487 738 1398 11488 1920 1840 11489 738 1398 11490 737 1397 11491 1921 1845 11492 737 1397 11493 265 1358 11494 914 1813 11495 1921 1845 11496 914 1813 11497 915 1812 11498 1924 1841 11499 915 1812 11500 916 1811 11501 1927 1844 11502 916 1811 11503 292 1834 11504 1926 1842 11505 1927 1844 11506 920 1846 11507 1925 1843 11508 1926 1842 11509 921 1847 11510 577 913 11511 1925 1843 11512 922 1848 11513 576 911 11514 1922 1839 11515 1925 1843 11516 575 910 11517 1919 1837 11518 1922 1839 11519 1929 1849 11520 1932 1853 11521 1931 1850 11522 1930 1852 11523 1933 1855 11524 1932 1853 11525 1932 1853 11526 1935 1856 11527 1934 1854 11528 1933 1855 11529 1936 1864 11530 1935 1856 11531 1018 1857 11532 1928 1851 11533 1006 1858 11534 1017 1859 11535 1929 1849 11536 1928 1851 11537 1016 1860 11538 1930 1852 11539 1929 1849 11540 304 1861 11541 923 1862 11542 1930 1852 11543 923 1862 11544 924 1863 11545 1933 1855 11546 924 1863 11547 925 1865 11548 1936 1864 11549 925 1865 11550 290 1940 11551 910 1866 11552 1936 1864 11553 910 1866 11554 909 1867 11555 1935 1856 11556 909 1867 11557 908 1868 11558 1934 1854 11559 908 1868 11560 261 1412 11561 1931 1850 11562 1934 1854 11563 1004 1869 11564 1928 1851 11565 1931 1850 11566 1005 1870 11567 1938 1871 11568 1941 1875 11569 1940 1872 11570 1939 1874 11571 1942 1877 11572 1941 1875 11573 1941 1875 11574 1944 1878 11575 1943 1876 11576 1942 1877 11577 1945 1885 11578 1944 1878 11579 940 1879 11580 1937 1873 11581 563 948 11582 939 1880 11583 1938 1871 11584 1937 1873 11585 938 1881 11586 1939 1874 11587 1938 1871 11588 295 1882 11589 911 1883 11590 1939 1874 11591 911 1883 11592 912 1884 11593 1942 1877 11594 912 1884 11595 913 1886 11596 1945 1885 11597 913 1886 11598 291 1730 11599 926 1729 11600 1945 1885 11601 926 1729 11602 927 1728 11603 1944 1878 11604 927 1728 11605 928 1727 11606 1943 1876 11607 928 1727 11608 234 778 11609 1940 1872 11610 1943 1876 11611 565 952 11612 1937 1873 11613 1940 1872 11614 564 951 11615 1947 1887 11616 1950 1891 11617 1949 1888 11618 1948 1890 11619 1951 1893 11620 1950 1891 11621 1950 1891 11622 1953 1894 11623 1952 1892 11624 1951 1893 11625 1954 1897 11626 1953 1894 11627 231 968 11628 892 1718 11629 1946 1889 11630 892 1718 11631 891 1717 11632 1947 1887 11633 891 1717 11634 890 1716 11635 1948 1890 11636 890 1716 11637 288 1715 11638 935 1895 11639 935 1895 11640 936 1896 11641 1951 1893 11642 936 1896 11643 937 1898 11644 1954 1897 11645 937 1898 11646 295 1882 11647 938 1881 11648 1954 1897 11649 938 1881 11650 939 1880 11651 1953 1894 11652 939 1880 11653 940 1879 11654 1952 1892 11655 940 1879 11656 242 950 11657 1949 1888 11658 1952 1892 11659 601 971 11660 1946 1889 11661 1949 1888 11662 600 969 11663 1955 1899 11664 1956 1902 11665 1959 1900 11666 1956 1902 11667 1957 1910 11668 1960 1903 11669 1958 1901 11670 1959 1900 11671 1962 1904 11672 1959 1900 11673 1960 1903 11674 1963 1906 11675 296 1789 11676 952 1908 11677 1955 1899 11678 952 1908 11679 951 1909 11680 1956 1902 11681 951 1909 11682 950 1912 11683 1957 1910 11684 289 1911 11685 901 1774 11686 1957 1910 11687 901 1774 11688 900 1772 11689 1960 1903 11690 1960 1903 11691 900 1772 11692 899 1771 11693 1963 1906 11694 899 1771 11695 294 1913 11696 1962 1904 11697 1963 1906 11698 956 1830 11699 1961 1905 11700 1962 1904 11701 957 1828 11702 961 1914 11703 1961 1905 11704 958 1827 11705 960 1915 11706 1958 1901 11707 1961 1905 11708 959 1907 11709 1955 1899 11710 1958 1901 11711 1964 1916 11712 1965 1919 11713 1968 1917 11714 1965 1919 11715 1966 1924 11716 1969 1920 11717 1967 1918 11718 1968 1917 11719 1971 1921 11720 1968 1917 11721 1969 1920 11722 1972 1923 11723 238 1000 11724 922 1848 11725 1964 1916 11726 922 1848 11727 921 1847 11728 1965 1919 11729 921 1847 11730 920 1846 11731 1966 1924 11732 920 1846 11733 292 1834 11734 932 1833 11735 1966 1924 11736 932 1833 11737 933 1832 11738 1969 1920 11739 933 1832 11740 934 1831 11741 1972 1923 11742 934 1831 11743 294 1913 11744 1971 1921 11745 1972 1923 11746 944 1770 11747 1970 1922 11748 1971 1921 11749 945 1768 11750 598 1004 11751 1970 1922 11752 946 1767 11753 597 1002 11754 1967 1918 11755 1970 1922 11756 596 1001 11757 1964 1916 11758 1967 1918 11759 1974 1925 11760 1977 1929 11761 1976 1926 11762 1975 1928 11763 1978 1931 11764 1977 1929 11765 1977 1929 11766 1980 1932 11767 1979 1930 11768 1978 1931 11769 1981 1936 11770 1980 1932 11771 1015 1933 11772 1973 1927 11773 923 1862 11774 1014 1934 11775 1974 1925 11776 1973 1927 11777 1013 1935 11778 1975 1928 11779 1974 1925 11780 305 1746 11781 947 1745 11782 1975 1928 11783 947 1745 11784 948 1759 11785 1978 1931 11786 948 1759 11787 949 1758 11788 1981 1936 11789 949 1758 11790 293 1757 11791 931 1937 11792 1981 1936 11793 931 1937 11794 930 1938 11795 1980 1932 11796 930 1938 11797 929 1939 11798 1979 1930 11799 929 1939 11800 290 1940 11801 1976 1926 11802 1979 1930 11803 925 1865 11804 1973 1927 11805 1976 1926 11806 924 1863 11807 1982 1941 11808 1983 1944 11809 1986 1942 11810 1983 1944 11811 1984 1950 11812 1987 1945 11813 1985 1943 11814 1986 1942 11815 1989 1946 11816 1986 1942 11817 1987 1945 11818 1990 1948 11819 287 1949 11820 907 1793 11821 1982 1941 11822 907 1793 11823 906 1791 11824 1983 1944 11825 906 1791 11826 905 1790 11827 1984 1950 11828 905 1790 11829 296 1789 11830 959 1907 11831 1984 1950 11832 959 1907 11833 960 1915 11834 1987 1945 11835 960 1915 11836 961 1914 11837 1990 1948 11838 961 1914 11839 298 1825 11840 1989 1946 11841 1990 1948 11842 941 1951 11843 1988 1947 11844 1989 1946 11845 942 1952 11846 893 1756 11847 1988 1947 11848 943 1953 11849 894 1755 11850 1985 1943 11851 1988 1947 11852 895 1754 11853 1982 1941 11854 1985 1943 11855 1992 1954 11856 1995 1958 11857 1994 1955 11858 1992 1954 11859 1993 1961 11860 1996 1957 11861 1995 1958 11862 1998 1960 11863 1997 1959 11864 1996 1957 11865 1999 1962 11866 1998 1960 11867 293 1757 11868 943 1953 11869 1991 1956 11870 943 1953 11871 942 1952 11872 1992 1954 11873 942 1952 11874 941 1951 11875 1993 1961 11876 941 1951 11877 298 1825 11878 962 1826 11879 1993 1961 11880 962 1826 11881 963 1836 11882 1996 1957 11883 963 1836 11884 964 1835 11885 964 1835 11886 297 1807 11887 917 1963 11888 1999 1962 11889 917 1963 11890 918 1964 11891 1998 1960 11892 918 1964 11893 919 1965 11894 1997 1959 11895 919 1965 11896 290 1940 11897 1994 1955 11898 1997 1959 11899 929 1939 11900 931 1937 11901 1991 1956 11902 1994 1955 11903 2000 1966 11904 2001 1970 11905 2004 1967 11906 2002 1969 11907 2005 1973 11908 2004 1967 11909 2003 1968 11910 2004 1967 11911 2007 1971 11912 2005 1973 11913 2008 1974 11914 2007 1971 11915 290 1940 11916 919 1965 11917 2000 1966 11918 918 1964 11919 2001 1970 11920 2000 1966 11921 917 1963 11922 2002 1969 11923 2001 1970 11924 297 1807 11925 965 1806 11926 2002 1969 11927 965 1806 11928 966 1816 11929 2005 1973 11930 966 1816 11931 967 1815 11932 2008 1974 11933 967 1815 11934 273 1354 11935 796 1527 11936 2007 1971 11937 2008 1974 11938 796 1527 11939 2006 1972 11940 2007 1971 11941 795 1526 11942 908 1868 11943 2006 1972 11944 794 1525 11945 909 1867 11946 2003 1968 11947 2006 1972 11948 910 1866 11949 2000 1966 11950 2003 1968 11951 2010 1975 11952 2013 1979 11953 2012 1976 11954 2011 1978 11955 2014 1981 11956 2013 1979 11957 2013 1979 11958 2016 1982 11959 2015 1980 11960 2014 1981 11961 2017 1983 11962 2016 1982 11963 904 1777 11964 2009 1977 11965 617 1063 11966 903 1776 11967 2010 1975 11968 2009 1977 11969 902 1775 11970 2011 1978 11971 2010 1975 11972 289 1911 11973 950 1912 11974 2011 1978 11975 950 1912 11976 951 1909 11977 2014 1981 11978 951 1909 11979 952 1908 11980 2017 1983 11981 952 1908 11982 296 1789 11983 968 1788 11984 2017 1983 11985 968 1788 11986 969 1787 11987 2016 1982 11988 969 1787 11989 970 1786 11990 2015 1980 11991 970 1786 11992 244 849 11993 2012 1976 11994 2015 1980 11995 619 1065 11996 2009 1977 11997 2012 1976 11998 618 1064 11999 2018 1984 12000 2019 1987 12001 2022 1985 12002 2019 1987 12003 2020 1993 12004 2023 1988 12005 2021 1986 12006 2022 1985 12007 2025 1989 12008 2022 1985 12009 2023 1988 12010 2026 1991 12011 291 1730 12012 913 1886 12013 2018 1984 12014 913 1886 12015 912 1884 12016 2019 1987 12017 912 1884 12018 911 1883 12019 2020 1993 12020 911 1883 12021 295 1882 12022 980 1994 12023 2020 1993 12024 980 1994 12025 981 1995 12026 2023 1988 12027 981 1995 12028 982 1996 12029 2026 1991 12030 982 1996 12031 302 1997 12032 2025 1989 12033 2026 1991 12034 983 1998 12035 2025 1989 12036 984 1999 12037 985 2000 12038 2024 1990 12039 985 2000 12040 301 2001 12041 978 2003 12042 2021 1986 12043 2024 1990 12044 977 1992 12045 2018 1984 12046 2021 1986 12047 2028 2004 12048 2031 2008 12049 2030 2005 12050 2029 2007 12051 2032 2010 12052 2031 2008 12053 2031 2008 12054 2034 2011 12055 2033 2009 12056 2032 2010 12057 2035 2013 12058 2034 2011 12059 898 2012 12060 2027 2006 12061 883 1675 12062 897 1732 12063 2028 2004 12064 2027 2006 12065 897 1732 12066 896 1731 12067 2029 2007 12068 896 1731 12069 291 1730 12070 977 1992 12071 2029 2007 12072 977 1992 12073 978 2003 12074 978 2003 12075 979 2002 12076 2035 2013 12077 979 2002 12078 301 2001 12079 986 2014 12080 2035 2013 12081 986 2014 12082 987 2015 12083 2034 2011 12084 987 2015 12085 988 2016 12086 2033 2009 12087 988 2016 12088 299 2017 12089 2030 2005 12090 2033 2009 12091 881 1678 12092 2027 2006 12093 2030 2005 12094 882 1676 12095 2036 2018 12096 2037 2021 12097 2040 2019 12098 2037 2021 12099 2038 2026 12100 2041 2022 12101 2039 2020 12102 2040 2019 12103 2043 2023 12104 2040 2019 12105 2041 2022 12106 2044 2025 12107 295 1882 12108 937 1898 12109 2036 2018 12110 937 1898 12111 936 1896 12112 2037 2021 12113 936 1896 12114 935 1895 12115 2038 2026 12116 935 1895 12117 288 1715 12118 889 1714 12119 2038 2026 12120 889 1714 12121 888 1713 12122 2041 2022 12123 888 1713 12124 887 1712 12125 2044 2025 12126 887 1712 12127 300 2027 12128 2043 2023 12129 2044 2025 12130 989 2028 12131 2042 2024 12132 2043 2023 12133 990 2029 12134 982 1996 12135 2042 2024 12136 991 2030 12137 981 1995 12138 2039 2020 12139 2042 2024 12140 980 1994 12141 2036 2018 12142 2039 2020 12143 2045 2031 12144 2046 2034 12145 2049 2032 12146 2046 2034 12147 2047 2041 12148 2050 2035 12149 2048 2033 12150 2049 2032 12151 2052 2036 12152 2049 2032 12153 2050 2035 12154 2053 2038 12155 259 1119 12156 1012 2039 12157 2045 2031 12158 1012 2039 12159 1011 2040 12160 2046 2034 12161 1011 2040 12162 1010 2042 12163 2047 2041 12164 1010 2042 12165 307 2055 12166 974 2043 12167 2047 2041 12168 974 2043 12169 975 2044 12170 2050 2035 12171 975 2044 12172 976 2045 12173 2053 2038 12174 976 2045 12175 300 2027 12176 2052 2036 12177 2053 2038 12178 992 1711 12179 2051 2037 12180 2052 2036 12181 993 1709 12182 649 1124 12183 2051 2037 12184 994 1708 12185 648 1122 12186 2048 2033 12187 2051 2037 12188 647 1121 12189 2045 2031 12190 2048 2033 12191 2054 2046 12192 2055 2049 12193 2058 2047 12194 2055 2049 12195 2056 2054 12196 2059 2050 12197 2057 2048 12198 2058 2047 12199 2061 2051 12200 2058 2047 12201 2059 2050 12202 2062 2053 12203 230 852 12204 886 1796 12205 2054 2046 12206 885 1795 12207 2055 2049 12208 2054 2046 12209 884 1794 12210 2056 2054 12211 2055 2049 12212 287 1949 12213 1007 1752 12214 2056 2054 12215 2056 2054 12216 1007 1752 12217 1008 1751 12218 2059 2050 12219 1008 1751 12220 1009 1750 12221 2062 2053 12222 1009 1750 12223 307 2055 12224 2061 2051 12225 2062 2053 12226 1010 2042 12227 2060 2052 12228 2061 2051 12229 1011 2040 12230 688 1141 12231 2060 2052 12232 1012 2039 12233 687 1139 12234 2057 2048 12235 2060 2052 12236 686 1138 12237 2054 2046 12238 2057 2048 12239 2064 2056 12240 2067 2060 12241 2066 2057 12242 2065 2059 12243 2068 2062 12244 2067 2060 12245 2067 2060 12246 2070 2063 12247 2069 2061 12248 2068 2062 12249 2071 2067 12250 2070 2063 12251 985 2000 12252 2063 2058 12253 998 2064 12254 984 1999 12255 2064 2056 12256 2063 2058 12257 983 1998 12258 2065 2059 12259 2064 2056 12260 302 1997 12261 1001 2065 12262 2065 2059 12263 1001 2065 12264 1002 2066 12265 2068 2062 12266 1002 2066 12267 1003 2068 12268 2071 2067 12269 1003 2068 12270 305 1746 12271 1013 1935 12272 2071 2067 12273 1013 1935 12274 1014 1934 12275 2070 2063 12276 1014 1934 12277 1015 1933 12278 2069 2061 12279 1015 1933 12280 304 1861 12281 2066 2057 12282 2069 2061 12283 1000 2069 12284 2063 2058 12285 2066 2057 12286 999 2070 12287 2073 2071 12288 2076 2075 12289 2075 2072 12290 2074 2074 12291 2077 2077 12292 2076 2075 12293 2076 2075 12294 2079 2078 12295 2078 2076 12296 2077 2077 12297 2080 2079 12298 2079 2078 12299 988 2016 12300 2072 2073 12301 973 1679 12302 987 2015 12303 2073 2071 12304 2072 2073 12305 986 2014 12306 2074 2074 12307 2073 2071 12308 301 2001 12309 998 2064 12310 2074 2074 12311 998 2064 12312 999 2070 12313 2077 2077 12314 999 2070 12315 1000 2069 12316 2080 2079 12317 1000 2069 12318 304 1861 12319 1016 1860 12320 2080 2079 12321 1016 1860 12322 1017 1859 12323 2079 2078 12324 1017 1859 12325 1018 1857 12326 2078 2076 12327 1018 1857 12328 306 1683 12329 2075 2072 12330 2078 2076 12331 971 1681 12332 2072 2073 12333 2075 2072 12334 972 1680 12335 2081 2080 12336 2082 2083 12337 2085 2081 12338 2082 2083 12339 2083 2088 12340 2086 2084 12341 2085 2081 12342 2088 2087 12343 2087 2085 12344 2085 2081 12345 2086 2084 12346 2089 2086 12347 302 1997 12348 991 2030 12349 2081 2080 12350 991 2030 12351 990 2029 12352 2082 2083 12353 990 2029 12354 989 2028 12355 2083 2088 12356 989 2028 12357 300 2027 12358 976 2045 12359 2083 2088 12360 976 2045 12361 975 2044 12362 2086 2084 12363 975 2044 12364 974 2043 12365 2089 2086 12366 974 2043 12367 307 2055 12368 2088 2087 12369 2089 2086 12370 1019 1749 12371 2088 2087 12372 1020 1747 12373 1021 1744 12374 2087 2085 12375 1021 1744 12376 305 1746 12377 2084 2082 12378 2087 2085 12379 1003 2068 12380 2081 2080 12381 2084 2082 12382 1002 2066 12383 2091 2089 12384 2094 2093 12385 2093 2090 12386 2092 2092 12387 2095 2095 12388 2094 2093 12389 2094 2093 12390 2097 2096 12391 2096 2094 12392 2095 2095 12393 2098 2097 12394 2097 2096 12395 995 1673 12396 2090 2091 12397 877 1734 12398 996 1672 12399 2091 2089 12400 2090 2091 12401 997 1669 12402 2092 2092 12403 2091 2089 12404 303 1671 12405 1022 1694 12406 2092 2092 12407 1022 1694 12408 1023 1699 12409 2095 2095 12410 1023 1699 12411 1024 1698 12412 2098 2097 12413 1024 1698 12414 254 737 12415 673 1188 12416 2098 2097 12417 673 1188 12418 672 1186 12419 2097 2096 12420 672 1186 12421 671 1185 12422 2096 2094 12423 671 1185 12424 227 1184 12425 2093 2090 12426 2096 2094 12427 875 1736 12428 2090 2091 12429 2093 2090 12430 876 1735 12431 2100 2098 12432 2103 2102 12433 2102 2099 12434 2101 2101 12435 2104 2106 12436 2103 2102 12437 2102 2099 12438 2103 2102 12439 2106 2103 12440 2103 2102 12441 2104 2106 12442 2107 2105 12443 880 1696 12444 2099 2100 12445 713 1657 12446 879 1695 12447 2100 2098 12448 2099 2100 12449 878 1693 12450 2101 2101 12451 2100 2098 12452 303 1671 12453 1025 1670 12454 2101 2101 12455 1025 1670 12456 1026 1684 12457 2104 2106 12458 1026 1684 12459 1027 1682 12460 2107 2105 12461 2107 2105 12462 1027 1682 12463 306 1683 12464 2106 2103 12465 2107 2105 12466 1006 1858 12467 2105 2104 12468 2106 2103 12469 1005 1870 12470 715 1660 12471 2105 2104 12472 1004 1869 12473 714 1658 12474 2102 2099 12475 2105 2104 12476 713 1657 12477 2099 2100 12478 2102 2099 12479</p>
        </triangles>
      </mesh>
    </geometry>
  </library_geometries>
  <library_visual_scenes>
    <visual_scene id="Scene" name="Scene">
      <node id="Cube_002" name="Cube.002" type="NODE">
        <matrix sid="transform">1 -2.62458e-16 0 0 2.23011e-16 0.09317781 0.9956495 0 -2.42734e-16 -0.9956495 0.09317781 9.31323e-10 0 0 0 1</matrix>
        <instance_geometry url="#Cube_003-mesh" name="Cube.002">
          <bind_material>
            <technique_common>
              <instance_material symbol="Material_002-material" target="#Material_002-material">
                <bind_vertex_input semantic="UVMap" input_semantic="TEXCOORD" input_set="0"/>
              </instance_material>
              <instance_material symbol="Material_001-material" target="#Material_001-material">
                <bind_vertex_input semantic="UVMap" input_semantic="TEXCOORD" input_set="0"/>
              </instance_material>
            </technique_common>
          </bind_material>
        </instance_geometry>
      </node>
    </visual_scene>
  </library_visual_scenes>
  <scene>
    <instance_visual_scene url="#Scene"/>
  </scene>
</COLLADA>